Date,1Y,2Y,3Y,4Y,5Y,6Y,7Y,8Y,9Y,10Y
2015-11-19,-0.0007000000000000001,,,,,,,,,
2015-11-20,-0.000845,,,,,,,,,
2015-11-23,-0.00089,-0.0011799999999999998,,,,,,,,
2015-11-24,-0.00079,-0.00095,,,,,,,,
2015-11-25,-0.00092,-0.0011200000000000001,-0.000619,0.000412,0.00167,0.0030470000000000002,0.004463,0.005856,0.00714,0.008282000000000001
2015-11-26,-0.001,-0.00121,-0.0007099999999999999,0.00035999999999999997,0.0016619999999999998,0.00306,0.004495,0.0059,0.007204,0.008361
2015-11-27,-0.00101,-0.001165,-0.0007000000000000001,0.00031,0.00167,0.0030359999999999996,0.00443,0.005829999999999999,0.00713,0.00827
2015-11-30,-0.00101,-0.0011899999999999999,-0.000635,0.00041,0.001719,0.003106,0.004535,0.0059499999999999996,0.00726,0.00843
2015-12-01,-0.00113,-0.00135,-0.00083,0.000193,0.00147,0.0028810000000000003,0.0043,0.005706,0.007015,0.008212
2015-12-02,-0.001105,-0.00133,-0.0009170000000000001,0.00012,0.001431,0.0028399999999999996,0.00426,0.005738,0.007088,0.008286
2015-12-03,-0.0004,-0.00014000000000000001,0.00041,0.0018570000000000001,0.003346,0.004755,0.006214,0.00762,0.009039,0.01015
2015-12-04,-0.00043,-0.00029,0.00040800000000000005,0.00169,0.003063,0.004508,0.0059830000000000005,0.007402,0.00874,0.009932
2015-12-07,-0.0005,-0.00043,0.000211,0.001271,0.002577,0.003972,0.005361,0.0067469999999999995,0.00805,0.009193
2015-12-08,-0.00054,-0.00047,0.0002,0.00124,0.00246,0.00386,0.00524,0.00657,0.007851,0.008995999999999999
2015-12-09,-0.00057,-0.00052,0.00016,0.00126,0.0025080000000000002,0.003859,0.00528,0.006656,0.007955,0.009098
2015-12-10,-0.00057,-0.00052,0.00011599999999999999,0.001276,0.00256,0.0038900000000000002,0.005301,0.006777,0.008105,0.00923
2015-12-11,-0.00066,-0.00073,-8e-05,0.00097,0.002244,0.003594,0.00497,0.006318000000000001,0.007581,0.008722
2015-12-14,-0.00062,-0.00047,6.5e-05,0.001248,0.0025800000000000003,0.0039629999999999995,0.005361,0.006750000000000001,0.008043,0.009182000000000001
2015-12-15,-0.00062,-0.00029,0.000317,0.00156,0.002959,0.004399,0.0058709999999999995,0.0073,0.008615000000000001,0.009776
2015-12-16,-0.00058,-0.00041,0.000416,0.001727,0.0032379999999999996,0.004739999999999999,0.006195000000000001,0.007591,0.008881,0.010043999999999999
2015-12-17,-0.00061,-0.0005,0.000275,0.00151,0.0028499999999999997,0.00424,0.005639999999999999,0.00699,0.00825,0.00938
2015-12-18,-0.00063,-0.00054,0.00016,0.001315,0.00264,0.003996,0.005358000000000001,0.006670000000000001,0.007923,0.009001
2015-12-21,-0.0005899999999999999,-0.00043,0.000297,0.00146,0.002778,0.00414,0.005519,0.006851,0.008066,0.009177
2015-12-22,-0.000525,-0.00029,0.000545,0.0017599999999999998,0.003192,0.0045850000000000005,0.005965000000000001,0.007319,0.008551999999999999,0.00967
2015-12-23,-0.00054,-0.00026,0.000633,0.001969,0.0034300000000000003,0.004882,0.00626,0.007613,0.00882,0.00994
2015-12-24,-0.000528,-0.00026,0.000712,0.002088,0.0033900000000000002,0.0048709999999999995,0.006226000000000001,0.007542999999999999,0.008792,0.009935000000000001
2015-12-25,,,0.00066,0.00196,0.0034449999999999997,0.00484,0.006226000000000001,0.007565,0.008805,0.009935000000000001
2015-12-28,-0.00054,-0.00023,0.000608,0.001785,0.003155,0.0044800000000000005,0.0057989999999999995,0.007066,0.008258,0.00936
2015-12-29,-0.00057,-0.00028000000000000003,0.0006320000000000001,0.002041,0.0034200000000000003,0.004795,0.006364999999999999,0.00762,0.0089,0.010049999999999998
2015-12-30,-0.00057,-0.00037,0.000585,0.0018759999999999998,0.00331,0.004756,0.006181,0.007538,0.008815,0.009963999999999999
2015-12-31,-0.00057,-0.00035000000000000005,0.000625,0.0019,0.0033179999999999998,0.004775,0.006206000000000001,0.00757,0.00886,0.010009999999999998
2016-01-01,,,0.000635,0.001935,0.00331,0.004775,0.0062,0.00754,0.0088,0.009955
2016-01-04,-0.0006450000000000001,-0.00042,0.000404,0.00165,0.00309,0.00445,0.00575,0.0070350000000000005,0.00826,0.009495
2016-01-05,-0.00075,-0.0007099999999999999,0.00014000000000000001,0.00132,0.0026910000000000002,0.0040550000000000004,0.005436,0.006773,0.008020000000000001,0.00915
2016-01-06,-0.000785,-0.00079,-5e-05,0.001072,0.002395,0.003751,0.00511,0.006412,0.00767,0.008783
2016-01-07,-0.0008,-0.0007599999999999999,5.4999999999999995e-05,0.00121,0.00246,0.003838,0.00521,0.00656,0.007794,0.008912
2016-01-08,-0.00084,-0.0007599999999999999,-5.4999999999999995e-05,0.001099,0.002432,0.003765,0.00511,0.00638,0.007593,0.008695000000000001
2016-01-11,-0.00084,-0.0007000000000000001,-3e-05,0.00114,0.00254,0.00388,0.00532,0.006670000000000001,0.00793,0.009045
2016-01-12,-0.0008550000000000001,-0.00083,-8.5e-05,0.00106,0.00243,0.00377,0.005169,0.006483,0.0076500000000000005,0.00874
2016-01-13,-0.00084,-0.000835,-0.00010999999999999999,0.001,0.002245,0.003588,0.0049499999999999995,0.00618,0.007385,0.008468
2016-01-14,-0.0008100000000000001,-0.00079,-0.00014000000000000001,0.0010375,0.0023525,0.00368,0.005047,0.00638,0.0076300000000000005,0.008731
2016-01-15,-0.0008500000000000001,-0.00086,-0.00023,0.0008699999999999999,0.0022470000000000003,0.003575,0.004895,0.006162,0.00741,0.00853
2016-01-18,-0.00082,-0.0008100000000000001,-0.0001875,0.0008849999999999999,0.00215,0.003502,0.0048475,0.0061525,0.00739,0.0084925
2016-01-19,-0.0008550000000000001,-0.0008799999999999999,-0.00026,0.000791,0.002077,0.003441,0.0048225,0.006155000000000001,0.007401,0.0085375
2016-01-20,-0.00097,-0.00101,-0.00043200000000000004,0.000572,0.001905,0.00321,0.00445,0.005849999999999999,0.007062000000000001,0.008159999999999999
2016-01-21,-0.001222,-0.00145,-0.00092,0.0001,0.00132,0.00265,0.004,0.00532,0.006555,0.007665
2016-01-22,-0.00122,-0.0013800000000000002,-0.00082,0.00017999999999999998,0.00148,0.002845,0.004214,0.005545,0.006805,0.007940000000000001
2016-01-25,-0.00126,-0.00136,-0.000808,0.000193,0.0014325,0.0027700000000000003,0.0041199999999999995,0.0054600000000000004,0.006670000000000001,0.00784
2016-01-26,-0.00133,-0.00145,-0.0008799999999999999,0.000112,0.0013525000000000002,0.0026525,0.0039875,0.0052959999999999995,0.006527,0.00764
2016-01-27,-0.00127,-0.001275,-0.0007630000000000001,0.0002,0.0012525,0.0025275,0.0038274999999999997,0.0050825,0.00627,0.0073775
2016-01-28,-0.0012850000000000001,-0.0013800000000000002,-0.0008640000000000001,7.000000000000001e-05,0.001226,0.00248,0.00377,0.005019,0.00621,0.007295
2016-01-29,-0.00154,-0.0017299999999999998,-0.00121,-0.000338,0.000775,0.00198,0.0032579999999999996,0.0044875,0.005657499999999999,0.00672
2016-02-01,-0.00155,-0.0017100000000000001,-0.00116,-0.000313,0.000785,0.0020225,0.0032875,0.004551,0.0057399999999999994,0.0068000000000000005
2016-02-02,-0.0016250000000000001,-0.00184,-0.001356,-0.00048,0.00054,0.0017425,0.0029875,0.00424,0.0053774999999999995,0.00645
2016-02-03,-0.00168,-0.00198,-0.001545,-0.000682,0.00046600000000000005,0.0016625000000000001,0.002863,0.004067,0.005286,0.00631
2016-02-04,-0.00167,-0.00184,-0.00135,-0.00048,0.00055,0.001754,0.003035,0.004228,0.005410000000000001,0.00647
2016-02-05,-0.00167,-0.00196,-0.0013650000000000001,-0.0005059999999999999,0.000558,0.0017380000000000002,0.00301,0.004164999999999999,0.0053,0.006314999999999999
2016-02-08,-0.00146,-0.0016200000000000001,-0.001305,-0.000521,0.000443,0.00157,0.0027500000000000003,0.003909,0.004948,0.00598
2016-02-09,-0.00149,-0.00164,-0.001255,-0.00047,0.0005949999999999999,0.00168,0.0029249999999999996,0.00406,0.0051400000000000005,0.006122
2016-02-10,-0.00154,-0.00169,-0.0013,-0.000495,0.000501,0.0016200000000000001,0.0028000000000000004,0.00395,0.0050149999999999995,0.006
2016-02-11,-0.0016200000000000001,-0.0017000000000000001,-0.001341,-0.000525,0.000555,0.00158,0.0027300000000000002,0.00388,0.00505,0.006005
2016-02-12,-0.0014299999999999998,-0.00145,-0.00101,-0.000155,0.0008749999999999999,0.00203,0.00311,0.00443,0.005515,0.006488000000000001
2016-02-15,-0.0015199999999999999,-0.00154,-0.001105,-0.000335,0.000605,0.0017299999999999998,0.00292,0.00409,0.0051649999999999995,0.006145
2016-02-16,-0.00158,-0.0016,-0.0011200000000000001,-0.00032,0.000655,0.00181,0.0030620000000000005,0.004237,0.0053349999999999995,0.00635
2016-02-17,-0.00153,-0.00155,-0.0011,-0.000313,0.000665,0.001798,0.0030499999999999998,0.00415,0.00524,0.00632
2016-02-18,-0.00164,-0.0017499999999999998,-0.001238,-0.000498,0.00037999999999999997,0.0014449999999999999,0.002581,0.003675,0.004719999999999999,0.00569
2016-02-19,-0.00168,-0.0017399999999999998,-0.001224,-0.000471,0.0005099999999999999,0.001575,0.002591,0.003686,0.0048720000000000005,0.0058
2016-02-22,-0.00167,-0.0017699999999999999,-0.00135,-0.000588,0.00037,0.001387,0.002474,0.003575,0.004595,0.00553
2016-02-23,-0.00166,-0.0017625,-0.00133,-0.0006,0.000315,0.00135,0.00246,0.003539,0.0045650000000000005,0.0055000000000000005
2016-02-24,-0.00158,-0.0016375,-0.001243,-0.000548,0.00040500000000000003,0.001348,0.0023899999999999998,0.0035099999999999997,0.004525,0.005370000000000001
2016-02-25,-0.0017000000000000001,-0.00179,-0.0014119999999999998,-0.000722,0.000172,0.0011899999999999999,0.00227,0.00335,0.004375,0.0053
2016-02-26,-0.0017299999999999998,-0.0019,-0.0015,-0.000805,8.5e-05,0.0011200000000000001,0.0022500000000000003,0.0033650000000000004,0.004425,0.00538
2016-02-29,-0.0019,-0.00216,-0.0018459999999999998,-0.00117,-0.000325,0.0007099999999999999,0.001835,0.00296,0.004015,0.004985
2016-03-01,-0.00182,-0.0020499999999999997,-0.0017519999999999999,-0.00109,-0.000165,0.000905,0.002075,0.0032600000000000003,0.004352,0.005351
2016-03-02,-0.0017699999999999999,-0.00197,-0.00165,-0.0009299999999999999,2e-05,0.001152,0.0024,0.00364,0.004823,0.005849999999999999
2016-03-03,-0.00192,-0.00222,-0.00191,-0.00122,-0.000315,0.000775,0.002,0.0032300000000000002,0.0044,0.005455
2016-03-04,-0.0017299999999999998,-0.00183,-0.001578,-0.0008699999999999999,8e-05,0.00115,0.00251,0.0036030000000000003,0.004769,0.00584
2016-03-07,-0.0017100000000000001,-0.00198,-0.00158,-0.0009180000000000001,-3e-05,0.0010739999999999999,0.00232,0.0035949999999999997,0.004792,0.005865
2016-03-08,-0.001805,-0.002,-0.0017100000000000001,-0.00099,2.7499999999999998e-05,0.001065,0.002255,0.0034300000000000003,0.0046300000000000004,0.005659999999999999
2016-03-09,-0.0017499999999999998,-0.0018,-0.001447,-0.0006900000000000001,0.00032,0.0014375,0.00265,0.00388,0.00506,0.00613
2016-03-10,-0.0014299999999999998,-0.0013,-0.0008849999999999999,-0.000235,0.0007000000000000001,0.001815,0.0031175000000000005,0.004307,0.00553,0.00657
2016-03-11,-0.0014199999999999998,-0.0014299999999999998,-0.001,-0.00028000000000000003,0.0006419999999999999,0.0017150000000000002,0.002876,0.004102,0.00528,0.00635
2016-03-14,-0.0014000000000000002,-0.00134,-0.000866,-9.7e-05,0.000891,0.00198,0.0031709999999999998,0.004409,0.005580000000000001,0.0066500000000000005
2016-03-15,-0.0013850000000000002,-0.00133,-0.0008730000000000001,-7.000000000000001e-05,0.00092,0.002022,0.003215,0.00445,0.00563,0.0067
2016-03-16,-0.0014000000000000002,-0.0014199999999999998,-0.001047,-0.00031099999999999997,0.00061,0.00166,0.0028199999999999996,0.004,0.005139,0.006185
2016-03-17,-0.0014399999999999999,-0.00146,-0.001111,-0.000433,0.00043,0.0014099999999999998,0.00255,0.003656,0.004739999999999999,0.005753
2016-03-18,-0.00149,-0.0015199999999999999,-0.00116,-0.00048,0.000402,0.0013900000000000002,0.00247,0.0036,0.00469,0.005679999999999999
2016-03-21,-0.00147,-0.00151,-0.00114,-0.000452,0.00043499999999999995,0.0014680000000000001,0.0026,0.00376,0.00487,0.005889999999999999
2016-03-22,-0.00147,-0.00149,-0.001103,-0.0004,0.0005099999999999999,0.00153,0.00266,0.00383,0.004935,0.005945000000000001
2016-03-23,-0.00149,-0.00151,-0.001135,-0.00046,0.00043499999999999995,0.0014050000000000002,0.0025,0.003628,0.004665,0.005681
2016-03-24,-0.00148,-0.0014399999999999999,-0.00109,-0.000399,0.00046499999999999997,0.0014299999999999998,0.00249,0.00358,0.0046500000000000005,0.00563
2016-03-25,,-0.001465,-0.00108,-0.0004,0.00047,0.0014975,0.0025675,0.00368,0.0047599999999999995,0.005647999999999999
2016-03-28,,-0.00145,-0.0011203,-0.000399,0.00047,0.0014249999999999998,0.00247,0.003538,0.004635,0.005615
2016-03-29,-0.0015199999999999999,-0.00156,-0.0012044,-0.00062,0.000165,0.00108,0.002105,0.003175,0.0042049999999999995,0.00525
2016-03-30,-0.0015,-0.0015199999999999999,-0.00115,-0.00055,0.00023,0.001165,0.002215,0.00331,0.004352,0.00545
2016-03-31,-0.00147,-0.00151,-0.00115,-0.00055,0.00023,0.0011749999999999998,0.0023250000000000002,0.00336,0.00441,0.00551
2016-04-01,-0.0014574999999999998,-0.00148,-0.00115,-0.00053,0.00021999999999999998,0.00114,0.002185,0.0032600000000000003,0.004285,0.005225
2016-04-04,-0.0014399999999999999,-0.00145,-0.0011,-0.0005099999999999999,0.00023099999999999998,0.00116,0.00221,0.003275,0.0042970000000000005,0.00524
2016-04-05,-0.00146,-0.0015199999999999999,-0.00121,-0.000678,5.6e-05,0.00092,0.00199,0.0030259999999999996,0.00396,0.004963
2016-04-06,-0.001493,-0.0015199999999999999,-0.001225,-0.000666,0.000101,0.001033,0.00208,0.0031509999999999997,0.004188,0.005143999999999999
2016-04-07,-0.0015140000000000002,-0.00161,-0.00134,-0.0008,-4e-05,0.00086,0.001882,0.00297,0.0039900000000000005,0.00492
2016-04-08,-0.0015,-0.0016125,-0.00136,-0.00082,-8.999999999999999e-05,0.00083,0.00191,0.00301,0.004030000000000001,0.005
2016-04-11,-0.0015249999999999999,-0.0016535,-0.0013800000000000002,-0.000839,-8e-05,0.0008699999999999999,0.001966,0.003106,0.00417,0.0051400000000000005
2016-04-12,-0.00154,-0.00161,-0.001335,-0.00067,0.00017,0.0011899999999999999,0.00234,0.0035199999999999997,0.00462,0.005620000000000001
2016-04-13,-0.00154,-0.00165,-0.001348,-0.0007480000000000001,5.3e-05,0.0010199999999999999,0.002099,0.0032,0.00425,0.005225
2016-04-14,-0.00149,-0.0015585,-0.0011688999999999998,-0.000584,0.00029,0.00127,0.00241,0.00356,0.0046500000000000005,0.005633
2016-04-15,-0.0015199999999999999,-0.00161,-0.001258,-0.00077,6e-05,0.000977,0.0021,0.003225,0.0042899999999999995,0.00526
2016-04-18,-0.00149,-0.00154,-0.00125,-0.000676,0.00015,0.00113,0.0022400000000000002,0.0033850000000000004,0.00446,0.005455
2016-04-19,-0.001474,-0.0015335,-0.00125,-0.00063,0.00017500000000000003,0.0012,0.00231,0.0034899999999999996,0.00458,0.005575
2016-04-20,-0.00148,-0.0015199999999999999,-0.0012670000000000001,-0.000718,0.000235,0.0012330000000000002,0.00223,0.0035299999999999997,0.0046700000000000005,0.005620000000000001
2016-04-21,-0.00145,-0.0014299999999999998,-0.0011,-0.00041,0.000503,0.001593,0.0028100000000000004,0.00391,0.0051400000000000005,0.006079
2016-04-22,-0.00153,-0.00155,-0.001248,-0.0005510000000000001,0.000363,0.0015199999999999999,0.00272,0.0038900000000000002,0.00505,0.00615
2016-04-25,-0.0015,-0.0015,-0.00114,-0.00042,0.000549,0.001693,0.0029349999999999997,0.00418,0.00536,0.00642
2016-04-26,-0.00149,-0.00146,-0.001061,-0.000243,0.00083,0.002,0.0032700000000000003,0.00453,0.0057599999999999995,0.006860000000000001
2016-04-27,-0.00151,-0.00149,-0.00111,-0.00037,0.000639,0.0016589999999999999,0.0031,0.00417,0.005575,0.00645
2016-04-28,-0.00149,-0.0014795,-0.001114,-0.000422,0.000475,0.001658,0.0029149999999999996,0.004164999999999999,0.00536,0.0063
2016-04-29,-0.00145,-0.00134,-0.00091,-0.00017999999999999998,0.00073,0.00187,0.00309,0.0043419999999999995,0.005508999999999999,0.0066
2016-05-02,-0.0014000000000000002,-0.00123,-0.0008587,-0.00018700000000000002,0.000794,0.0018859999999999999,0.00309,0.004315,0.0054800000000000005,0.00656
2016-05-03,-0.00147,-0.0014199999999999998,-0.0010972999999999998,-0.00049,0.00035200000000000005,0.0013900000000000002,0.00254,0.00373,0.0048649999999999995,0.005889999999999999
2016-05-04,-0.0015,-0.00146,-0.0010276,-0.000493,0.000368,0.0014130000000000002,0.0025480000000000004,0.0037219999999999996,0.004893,0.00592
2016-05-05,-0.0015190000000000002,-0.00158,-0.00123,-0.000713,6.4e-05,0.001052,0.0022,0.00332,0.00443,0.00544
2016-05-06,-0.00155,-0.00153,-0.00128,-0.0006900000000000001,0.00021,0.0012,0.0022285,0.0034699999999999996,0.00458,0.005582
2016-05-09,-0.00155,-0.0016,-0.00135,-0.000823,-4e-05,0.00092,0.00199,0.00314,0.004221,0.00522
2016-05-10,-0.00156,-0.0016,-0.001353,-0.00082,-8.5e-05,0.0009,0.001965,0.00307,0.0041530000000000004,0.00515
2016-05-11,-0.00154,-0.0016300000000000002,-0.0013900000000000002,-0.0008100000000000001,-7.400000000000001e-05,0.0008709999999999999,0.0019850000000000002,0.00309,0.0042,0.005180000000000001
2016-05-12,-0.0015199999999999999,-0.00156,-0.00128,-0.0007099999999999999,9.7e-05,0.001096,0.002211,0.003356,0.004495,0.00551
2016-05-13,-0.0015275,-0.00158,-0.00127,-0.000776,-3e-05,0.00096,0.0020050000000000003,0.00309,0.004175,0.00521
2016-05-16,-0.00151,-0.0015199999999999999,-0.0012339999999999999,-0.0006519999999999999,0.00013,0.00107,0.002154,0.00329,0.00444,0.005447
2016-05-17,-0.00148,-0.00148,-0.001186,-0.0006370000000000001,0.00013,0.001087,0.002174,0.00331,0.004399,0.00542
2016-05-18,-0.001485,-0.00145,-0.001095,-0.000475,0.00035499999999999996,0.0012900000000000001,0.0023899999999999998,0.00373,0.004715,0.00588
2016-05-19,-0.00148,-0.00147,-0.001161,-0.000559,0.000297,0.00127,0.002388,0.003503,0.0046325,0.005633
2016-05-20,-0.00148,-0.00148,-0.00116,-0.000579,0.0002475,0.0012330000000000002,0.002318,0.0034899999999999996,0.00457,0.00563
2016-05-23,-0.0015,-0.00147,-0.001077,-0.000555,0.000257,0.00126,0.002386,0.003563,0.004692,0.005824
2016-05-24,-0.00151,-0.0015,-0.00116,-0.00055,0.00026,0.00128,0.002394,0.003542,0.00466,0.005717
2016-05-25,-0.00154,-0.00153,-0.0011464000000000001,-0.00066,0.000169,0.0011,0.00219,0.00338,0.0045000000000000005,0.00547
2016-05-26,-0.00157,-0.0016200000000000001,-0.00127,-0.00073,5e-06,0.0010199999999999999,0.00212,0.003256,0.00434,0.005370000000000001
2016-05-27,-0.00158,-0.0016,-0.0012970000000000002,-0.000724,1e-05,0.00097,0.002155,0.0033090000000000003,0.004355,0.005365
2016-05-30,-0.00158,-0.00158,-0.001278,-0.0006900000000000001,0.00012,0.00115,0.002295,0.0034699999999999996,0.004625000000000001,0.00567
2016-05-31,-0.00161,-0.00161,-0.0013,-0.00074,6.2e-05,0.000995,0.002085,0.0032500000000000003,0.00437,0.0054
2016-06-01,-0.0016,-0.00159,-0.00133,-0.000767,4.9e-05,0.000986,0.002069,0.0032,0.004397,0.005370000000000001
2016-06-02,-0.00156,-0.00157,-0.00128,-0.0007599999999999999,-4e-06,0.00096,0.00202,0.00314,0.004282,0.00527
2016-06-03,-0.0016,-0.00169,-0.0014399999999999999,-0.0009299999999999999,-0.000238,0.0006450000000000001,0.0017100000000000001,0.0027400000000000002,0.00382,0.00487
2016-06-06,-0.0016,-0.0017000000000000001,-0.0014089999999999999,-0.0008699999999999999,-8.2e-05,0.0008680000000000001,0.00192,0.003024,0.004098,0.00512
2016-06-07,-0.0016,-0.00167,-0.0014372999999999999,-0.00094,-0.000179,0.000712,0.001712,0.002793,0.003877,0.00489
2016-06-08,-0.00157,-0.0016,-0.00136,-0.0008500000000000001,-0.00010999999999999999,0.00079,0.001798,0.002866,0.00394,0.00492
2016-06-09,-0.00157,-0.00161,-0.0013800000000000002,-0.000899,-0.0002,0.000683,0.001674,0.0027300000000000002,0.00377,0.00473
2016-06-10,-0.00159,-0.00161,-0.0013900000000000002,-0.00092,-0.00021999999999999998,0.00063,0.0016150000000000001,0.00267,0.003695,0.004639
2016-06-13,-0.0015875,-0.00161,-0.0013800000000000002,-0.00091,-0.00020400000000000003,0.00067,0.0016719999999999999,0.0027400000000000002,0.00377,0.004724
2016-06-14,-0.00161,-0.00167,-0.00149,-0.00104,-0.000304,0.00057,0.00158,0.00262,0.0037059999999999997,0.0046
2016-06-15,-0.00164,-0.00183,-0.001585,-0.001143,-0.00048,0.00043999999999999996,0.00147,0.00253,0.003575,0.0044800000000000005
2016-06-16,-0.00165,-0.0018,-0.0016336999999999999,-0.00122,-0.000475,0.000349,0.0014000000000000002,0.002543,0.003582,0.00453
2016-06-17,-0.0017375,-0.0019500000000000001,-0.00181,-0.0013700000000000001,-0.000631,0.00031,0.0014099999999999998,0.002543,0.0036149999999999997,0.00461
2016-06-20,-0.0017050000000000001,-0.00187,-0.00169,-0.00123,-0.00053,0.00043999999999999996,0.0015559999999999999,0.00272,0.00383,0.00483
2016-06-21,-0.0017100000000000001,-0.00188,-0.00167,-0.001183,-0.0004,0.00052,0.00168,0.0028199999999999996,0.0039000000000000003,0.00492
2016-06-22,-0.0017100000000000001,-0.0018599999999999999,-0.00161,-0.00113,-0.00039,0.0005899999999999999,0.00181,0.0028299999999999996,0.00396,0.00494
2016-06-23,-0.00168,-0.0016200000000000001,-0.00153,-0.000985,-0.000142,0.000901,0.0020794999999999998,0.0032500000000000003,0.00437,0.0054
2016-06-24,-0.00192,-0.0019,-0.0019,-0.001273,-0.00048,0.00037999999999999997,0.0014399999999999999,0.00255,0.003565,0.0044800000000000005
2016-06-27,-0.0019,-0.00194,-0.001982,-0.00157,-0.000882,-4e-05,0.000925,0.0019,0.00291,0.00382
2016-06-28,-0.001974,-0.0020399999999999997,-0.0020499999999999997,-0.0016200000000000001,-0.000959,-8e-05,0.0009,0.00193,0.002874,0.00386
2016-06-29,-0.002,-0.00203,-0.0020599999999999998,-0.001665,-0.000902,-0.0001325,0.0008150000000000001,0.00184,0.002952,0.0038729999999999997
2016-06-30,-0.00193,-0.00201,-0.0020169999999999997,-0.001446,-0.00077,7.000000000000001e-05,0.00078,0.00207,0.00314,0.004079999999999999
2016-07-01,-0.0020499999999999997,-0.00223,-0.0022393,-0.00182,-0.00121,-0.00043999999999999996,0.000535,0.0015199999999999999,0.00251,0.0034000000000000002
2016-07-04,-0.00216,-0.0023499999999999997,-0.0023375,-0.00203,-0.001455,-0.0006900000000000001,0.000195,0.001167,0.00211,0.0030299999999999997
2016-07-05,-0.00219,-0.00241,-0.0023699999999999997,-0.002169,-0.001648,-0.000955,-8.25e-05,0.0008649999999999999,0.001813,0.0027029999999999997
2016-07-06,-0.0022,-0.0023799999999999997,-0.002381,-0.0021260000000000003,-0.0016259999999999998,-0.0009025,-4e-05,0.000912,0.0018599999999999999,0.002765
2016-07-07,-0.00222,-0.0023899999999999998,-0.002383,-0.00213,-0.00165,-0.0009170000000000001,-2e-05,0.000965,0.001936,0.0028599999999999997
2016-07-08,-0.00226,-0.0025800000000000003,-0.002506,-0.00226,-0.00183,-0.00107,-0.00014800000000000002,0.0007000000000000001,0.00179,0.0025480000000000004
2016-07-11,-0.0022400000000000002,-0.00246,-0.00247,-0.00219,-0.001675,-0.00092,-1e-05,0.000954,0.0019470000000000002,0.002835
2016-07-12,-0.00219,-0.00223,-0.0022625,-0.00199,-0.0014050000000000002,-0.000601,0.000313,0.0014399999999999999,0.00247,0.0034000000000000002
2016-07-13,-0.00222,-0.0024,-0.002374,-0.0021190000000000002,-0.00157,-0.0008699999999999999,5.999999999999999e-06,0.000986,0.0019565,0.0028499999999999997
2016-07-14,-0.00216,-0.00231,-0.00226,-0.00197,-0.0014349999999999999,-0.00066,0.000262,0.001242,0.002184,0.0031369999999999996
2016-07-15,-0.00213,-0.00218,-0.00216,-0.00181,-0.001206,-0.00042,0.00054,0.001542,0.0025640000000000003,0.003495
2016-07-18,-0.00215,-0.00234,-0.00226,-0.001954,-0.0014099999999999998,-0.000628,0.00031,0.0013059999999999999,0.002301,0.0032400000000000003
2016-07-19,-0.00214,-0.00231,-0.00221,-0.00188,-0.001344,-0.000571,0.0004,0.0014039999999999999,0.002409,0.00332
2016-07-20,-0.0020599999999999998,-0.00222,-0.00216,-0.001835,-0.001266,-0.000468,0.000486,0.0015229999999999998,0.002509,0.0034699999999999996
2016-07-21,-0.0020499999999999997,-0.00221,-0.00211,-0.00178,-0.001235,-0.000445,0.00055,0.00157,0.002585,0.00357
2016-07-22,-0.0020275000000000002,-0.00214,-0.0020499999999999997,-0.0017100000000000001,-0.001115,-0.000338,0.000586,0.0016070000000000001,0.002495,0.003539
2016-07-25,-0.002,-0.0021,-0.002061,-0.001739,-0.00116,-0.000404,0.000497,0.0014910000000000001,0.0024790000000000003,0.0034200000000000003
2016-07-26,-0.002,-0.0021,-0.00208,-0.001766,-0.0012,-0.00043,0.0005099999999999999,0.00151,0.002484,0.003425
2016-07-27,-0.00202,-0.00217,-0.0022040000000000002,-0.001977,-0.001459,-0.000799,0.00013,0.00106,0.002083,0.00299
2016-07-28,-0.002,-0.00216,-0.0021805,-0.00183,-0.0013830000000000001,-0.000693,0.00016,0.0011,0.002009,0.00293
2016-07-29,-0.00201,-0.0021735,-0.002173,-0.0019500000000000001,-0.0015199999999999999,-0.00084,-2e-05,0.0008699999999999999,0.001769,0.00264
2016-08-01,-0.0020150000000000003,-0.00215,-0.0021260000000000003,-0.001889,-0.0014000000000000002,-0.00075,8.999999999999999e-05,0.00101,0.0019075000000000001,0.0027700000000000003
2016-08-02,-0.00194,-0.00202,-0.0019500000000000001,-0.001643,-0.001105,-0.00037400000000000004,0.000527,0.001487,0.0024575,0.00334
2016-08-03,-0.00194,-0.00201,-0.001973,-0.0017100000000000001,-0.00121,-0.00041050000000000006,0.00047,0.0014060000000000001,0.0023599999999999997,0.00322
2016-08-04,-0.00201,-0.00218,-0.0021609999999999997,-0.001919,-0.0014399999999999999,-0.0007599999999999999,7.1e-05,0.00099,0.001914,0.002773
2016-08-05,-0.00201,-0.00214,-0.002089,-0.001814,-0.001283,-0.0005870000000000001,0.00026,0.0012330000000000002,0.002206,0.003067
2016-08-08,-0.0020399999999999997,-0.00215,-0.00214,-0.001893,-0.001343,-0.0006519999999999999,0.00023099999999999998,0.0012,0.0022,0.003035
2016-08-09,-0.0020599999999999998,-0.00223,-0.002188,-0.00193,-0.001465,-0.000776,0.000129,0.00104,0.0019,0.0028399999999999996
2016-08-10,-0.002105,-0.00234,-0.00233,-0.00211,-0.0017000000000000001,-0.00097,-0.00016,0.00075,0.001675,0.00254
2016-08-11,-0.00207,-0.00212,-0.002225,-0.00194,-0.00134,-0.0007199999999999999,0.0001,0.0011,0.0018549999999999999,0.00291
2016-08-12,-0.002095,-0.0022,-0.002235,-0.002014,-0.00151,-0.0008649999999999999,2.5e-06,0.0008799999999999999,0.0017985000000000002,0.0026745000000000002
2016-08-15,-0.002065,-0.00216,-0.002121,-0.0018470000000000001,-0.00135,-0.00066,0.00017999999999999998,0.001117,0.00207,0.00296
2016-08-16,-0.0020250000000000003,-0.00211,-0.002065,-0.001763,-0.00127,-0.000493,0.00036700000000000003,0.001358,0.002329,0.0032300000000000002
2016-08-17,-0.0020325,-0.0021,-0.00207,-0.001774,-0.0012950000000000001,-0.000562,0.000265,0.001208,0.0021825,0.00311
2016-08-18,-0.0020399999999999997,-0.00215,-0.0021444,-0.00183,-0.0013900000000000002,-0.000693,0.000149,0.00105,0.001966,0.0028399999999999996
2016-08-19,-0.00199,-0.00201,-0.0019872,-0.001675,-0.0011740000000000001,-0.000476,0.00040500000000000003,0.001355,0.00233,0.0032175
2016-08-22,-0.0020050000000000003,-0.0020605000000000003,-0.00199,-0.0017699999999999999,-0.0013475000000000002,-0.0007099999999999999,9.7e-05,0.0010199999999999999,0.00194,0.0027900000000000004
2016-08-23,-0.0020025,-0.002075,-0.0020234,-0.0017599999999999998,-0.0013109999999999999,-0.0007000000000000001,7.000000000000001e-05,0.00095,0.0018875,0.002692
2016-08-24,-0.00196,-0.002,-0.00191,-0.001689,-0.00125,-0.00064,0.000132,0.00099,0.001895,0.0027300000000000002
2016-08-25,-0.00193,-0.00193,-0.00187,-0.0016200000000000001,-0.0011799999999999998,-0.0005600000000000001,0.000215,0.0011,0.0019805,0.0028299999999999996
2016-08-26,-0.0019500000000000001,-0.00193,-0.00164,-0.00158,-0.001131,-0.00032599999999999996,0.00023199999999999997,0.00116,0.00201,0.0029
2016-08-29,-0.00199,-0.0020399999999999997,-0.0019,-0.00166,-0.00127,-0.0006140000000000001,0.00012,0.00105,0.001958,0.0027400000000000002
2016-08-30,-0.002,-0.00207,-0.0019450000000000001,-0.0017000000000000001,-0.0012850000000000001,-0.0007000000000000001,6e-05,0.0009180000000000001,0.0017879999999999999,0.00261
2016-08-31,-0.00203,-0.0021,-0.0019500000000000001,-0.0017299999999999998,-0.00123,-0.0006,0.000205,0.00109,0.00201,0.0028899999999999998
2016-09-01,-0.002041,-0.00216,-0.0020191000000000002,-0.00172,-0.00125,-0.00062,0.0002005,0.00109,0.00202,0.0028899999999999998
2016-09-02,-0.0020599999999999998,-0.00223,-0.00199,-0.0017000000000000001,-0.0011749999999999998,-0.00052,0.000315,0.00123,0.002178,0.00307
2016-09-05,-0.00209,-0.0022,-0.0020775,-0.001785,-0.0013,-0.00065,0.00017999999999999998,0.0011125,0.0020250000000000003,0.00292
2016-09-06,-0.00221,-0.00244,-0.00233,-0.00208,-0.0017000000000000001,-0.0010299999999999999,-0.0002,0.0006900000000000001,0.00164,0.00249
2016-09-07,-0.00222,-0.0024,-0.0023569999999999997,-0.00214,-0.00172,-0.0011,-0.000273,0.0006140000000000001,0.001575,0.00244
2016-09-08,-0.00214,-0.00222,-0.0021275,-0.0018599999999999999,-0.00136,-0.00075,0.00021250000000000002,0.00106,0.00208,0.00299
2016-09-09,-0.00211,-0.0021,-0.0020349,-0.00168,-0.0011125,-0.00035000000000000005,0.00058,0.00159,0.002662,0.00362
2016-09-12,-0.00209,-0.00215,-0.0019725000000000003,-0.00158,-0.00101,-0.00021999999999999998,0.000745,0.001764,0.0027900000000000004,0.0037099999999999998
2016-09-13,-0.0020599999999999998,-0.00213,-0.00192,-0.00149,-0.0008500000000000001,-3e-05,0.001,0.00197,0.00302,0.00402
2016-09-14,-0.00214,-0.0023,-0.002075,-0.00172,-0.00113,-0.0003,0.0006425000000000001,0.00169,0.0027129999999999997,0.003671
2016-09-15,-0.0021349999999999997,-0.00221,-0.002023,-0.0016200000000000001,-0.001,-0.00021,0.00078,0.0018,0.002823,0.003804
2016-09-16,-0.00216,-0.00229,-0.0021479999999999997,-0.00178,-0.00116,-0.000348,0.0006,0.001606,0.00261,0.00366
2016-09-19,-0.00214,-0.0022500000000000003,-0.002058,-0.00167,-0.001035,-0.00021799999999999999,0.0006900000000000001,0.0017399999999999998,0.0027500000000000003,0.00369
2016-09-20,-0.00217,-0.00229,-0.002167,-0.0018,-0.001204,-0.000427,0.000473,0.001465,0.0024560000000000003,0.0034200000000000003
2016-09-21,-0.00213,-0.0022500000000000003,-0.00209,-0.0017299999999999998,-0.0011,-0.00029499999999999996,0.00063,0.0016350000000000002,0.00265,0.00345
2016-09-22,-0.0021825,-0.00232,-0.0022905,-0.002,-0.0014910000000000001,-0.0008129999999999999,3.5000000000000004e-05,0.0009675,0.001915,0.0028299999999999996
2016-09-23,-0.00217,-0.00233,-0.0022503,-0.00198,-0.00149,-0.0008100000000000001,2.5e-06,0.00098,0.00192,0.0028000000000000004
2016-09-26,-0.0021925,-0.0023699999999999997,-0.0023075,-0.00209,-0.0016200000000000001,-0.0009795,-0.000115,0.0008100000000000001,0.0017299999999999998,0.0026024999999999998
2016-09-27,-0.00212,-0.00233,-0.00231,-0.00208,-0.00161,-0.000956,-0.00013,0.00078,0.0017000000000000001,0.0025700000000000002
2016-09-28,-0.00215,-0.00234,-0.0023,-0.002065,-0.0016,-0.00099,-0.00017,0.0007199999999999999,0.00165,0.00262
2016-09-29,-0.00209,-0.00234,-0.00228,-0.00201,-0.00165,-0.00089,-0.00010999999999999999,0.00082,0.00166,0.0026
2016-09-30,-0.00207,-0.00222,-0.00217,-0.0019500000000000001,-0.0014000000000000002,-0.00078,1e-05,0.0009299999999999999,0.0018575,0.00272
2016-10-03,-0.0020599999999999998,-0.00216,-0.00211,-0.00185,-0.00135,-0.00067,0.0002,0.0011,0.00203,0.00294
2016-10-04,-0.00202,-0.00209,-0.0020399999999999997,-0.00182,-0.00123,-0.0005099999999999999,0.00035000000000000005,0.00131,0.00232,0.0032600000000000003
2016-10-05,-0.0020625,-0.00215,-0.00198,-0.0016,-0.00105,-0.000275,0.000675,0.0017000000000000001,0.002747,0.00364
2016-10-06,-0.0020499999999999997,-0.0021,-0.0019675,-0.001566,-0.00097,-0.00017999999999999998,0.000745,0.0017480000000000002,0.0027900000000000004,0.003693
2016-10-07,-0.00203,-0.0020499999999999997,-0.0018775,-0.00145,-0.00083,-2.5e-05,0.0009260000000000001,0.001925,0.0029525000000000003,0.00387
2016-10-10,-0.00199,-0.00198,-0.0017699999999999999,-0.0013,-0.000625,0.00023,0.00123,0.00229,0.00334,0.004335
2016-10-11,-0.00202,-0.00203,-0.001791,-0.0013650000000000001,-0.00068,0.000135,0.001089,0.00212,0.003165,0.004117
2016-10-12,-0.0020250000000000003,-0.002,-0.0017399999999999998,-0.00128,-0.0007000000000000001,0.000264,0.00126,0.0023,0.003343,0.00428
2016-10-13,-0.00201,-0.00197,-0.00178,-0.00133,-0.00068,0.000128,0.00109,0.0021095,0.00312,0.004030000000000001
2016-10-14,-0.00202,-0.00191,-0.0016267,-0.0011899999999999999,-0.00052,0.000293,0.0012374999999999999,0.002311,0.0033274999999999997,0.00438
2016-10-17,-0.0020250000000000003,-0.0019500000000000001,-0.001668,-0.00124,-0.0006375,0.00021,0.00122,0.002294,0.0033,0.004287
2016-10-18,-0.0020499999999999997,-0.002,-0.0017410000000000001,-0.00132,-0.0007099999999999999,0.0001,0.00106,0.00209,0.00309,0.004050000000000001
2016-10-19,-0.0020499999999999997,-0.00197,-0.001724,-0.0013,-0.000666,0.000125,0.00108,0.002083,0.0030825,0.00406
2016-10-20,-0.0020775,-0.00196,-0.0017460000000000002,-0.00132,-0.0007099999999999999,5e-05,0.0009675,0.00193,0.00293,0.00385
2016-10-21,-0.0020599999999999998,-0.00193,-0.001664,-0.00125,-0.0006429999999999999,0.000129,0.0010299999999999999,0.0019950000000000002,0.00293,0.00388
2016-10-24,-0.002045,-0.00188,-0.0016025,-0.0011799999999999998,-0.000556,0.000237,0.001135,0.00214,0.003115,0.0040539999999999994
2016-10-25,-0.00202,-0.00183,-0.0015225,-0.00114,-0.00045,0.00032,0.0011799999999999998,0.00215,0.0031895,0.00409
2016-10-26,-0.002,-0.00178,-0.0013980000000000002,-0.0009,-0.00018999999999999998,0.00063,0.001575,0.0025900000000000003,0.0035949999999999997,0.004515
2016-10-27,-0.00197,-0.00167,-0.0012443,-0.0006,0.00010999999999999999,0.00106,0.002075,0.00312,0.004195,0.00512
2016-10-28,-0.00193,-0.00161,-0.001173,-0.00058,0.00014000000000000001,0.0010775,0.00209,0.00313,0.0041625,0.00507
2016-10-31,-0.00194,-0.0016,-0.0011646,-0.000628,0.000114,0.0010119999999999999,0.002014,0.00307,0.0040999999999999995,0.00504
2016-11-01,-0.00192,-0.0016,-0.00109,-0.00054,0.000155,0.00106,0.00219,0.0032300000000000002,0.00419,0.005180000000000001
2016-11-02,-0.00192,-0.00161,-0.001199,-0.000654,8.5e-05,0.00098,0.00196,0.0030399999999999997,0.00404,0.00498
2016-11-03,-0.001905,-0.00151,-0.001055,-0.00047,0.00031,0.00122,0.00222,0.003295,0.00435,0.00528
2016-11-04,-0.001895,-0.00155,-0.001137,-0.0005600000000000001,0.000173,0.00109,0.002105,0.00313,0.004215,0.00512
2016-11-07,-0.0018975,-0.0015199999999999999,-0.0010416,-0.0005070000000000001,0.000305,0.0011975,0.00222,0.00329,0.0043,0.00528
2016-11-08,-0.0018625,-0.0014199999999999998,-0.001007,-0.00037,0.000415,0.00135,0.00245,0.0034799999999999996,0.00452,0.00553
2016-11-09,-0.00185,-0.00128,-0.0009375,-0.00017999999999999998,0.00082,0.00189,0.0027800000000000004,0.0040999999999999995,0.00515,0.00618
2016-11-10,-0.00185,-0.00136,-0.0007099999999999999,8.25e-05,0.0010299999999999999,0.00213,0.0032700000000000003,0.00445,0.00555,0.00651
2016-11-11,-0.00181,-0.00122,-0.0004925,0.00035999999999999997,0.0013700000000000001,0.00244,0.00357,0.004739999999999999,0.00584,0.006840000000000001
2016-11-14,-0.0018599999999999999,-0.00122,-0.00043,0.00043999999999999996,0.00145,0.0025900000000000003,0.00369,0.00487,0.0059499999999999996,0.0069099999999999995
2016-11-15,-0.00188,-0.00126,-0.000475,0.0004,0.0014199999999999998,0.002522,0.00366,0.00481,0.00592,0.00688
2016-11-16,-0.0019,-0.00132,-0.000489,0.00041,0.0013900000000000002,0.00251,0.00366,0.00475,0.005865,0.0067800000000000004
2016-11-17,-0.00193,-0.00132,-0.0005920000000000001,0.000312,0.00134,0.00245,0.003575,0.00471,0.00582,0.00683
2016-11-18,-0.0019500000000000001,-0.0014000000000000002,-0.00067,0.00017999999999999998,0.00124,0.0023669999999999997,0.0035299999999999997,0.004653,0.0057599999999999995,0.00674
2016-11-21,-0.00197,-0.00145,-0.0006902999999999999,0.00014000000000000001,0.0011749999999999998,0.002295,0.0034699999999999996,0.00461,0.00569,0.0066500000000000005
2016-11-22,-0.00197,-0.0014299999999999998,-0.0007926999999999999,9e-06,0.00096,0.0020599999999999998,0.003208,0.004352,0.005410000000000001,0.006405999999999999
2016-11-23,-0.00196,-0.00146,-0.0008236000000000001,2e-05,0.00097,0.00207,0.00329,0.00439,0.005370000000000001,0.0064
2016-11-24,-0.0019975,-0.00153,-0.00092,-0.00014000000000000001,0.00083,0.0019675,0.00317,0.00438,0.005520000000000001,0.006520000000000001
2016-11-25,-0.00197,-0.00154,-0.0009,-0.000105,0.0009,0.001989,0.0032,0.00436,0.00547,0.0064459999999999995
2016-11-28,-0.0020250000000000003,-0.0016200000000000001,-0.00106,-0.00028000000000000003,0.0006950000000000001,0.0017699999999999999,0.0029775,0.00411,0.00519,0.006215000000000001
2016-11-29,-0.0020399999999999997,-0.0017299999999999998,-0.00109,-0.00032,0.00049,0.0017100000000000001,0.0029,0.004079999999999999,0.0051400000000000005,0.0060999999999999995
2016-11-30,-0.00199,-0.00158,-0.0009985,-0.0002,0.0008699999999999999,0.00208,0.00331,0.00458,0.005719999999999999,0.00683
2016-12-01,-0.00194,-0.0014399999999999999,-0.0007599999999999999,0.00027,0.0013900000000000002,0.00271,0.004079999999999999,0.00534,0.00658,0.0076525
2016-12-02,-0.00198,-0.00157,-0.0008931,-0.000155,0.00095,0.00212,0.0034000000000000002,0.00457,0.00577,0.006790000000000001
2016-12-05,-0.00199,-0.00154,-0.0007920000000000001,0.0001,0.00111,0.0023599999999999997,0.003665,0.0049499999999999995,0.00597,0.007169999999999999
2016-12-06,-0.00196,-0.0014285,-0.0006997,0.0003445,0.00155,0.0028299999999999996,0.0041199999999999995,0.0054,0.0066,0.00767
2016-12-07,-0.0019500000000000001,-0.0014925,-0.0007199999999999999,0.00027,0.00146,0.00271,0.00398,0.00523,0.00642,0.00747
2016-12-08,-0.0020399999999999997,-0.00161,-0.0008699999999999999,0.0001505,0.00135,0.00266,0.004,0.00532,0.006540000000000001,0.0076500000000000005
2016-12-09,-0.00203,-0.00165,-0.00099,2e-05,0.0012,0.00255,0.00395,0.0053100000000000005,0.00659,0.00773
2016-12-12,-0.00203,-0.0016,-0.0008100000000000001,0.000245,0.0015199999999999999,0.0028899999999999998,0.00431,0.005699999999999999,0.006979999999999999,0.00813
2016-12-13,-0.00203,-0.0016200000000000001,-0.0009,0.0001,0.00131,0.00264,0.0040100000000000005,0.0053300000000000005,0.00657,0.00771
2016-12-14,-0.00203,-0.00167,-0.0010199999999999999,-0.0001,0.00104,0.00231,0.00363,0.00493,0.00616,0.0072699999999999996
2016-12-15,-0.00201,-0.00164,-0.0009474,7.000000000000001e-05,0.00125,0.0026,0.00396,0.0053,0.006540000000000001,0.00768
2016-12-16,-0.00198,-0.00159,-0.0009175,5e-05,0.00122,0.00251,0.00383,0.0051400000000000005,0.00637,0.00749
2016-12-19,-0.00198,-0.00157,-0.0010271,-0.000155,0.00094,0.0021449999999999998,0.00344,0.00468,0.00588,0.006939999999999999
2016-12-20,-0.0019775,-0.0015834999999999998,-0.0009543,-3e-05,0.0011,0.0023499999999999997,0.00362,0.00489,0.00609,0.007169999999999999
2016-12-21,-0.00196,-0.00153,-0.0009218,-6e-05,0.0010299999999999999,0.0022400000000000002,0.0035299999999999997,0.0047599999999999995,0.00594,0.00701
2016-12-22,-0.0019425,-0.00145,-0.0008,8.999999999999999e-05,0.0012,0.00241,0.0037099999999999998,0.00497,0.00618,0.0072499999999999995
2016-12-23,-0.00194,-0.0014299999999999998,-0.0008,2e-05,0.00108,0.00227,0.0035099999999999997,0.00479,0.00596,0.00701
2016-12-26,,-0.00145,-0.0008075000000000001,,,,,,,
2016-12-27,-0.00196,-0.0015,-0.0009220000000000001,-0.00017999999999999998,0.0008,0.00201,0.0033350000000000003,0.004625000000000001,0.005825,0.00685
2016-12-28,-0.00201,-0.00151,-0.0009299999999999999,-0.00010999999999999999,0.00095,0.00212,0.00336,0.0046,0.00577,0.00681
2016-12-29,-0.00203,-0.0016,-0.0010299999999999999,-0.00024,0.00078,0.0019,0.00309,0.0043,0.00544,0.0064800000000000005
2016-12-30,-0.00202,-0.001605,-0.001,-0.00023,0.00077,0.00191,0.00314,0.00437,0.005540000000000001,0.006605
2017-01-02,-0.00209,-0.0018,-0.001215,-0.0004,0.00066,0.00182,0.00307,0.00432,0.00551,0.00661
2017-01-03,-0.0020399999999999997,-0.0016325,-0.0010042,-0.0001575,0.00086,0.0020499999999999997,0.0033645000000000003,0.00459,0.005805,0.0069099999999999995
2017-01-04,-0.0020599999999999998,-0.0016305,-0.0009575,-9.499999999999999e-05,0.00097,0.00216,0.00344,0.00471,0.0059299999999999995,0.007039999999999999
2017-01-05,-0.00211,-0.0016585,-0.0010032,-0.0001,0.00097,0.00213,0.00335,0.00458,0.0057825,0.006840000000000001
2017-01-06,-0.00212,-0.00159,-0.0008025,0.00010999999999999999,0.0012,0.00242,0.0037,0.00498,0.00619,0.00729
2017-01-09,-0.00214,-0.00166,-0.0009456,-1e-05,0.0011,0.00228,0.0035199999999999997,0.00477,0.00596,0.00705
2017-01-10,-0.00219,-0.0017000000000000001,-0.0009681,-3e-05,0.00108,0.002265,0.0035099999999999997,0.00477,0.00597,0.0070599999999999994
2017-01-11,-0.00226,-0.00184,-0.00114,-0.00024,0.0008100000000000001,0.00196,0.00318,0.0044,0.00559,0.006670000000000001
2017-01-12,-0.0022500000000000003,-0.00181,-0.0011376,-0.00026,0.00077,0.00192,0.00315,0.00438,0.005580000000000001,0.0066749999999999995
2017-01-13,-0.0022500000000000003,-0.0017599999999999998,-0.0011193,-0.0001625,0.00086,0.00203,0.0032700000000000003,0.00454,0.0057599999999999995,0.00687
2017-01-16,-0.00229,-0.00185,-0.0011718,-0.00027,0.000795,0.0019850000000000002,0.0032600000000000003,0.004555,0.00579,0.0069099999999999995
2017-01-17,-0.00228,-0.00181,-0.0011399,-0.00020449999999999998,0.00084,0.00199,0.00322,0.00447,0.005679999999999999,0.006790000000000001
2017-01-18,-0.00227,-0.0017599999999999998,-0.001,-3e-05,0.0011,0.0023,0.0035325,0.0048,0.0060125,0.00713
2017-01-19,-0.002245,-0.00169,-0.0008975,0.000145,0.00132,0.00255,0.0038374999999999998,0.00513,0.00637,0.00751
2017-01-20,-0.00221,-0.00158,-0.0007017,0.00034,0.00154,0.0028100000000000004,0.00414,0.00544,0.0067,0.007850000000000001
2017-01-23,-0.0022400000000000002,-0.0017000000000000001,-0.00092,6e-05,0.0011949999999999999,0.002415,0.0037,0.005,0.0062250000000000005,0.007335
2017-01-24,-0.0022400000000000002,-0.00165,-0.0008,0.00025,0.0014399999999999999,0.00272,0.00404,0.00536,0.00662,0.00777
2017-01-25,-0.0022,-0.0015199999999999999,-0.0005855,0.00058,0.001865,0.00319,0.00453,0.005849999999999999,0.00712,0.00827
2017-01-26,-0.00219,-0.00147,-0.0004825,0.0006900000000000001,0.00201,0.00333,0.0046700000000000005,0.00599,0.0072499999999999995,0.00839
2017-01-27,-0.00216,-0.0014299999999999998,-0.0004674,0.00068,0.00198,0.00329,0.0046,0.0059,0.00714,0.00827
2017-01-30,-0.00218,-0.0015,-0.0005075,0.00063,0.0019375,0.0032600000000000003,0.00458,0.0059,0.00715,0.00826
2017-01-31,-0.00218,-0.00155,-0.00055,0.00058,0.00188,0.00321,0.00455,0.00586,0.00709,0.00823
2017-02-01,-0.00217,-0.001447,-0.00046,0.0006950000000000001,0.002,0.0033550000000000003,0.004725,0.0060550000000000005,0.007325000000000001,0.00845
2017-02-02,-0.00218,-0.0015004999999999999,-0.0005856,0.0005425,0.0017699999999999999,0.00309,0.00443,0.0057399999999999994,0.006979999999999999,0.008100000000000001
2017-02-03,-0.00219,-0.00153,-0.0006510000000000001,0.00047,0.0017100000000000001,0.00301,0.00434,0.00565,0.006889999999999999,0.00801
2017-02-06,-0.00214,-0.00153,-0.0007356999999999999,0.00029,0.00145,0.0027300000000000002,0.00406,0.00538,0.00662,0.00775
2017-02-07,-0.0021,-0.0014399999999999999,-0.0006410000000000001,0.00037,0.00155,0.0028100000000000004,0.004115,0.005410000000000001,0.0066475,0.007764999999999999
2017-02-08,-0.0021,-0.001537,-0.0008321000000000001,0.000115,0.0012,0.0023975,0.00366,0.004902500000000001,0.0060999999999999995,0.0072
2017-02-09,-0.00208,-0.0014399999999999999,-0.000675,0.00028000000000000003,0.0013800000000000002,0.0025700000000000002,0.00381,0.00506,0.00625,0.00734
2017-02-10,-0.00208,-0.0014299999999999998,-0.0006346,0.00031,0.0014199999999999998,0.00264,0.00393,0.00521,0.00644,0.00756
2017-02-13,-0.002063,-0.0013800000000000002,-0.000583,0.00043,0.00157,0.0028199999999999996,0.0041199999999999995,0.00542,0.0067,0.0077800000000000005
2017-02-14,-0.0020824999999999997,-0.00134,-0.0004950999999999999,0.00055,0.00172,0.003,0.00435,0.005675,0.006945,0.008085
2017-02-15,-0.00207,-0.00135,-0.0005113,0.000495,0.00165,0.00292,0.00426,0.005580000000000001,0.00685,0.0079925
2017-02-16,-0.0020599999999999998,-0.0013900000000000002,-0.00057,0.00039,0.00149,0.00271,0.0039900000000000005,0.00527,0.00651,0.0076500000000000005
2017-02-17,-0.00208,-0.00149,-0.0007524,0.00021999999999999998,0.00134,0.00255,0.00382,0.0051,0.00633,0.0074399999999999996
2017-02-20,-0.0020599999999999998,-0.0014644999999999999,-0.0007199999999999999,0.00021999999999999998,0.00134,0.00255,0.00383,0.0051,0.00633,0.00746
2017-02-21,-0.00209,-0.00149,-0.000737,0.00021,0.00135,0.0026,0.0038900000000000002,0.00519,0.00644,0.0075825
2017-02-22,-0.00207,-0.00146,-0.00068,0.00021,0.0013,0.00251,0.00378,0.00506,0.0062900000000000005,0.00741
2017-02-23,-0.00213,-0.00157,-0.0009186,-1e-05,0.00106,0.002225,0.0034899999999999996,0.00475,0.00597,0.00709
2017-02-24,-0.00209,-0.0016300000000000002,-0.0009906,-0.0001,0.00094,0.00207,0.0032700000000000003,0.00449,0.005679999999999999,0.00676
2017-02-27,-0.002125,-0.0016200000000000001,-0.0009675,-8.5e-05,0.00096,0.0021,0.0033,0.00453,0.0057150000000000005,0.00681
2017-02-28,-0.00215,-0.00167,-0.0010299999999999999,-0.00021999999999999998,0.00078,0.00191,0.00313,0.00437,0.005575,0.006685
2017-03-01,-0.00216,-0.0016300000000000002,-0.000925,-3.5000000000000004e-05,0.00101,0.00218,0.0034300000000000003,0.00471,0.0059299999999999995,0.00707
2017-03-02,-0.00214,-0.0015,-0.0006866,0.00029,0.0014000000000000002,0.0026,0.00387,0.00511,0.00635,0.00749
2017-03-03,-0.0020050000000000003,-0.00123,-0.0003209,0.0007199999999999999,0.0019,0.00311,0.00433,0.00559,0.00681,0.00795
2017-03-06,-0.0019950000000000002,-0.0011899999999999999,-0.00027,0.0007325,0.001885,0.00308,0.0042899999999999995,0.005520000000000001,0.006725,0.007845
2017-03-07,-0.0020250000000000003,-0.0012900000000000001,-0.00041,0.0006025,0.0017274999999999999,0.0029149999999999996,0.00416,0.0054,0.00661,0.007735
2017-03-08,-0.00202,-0.00121,-0.0002971,0.0008,0.00198,0.00319,0.00444,0.005679999999999999,0.0069,0.00803
2017-03-09,-0.00201,-0.001,9.090000000000001e-05,0.00136,0.00262,0.0038900000000000002,0.00513,0.00638,0.007594999999999999,0.00871
2017-03-10,-0.00193,-0.00082,0.00048,0.00184,0.0032,0.00446,0.005699999999999999,0.0069,0.00809,0.00916
2017-03-13,-0.002,-0.0009299999999999999,0.0002455,0.00164,0.00301,0.0043,0.00555,0.006770000000000001,0.00795,0.009025
2017-03-14,-0.0020375,-0.0010299999999999999,0.0001482,0.0014099999999999998,0.0027300000000000002,0.004030000000000001,0.0053,0.006520000000000001,0.00768,0.008761
2017-03-15,-0.00203,-0.00107,2.18e-05,0.00124,0.00253,0.00378,0.00502,0.00621,0.00736,0.008409999999999999
2017-03-16,-0.0020399999999999997,-0.00105,7.88e-05,0.00135,0.00271,0.004,0.005257500000000001,0.0064925,0.00767,0.00872
2017-03-17,-0.00197,-0.0009575,0.0001763,0.0013725,0.00264,0.0039074999999999995,0.00515,0.006347500000000001,0.00751,0.008545
2017-03-20,-0.001956,-0.0009,0.0002484,0.00147,0.0027400000000000002,0.004,0.00524,0.00643,0.00756,0.00859
2017-03-21,-0.0019270000000000001,-0.00082,0.0002958,0.0016,0.0028699999999999997,0.00413,0.00538,0.006520000000000001,0.0076300000000000005,0.00864
2017-03-22,-0.00199,-0.00094,0.00017999999999999998,0.0013900000000000002,0.00261,0.00384,0.00503,0.00621,0.00729,0.00831
2017-03-23,-0.001976,-0.0008799999999999999,0.00024430000000000003,0.00148,0.00272,0.00393,0.00513,0.0063,0.0074,0.00842
2017-03-24,-0.0019975,-0.0009299999999999999,0.00023050000000000002,0.001441,0.00271,0.00391,0.00509,0.00623,0.00733,0.008329999999999999
2017-03-27,-0.00201,-0.001,0.0001039,0.0013,0.00251,0.0037,0.00488,0.00602,0.00707,0.00807
2017-03-28,-0.002042,-0.0011,-7.24e-05,0.0011899999999999999,0.00241,0.00361,0.0047799999999999995,0.00596,0.00703,0.00804
2017-03-29,-0.00212,-0.00125,-0.00026,0.00084,0.001996,0.003218,0.00442,0.00561,0.006730000000000001,0.00776
2017-03-30,-0.0021525,-0.00134,-0.00040980000000000004,0.0007099999999999999,0.00185,0.0030399999999999997,0.00426,0.0054600000000000004,0.00661,0.0076300000000000005
2017-03-31,-0.0021725,-0.00135,-0.00035000000000000005,0.0006900000000000001,0.001835,0.00301,0.00425,0.0054600000000000004,0.0066,0.00766
2017-04-03,-0.00223,-0.0015,-0.0006133,0.00046,0.00159,0.0027700000000000003,0.00396,0.005180000000000001,0.00636,0.00741
2017-04-04,-0.00223,-0.00151,-0.000664,0.0004,0.00155,0.0027600000000000003,0.00393,0.0051400000000000005,0.0062900000000000005,0.00735
2017-04-05,-0.002232,-0.00155,-0.00064,0.00037999999999999997,0.00151,0.00272,0.00395,0.0051600000000000005,0.00633,0.0074
2017-04-06,-0.002213,-0.00149,-0.00057,0.00043999999999999996,0.00156,0.0027500000000000003,0.0039700000000000004,0.005180000000000001,0.00633,0.0074
2017-04-07,-0.00223,-0.00153,-0.00067,0.00035000000000000005,0.00149,0.00266,0.00386,0.00506,0.00627,0.00733
2017-04-10,-0.00223,-0.00161,-0.0007599999999999999,0.00018999999999999998,0.0013,0.00247,0.00368,0.00489,0.00605,0.0070999999999999995
2017-04-11,-0.0022325,-0.0016200000000000001,-0.00082,0.00017999999999999998,0.00135,0.00251,0.0037099999999999998,0.00487,0.00607,0.00714
2017-04-12,-0.002205,-0.00154,-0.000766,0.00023,0.00134,0.00249,0.00366,0.00486,0.00598,0.007015
2017-04-13,-0.002235,-0.00159,-0.00084,0.0001,0.00116,0.00229,0.0034915000000000002,0.00462,0.00575,0.00681
2017-04-14,,,,0.00015,0.00123,,0.003539,,,
2017-04-17,,-0.00158,-0.0008423,0.00010999999999999999,0.00116,,0.0035299999999999997,,0.00575,
2017-04-18,-0.0022500000000000003,-0.00161,-0.00089,3e-05,0.00107,0.00218,0.00333,0.00445,0.00557,0.00657
2017-04-19,-0.0022500000000000003,-0.0016,-0.0008100000000000001,0.00016,0.00124,0.0023699999999999997,0.0035199999999999997,0.004699999999999999,0.00577,0.00681
2017-04-20,-0.00222,-0.00146,-0.00065,0.00041,0.00154,0.00271,0.0038900000000000002,0.00505,0.00617,0.0072
2017-04-21,-0.00218,-0.0014399999999999999,-0.0005,0.00057,0.0017599999999999998,0.00296,0.00416,0.00534,0.0064600000000000005,0.00748
2017-04-24,-0.00221,-0.0014099999999999998,-0.00036260000000000003,0.00079,0.00196,0.00318,0.00438,0.005580000000000001,0.0066949999999999996,0.00775
2017-04-25,-0.00218,-0.00127,-0.00014000000000000001,0.00107,0.002347,0.0036049999999999997,0.00485,0.006059999999999999,0.007193000000000001,0.00825
2017-04-26,-0.0022,-0.0013800000000000002,-0.0002067,0.00094,0.00223,0.0034799999999999996,0.004719999999999999,0.00588,0.00709,0.008145
2017-04-27,-0.00229,-0.00151,-0.00053,0.00061,0.00183,0.00309,0.0042699999999999995,0.0055000000000000005,0.00668,0.00771
2017-04-28,-0.00228,-0.0014099999999999998,-0.0003595,0.00073,0.00192,0.00317,0.00444,0.00565,0.0068200000000000005,0.007890000000000001
2017-05-01,,-0.00145,-0.000431,0.0007000000000000001,0.0019,,0.00442,,,
2017-05-02,-0.0023799999999999997,-0.0015199999999999999,-0.0004827,0.0007599999999999999,0.00202,0.00329,0.00453,0.0057399999999999994,0.0069,0.007940000000000001
2017-05-03,-0.00244,-0.00158,-0.00048,0.0007000000000000001,0.00198,0.00322,0.004455,0.005659999999999999,0.0068200000000000005,0.007850000000000001
2017-05-04,-0.00226,-0.0012900000000000001,-0.0002,0.00107,0.00229,0.003568,0.00487,0.0060799999999999995,0.007256,0.00836
2017-05-05,-0.00223,-0.00131,-8.999999999999999e-05,0.00116,0.002455,0.00375,0.00502,0.00628,0.00747,0.008579999999999999
2017-05-08,-0.00222,-0.00124,-6.5e-05,0.00114,0.00242,0.0037,0.004967,0.00622,0.00741,0.00851
2017-05-09,-0.00223,-0.00128,-0.00014000000000000001,0.001085,0.002375,0.00366,0.004955,0.00622,0.00743,0.008539999999999999
2017-05-10,-0.0022525,-0.0012900000000000001,-0.00014000000000000001,0.00105,0.0023499999999999997,0.003634,0.0049,0.00615,0.007365,0.008453
2017-05-11,-0.00227,-0.00134,-0.0002,0.0010199999999999999,0.00226,0.0035410000000000003,0.004819,0.00607,0.0072699999999999996,0.008329999999999999
2017-05-12,-0.00232,-0.00145,-0.00039,0.00082,0.00209,0.00332,0.00456,0.0058,0.00695,0.008020000000000001
2017-05-15,-0.00232,-0.00145,-0.00039309999999999996,0.000835,0.00211,0.0034200000000000003,0.004699999999999999,0.00597,0.00716,0.00826
2017-05-16,-0.0022955000000000002,-0.00136,-0.00031620000000000004,0.00097,0.00227,0.00356,0.00481,0.0060999999999999995,0.0073,0.008409999999999999
2017-05-17,-0.00233,-0.00154,-0.0005548,0.00062,0.001805,0.003073,0.0043809999999999995,0.005620000000000001,0.00681,0.00791
2017-05-18,-0.00231,-0.00153,-0.00046,0.00063,0.0018,0.0030299999999999997,0.004301,0.00553,0.0067,0.00782
2017-05-19,-0.00227,-0.0014000000000000002,-0.00035999999999999997,0.00078,0.00199,0.0032400000000000003,0.0045000000000000005,0.00573,0.0069299999999999995,0.00803
2017-05-22,-0.0022500000000000003,-0.00133,-0.0002473,0.00094,0.00218,0.00345,0.00471,0.00597,0.007155,0.00825
2017-05-23,-0.0022500000000000003,-0.0013125,-0.0002485,0.00101,0.00222,0.003552,0.0047799999999999995,0.006045,0.007255,0.008375
2017-05-24,-0.00228,-0.0013900000000000002,-0.00028000000000000003,0.0009435,0.0022,0.0034999999999999996,0.0047875,0.006059999999999999,0.007275,0.0084025
2017-05-25,-0.0023,-0.001456,-0.000387,0.00079,0.002035,0.00329,0.004575,0.0058475,0.0070574999999999995,0.008175
2017-05-26,-0.0023499999999999997,-0.001562,-0.000516,0.0006,0.001835,0.00306,0.004355,0.00561,0.00681,0.00792
2017-05-29,-0.0023799999999999997,-0.001605,-0.0006643,0.00049,0.0017100000000000001,0.003005,0.00423,0.005465,0.006657499999999999,0.00777
2017-05-30,-0.002379,-0.0016320000000000002,-0.0007099999999999999,0.00043400000000000003,0.001648,0.0028970000000000003,0.00416,0.005408,0.006605,0.007724
2017-05-31,-0.0023699999999999997,-0.0016200000000000001,-0.0007491,0.0004385,0.0016425,0.0029075,0.004198,0.005476999999999999,0.0066949999999999996,0.0078195
2017-06-01,-0.0023775,-0.0016170000000000002,-0.0006895,0.000495,0.0017349999999999998,0.0029895,0.004275,0.005555,0.006775,0.00791
2017-06-02,-0.0023575,-0.0016300000000000002,-0.0006900000000000001,0.00040500000000000003,0.00161,0.002865,0.004155,0.005427499999999999,0.006640500000000001,0.007784999999999999
2017-06-05,-0.0023499999999999997,-0.001595,-0.000665,0.0004445,0.0016445000000000001,0.002912,0.004190999999999999,0.0054600000000000004,0.0066795000000000005,0.007831
2017-06-06,-0.00234,-0.0016014999999999998,-0.0007652000000000001,0.00035000000000000005,0.0015195,0.0027784999999999997,0.00404,0.0053,0.006520000000000001,0.0076500000000000005
2017-06-07,-0.0023899999999999998,-0.0016950000000000001,-0.0007957,0.00031350000000000003,0.0014954999999999999,0.002711,0.003974,0.00523,0.0064600000000000005,0.00759
2017-06-08,-0.002421,-0.0017410000000000001,-0.0008769,0.0002675,0.00147,0.0027,0.00396,0.00521,0.00643,0.00756
2017-06-09,-0.002464,-0.001825,-0.0009,0.0001805,0.0014199999999999998,0.00266,0.00392,0.0052,0.006417000000000001,0.00756
2017-06-12,-0.00251,-0.001865,-0.001015,0.0001,0.0012909999999999998,0.002545,0.0038,0.005075,0.006296,0.0074199999999999995
2017-06-13,-0.002524,-0.001838,-0.0009716,0.0002,0.0014299999999999998,0.00269,0.00396,0.005245,0.0064600000000000005,0.007625
2017-06-14,-0.00255,-0.00196,-0.0010398,-4e-05,0.0011200000000000001,0.0023499999999999997,0.0036075,0.0048675,0.0060875,0.00722
2017-06-15,-0.00252,-0.001835,-0.000892,0.0002275,0.0014765,0.002721,0.00398,0.00524,0.0064600000000000005,0.0076
2017-06-16,-0.00252,-0.001845,-0.0009866999999999999,0.000171,0.0013880000000000001,0.002626,0.0038975,0.0051649999999999995,0.006396,0.007534999999999999
2017-06-19,-0.00252,-0.0018365,-0.0009,0.00019050000000000002,0.00145,0.00268,0.003966,0.00523,0.0064455,0.00758
2017-06-20,-0.002555,-0.00193,-0.0010321,5.25e-05,0.001275,0.002515,0.00377,0.005024,0.006242,0.00736
2017-06-21,-0.00253,-0.0018599999999999999,-0.00094,0.00017,0.0013900000000000002,0.0026040000000000004,0.0038174999999999997,0.005027500000000001,0.0062075,0.007305000000000001
2017-06-22,-0.002545,-0.001875,-0.00097,8.999999999999999e-05,0.00127,0.0024695,0.00368,0.00488,0.006058,0.00715
2017-06-23,-0.00254,-0.001845,-0.0008240999999999999,0.00018999999999999998,0.001371,0.002571,0.00377,0.00498,0.00616,0.007235
2017-06-26,-0.002524,-0.0018,-0.00084,0.00023199999999999997,0.0014005,0.0025800000000000003,0.0037719999999999997,0.0049825,0.006151,0.00722
2017-06-27,-0.002428,-0.00146,-0.0003875,0.000952,0.0022400000000000002,0.003495,0.004699999999999999,0.005935,0.0071075,0.008195000000000001
2017-06-28,-0.002451,-0.001565,-0.0003471,0.0008150000000000001,0.002123,0.003392,0.004633,0.0058709999999999995,0.0070220000000000005,0.008165
2017-06-29,-0.0023799999999999997,-0.0013900000000000002,-0.0001406,0.0012,0.002585,0.003915,0.00522,0.006471,0.007682,0.008794999999999999
2017-06-30,-0.002345,-0.001255,1.8e-05,0.0013714999999999999,0.002755,0.00409,0.005375,0.00668,0.007885,0.009004999999999999
2017-07-03,-0.0023599999999999997,-0.00127,1.9e-05,0.00134,0.00272,0.0040975000000000004,0.005479500000000001,0.006765,0.008036999999999999,0.009115
2017-07-04,-0.00241,-0.001355,-8e-05,0.0013105,0.0027400000000000002,0.004139,0.005515,0.006835,0.008075,0.009211500000000001
2017-07-05,-0.00241,-0.00135,-8.170000000000001e-05,0.0013139999999999998,0.002735,0.0041554999999999995,0.0055249999999999995,0.006810500000000001,0.008053,0.0092
2017-07-06,-0.0023699999999999997,-0.0011899999999999999,0.000235,0.0017599999999999998,0.00329,0.00475,0.00615,0.00747,0.00874,0.009875
2017-07-07,-0.0023645,-0.0011949999999999999,0.000228,0.0017499999999999998,0.003295,0.004785,0.006195000000000001,0.00756,0.008825,0.009975000000000001
2017-07-10,-0.002372,-0.001215,0.000134,0.0016250000000000001,0.003165,0.00459,0.00597,0.007295,0.00853,0.009655
2017-07-11,-0.002362,-0.0011849999999999999,0.00015859999999999998,0.001665,0.00315,0.00462,0.00598,0.00731,0.00853,0.009645
2017-07-12,-0.0023905000000000003,-0.0012590000000000001,9.350000000000001e-05,0.0015495,0.0030425,0.0044564999999999995,0.0058,0.00709,0.008289999999999999,0.00941
2017-07-13,-0.00241,-0.00125,6.9e-06,0.0016,0.00309,0.00451,0.005849999999999999,0.007155,0.008375,0.009495
2017-07-14,-0.0024105,-0.0012339999999999999,0.00017999999999999998,0.001675,0.003195,0.00461,0.0059499999999999996,0.00724,0.00844,0.00954
2017-07-17,-0.0024425,-0.0013,2.05e-05,0.00158,0.0030945,0.0045000000000000005,0.0058530000000000006,0.0071475,0.008355,0.009465
2017-07-18,-0.00247,-0.0013650000000000001,-5.41e-05,0.00148,0.002977,0.004385,0.005725,0.006999999999999999,0.008205,0.00932
2017-07-19,-0.00249,-0.00146,-0.000138,0.0013139999999999998,0.002784,0.00418,0.00553,0.00681,0.008015,0.009125
2017-07-20,-0.002515,-0.001505,-0.00016,0.001275,0.002751,0.004164999999999999,0.00549,0.00681,0.008,0.00916
2017-07-21,-0.00253,-0.001585,-0.00034,0.0010630000000000001,0.0025009999999999998,0.003935,0.005285,0.0066,0.007845,0.00899
2017-07-24,-0.002525,-0.0016,-0.00037999999999999997,0.001052,0.0025169999999999997,0.00395,0.005294999999999999,0.00662,0.00786,0.0090165
2017-07-25,-0.00251,-0.00154,-0.00028879999999999997,0.00126,0.002775,0.0042699999999999995,0.00567,0.007019999999999999,0.00828,0.009455
2017-07-26,-0.0025205,-0.001565,-0.0003245,0.001235,0.0027600000000000003,0.00424,0.0056225,0.00699,0.0082375,0.0094125
2017-07-27,-0.0025,-0.00158,-0.00031,0.0011575000000000001,0.00266,0.0041199999999999995,0.00553,0.006875,0.00812,0.009295
2017-07-28,-0.002495,-0.001545,-0.00026,0.0012145,0.00271,0.00422,0.00571,0.007015,0.00831,0.009465
2017-07-31,-0.0024805,-0.00153,-0.00021799999999999999,0.001265,0.0028000000000000004,0.004293,0.005714,0.007072,0.008345,0.009503000000000001
2017-08-01,-0.00251,-0.0016200000000000001,-0.00042,0.00099,0.00245,0.0038929999999999998,0.005294,0.0066,0.007850000000000001,0.008993
2017-08-02,-0.0025124999999999995,-0.0016300000000000002,-0.000378,0.000965,0.002401,0.0038329999999999996,0.0052305,0.006542,0.007795,0.008935
2017-08-03,-0.002505,-0.0016300000000000002,-0.0004868,0.000925,0.00233,0.003733,0.005084999999999999,0.00638,0.0076,0.008723
2017-08-04,-0.00249,-0.00159,-0.00041,0.0009695,0.002375,0.00381,0.0051649999999999995,0.006464999999999999,0.007724999999999999,0.008834999999999999
2017-08-07,-0.0024805,-0.00159,-0.000426,0.000931,0.00234,0.00374,0.00509,0.006384999999999999,0.0076100000000000004,0.008745000000000001
2017-08-08,-0.00247,-0.001547,-0.0004316,0.000999,0.0023799999999999997,0.00381,0.0051400000000000005,0.00644,0.00772,0.0088575
2017-08-09,-0.0025,-0.00164,-0.0004711,0.0007714999999999999,0.002163,0.003524,0.004861,0.00615,0.0073595,0.0084795
2017-08-10,-0.00253,-0.0016955,-0.0006898,0.0006990000000000001,0.002052,0.0033950000000000004,0.00475,0.005995,0.0072050000000000005,0.008335
2017-08-11,-0.0025605,-0.0017749999999999999,-0.0007040000000000001,0.0005600000000000001,0.0019045000000000002,0.0032500000000000003,0.004545,0.005825,0.007019999999999999,0.00814
2017-08-14,-0.002565,-0.0017699999999999999,-0.0006450000000000001,0.0006525,0.00203,0.0034000000000000002,0.00473,0.00602,0.00724,0.00836
2017-08-15,-0.0025540000000000003,-0.0017050000000000001,-0.0005455,0.0007825,0.00218,0.003537,0.004884,0.006182999999999999,0.007407,0.008532999999999999
2017-08-16,-0.00254,-0.001685,-0.0006507,0.0008150000000000001,0.00221,0.0036049999999999997,0.0049499999999999995,0.00626,0.007475000000000001,0.00863
2017-08-17,-0.00255,-0.00172,-0.0006662,0.0006900000000000001,0.002053,0.0034000000000000002,0.004739999999999999,0.006025,0.00728,0.008375
2017-08-18,-0.00255,-0.0017100000000000001,-0.00063,0.0006950000000000001,0.002087,0.003444,0.00475,0.006035,0.007245000000000001,0.008375
2017-08-21,-0.0025700000000000002,-0.0017699999999999999,-0.0007099999999999999,0.0005495,0.00192,0.0032700000000000003,0.004582,0.005883,0.007095000000000001,0.008224
2017-08-22,-0.0025840000000000004,-0.00179,-0.00073,0.0005600000000000001,0.001911,0.003285,0.004612,0.00588,0.00712,0.008244
2017-08-23,-0.0025779999999999996,-0.001785,-0.000775,0.0004655,0.0017715,0.0031054999999999998,0.0044315,0.005725,0.0069285,0.008075
2017-08-24,-0.0025800000000000003,-0.00179,-0.000745,0.00049,0.001825,0.003165,0.004502,0.005804,0.007033,0.008184
2017-08-25,-0.0025700000000000002,-0.00178,-0.0006575,0.000492,0.0018,0.0031530000000000004,0.00449,0.005785,0.007019999999999999,0.008165
2017-08-28,-0.002585,-0.00181,-0.0007034999999999999,0.000442,0.0017399999999999998,0.00311,0.0044824999999999995,0.005792500000000001,0.00701,0.0081875
2017-08-29,-0.0025940000000000004,-0.00187,-0.00086,0.00029,0.00153,0.002852,0.004184,0.005471,0.00672,0.00787
2017-08-30,-0.0025900000000000003,-0.0018599999999999999,-0.00086,0.00032399999999999996,0.001603,0.00293,0.00425,0.00555,0.006784,0.00792
2017-08-31,-0.0026,-0.001885,-0.0009082,0.0003,0.00161,0.00292,0.004252000000000001,0.0055520000000000005,0.006764,0.00792
2017-09-01,-0.00261,-0.00188,-0.0008799999999999999,0.00032,0.0016200000000000001,0.00296,0.00431,0.00563,0.0068925,0.008042500000000001
2017-09-04,-0.00261,-0.00191,-0.0009299999999999999,0.00021999999999999998,0.00151,0.002875,0.0042,0.0055249999999999995,0.006795,0.007945
2017-09-05,-0.00265,-0.002055,-0.001186,-1e-05,0.001315,0.002525,0.00385,0.0051649999999999995,0.006415,0.007571
2017-09-06,-0.00262,-0.00193,-0.00089,0.00025,0.0014810000000000001,0.002791,0.0041375,0.0054445,0.006730000000000001,0.0078455
2017-09-07,-0.0026550000000000002,-0.00203,-0.0011521,8.099999999999999e-05,0.00136,0.00268,0.0040100000000000005,0.00532,0.00657,0.00771
2017-09-08,-0.00265,-0.001975,-0.00106,0.00013350000000000002,0.0014299999999999998,0.0027500000000000003,0.0041199999999999995,0.005388500000000001,0.0066749999999999995,0.007795
2017-09-11,-0.002645,-0.00199,-0.0009962999999999999,0.00021999999999999998,0.001532,0.002845,0.0042,0.005515,0.006757,0.007935
2017-09-12,-0.00262,-0.001895,-0.00084,0.0004815,0.001862,0.003255,0.004633,0.0059819999999999995,0.0072499999999999995,0.008435
2017-09-13,-0.00261,-0.00188,-0.0008721,0.00046499999999999997,0.0018410000000000002,0.003235,0.0046,0.0059440000000000005,0.007221,0.00839
2017-09-14,-0.0026,-0.0018210000000000001,-0.0006961000000000001,0.0005920000000000001,0.0020105,0.0034000000000000002,0.00477,0.00611,0.00738,0.008565
2017-09-15,-0.0025719999999999996,-0.0017499999999999998,-0.0005654,0.00079,0.0022,0.0036,0.00498,0.0063005,0.00756,0.008735
2017-09-18,-0.002566,-0.001725,-0.00052,0.0008799999999999999,0.0023350000000000003,0.003735,0.005144999999999999,0.006495,0.00775,0.008912999999999999
2017-09-19,-0.002565,-0.0017399999999999998,-0.0005600000000000001,0.000825,0.0022405,0.00368,0.005075,0.0064010000000000004,0.00768,0.008843
2017-09-20,-0.002555,-0.0017499999999999998,-0.0006426,0.00079,0.00221,0.0036105,0.004985,0.0063065000000000005,0.00757,0.008725
2017-09-21,-0.00256,-0.001711,-0.0005029,0.000941,0.0023899999999999998,0.00383,0.00519,0.0065049999999999995,0.007755,0.00888
2017-09-22,-0.00254,-0.00169,-0.0003816,0.00097,0.0024,0.0038,0.00515,0.006455,0.00769,0.008844999999999999
2017-09-25,-0.0025700000000000002,-0.001785,-0.00064,0.0007099999999999999,0.0021,0.0034705,0.00481,0.00612,0.007365,0.0084905
2017-09-26,-0.0025700000000000002,-0.0017399999999999998,-0.0006,0.0007505000000000001,0.0021695,0.0035204999999999998,0.0048695,0.006175000000000001,0.007403,0.0085745
2017-09-27,-0.0025580000000000004,-0.00167,-0.00045359999999999997,0.00099,0.0024679999999999997,0.003897,0.0052805000000000005,0.0066155,0.0078525,0.00905
2017-09-28,-0.00256,-0.00166,-0.0004487,0.0010199999999999999,0.00249,0.00393,0.0053305,0.00668,0.00795,0.00912
2017-09-29,-0.002555,-0.001655,-0.0004349,0.0010184999999999999,0.0024925,0.0039205,0.0053105,0.00664,0.007940000000000001,0.00909
2017-10-02,-0.00255,-0.001682,-0.00043999999999999996,0.0009795,0.00244,0.00388,0.00529,0.00661,0.007894,0.009045
2017-10-03,-0.00256,-0.0016950000000000001,-0.00046,0.0009815,0.0024435,0.003914,0.005324499999999999,0.0066825,0.007965,0.009140500000000001
2017-10-04,-0.00256,-0.0016950000000000001,-0.00046,0.000935,0.0024105,0.003865,0.005265,0.006614999999999999,0.007905,0.009075
2017-10-05,-0.00255,-0.001686,-0.0004457,0.000962,0.0023895,0.003814,0.0052049999999999996,0.006523,0.007784999999999999,0.008945
2017-10-06,-0.00254,-0.00165,-0.00035000000000000005,0.001055,0.0025005,0.003922,0.0053349999999999995,0.006670000000000001,0.007895,0.0091
2017-10-09,-0.002575,-0.0017360000000000001,-0.00046,0.0009339999999999999,0.0023995,0.00379,0.00517,0.00649,0.007716499999999999,0.0088655
2017-10-10,-0.0025700000000000002,-0.0017299999999999998,-0.0005424,0.000935,0.0023699999999999997,0.0037805,0.005175,0.006495,0.0077305,0.00888
2017-10-11,-0.002555,-0.00168,-0.0004,0.001065,0.002545,0.00398,0.005350000000000001,0.00668,0.007935,0.009094999999999999
2017-10-12,-0.0025740000000000003,-0.00172,-0.0005051,0.000935,0.002375,0.003785,0.0051765000000000005,0.0064824999999999995,0.0077564999999999995,0.0089055
2017-10-13,-0.0026,-0.00182,-0.000655,0.000745,0.00216,0.0035525,0.004915,0.00624,0.007485,0.008655000000000001
2017-10-16,-0.0026179999999999997,-0.0019,-0.0007000000000000001,0.000585,0.001955,0.0033305,0.0046705,0.00599,0.0072299999999999994,0.0083575
2017-10-17,-0.00262,-0.00188,-0.00075,0.000555,0.0019320000000000001,0.003295,0.004621,0.00592,0.00714,0.008270999999999999
2017-10-18,-0.00262,-0.0018599999999999999,-0.00067,0.000713,0.002131,0.003535,0.0048649999999999995,0.006165,0.007405,0.0085435
2017-10-19,-0.002625,-0.00187,-0.00066,0.0007199999999999999,0.0021405,0.003525,0.0048705,0.0061705,0.007405,0.00855
2017-10-20,-0.002616,-0.0018,-0.00049,0.000973,0.0024305,0.0039000000000000003,0.005277500000000001,0.0066075,0.007873,0.0090205
2017-10-23,-0.00262,-0.001845,-0.0006161,0.0008150000000000001,0.0022995,0.003745,0.00509,0.0064115,0.007705,0.008815
2017-10-24,-0.0026,-0.0017699999999999999,-0.00046399999999999995,0.001015,0.002545,0.003995,0.005399500000000001,0.006734,0.0079705,0.009153
2017-10-25,-0.0025900000000000003,-0.0017399999999999998,-0.0003972,0.001115,0.002645,0.004105,0.005475,0.006830500000000001,0.008060000000000001,0.009235
2017-10-26,-0.00264,-0.001915,-0.0006701999999999999,0.0007599999999999999,0.0022205,0.0036595,0.0050595,0.0063975,0.0076495,0.0088025
2017-10-27,-0.00266,-0.001965,-0.00077,0.000625,0.002067,0.0034899999999999996,0.0048725,0.00621,0.0074624999999999995,0.008633
2017-10-30,-0.00266,-0.0019850000000000002,-0.0008217000000000001,0.000575,0.00197,0.0033650000000000004,0.0047405,0.0060550000000000005,0.007305000000000001,0.008445000000000001
2017-10-31,-0.0026579999999999998,-0.001975,-0.0008412,0.0005535000000000001,0.001946,0.003302,0.004664,0.005971,0.00722,0.00835
2017-11-01,-0.00266,-0.001967,-0.000774,0.000585,0.0020150000000000003,0.003405,0.004775,0.0060805,0.007327,0.008475
2017-11-02,-0.00266,-0.00199,-0.0008211000000000001,0.000571,0.001984,0.0033710000000000003,0.004744,0.006025,0.007280999999999999,0.008415
2017-11-03,-0.00266,-0.00199,-0.0008307000000000001,0.000565,0.00197,0.00337,0.004699999999999999,0.006,0.007245000000000001,0.008395
2017-11-06,-0.00267,-0.0020495,-0.000828,0.00042500000000000003,0.001795,0.0031574999999999997,0.0044800000000000005,0.0057775,0.0070075,0.0081425
2017-11-07,-0.002666,-0.002045,-0.000915,0.00041050000000000006,0.0017649999999999999,0.003115,0.004445,0.005719999999999999,0.006955,0.008085
2017-11-08,-0.0026750000000000003,-0.0020499999999999997,-0.0009299999999999999,0.00040500000000000003,0.001795,0.003125,0.0045000000000000005,0.005765,0.007019999999999999,0.008135
2017-11-09,-0.00266,-0.00201,-0.000841,0.000535,0.0019425,0.0033395000000000005,0.004699999999999999,0.00601,0.0072695,0.0084295
2017-11-10,-0.00266,-0.00198,-0.00075,0.0007084999999999999,0.0021685,0.0036049999999999997,0.004985,0.006327500000000001,0.00759,0.008765
2017-11-13,-0.00266,-0.00196,-0.0007099999999999999,0.000735,0.0022105,0.003645,0.0050305,0.006375,0.007647500000000001,0.0088105
2017-11-14,-0.00266,-0.001965,-0.0007599999999999999,0.00064,0.00208,0.003495,0.00488,0.0062,0.00745,0.0086075
2017-11-15,-0.00265,-0.0019450000000000001,-0.0008173,0.000585,0.0019950000000000002,0.0033805000000000003,0.00473,0.00604,0.00724,0.0084315
2017-11-16,-0.0026425,-0.00194,-0.000739,0.000625,0.00203,0.0034100000000000003,0.004735,0.00602,0.007248,0.0084105
2017-11-17,-0.002647,-0.0019475,-0.0008105,0.000605,0.00199,0.0033350000000000003,0.00468,0.005965000000000001,0.0072050000000000005,0.0083325
2017-11-20,-0.00264,-0.001915,-0.0007199999999999999,0.0006450000000000001,0.0020250000000000003,0.0034000000000000002,0.00473,0.00601,0.00722,0.008365000000000001
2017-11-21,-0.00264,-0.001935,-0.00075,0.0005825,0.0019525,0.003295,0.0045850000000000005,0.00584,0.0070350000000000005,0.0081705
2017-11-22,-0.00263,-0.001875,-0.0007164,0.0006775,0.002035,0.0033634999999999997,0.004645,0.005869999999999999,0.00705,0.00815
2017-11-23,-0.00262,-0.001867,-0.00065,0.0007049999999999999,0.0020599999999999998,0.0033650000000000004,0.004625000000000001,0.005829999999999999,0.0070125000000000005,0.008075
2017-11-24,-0.00262,-0.00184,-0.000583,0.0007754999999999999,0.002155,0.0034599999999999995,0.00473,0.00596,0.007138,0.00822
2017-11-27,-0.00262,-0.00187,-0.0006143,0.000665,0.0019950000000000002,0.003295,0.004555,0.0057799999999999995,0.00695,0.008025
2017-11-28,-0.00263,-0.0018549999999999999,-0.0006919000000000001,0.0007049999999999999,0.002055,0.0033550000000000003,0.004615,0.005835,0.00701,0.00808
2017-11-29,-0.00263,-0.001805,-0.0005,0.00091,0.002305,0.0036425000000000003,0.004935,0.00616,0.00733,0.008455
2017-11-30,-0.0026,-0.001805,-0.00045,0.0008649999999999999,0.002235,0.003545,0.0048449999999999995,0.006059999999999999,0.00724,0.008295
2017-12-01,-0.0026179999999999997,-0.00187,-0.000673,0.000687,0.0020044999999999998,0.00329,0.00451,0.005659999999999999,0.006828999999999999,0.00791
2017-12-04,-0.0026165,-0.001865,-0.00062,0.0007149999999999999,0.0020805000000000003,0.0033805000000000003,0.0046405000000000005,0.005860499999999999,0.007019999999999999,0.008060000000000001
2017-12-05,-0.0026190000000000002,-0.001915,-0.0007811,0.0006045,0.001915,0.003205,0.004475,0.005675,0.006825,0.00788
2017-12-06,-0.00265,-0.0019420000000000001,-0.0007507999999999999,0.000565,0.001875,0.0031495,0.004415,0.0056194999999999995,0.006745,0.00782
2017-12-07,-0.00265,-0.0019320000000000001,-0.0007559,0.000625,0.001925,0.003215,0.0044795,0.00569,0.0068405,0.007919500000000001
2017-12-08,-0.002652,-0.00191,-0.0007589,0.000725,0.002075,0.0033550000000000003,0.004615,0.00582,0.0069605,0.0080205
2017-12-11,-0.00266,-0.00191,-0.0006826,0.0006900000000000001,0.00202,0.0033150000000000002,0.00455,0.00573,0.006860000000000001,0.007915
2017-12-12,-0.002635,-0.0018599999999999999,-0.0006730999999999999,0.000785,0.00214,0.003435,0.00468,0.005869999999999999,0.00701,0.00809
2017-12-13,-0.002663,-0.001899,-0.0006806,0.00073,0.00209,0.0033950000000000004,0.004645,0.005841,0.006985,0.00804
2017-12-14,-0.002657,-0.00189,-0.00062,0.000745,0.002075,0.00336,0.00456,0.0057399999999999994,0.006860000000000001,0.007935
2017-12-15,-0.0026650000000000003,-0.00189,-0.000625,0.0007535,0.0020865,0.0033485,0.0045575,0.0057145,0.006835,0.0078465
2017-12-18,-0.00265,-0.00187,-0.00055,0.000805,0.002155,0.0034200000000000003,0.004635,0.005785,0.006895,0.00792
2017-12-19,-0.0026550000000000002,-0.0017699999999999999,-0.00039,0.001115,0.00256,0.003861,0.005124999999999999,0.00628,0.007425,0.00847
2017-12-20,-0.0026219999999999998,-0.001675,-0.000179,0.0013265,0.0027665,0.00411,0.005350000000000001,0.0065049999999999995,0.0076225,0.0086725
2017-12-21,-0.0026065,-0.0016150000000000001,-9.25e-05,0.0015225,0.002985,0.004295,0.0055249999999999995,0.0066955,0.0077825,0.00882
2017-12-22,-0.0025900000000000003,-0.00155,6e-05,0.0016250000000000001,0.003075,0.004425,0.00565,0.006807499999999999,0.007865,0.0089
2017-12-25,,,4.4999999999999996e-05,,,,,,,
2017-12-26,,,3.27e-05,,,,,,,
2017-12-27,-0.0026,-0.001585,-4.53e-05,0.0015260000000000002,0.0029649999999999998,0.004235,0.005413,0.0065190000000000005,0.0075734999999999995,0.00856
2017-12-28,-0.002583,-0.00153,7.000000000000001e-05,0.00166,0.00313,0.0044325,0.005645,0.006790000000000001,0.0078425,0.00885
2017-12-29,-0.0025724999999999997,-0.0014975,0.00013,0.00172,0.00316,0.004455,0.0056525,0.0067925,0.00786,0.0088625
2018-01-01,,,0.00012,,,,,,,
2018-01-02,-0.0025800000000000003,-0.001503,6e-05,0.00169,0.003185,0.004525,0.0058035000000000005,0.0069675,0.0080725,0.0091075
2018-01-03,-0.00256,-0.0015179999999999998,2e-05,0.001545,0.0029749999999999998,0.00431,0.005585,0.0067374999999999996,0.007866,0.00888
2018-01-04,-0.0025415,-0.0015,3e-05,0.001575,0.003015,0.00433,0.00555,0.006705,0.0078000000000000005,0.00881
2018-01-05,-0.002545,-0.001503,-2.9e-06,0.00158,0.0030399999999999997,0.00436,0.0055875,0.0067475,0.007849,0.00886
2018-01-08,-0.0025535,-0.001559,-0.00010059999999999999,0.001498,0.00294,0.004275,0.005495,0.006641,0.00774,0.008757000000000001
2018-01-09,-0.0025515,-0.0015149999999999999,2e-05,0.00161,0.00309,0.004443,0.005693,0.00687,0.007980000000000001,0.009022
2018-01-10,-0.0025575,-0.00149,0.0001249,0.001711,0.003235,0.004615,0.0058775,0.0070574999999999995,0.008171000000000001,0.009219
2018-01-11,-0.002525,-0.0012950000000000001,0.00043999999999999996,0.002144,0.0037,0.00508,0.0063349999999999995,0.0075025,0.0085805,0.009611
2018-01-12,-0.002515,-0.00126,0.0005351,0.0022400000000000002,0.0038050000000000002,0.00517,0.00641,0.007545,0.008648,0.009605
2018-01-15,-0.00253,-0.00124,0.0005899999999999999,0.0023250000000000002,0.003895,0.005274999999999999,0.006520000000000001,0.00768,0.008754999999999999,0.00975
2018-01-16,-0.00252,-0.00124,0.00046499999999999997,0.0022400000000000002,0.0038145,0.00512,0.00635,0.007483,0.0085275,0.0094825
2018-01-17,-0.00256,-0.001315,0.00046,0.0021475,0.00368,0.005024999999999999,0.006265,0.00741,0.008482,0.009453
2018-01-18,-0.0025800000000000003,-0.001325,0.00046,0.0022155,0.0037825,0.005174,0.006446499999999999,0.007582,0.008673,0.009642
2018-01-19,-0.00261,-0.0013800000000000002,0.000395,0.00216,0.00375,0.00515,0.0064375000000000005,0.0076075000000000005,0.008676,0.0097025
2018-01-22,-0.0026040000000000004,-0.001374,0.00042,0.002175,0.003785,0.00519,0.006464999999999999,0.0076549999999999995,0.00874,0.009735
2018-01-23,-0.002613,-0.001348,0.00041,0.002195,0.0037925,0.005195,0.00647,0.0076300000000000005,0.00871,0.009695
2018-01-24,-0.00261,-0.001345,0.00045,0.0022785,0.003898,0.005324,0.006613,0.00776,0.008844999999999999,0.009845
2018-01-25,-0.00263,-0.001288,0.0005754,0.0025800000000000003,0.0042699999999999995,0.005679999999999999,0.0069099999999999995,0.00801,0.00906,0.00998
2018-01-26,-0.00262,-0.0012285,0.0007906,0.002805,0.0045345,0.0059675,0.0072105,0.008269499999999999,0.009242,0.010137499999999999
2018-01-29,-0.00262,-0.0012005,0.0009,0.0029649999999999998,0.00481,0.0063349999999999995,0.0076300000000000005,0.008765,0.009805000000000001,0.010735
2018-01-30,-0.002631,-0.001209,0.000795,0.0029049999999999996,0.0047325,0.006274999999999999,0.007585,0.008727500000000001,0.009766,0.010700000000000001
2018-01-31,-0.002645,-0.00126,0.0008313,0.002895,0.004745,0.006274999999999999,0.007585,0.008725,0.009752,0.0106845
2018-02-01,-0.002646,-0.0012900000000000001,0.0007340000000000001,0.0029125,0.004795,0.006364999999999999,0.007727500000000001,0.00892,0.01,0.010947499999999999
2018-02-02,-0.002645,-0.0012360000000000001,0.0008849999999999999,0.0030075,0.0049325,0.00661,0.0079,0.009134999999999999,0.010244999999999999,0.011195
2018-02-05,-0.00266,-0.0013095000000000001,0.00079,0.002865,0.0047095,0.0063335,0.0077515,0.008985,0.010097499999999999,0.011045000000000001
2018-02-06,-0.00267,-0.0013475000000000002,0.00068,0.00271,0.00456,0.006128,0.007525,0.0087425,0.00982,0.010794999999999999
2018-02-07,-0.002635,-0.001265,0.00083,0.0029,0.004755,0.00637,0.0077725,0.0089925,0.010089999999999998,0.0110525
2018-02-08,-0.00264,-0.001273,0.00079,0.0029445,0.004797,0.0063644999999999995,0.007835,0.009085,0.01019,0.011164499999999999
2018-02-09,-0.00264,-0.00131,0.000765,0.002875,0.004775,0.006424999999999999,0.007865,0.0091025,0.010225,0.011195
2018-02-12,-0.002635,-0.00132,0.000785,0.00297,0.004975,0.006710000000000001,0.008199999999999999,0.00945,0.0106,0.011585000000000002
2018-02-13,-0.00263,-0.0013189999999999999,0.00073,0.0029,0.00487,0.0065475,0.008047499999999999,0.0093575,0.010475000000000002,0.011479999999999999
2018-02-14,-0.002615,-0.0012605,0.0008154999999999999,0.002995,0.004965,0.006685,0.008175,0.009475,0.010612,0.011615
2018-02-15,-0.002589,-0.00121,0.0008874999999999999,0.003115,0.0050935,0.006815,0.008315,0.009585,0.010735,0.011715
2018-02-16,-0.0025775,-0.001245,0.0007725,0.0029,0.0047795,0.00644,0.007885,0.0091555,0.010291999999999999,0.0112575
2018-02-19,-0.002565,-0.0011949999999999999,0.0008799999999999999,0.00301,0.004925,0.006595,0.0080725,0.0093645,0.010494000000000002,0.011499500000000001
2018-02-20,-0.0025624999999999997,-0.001192,0.0008799999999999999,0.002985,0.004895,0.006565,0.008045,0.009340000000000001,0.0104785,0.011467
2018-02-21,-0.00254,-0.0012,0.0008674999999999999,0.0029649999999999998,0.004835,0.006475,0.007925,0.0091775,0.010304,0.0112925
2018-02-22,-0.002485,-0.001137,0.0008874999999999999,0.00299,0.00487,0.0065075,0.0079375,0.0092025,0.010314,0.011308499999999999
2018-02-23,-0.0024749999999999998,-0.0011799999999999998,0.00077,0.002815,0.004598,0.0061785,0.007585,0.0088215,0.009925,0.010889500000000002
2018-02-26,-0.0024749999999999998,-0.00115,0.00084,0.002845,0.00464,0.00623,0.00762,0.008844999999999999,0.009935000000000001,0.010905
2018-02-27,-0.00251,-0.00116,0.0008500000000000001,0.002885,0.004745,0.006325,0.0077395,0.00897,0.010065,0.0110325
2018-02-28,-0.002525,-0.001212,0.000785,0.002775,0.004545,0.006135000000000001,0.007545,0.0087775,0.009874500000000001,0.0108295
2018-03-01,-0.002545,-0.001258,0.0007224999999999999,0.002745,0.004545,0.006115000000000001,0.007497500000000001,0.0087175,0.0097915,0.010767500000000001
2018-03-02,-0.0025464999999999997,-0.0012339999999999999,0.000727,0.002755,0.004535,0.006115000000000001,0.0075049999999999995,0.0087375,0.009822,0.010835
2018-03-05,-0.0025580000000000004,-0.00123,0.00074,0.0027784999999999997,0.0045650000000000005,0.0061725,0.0075895,0.008844999999999999,0.009945,0.010920000000000001
2018-03-06,-0.00256,-0.0012125,0.0008100000000000001,0.002865,0.0047475,0.0063285,0.0077255,0.008960000000000001,0.0100675,0.011035
2018-03-07,-0.0025719999999999996,-0.00124,0.000785,0.002775,0.004575,0.006144500000000001,0.007495000000000001,0.008705000000000001,0.009795,0.010769500000000001
2018-03-08,-0.0025979999999999996,-0.00127,0.0007249,0.002754,0.0045000000000000005,0.0060595,0.0074199999999999995,0.0086125,0.0096735,0.0106175
2018-03-09,-0.0025900000000000003,-0.0012515,0.000803,0.0027895,0.004545,0.006135000000000001,0.0074895,0.00871,0.009785,0.01073
2018-03-12,-0.002611,-0.001305,0.000686,0.0026850000000000003,0.004435,0.0060175,0.0073975,0.008615000000000001,0.009697,0.010655
2018-03-13,-0.00261,-0.00134,0.000625,0.002615,0.0044,0.0059675,0.007338,0.0085545,0.009636,0.010601000000000001
2018-03-14,-0.00261,-0.0014099999999999998,0.00048,0.002465,0.004206,0.005756,0.00711,0.008308,0.009375,0.010331
2018-03-15,-0.00262,-0.001467,0.00040050000000000003,0.002355,0.004075,0.005615,0.0069115,0.008085,0.009164499999999999,0.010115
2018-03-16,-0.00264,-0.0015210000000000002,0.0003825,0.0023,0.004025,0.005562500000000001,0.006895,0.008100000000000001,0.009165,0.0101175
2018-03-19,-0.00265,-0.001475,0.00042750000000000004,0.002365,0.004115,0.005645,0.006979999999999999,0.008155,0.009215,0.010152000000000001
2018-03-20,-0.00265,-0.00147,0.000455,0.002425,0.004196,0.005729,0.0070795,0.0082675,0.009335,0.010284999999999999
2018-03-21,-0.002634,-0.0014680000000000001,0.0005099999999999999,0.002525,0.004295,0.005855,0.007185,0.0083625,0.0094325,0.010385
2018-03-22,-0.002635,-0.001553,0.000305,0.002228,0.0039525,0.00545,0.006790000000000001,0.007969500000000001,0.0090395,0.00998
2018-03-23,-0.00263,-0.00154,0.000335,0.002265,0.0040105,0.005515,0.006835,0.008015,0.009082,0.010022999999999999
2018-03-26,-0.002626,-0.00155,0.0003112,0.0022455,0.004015,0.0054730000000000004,0.006785,0.007965,0.00905,0.009965
2018-03-27,-0.002634,-0.0015890000000000001,0.00021,0.002085,0.0037475000000000004,0.00523,0.00657,0.00772,0.008794,0.009735
2018-03-28,-0.002625,-0.00158,0.0001925,0.0020280000000000003,0.0037430000000000002,0.0052615,0.006540000000000001,0.00773,0.008815,0.009735
2018-03-29,-0.002614,-0.00157,0.00017250000000000002,0.0020075,0.0036420000000000003,0.00513,0.006435,0.00762,0.00868,0.00963
2018-03-30,,,,,,,,,0.008693,
2018-04-02,,,0.00017500000000000003,,,,,,,
2018-04-03,-0.002614,-0.001547,0.00021,0.002,0.0036320000000000002,0.005095,0.0064,0.007574999999999999,0.008634,0.009565
2018-04-04,-0.00261,-0.00155,0.0001887,0.001986,0.0036049999999999997,0.00507,0.006364999999999999,0.00754,0.008593,0.009535
2018-04-05,-0.002607,-0.0015,0.00029499999999999996,0.0021349999999999997,0.00378,0.00524,0.00656,0.007738,0.008794999999999999,0.009752499999999999
2018-04-06,-0.00261,-0.001505,0.000225,0.0020250000000000003,0.00363,0.005077000000000001,0.00636,0.007525,0.008584000000000001,0.009525
2018-04-09,-0.00261,-0.001489,0.00027,0.0020499999999999997,0.0036495,0.0050895,0.006384999999999999,0.0075505,0.008595,0.0095425
2018-04-10,-0.0026,-0.0014299999999999998,0.0003438,0.002105,0.003685,0.0051080000000000006,0.006375,0.007517,0.00856,0.009479999999999999
2018-04-11,-0.0025859999999999998,-0.0014099999999999998,0.000305,0.002095,0.003675,0.005084999999999999,0.006337000000000001,0.007475000000000001,0.0085,0.00945
2018-04-12,-0.002595,-0.001433,0.0003112,0.002125,0.0037275000000000003,0.005155,0.006435,0.0075970000000000005,0.00863,0.0096
2018-04-13,-0.002595,-0.001459,0.00031370000000000004,0.002099,0.003675,0.005099,0.006395,0.0075435,0.008599,0.0095435
2018-04-16,-0.0026,-0.0014349999999999999,0.0003123,0.0021260000000000003,0.003758,0.00521,0.006513,0.0076549999999999995,0.008715,0.009665
2018-04-17,-0.002597,-0.001474,0.000235,0.0020250000000000003,0.00362,0.005055,0.0063549999999999995,0.00751,0.00856,0.00951
2018-04-18,-0.002599,-0.001473,0.000281,0.0020930000000000002,0.003715,0.005162,0.00645,0.0076170000000000005,0.008689,0.009618999999999999
2018-04-19,-0.0025900000000000003,-0.0014219999999999999,0.00043249999999999994,0.002395,0.004135,0.005622,0.00695,0.00812,0.009193,0.01015
2018-04-20,-0.002595,-0.0014199999999999998,0.0004525,0.002365,0.004085,0.005595,0.006945,0.008152,0.009252,0.010225
2018-04-23,-0.0025629999999999997,-0.001325,0.0005651,0.00252,0.00424,0.005772,0.0071319999999999995,0.008355,0.009445,0.010415
2018-04-24,-0.00256,-0.0013105,0.00058,0.002495,0.004192,0.0057350000000000005,0.007095000000000001,0.0082975,0.009399999999999999,0.010355000000000001
2018-04-25,-0.002555,-0.001288,0.00063,0.0026019999999999997,0.004365,0.005904,0.007251499999999999,0.00846,0.009536,0.010509999999999999
2018-04-26,-0.002565,-0.00134,0.0005,0.002425,0.00414,0.005659999999999999,0.006999999999999999,0.008159999999999999,0.009265,0.01019
2018-04-27,-0.0025700000000000002,-0.0013880000000000001,0.00041,0.002305,0.004015,0.0054800000000000005,0.006825,0.007996999999999999,0.009085,0.010008
2018-04-30,-0.002571,-0.001434,0.00034,0.002205,0.003865,0.005379500000000001,0.0066949999999999996,0.007885,0.00895,0.009905
2018-05-01,,,,,,,,,0.008967000000000001,
2018-05-02,-0.0025819999999999997,-0.0014145,0.0003875,0.002285,0.003975,0.0055000000000000005,0.006840000000000001,0.00803,0.009108,0.010072000000000001
2018-05-03,-0.0025800000000000003,-0.00153,0.00018700000000000002,0.0020080000000000002,0.00365,0.0051329999999999995,0.006424999999999999,0.007644,0.008719,0.009679
2018-05-04,-0.002585,-0.0015,0.0002475,0.002065,0.003695,0.0051649999999999995,0.00649,0.0076749999999999995,0.008744,0.009697
2018-05-07,-0.0025779999999999996,-0.0015,0.00021999999999999998,0.0020239999999999998,0.0036509999999999997,0.0051125,0.0064225,0.007605,0.008655000000000001,0.00963
2018-05-08,-0.0025800000000000003,-0.00146,0.000315,0.002155,0.003835,0.005332,0.006725,0.00793,0.008998,0.009965
2018-05-09,-0.002555,-0.001428,0.00035249999999999995,0.002205,0.003875,0.005386999999999999,0.006721,0.007925,0.008995,0.009972
2018-05-10,-0.002535,-0.0013975,0.00035999999999999997,0.002215,0.00387,0.005365,0.0066949999999999996,0.007888,0.008964,0.009932999999999999
2018-05-11,-0.00254,-0.001378,0.00041,0.002285,0.003975,0.005477999999999999,0.006812,0.00801,0.0090825,0.010025
2018-05-14,-0.002509,-0.0012180000000000001,0.0006450000000000001,0.002583,0.004325,0.005841,0.0071875,0.008375,0.00946,0.010402
2018-05-15,-0.002506,-0.001192,0.000725,0.0026950000000000003,0.004485,0.00605,0.007435000000000001,0.00866,0.009785,0.010745
2018-05-16,-0.00249,-0.0012565,0.0005924999999999999,0.002535,0.004275,0.005855,0.007239,0.008473000000000001,0.009587,0.010591
2018-05-17,-0.00248,-0.001219,0.0006825000000000001,0.0027,0.0044875,0.006085,0.00746,0.0087,0.00982,0.01081
2018-05-18,-0.002473,-0.001251,0.00057,0.002505,0.0041670000000000006,0.005697,0.0070599999999999994,0.00828,0.009387,0.01035
2018-05-21,-0.0024775,-0.0012939999999999998,0.000455,0.0023150000000000002,0.003995,0.00549,0.00687,0.008100000000000001,0.0092,0.010175
2018-05-22,-0.00247,-0.00127,0.0004925,0.002373,0.004079,0.005621,0.006999999999999999,0.008244,0.009358,0.010343
2018-05-23,-0.002457,-0.0013800000000000002,0.000265,0.0020794999999999998,0.0037395,0.005277500000000001,0.006660500000000001,0.0079025,0.009013,0.0100225
2018-05-24,-0.002485,-0.001488,9.25e-05,0.00187,0.0035055,0.00502,0.006375,0.0076,0.008705000000000001,0.0097
2018-05-25,-0.002421,-0.001512,-9.25e-05,0.0015435,0.00312,0.00459,0.00592,0.007145,0.0082575,0.009255
2018-05-28,-0.0023799999999999997,-0.0015199999999999999,-0.0002075,0.0013444999999999998,0.0028754999999999996,0.0043335000000000005,0.0056795,0.0068685,0.007995,0.0089835
2018-05-29,-0.002265,-0.001592,-0.0004175,0.000951,0.00242,0.0039495,0.00532,0.00651,0.007715,0.008685
2018-05-30,-0.0022725,-0.00134,-4e-06,0.001473,0.0029835,0.0044695,0.005829,0.00709,0.00822,0.00923
2018-05-31,-0.00231,-0.001367,7.5e-06,0.0015,0.003005,0.0044525,0.0057150000000000005,0.006919999999999999,0.008047499999999999,0.00901
2018-06-01,-0.00243,-0.0013950000000000002,0.0001225,0.0017100000000000001,0.0032600000000000003,0.004675,0.005998,0.0072050000000000005,0.008315,0.009275
2018-06-04,-0.0024809999999999997,-0.001418,0.000119,0.001762,0.003329,0.004796,0.006154,0.00739,0.00851,0.009512
2018-06-05,-0.0024679999999999997,-0.00146,1.25e-05,0.001681,0.0032790000000000002,0.00453,0.0059955,0.007271,0.008385,0.009389999999999999
2018-06-06,-0.002392,-0.0011949999999999999,0.00045870000000000004,0.0022835,0.003858,0.005339,0.0066500000000000005,0.00788,0.0090225,0.00999
2018-06-07,-0.0023799999999999997,-0.001155,0.000594,0.0023375,0.0039835,0.005495,0.006815,0.00805,0.009152,0.010169999999999998
2018-06-08,-0.00233,-0.001206,0.00043749999999999995,0.00215,0.003745,0.0052705,0.0066695,0.0079175,0.0090475,0.010049999999999998
2018-06-11,-0.0023769999999999998,-0.0011799999999999998,0.0005099999999999999,0.0022819999999999997,0.003939,0.005452,0.0068200000000000005,0.00807,0.009207,0.010169999999999998
2018-06-12,-0.0024,-0.001205,0.0005036999999999999,0.0022725,0.00393,0.00542,0.006745,0.0079725,0.009065,0.01004
2018-06-13,-0.00243,-0.00125,0.0004322,0.0021815000000000003,0.0038085000000000003,0.0053,0.006641,0.007858,0.0089595,0.009948
2018-06-14,-0.002535,-0.0016200000000000001,-2.4e-06,0.001708,0.0033095000000000004,0.0047795,0.0061125,0.0073750000000000005,0.00847,0.009525
2018-06-15,-0.00256,-0.0017000000000000001,-0.00020250000000000002,0.001418,0.002957,0.0043988,0.005745,0.007018,0.00813,0.00919
2018-06-18,-0.002546,-0.0017050000000000001,-0.0002775,0.001265,0.0027844999999999996,0.0042675000000000005,0.0056205000000000005,0.0068775,0.008047,0.00911
2018-06-19,-0.00253,-0.001771,-0.00044380000000000005,0.00108,0.00255,0.003985,0.005325,0.006601,0.007764999999999999,0.00883
2018-06-20,-0.00251,-0.0017360000000000001,-0.0003775,0.0011275,0.0026374999999999997,0.004095,0.005485,0.006755,0.007929,0.00899
2018-06-21,-0.0024825,-0.0017335,-0.00042,0.00105,0.0025224999999999996,0.0039455,0.0053095,0.006589500000000001,0.0077415,0.0088295
2018-06-22,-0.0024790000000000003,-0.001708,-0.00035999999999999997,0.0011444,0.0026228000000000002,0.004075,0.0054175,0.006690000000000001,0.007877,0.00892
2018-06-25,-0.0024905,-0.0017349999999999998,-0.000415,0.00108,0.0025779999999999996,0.0040100000000000005,0.005345,0.00664,0.007814999999999999,0.008884999999999999
2018-06-26,-0.002525,-0.0017410000000000001,-0.00037470000000000005,0.0011799999999999998,0.002711,0.0041670000000000006,0.0055145,0.006770000000000001,0.007942,0.00902
2018-06-27,-0.00253,-0.0017349999999999998,-0.0003775,0.00115,0.00266,0.004097,0.00545,0.006710000000000001,0.00787,0.008916
2018-06-28,-0.00254,-0.0017380000000000002,-0.0003725,0.001142,0.002641,0.0040550000000000004,0.005395,0.00664,0.0077859999999999995,0.008823
2018-06-29,-0.0025380000000000003,-0.0017499999999999998,-0.0003625,0.001158,0.0026284999999999998,0.0040595,0.0053879999999999996,0.006585,0.00773,0.008754999999999999
2018-07-02,-0.0025435,-0.0017929999999999999,-0.0004475,0.001065,0.00255,0.004022,0.005361,0.006595,0.007744999999999999,0.008775
2018-07-03,-0.00256,-0.0017699999999999999,-0.0004225,0.00109,0.002567,0.0039615,0.005279000000000001,0.006495999999999999,0.00762,0.008642
2018-07-04,-0.0025380000000000003,-0.0017150000000000002,-0.0003,0.001135,0.0026650000000000003,0.004045,0.005375,0.006575,0.007703,0.00874
2018-07-05,-0.002552,-0.0017150000000000002,-0.0003175,0.00117,0.002637,0.00402,0.005305,0.006516999999999999,0.007645,0.008631999999999999
2018-07-06,-0.0025629999999999997,-0.0017230000000000001,-0.00033,0.00116,0.00263,0.0040100000000000005,0.00528,0.006495,0.007627,0.00863
2018-07-09,-0.0025700000000000002,-0.0017130000000000001,-0.00032,0.001165,0.00261,0.003997,0.0052910000000000006,0.00651,0.007634999999999999,0.00865
2018-07-10,-0.0025700000000000002,-0.00168,-0.0002675,0.0012740000000000002,0.0027695,0.0041525,0.0054605,0.0066695,0.0077895,0.0088115
2018-07-11,-0.0025729999999999998,-0.0016703999999999998,-0.000243,0.00128,0.002731,0.004123,0.0054205,0.0066300000000000005,0.0077395,0.008766000000000001
2018-07-12,-0.0025900000000000003,-0.001686,-0.00027,0.00126,0.0027300000000000002,0.004115,0.0054145,0.006614999999999999,0.00773,0.00875
2018-07-13,-0.0025700000000000002,-0.0016950000000000001,-0.000305,0.0011899999999999999,0.00263,0.0040100000000000005,0.005305,0.0065249999999999996,0.007665,0.008675
2018-07-16,-0.0025700000000000002,-0.00166,-0.00024260000000000002,0.00128,0.002757,0.004132,0.00544,0.006670000000000001,0.007795,0.00882
2018-07-17,-0.002576,-0.00167,-0.000275,0.001225,0.00266,0.004030000000000001,0.005333,0.006548000000000001,0.0076775,0.00869
2018-07-18,-0.0025705,-0.001688,-0.0002925,0.0011799999999999998,0.00263,0.004,0.00529,0.0064849999999999994,0.007622,0.00863
2018-07-19,-0.002571,-0.00168,-0.0002875,0.0011749999999999998,0.0025840000000000004,0.00393,0.005215,0.00642,0.007554,0.008555
2018-07-20,-0.0025655,-0.00164,-0.0002,0.001341,0.0028205,0.0042105,0.005504,0.0067405,0.0078735,0.0089005
2018-07-23,-0.00256,-0.001592,-0.0001121,0.0014680000000000001,0.00299,0.004419,0.0057635,0.006981,0.008118499999999999,0.009141
2018-07-24,-0.002565,-0.0016,-0.00015,0.001441,0.0029620000000000002,0.004339,0.005651000000000001,0.006865,0.00799,0.009004999999999999
2018-07-25,-0.002555,-0.0016070000000000001,-0.0001247,0.001438,0.00294,0.00435,0.005633,0.0068330000000000005,0.007946,0.008960000000000001
2018-07-26,-0.002553,-0.001585,-7.38e-05,0.0015335,0.00308,0.0044800000000000005,0.00579,0.006999999999999999,0.008110000000000001,0.009134999999999999
2018-07-27,-0.002565,-0.001575,-7.15e-05,0.001535,0.003065,0.00447,0.00579,0.007015,0.00814,0.009165
2018-07-30,-0.002529,-0.001492,0.00010200000000000001,0.0017100000000000001,0.0032645,0.004685,0.00601,0.007245000000000001,0.0083865,0.009415
2018-07-31,-0.0025304999999999998,-0.0014449999999999999,0.00014000000000000001,0.00178,0.00332,0.004749,0.0060680000000000005,0.007295,0.008413,0.009415
2018-08-01,-0.00251,-0.0014089999999999999,0.000238,0.001915,0.003501,0.004985,0.00631,0.007512,0.00866,0.009651
2018-08-02,-0.0025105,-0.0014299999999999998,0.00017,0.001865,0.003437,0.004885,0.00623,0.00748,0.008587000000000001,0.009625
2018-08-03,-0.00246,-0.001428,0.000103,0.0017025,0.00322,0.0046394999999999995,0.00597,0.0071895,0.008305,0.0093025
2018-08-06,-0.0024505,-0.001441,4.6e-05,0.001604,0.003105,0.004507,0.005825,0.00705,0.0081635,0.009159
2018-08-07,-0.002443,-0.0014030000000000002,0.00013,0.001671,0.00318,0.004607,0.005935,0.007169999999999999,0.008291,0.009301
2018-08-08,-0.00244,-0.001436,4e-05,0.0016189999999999998,0.003117,0.004554,0.005869999999999999,0.0071189999999999995,0.008228,0.00927
2018-08-09,-0.002422,-0.001434,1.5e-05,0.0015438,0.00301,0.00442,0.00575,0.006995,0.008125,0.0091445
2018-08-10,-0.0023899999999999998,-0.0014845,-0.000118,0.0013205,0.00271,0.004079999999999999,0.0053875,0.006614999999999999,0.007738500000000001,0.00876
2018-08-13,-0.0024,-0.0015,-0.00017749999999999998,0.001245,0.0026590000000000003,0.004026,0.005331,0.006549,0.007671,0.00869
2018-08-14,-0.002437,-0.0015160000000000002,-0.000165,0.001275,0.0026950000000000003,0.004068,0.00538,0.006621,0.007752,0.008775
2018-08-15,-0.00246,-0.0015801,-0.00029499999999999996,0.001149,0.002561,0.003928,0.005235,0.006459,0.007601,0.008619
2018-08-16,-0.00246,-0.00155,-0.000265,0.001235,0.0026579999999999998,0.0039889999999999995,0.0053029999999999996,0.006526,0.007658000000000001,0.008675
2018-08-17,-0.0024660000000000003,-0.001575,-0.00026599999999999996,0.0011625000000000001,0.002575,0.0039755,0.0052805000000000005,0.00647,0.00759,0.00862
2018-08-20,-0.002485,-0.001593,-0.00026880000000000003,0.001181,0.002591,0.003955,0.00524,0.0064600000000000005,0.00758,0.00859
2018-08-21,-0.002467,-0.001529,-0.00021,0.0012850000000000001,0.002734,0.004097,0.005395,0.00661,0.007744999999999999,0.008761999999999999
2018-08-22,-0.002467,-0.0015379999999999999,-0.000165,0.001305,0.0027400000000000002,0.0040985,0.005385,0.006595,0.0076925,0.008735
2018-08-23,-0.002474,-0.001522,-0.0001675,0.00131,0.002745,0.004135,0.005425,0.006634999999999999,0.007755,0.00877
2018-08-24,-0.0024790000000000003,-0.0015260000000000002,-0.000135,0.0013463,0.0027875,0.0041575,0.0054245,0.0066325,0.007747500000000001,0.0087625
2018-08-27,-0.002476,-0.0014774999999999999,-7.000000000000001e-05,0.0014425,0.0029205,0.0042925,0.005595,0.006825,0.007928,0.008960000000000001
2018-08-28,-0.00247,-0.001478,-5.75e-05,0.001451,0.0029,0.0042905,0.005600000000000001,0.006845,0.007973000000000001,0.00899
2018-08-29,-0.00246,-0.001439,2e-05,0.001569,0.0030585,0.004483,0.005786,0.00699,0.008134,0.00914
2018-08-30,-0.00244,-0.0014415,-5.75e-05,0.0014050000000000002,0.0028499999999999997,0.0042185,0.005495,0.0067,0.0078385,0.008834999999999999
2018-08-31,-0.0024679999999999997,-0.001485,-0.0001125,0.00135,0.0027345000000000004,0.00409,0.005375,0.00657,0.007695,0.008699
2018-09-03,-0.00247,-0.0014910000000000001,-0.0001125,0.0013316,0.0027400000000000002,0.0040999999999999995,0.0053675,0.0065795,0.007707500000000001,0.0087
2018-09-04,-0.00249,-0.0014910000000000001,-0.00010999999999999999,0.0013900000000000002,0.002831,0.004187,0.0054800000000000005,0.00668,0.0077800000000000005,0.00881
2018-09-05,-0.00248,-0.0014524999999999998,1e-05,0.0015249999999999999,0.003,0.00438,0.0056625,0.006865,0.007969500000000001,0.00899
2018-09-06,-0.002522,-0.001492,-8.38e-05,0.0014399999999999999,0.0028899999999999998,0.004252000000000001,0.0055249999999999995,0.006725,0.00783,0.00884
2018-09-07,-0.002505,-0.001475,-2e-05,0.00153,0.0030299999999999997,0.0044295,0.00567,0.006879499999999999,0.008002500000000001,0.00901
2018-09-10,-0.0025280000000000003,-0.00147,-2.5e-06,0.00156,0.00307,0.004485,0.005805,0.0070350000000000005,0.008159999999999999,0.00918
2018-09-11,-0.00255,-0.001498,3e-05,0.001645,0.00318,0.004645,0.005959,0.007189999999999999,0.008332,0.009362
2018-09-12,-0.002541,-0.0015010000000000002,2.5e-06,0.00159,0.00313,0.00454,0.005869999999999999,0.0070999999999999995,0.008241,0.009252
2018-09-13,-0.002541,-0.001485,4.4999999999999996e-05,0.00165,0.003205,0.0046035,0.005917,0.00713,0.008255,0.00928
2018-09-14,-0.002546,-0.001456,0.0001,0.00172,0.0032600000000000003,0.0046965,0.0060275,0.00726,0.0084025,0.009425
2018-09-17,-0.0025369999999999998,-0.0013905,0.00018999999999999998,0.00184,0.003416,0.00486,0.006195000000000001,0.007415000000000001,0.0085375,0.0095575
2018-09-18,-0.002525,-0.001352,0.000225,0.001916,0.003525,0.0049499999999999995,0.0062900000000000005,0.00752,0.008657,0.00967
2018-09-19,-0.00252,-0.001322,0.0003,0.0019950000000000002,0.00358,0.00506,0.006395,0.0076300000000000005,0.008745000000000001,0.00979
2018-09-20,-0.00251,-0.0012825,0.0003,0.00202,0.0035570000000000003,0.004995,0.0063349999999999995,0.00757,0.008689,0.00972
2018-09-21,-0.0025005,-0.0013,0.00031,0.0019450000000000001,0.0034820000000000003,0.004925,0.006265,0.0075025,0.008645,0.009657
2018-09-24,-0.002464,-0.0011194999999999998,0.000578,0.0023153,0.00392,0.0053625,0.0066949999999999996,0.007905,0.00901,0.010005
2018-09-25,-0.002457,-0.001057,0.000755,0.00254,0.0042,0.005667,0.007019999999999999,0.008225,0.00932,0.01034
2018-09-26,-0.002445,-0.001065,0.000745,0.002485,0.00411,0.005566,0.006865,0.008065,0.00915,0.01015
2018-09-27,-0.00242,-0.000972,0.0008699999999999999,0.002635,0.004254,0.005678,0.00699,0.008135,0.009191,0.010169999999999998
2018-09-28,-0.002423,-0.001065,0.000675,0.002365,0.00392,0.00534,0.0066300000000000005,0.00781,0.00889,0.0098666
2018-10-01,-0.002415,-0.001065,0.0006900000000000001,0.002383,0.0039585,0.005383,0.00666,0.007851,0.008963,0.009947000000000001
2018-10-02,-0.002406,-0.00113,0.00052,0.002185,0.003705,0.005115,0.0064225,0.0076124999999999995,0.008695000000000001,0.009689999999999999
2018-10-03,-0.00242,-0.0010249999999999999,0.0007049999999999999,0.002435,0.004015,0.0054575,0.0067825,0.0079805,0.00907,0.010060500000000002
2018-10-04,-0.002415,-0.0009299999999999999,0.00094,0.0027500000000000003,0.0043925,0.0058525,0.0071625000000000005,0.0083605,0.009447,0.010437499999999999
2018-10-05,-0.002399,-0.000886,0.00094,0.00292,0.0046325,0.0061625,0.0075525,0.0087375,0.009885,0.0108425
2018-10-08,-0.002389,-0.000906,0.0009775,0.002783,0.004438,0.0058782,0.0072535,0.008470499999999999,0.0095825,0.01058
2018-10-09,-0.002395,-0.00091,0.0009299999999999999,0.0027695,0.004415,0.0059245,0.007274500000000001,0.008495,0.009598,0.010605
2018-10-10,-0.0023805000000000002,-0.0008699999999999999,0.0010199999999999999,0.0028599999999999997,0.004511,0.00601,0.00736,0.008579999999999999,0.0097,0.010685
2018-10-11,-0.002375,-0.000915,0.0009260000000000001,0.002765,0.0044035,0.005865,0.0072075,0.0084195,0.009521,0.010517499999999999
2018-10-12,-0.0023899999999999998,-0.0009750000000000001,0.00083,0.0026,0.00421,0.005669499999999999,0.007015,0.008220499999999999,0.009366,0.010324999999999999
2018-10-15,-0.002395,-0.0010005,0.000791,0.002585,0.00422,0.005705,0.00707,0.008329999999999999,0.009407,0.01045
2018-10-16,-0.002433,-0.001078,0.000679,0.002425,0.00404,0.005545,0.006885,0.008118,0.00924,0.010241
2018-10-17,-0.002441,-0.00117,0.0005149999999999999,0.002225,0.0038207999999999996,0.0053100000000000005,0.006642,0.00787,0.009000000000000001,0.009995
2018-10-18,-0.0024129999999999998,-0.001205,0.000445,0.0021,0.0036975000000000003,0.005124999999999999,0.006464999999999999,0.007685,0.008805,0.009815
2018-10-19,-0.002412,-0.001145,0.0005369999999999999,0.00234,0.0040275,0.005476,0.006790000000000001,0.0079775,0.009075,0.01008
2018-10-22,-0.002404,-0.0011200000000000001,0.0005899999999999999,0.002285,0.003865,0.0053415,0.006677,0.007895,0.008999,0.009987000000000001
2018-10-23,-0.002354,-0.0011375,0.0005,0.00216,0.0037395,0.005180000000000001,0.006475,0.0076749999999999995,0.008765,0.00976
2018-10-24,-0.002365,-0.0012180000000000001,0.000366,0.002035,0.0035849999999999996,0.0050375,0.00636,0.00757,0.008678,0.0097
2018-10-25,-0.0023725,-0.001202,0.00039,0.00208,0.003648,0.00507,0.006384999999999999,0.0076,0.00871,0.0096925
2018-10-26,-0.0023899999999999998,-0.0012504999999999999,0.00021,0.0018695,0.0033650000000000004,0.004765,0.0061325,0.007322499999999999,0.0084155,0.0093975
2018-10-29,-0.002395,-0.001219,0.000334,0.001955,0.003478,0.004905,0.0062050000000000004,0.0074175000000000005,0.0085025,0.0095175
2018-10-30,-0.002405,-0.001235,0.000328,0.001915,0.003415,0.004824999999999999,0.006165,0.007345000000000001,0.00843,0.009439999999999999
2018-10-31,-0.002397,-0.001216,0.00037999999999999997,0.002013,0.003525,0.004955,0.00626,0.0074675,0.008565,0.00957
2018-11-01,-0.0023899999999999998,-0.0011949999999999999,0.00043499999999999995,0.002045,0.00358,0.005004999999999999,0.00632,0.00753,0.00863,0.009625
2018-11-02,-0.002404,-0.0012,0.00037,0.002052,0.0036,0.00506,0.00643,0.007665,0.008794999999999999,0.0098
2018-11-05,-0.00243,-0.00124,0.00035000000000000005,0.0020250000000000003,0.0036049999999999997,0.005055,0.006375,0.007605,0.00871,0.009715
2018-11-06,-0.002433,-0.0012339999999999999,0.000375,0.00207,0.00365,0.00511,0.00643,0.0076575,0.008772499999999999,0.009792499999999999
2018-11-07,-0.00242,-0.0011749999999999998,0.000468,0.002155,0.003725,0.005191,0.0065249999999999996,0.007751,0.0088705,0.009865
2018-11-08,-0.002393,-0.001134,0.00055,0.00223,0.00382,0.005281,0.006614999999999999,0.0078475,0.008960000000000001,0.00996
2018-11-09,-0.0024,-0.0011675000000000001,0.000445,0.00207,0.0036,0.00503,0.0063525,0.00757,0.00868,0.009665
2018-11-12,-0.0023899999999999998,-0.001183,0.000375,0.00197,0.0034899999999999996,0.00492,0.0062395,0.0074595,0.00855,0.009559999999999999
2018-11-13,-0.002375,-0.0011525,0.00039,0.0020050000000000003,0.0035405,0.0049625,0.0062895,0.0075,0.00861,0.0096115
2018-11-14,-0.0023699999999999997,-0.0012180000000000001,0.000349,0.00191,0.00344,0.004878,0.006185,0.0074,0.008515,0.009525
2018-11-15,-0.0023775,-0.00127,0.000197,0.0017805000000000002,0.0032400000000000003,0.004605000000000001,0.0060005,0.007209999999999999,0.0083305,0.0093425
2018-11-16,-0.0023699999999999997,-0.0012875,0.00023199999999999997,0.0017449999999999998,0.0032329999999999998,0.004667,0.0059815,0.007221999999999999,0.008322000000000001,0.009358
2018-11-19,-0.0023599999999999997,-0.001276,0.00023,0.0017530000000000002,0.0032224999999999997,0.0046394999999999995,0.0059695,0.0072050000000000005,0.008333,0.00933
2018-11-20,-0.002394,-0.001339,0.000135,0.00168,0.0031669999999999997,0.00455,0.005889999999999999,0.0070799999999999995,0.0081955,0.009185
2018-11-21,-0.0024,-0.001349,0.000131,0.001676,0.0031605,0.004579,0.0058905,0.0070999999999999995,0.008225,0.0092205
2018-11-22,-0.002402,-0.0013505000000000001,0.000115,0.001665,0.0031495,0.004549500000000001,0.0058625000000000005,0.0070750000000000006,0.008175,0.00919
2018-11-23,-0.0024194999999999998,-0.0013985,2.1e-05,0.001555,0.0030095,0.0044,0.0057005,0.006902500000000001,0.0080285,0.0089995
2018-11-26,-0.002421,-0.0013900000000000002,8e-05,0.0016200000000000001,0.0031,0.004485,0.0058,0.00701,0.008095,0.00911
2018-11-27,-0.002433,-0.00145,-2.9999999999999997e-06,0.0015325,0.002987,0.004385,0.005695,0.0069064999999999994,0.008020000000000001,0.0090315
2018-11-28,-0.0024360000000000002,-0.001448,1.9e-05,0.00151,0.0030195,0.004416,0.0057269999999999995,0.0069440000000000005,0.008057,0.00907
2018-11-29,-0.002427,-0.0015160000000000002,-0.000165,0.001355,0.002795,0.0041849999999999995,0.005495,0.0067135,0.00784,0.0088485
2018-11-30,-0.0024,-0.0015249999999999999,-0.000185,0.001315,0.002745,0.004135,0.005439,0.006652,0.007784,0.0087995
2018-12-03,-0.002372,-0.0015149999999999999,-0.000144,0.0012900000000000001,0.0027300000000000002,0.004105,0.005408,0.006627999999999999,0.007745999999999999,0.008763
2018-12-04,-0.002355,-0.00155,-0.000259,0.001085,0.002455,0.003816,0.005102,0.006274999999999999,0.0073750000000000005,0.008385
2018-12-05,-0.0023055000000000003,-0.0014119999999999998,-0.0001175,0.00131,0.0027050000000000004,0.004065,0.0053349999999999995,0.00653,0.0076300000000000005,0.0086375
2018-12-06,-0.0022919999999999998,-0.0014449999999999999,-0.000235,0.0012245000000000001,0.0026325,0.003935,0.005235,0.006415,0.007516,0.00851
2018-12-07,-0.0022789999999999998,-0.0014119999999999998,-0.000139,0.00123,0.002625,0.003965,0.005227000000000001,0.0064175000000000005,0.0075325,0.00853
2018-12-10,-0.002277,-0.0014050000000000002,-0.00017,0.0012745,0.0026315,0.004030000000000001,0.0052565,0.006435,0.0075545,0.0085555
2018-12-11,-0.00226,-0.0014149999999999998,-0.00017,0.0012175,0.0026105,0.0039735,0.0052625,0.006455,0.007554999999999999,0.00857
2018-12-12,-0.0022405,-0.0013239999999999999,-7.900000000000001e-05,0.00145,0.0028945,0.0042699999999999995,0.00557,0.0067800000000000004,0.00788,0.0089
2018-12-13,-0.0022364999999999998,-0.0013650000000000001,-8.999999999999999e-05,0.0013435,0.0027715,0.0041535,0.0054295,0.006634999999999999,0.0077575000000000005,0.0087685
2018-12-14,-0.0022364999999999998,-0.0014269999999999999,-0.00018800000000000002,0.001194,0.0026,0.0039705,0.005265,0.0064824999999999995,0.0076324999999999995,0.0086395
2018-12-17,-0.0022459999999999997,-0.001443,-0.000214,0.001204,0.002635,0.004000500000000001,0.005294999999999999,0.006515,0.007634999999999999,0.0086575
2018-12-18,-0.0022735,-0.001534,-0.00031,0.001095,0.0025185000000000003,0.00387,0.005155,0.00635,0.00746,0.008475
2018-12-19,-0.002284,-0.0015965999999999999,-0.0004,0.00097,0.0023899999999999998,0.003725,0.005004499999999999,0.0062,0.0073409999999999994,0.00834
2018-12-20,-0.002304,-0.001606,-0.00043700000000000005,0.000891,0.002275,0.0036249999999999998,0.004902,0.006111999999999999,0.007227,0.008239999999999999
2018-12-21,-0.0023150000000000002,-0.0016300000000000002,-0.000471,0.0008749999999999999,0.0022595000000000002,0.0036375,0.0049575,0.0061875,0.0073195,0.008375
2018-12-24,-0.002324,,-0.0005099999999999999,,,,,,,
2018-12-25,,,-0.0005099999999999999,,,,,,,
2018-12-26,,,-0.0006,,,,,,,
2018-12-27,-0.002329,-0.0017499999999999998,-0.00066,0.00067,0.002055,0.0034575,0.00477,0.006,0.00715,0.00818
2018-12-28,-0.00231,-0.0017405,-0.000717,0.0005924999999999999,0.0019795,0.00336,0.00469,0.005935,0.0070775,0.00812
2018-12-31,-0.0023225,,-0.00077,,,,,,,
2019-01-01,,,-0.0007199999999999999,,,,,,,
2019-01-02,-0.0023295,-0.00188,-0.000969,0.00017,0.0014895,0.0028299999999999996,0.0040995,0.005325,0.00645,0.00748
2019-01-03,-0.0022919999999999998,-0.0018360000000000002,-0.000946,0.0001875,0.00148,0.0027700000000000003,0.004050000000000001,0.00527,0.00643,0.007445
2019-01-04,-0.0022625,-0.001676,-0.000678,0.000525,0.0018615,0.0031975,0.0044875,0.005719999999999999,0.0068775,0.0079
2019-01-07,-0.0022400000000000002,-0.0016150000000000001,-0.000615,0.000635,0.0019500000000000001,0.00328,0.0045650000000000005,0.0058,0.006945,0.007984999999999999
2019-01-08,-0.002195,-0.0014810000000000001,-0.00041099999999999996,0.00084,0.002142,0.0034620000000000002,0.004755,0.005967,0.0071075,0.008137
2019-01-09,-0.00219,-0.0014565000000000001,1.5e-05,0.000895,0.0022195,0.003555,0.0048375,0.006059999999999999,0.007195,0.0082375
2019-01-10,-0.0022040000000000002,-0.0014860000000000001,-0.00044699999999999997,0.000783,0.0020875,0.0034094999999999998,0.0047044999999999995,0.005928,0.0070835,0.008125
2019-01-11,-0.002208,-0.0015125,-0.000473,0.00074,0.0020205,0.00333,0.0046165,0.005835,0.0069825,0.0080225
2019-01-14,-0.0022470000000000003,-0.0016370000000000002,-0.000659,0.00055,0.0018609999999999998,0.003191,0.004489,0.0057399999999999994,0.0068915,0.0079415
2019-01-15,-0.002265,-0.001729,-0.000847,0.00035499999999999996,0.0016350000000000002,0.00297,0.0042825,0.0055355,0.0066865,0.00775
2019-01-16,-0.0022475,-0.0016420000000000002,-0.000678,0.000485,0.0017649999999999999,0.003095,0.004385,0.005625,0.0067800000000000004,0.007845
2019-01-17,-0.002242,-0.001595,-0.0005920000000000001,0.00061,0.00188,0.0032,0.0045000000000000005,0.005732500000000001,0.0068695,0.007948
2019-01-18,-0.002216,-0.001484,-0.000428,0.0008100000000000001,0.00212,0.0034200000000000003,0.0046835,0.0059145000000000005,0.00707,0.008091000000000001
2019-01-21,-0.002215,-0.001488,-0.00040300000000000004,0.00078,0.0020475,0.0033455,0.0046155,0.0058445,0.0069875,0.0080045
2019-01-22,-0.002221,-0.0015405,-0.0005,0.0006469999999999999,0.001908,0.0031940000000000002,0.004457,0.005659999999999999,0.0067775,0.0078195
2019-01-23,-0.002219,-0.001558,-0.000576,0.000575,0.001805,0.003075,0.004315,0.005504,0.00662,0.0076419999999999995
2019-01-24,-0.00221,-0.0016300000000000002,-0.0007199999999999999,0.00035999999999999997,0.0015199999999999999,0.0027475,0.0039495,0.005106500000000001,0.0061995,0.0072075
2019-01-25,-0.00221,-0.0015240000000000002,-0.0005600000000000001,0.00058,0.0017549999999999998,0.0029625000000000003,0.0041375,0.005264,0.006353999999999999,0.007365
2019-01-28,-0.002205,-0.001568,-0.0005899999999999999,0.000535,0.0017230000000000001,0.0029535,0.004125,0.005285,0.006373,0.00738
2019-01-29,-0.00221,-0.00159,-0.000677,0.000446,0.001605,0.002815,0.004005,0.00515,0.0062250000000000005,0.0072499999999999995
2019-01-30,-0.002198,-0.00157,-0.0006219999999999999,0.0004435,0.001575,0.0027400000000000002,0.0038965,0.0050175,0.00609,0.0070775
2019-01-31,-0.0022370000000000003,-0.0016569999999999998,-0.000785,0.00015,0.0012275,0.002355,0.003475,0.00459,0.0056125,0.006614
2019-02-01,-0.00221,-0.001557,-0.000656,0.000375,0.00149,0.0026495000000000004,0.0038,0.0049295,0.006015,0.006979999999999999
2019-02-04,-0.002196,-0.001535,-0.000574,0.00046499999999999997,0.001575,0.002731,0.003895,0.005026,0.0060875,0.007065
2019-02-05,-0.00218,-0.0015160000000000002,-0.0006,0.000445,0.001545,0.0026895,0.0038325,0.004945,0.006008,0.006979999999999999
2019-02-06,-0.0021525,-0.00151,-0.000619,0.000415,0.001507,0.002645,0.00376,0.00486,0.005925000000000001,0.0068874999999999995
2019-02-07,-0.002132,-0.00156,-0.0007599999999999999,0.0002105,0.0012225,0.0023285,0.0034375,0.0045305,0.005622,0.0065674999999999996
2019-02-08,-0.00215,-0.001603,-0.0008500000000000001,5e-05,0.0010299999999999999,0.0021,0.0031669999999999997,0.004265,0.005304,0.006272499999999999
2019-02-11,-0.002141,-0.001587,-0.000825,0.00014800000000000002,0.001188,0.002283,0.0034025,0.004508,0.00557,0.006546499999999999
2019-02-12,-0.002167,-0.0016200000000000001,-0.000777,0.0002,0.0012554999999999999,0.002352,0.0034820000000000003,0.004587,0.0056565,0.0066525
2019-02-13,-0.0021579999999999998,-0.001563,-0.000717,0.00025499999999999996,0.001305,0.0024045,0.0035085,0.0046015,0.00567,0.0066425
2019-02-14,-0.00215,-0.00153,-0.00068,0.0003,0.00132,0.0023799999999999997,0.0034595,0.00452,0.005562500000000001,0.0065315
2019-02-15,-0.002165,-0.0015654000000000002,-0.0007049999999999999,0.0002775,0.00132,0.0023799999999999997,0.00344,0.00451,0.005563,0.0065275
2019-02-18,-0.002193,-0.0016055,-0.000723,0.00023300000000000003,0.0012850000000000001,0.002375,0.0034625,0.0045525,0.005601,0.0065825
2019-02-19,-0.0022400000000000002,-0.001693,-0.00084,0.000157,0.001215,0.002298,0.0033845,0.004466,0.005506,0.006484
2019-02-20,-0.0022125,-0.001687,-0.0008500000000000001,0.000101,0.0011,0.00221,0.0032300000000000002,0.00431,0.005336,0.006341
2019-02-21,-0.00219,-0.001544,-0.000676,0.000335,0.0013750000000000001,0.002445,0.0035145,0.004575,0.005600000000000001,0.0065745
2019-02-22,-0.00217,-0.0015840000000000001,-0.000736,0.00017500000000000003,0.0011375,0.0021875,0.0032465,0.0043064999999999996,0.0053325000000000004,0.006285
2019-02-25,-0.0021635,-0.001566,-0.000729,0.000235,0.001235,0.002285,0.0033585,0.004418,0.005435,0.0064145
2019-02-26,-0.002137,-0.0015125,-0.000681,0.00025499999999999996,0.001257,0.0023185,0.0033850000000000004,0.00446,0.005488,0.006475
2019-02-27,-0.0021325,-0.001455,-0.000556,0.0004625,0.0015185,0.0025895000000000002,0.0036695,0.004745,0.0057799999999999995,0.0067625
2019-02-28,-0.0021005,-0.0013800000000000002,-0.000431,0.0006,0.0016944999999999998,0.002785,0.003881,0.004972,0.006022,0.0070374999999999995
2019-03-01,-0.00211,-0.00135,-0.000375,0.000649,0.001722,0.002835,0.0039429999999999995,0.005023,0.00609,0.007069499999999999
2019-03-04,-0.00211,-0.0013900000000000002,-0.00044699999999999997,0.00055,0.0016075,0.0026865,0.003775,0.004859,0.0059,0.006882500000000001
2019-03-05,-0.0021449999999999998,-0.0014399999999999999,-0.00049,0.00053,0.00157,0.002657,0.003747,0.00482,0.0058725,0.006845
2019-03-06,-0.002193,-0.00158,-0.000684,0.000235,0.0012595,0.0023235,0.0033894999999999997,0.0044455,0.005484,0.006458
2019-03-07,-0.002267,-0.001817,-0.001051,-0.00018669999999999998,0.0007620000000000001,0.001764,0.0028085,0.003826,0.0048465,0.005832500000000001
2019-03-08,-0.002275,-0.001776,-0.00099,-0.00012,0.0008,0.0017699999999999999,0.002748,0.0037325,0.0046725,0.0056275
2019-03-11,-0.0022575,-0.0017399999999999998,-0.000997,-7.75e-05,0.0008635,0.0018355,0.0028205,0.0038235,0.0047795,0.0057174999999999995
2019-03-12,-0.002248,-0.0017499999999999998,-0.000983,-0.000125,0.0008269999999999999,0.0018,0.0027635,0.003745,0.004713,0.00565
2019-03-13,-0.002248,-0.0017499999999999998,-0.000999,-0.0001,0.00086,0.00185,0.0028499999999999997,0.0038455,0.004819,0.0057675
2019-03-14,-0.0022500000000000003,-0.0017480000000000002,-0.000962,5e-07,0.00099,0.0019744999999999997,0.00299,0.0039889999999999995,0.004971,0.00592
2019-03-15,-0.002245,-0.0017299999999999998,-0.000946,-3.5000000000000004e-05,0.0009320000000000001,0.001933,0.002932,0.0039355,0.004928,0.005865
2019-03-18,-0.002231,-0.0017175,-0.00097,-7.85e-05,0.0008724999999999999,0.0018529999999999998,0.002835,0.00384,0.004806,0.005749499999999999
2019-03-19,-0.00223,-0.0017150000000000002,-0.0009239999999999999,7.5e-06,0.0009825,0.00197,0.0029925000000000004,0.004,0.004968,0.0059099999999999995
2019-03-20,-0.002216,-0.001676,-0.000904,4.0000000000000003e-07,0.000919,0.001915,0.0028935,0.003888,0.0048785,0.0057835000000000004
2019-03-21,-0.00221,-0.0017380000000000002,-0.000996,-0.000155,0.0007385,0.001655,0.002635,0.0036,0.004576,0.005485
2019-03-22,-0.002215,-0.001795,-0.001153,-0.00034750000000000004,0.00048,0.001351,0.0022525,0.00318,0.004089,0.0049499999999999995
2019-03-25,-0.002218,-0.0018004999999999998,-0.001165,-0.00040050000000000003,0.00042,0.0012645,0.0021425,0.0030485,0.003939,0.0048
2019-03-26,-0.00221,-0.0017449999999999998,-0.0010530000000000001,-0.000285,0.000554,0.0014169999999999999,0.002305,0.00321,0.0040975000000000004,0.004965
2019-03-27,-0.0023250000000000002,-0.002115,-0.001618,-0.00092,-0.0001005,0.0007445,0.0016455,0.0025695,0.003515,0.0043605
2019-03-28,-0.002307,-0.0020399999999999997,-0.001465,-0.0007099999999999999,0.00010999999999999999,0.00097,0.0018635,0.002779,0.003701,0.004569
2019-03-29,-0.002297,-0.0020125,-0.0013980000000000002,-0.0006575,0.000136,0.001013,0.001938,0.0028799999999999997,0.0038179999999999998,0.004719999999999999
2019-04-01,-0.002316,-0.00201,-0.001377,-0.000565,0.00029499999999999996,0.0012064999999999999,0.0021655,0.003135,0.0041145,0.0050085
2019-04-02,-0.002346,-0.0020499999999999997,-0.001431,-0.000681,0.000165,0.0010495,0.0020125,0.0029735,0.0039575,0.0048375
2019-04-03,-0.002332,-0.00194,-0.0012950000000000001,-0.00043,0.00049,0.0014399999999999999,0.0024124999999999997,0.0034125,0.0044009999999999995,0.0053145
2019-04-04,-0.0023375,-0.00198,-0.00132,-0.0005,0.000395,0.0013295000000000002,0.0022795000000000003,0.0032575,0.0042315,0.0051395
2019-04-05,-0.0023405,-0.00198,-0.001273,-0.00049,0.00041,0.00136,0.0023595,0.0033545000000000003,0.0043355,0.005254999999999999
2019-04-08,-0.002343,-0.002,-0.00134,-0.0004935,0.00041160000000000003,0.0013621,0.002343,0.0033474999999999998,0.004325,0.0052325
2019-04-09,-0.00234,-0.002013,-0.001372,-0.00057,0.00032399999999999996,0.0012740000000000002,0.002255,0.0032500000000000003,0.004225,0.0051400000000000005
2019-04-10,-0.0023925,-0.002194,-0.0016370000000000002,-0.0008625,1.25e-05,0.0009625,0.0019525,0.0029575,0.003922,0.00482
2019-04-11,-0.002373,-0.00212,-0.001534,-0.000735,0.0001675,0.0011205,0.0020930000000000002,0.0030935000000000003,0.004067,0.004993
2019-04-12,-0.0023350000000000003,-0.0019925,-0.001305,-0.0003975,0.0005525,0.0015425,0.002565,0.0035725,0.0045825,0.005524
2019-04-15,-0.0023275,-0.00197,-0.0012859999999999998,-0.0004,0.000585,0.0015825,0.0025940000000000004,0.0036155,0.004588999999999999,0.005545
2019-04-16,-0.0023425,-0.0019850000000000002,-0.001281,-0.00037600000000000003,0.000615,0.0016350000000000002,0.0026550000000000002,0.0036820000000000004,0.0046975,0.0056275
2019-04-17,-0.00234,-0.001955,-0.001191,-0.0002655,0.0007425,0.001756,0.002795,0.00382,0.0048325,0.005765
2019-04-18,-0.00234,-0.0020080000000000002,-0.00136,-0.000521,0.0004,0.0013700000000000001,0.0023699999999999997,0.0033665,0.0043430000000000005,0.005257500000000001
2019-04-19,,-0.0020080000000000002,-0.00135,-0.0005145,,0.0013800000000000002,,0.00337,0.00435,0.00526
2019-04-22,,,-0.001348,,,,,,,
2019-04-23,-0.00233,-0.001958,-0.001253,-0.00043,0.0005105,0.0015,0.0024805,0.0034999999999999996,0.0044675,0.005381
2019-04-24,-0.00234,-0.002029,-0.0014299999999999998,-0.00067,0.00018999999999999998,0.00113,0.00208,0.0030675000000000003,0.003995,0.004927
2019-04-25,-0.00231,-0.001966,-0.001361,-0.0005815,0.00029,0.00122,0.0022,0.0031895,0.004144999999999999,0.00505
2019-04-26,-0.002299,-0.0019525,-0.001355,-0.0006075,0.00025,0.00117,0.0021325,0.00311,0.00404,0.0049575
2019-04-29,-0.0023075,-0.0019275,-0.001308,-0.000535,0.000335,0.001275,0.002245,0.0032305,0.004195,0.0050929999999999994
2019-04-30,-0.0023075,-0.001922,-0.0012929999999999999,-0.000495,0.0003825,0.00132,0.00229,0.0032725,0.004222,0.0051175000000000005
2019-05-01,,-0.001925,-0.0013,,,,,,0.0042331,
2019-05-02,-0.002321,-0.001948,-0.001275,-0.000475,0.000415,0.0013675,0.002355,0.0033450000000000003,0.004325,0.0052195
2019-05-03,-0.00233,-0.0019625000000000003,-0.0013,-0.00048,0.00043,0.0013825,0.0023699999999999997,0.0033695,0.0043345,0.0052445
2019-05-06,-0.002337,-0.0020050000000000003,-0.0013830000000000001,-0.00057,0.000319,0.001238,0.002229,0.0032195,0.004152,0.005082
2019-05-07,-0.0023375,-0.0020625,-0.0015090000000000001,-0.000781,3.75e-05,0.0009745,0.0019245,0.0028915,0.003816,0.0047255000000000005
2019-05-08,-0.0023480000000000003,-0.0020625,-0.0015149999999999999,-0.0007539999999999999,8.74e-05,0.000995,0.001935,0.002899,0.003865,0.00471
2019-05-09,-0.002362,-0.0020824999999999997,-0.001512,-0.000756,0.00010999999999999999,0.0010299999999999999,0.0019785,0.00294,0.003927,0.004789
2019-05-10,-0.002355,-0.00208,-0.0015279999999999998,-0.000765,7.25e-05,0.001005,0.0019565,0.0029405,0.003879,0.004785
2019-05-13,-0.002385,-0.00214,-0.0015890000000000001,-0.000895,-7.25e-05,0.0008100000000000001,0.0017265,0.00269,0.003619,0.0044935
2019-05-14,-0.0024259,-0.00223,-0.001714,-0.000985,-0.0001625,0.0007325,0.001653,0.002605,0.003558,0.0044435
2019-05-15,-0.00249,-0.002317,-0.001819,-0.0010925,-0.00031,0.00057,0.001475,0.002405,0.0033534999999999997,0.0042049999999999995
2019-05-16,-0.00252,-0.00233,-0.0018,-0.00105,-0.0002,0.0007049999999999999,0.0016300000000000002,0.0025800000000000003,0.0035095,0.0043965
2019-05-17,-0.002587,-0.002445,-0.001938,-0.0011899999999999999,-0.000335,0.00057,0.00148,0.002425,0.0033694000000000003,0.0042415000000000005
2019-05-20,-0.002615,-0.002445,-0.001912,-0.0011545,-0.00028000000000000003,0.00065,0.0015975,0.0025715,0.003525,0.0044174999999999996
2019-05-21,-0.002625,-0.002419,-0.001877,-0.001115,-0.00023,0.0007049999999999999,0.0016719999999999999,0.0026425,0.003588,0.0044895000000000004
2019-05-22,-0.00261,-0.002455,-0.001918,-0.0012305,-0.00040750000000000004,0.00052,0.001471,0.0024375,0.0033900000000000002,0.004281
2019-05-23,-0.00262,-0.0025024999999999995,-0.0020280000000000003,-0.001355,-0.0005525,0.00035249999999999995,0.001275,0.002215,0.0031205,0.0039995000000000005
2019-05-24,-0.002616,-0.002486,-0.002007,-0.0013058,-0.0004705,0.000417,0.00133,0.00227,0.00319,0.0040755
2019-05-27,-0.00261,-0.00251,-0.002055,-0.0013625,-0.0005595,0.0003,0.0011740000000000001,0.0020855,0.002984,0.00385
2019-05-28,-0.002637,-0.0025575,-0.002122,-0.00148,-0.0006900000000000001,0.00015,0.0010295,0.0019375,0.0028415000000000003,0.003705
2019-05-29,-0.002672,-0.0026075,-0.002155,-0.001565,-0.0008055,2e-05,0.0008895,0.0017895,0.002712,0.0035499999999999998
2019-05-30,-0.0027050000000000004,-0.0026425,-0.00222,-0.0015775,-0.00082,1.5e-05,0.0009005,0.001815,0.0027075,0.0035775
2019-05-31,-0.002774,-0.0027575,-0.002313,-0.001702,-0.00096,-0.00015,0.0007074999999999999,0.0016014999999999998,0.00251,0.00335
2019-06-03,-0.0027825,-0.0027675,-0.002366,-0.0017549999999999998,-0.0010055,-0.0001995,0.0006444999999999999,0.0015315,0.0024025,0.003251
2019-06-04,-0.0028000000000000004,-0.0027975,-0.002402,-0.0018065,-0.0010705,-0.0003005,0.0005105,0.0013895,0.0022459999999999997,0.0030675000000000003
2019-06-05,-0.002885,-0.002997,-0.00271,-0.0021349999999999997,-0.0014635000000000002,-0.0006725,0.00017749999999999998,0.00107,0.0019655000000000002,0.0027925
2019-06-06,-0.002825,-0.0028575000000000002,-0.002556,-0.0020055,-0.0013405000000000001,-0.0005945,0.00025,0.001111,0.001963,0.0027644999999999996
2019-06-07,-0.002895,-0.003027,-0.0027400000000000002,-0.002208,-0.00154,-0.00079,0.0,0.0008550000000000001,0.0017150000000000002,0.0025174999999999998
2019-06-10,-0.002899,-0.0029965000000000005,-0.002673,-0.0021225,-0.0014065,-0.0005974999999999999,0.0002725,0.0011825,0.0020930000000000002,0.0029325
2019-06-11,-0.0029,-0.00302,-0.002717,-0.0021775,-0.0014874999999999999,-0.0007049999999999999,0.00014000000000000001,0.001024,0.0019264999999999998,0.002745
2019-06-12,-0.0029475,-0.0031125000000000002,-0.002823,-0.002265,-0.001545,-0.000745,0.00013,0.0010199999999999999,0.0019245,0.002763
2019-06-13,-0.0029749999999999998,-0.00315,-0.002875,-0.0023055000000000003,-0.0015815000000000002,-0.0008005,2.85e-05,0.0009195000000000001,0.0017929999999999999,0.0026295000000000003
2019-06-14,-0.003045,-0.0032478000000000003,-0.002967,-0.0024,-0.0016722999999999998,-0.00091,-0.0001,0.000775,0.0016339999999999998,0.002455
2019-06-17,-0.003045,-0.0032245,-0.002922,-0.0023599999999999997,-0.00161,-0.00082,1e-05,0.00089,0.0017599999999999998,0.002585
2019-06-18,-0.003442,-0.00375,-0.003563,-0.003014,-0.0023055000000000003,-0.0015275,-0.0006615,0.00021600000000000002,0.001105,0.0019485
2019-06-19,-0.0034899999999999996,-0.003665,-0.003545,-0.0027800000000000004,-0.0020255,-0.0012230000000000001,-0.0003805,0.0004925,0.0013800000000000002,0.0021925
2019-06-20,-0.0035610000000000004,-0.0037275000000000003,-0.0034860000000000004,-0.002873,-0.00214,-0.001335,-0.000518,0.00034750000000000004,0.0012275,0.0020250000000000003
2019-06-21,-0.0034975,-0.00359,-0.0032600000000000003,-0.0026445,-0.00187,-0.0010475,-0.0002,0.00067,0.0015355,0.0023499999999999997
2019-06-24,-0.003554,-0.0036915,-0.003387,-0.0028000000000000004,-0.0020599999999999998,-0.0012715,-0.00044249999999999997,0.0004225,0.00128,0.002065
2019-06-25,-0.00359,-0.003747,-0.0034300000000000003,-0.0028899999999999998,-0.00219,-0.0014299999999999998,-0.0006185,0.0002145,0.0010555,0.001835
2019-06-26,-0.003575,-0.0036880000000000003,-0.00334,-0.002755,-0.0020150000000000003,-0.0012395000000000002,-0.00041549999999999996,0.0004385,0.001273,0.0020655
2019-06-27,-0.00361,-0.00375,-0.003452,-0.0028899999999999998,-0.0021955,-0.0014255000000000001,-0.00061,0.0002255,0.001065,0.001845
2019-06-28,-0.00363,-0.003835,-0.003555,-0.0029875,-0.002295,-0.0015199999999999999,-0.0007019999999999999,0.0001415,0.000969,0.001786
2019-07-01,-0.0037099999999999998,-0.003953,-0.003715,-0.0031905,-0.0025224999999999996,-0.0017549999999999998,-0.000912,-4.6e-05,0.0007795,0.0016005
2019-07-02,-0.003832,-0.004045,-0.00382,-0.0032979999999999997,-0.0026355000000000003,-0.0018795,-0.0010485,-0.0001875,0.000655,0.00147
2019-07-03,-0.0038900000000000002,-0.004108,-0.0038900000000000002,-0.0033950000000000004,-0.0027600000000000003,-0.0020505000000000002,-0.0012950000000000001,-0.000485,0.000333,0.001095
2019-07-04,-0.0039105,-0.0041105000000000004,-0.0039175,-0.003483,-0.0028970000000000003,-0.002238,-0.0015199999999999999,-0.000756,4.1e-05,0.0007620000000000001
2019-07-05,-0.003885,-0.004011,-0.0037319999999999996,-0.003295,-0.0026850000000000003,-0.00198,-0.0012325,-0.00043999999999999996,0.0003375,0.001115
2019-07-08,-0.00387,-0.00402,-0.003759,-0.0032675,-0.002657,-0.00198,-0.001245,-0.000475,0.00031,0.0010425
2019-07-09,-0.0038105,-0.0039125,-0.0036070000000000004,-0.00309,-0.0024425,-0.0017399999999999998,-0.0009715,-0.000179,0.000616,0.001372
2019-07-10,-0.0038329999999999996,-0.0039375,-0.003544,-0.00298,-0.0022495,-0.0015,-0.0007000000000000001,0.0001295,0.0009675,0.0017349999999999998
2019-07-11,-0.0038705000000000002,-0.003915,-0.0034860000000000004,-0.002795,-0.00201,-0.0011749999999999998,-0.000315,0.0005600000000000001,0.001432,0.0022400000000000002
2019-07-12,-0.0038775,-0.00393,-0.003509,-0.002805,-0.002,-0.001135,-0.00024,0.0006575,0.001535,0.0023699999999999997
2019-07-15,-0.0039365,-0.00406,-0.00369,-0.003041,-0.00226,-0.0014199999999999998,-0.000565,0.00031,0.00116,0.001965
2019-07-16,-0.004030000000000001,-0.0041645,-0.003801,-0.00317,-0.00241,-0.001593,-0.000741,0.000121,0.00095,0.0017599999999999998
2019-07-17,-0.0040999999999999995,-0.00426,-0.003951,-0.003378,-0.0026774999999999998,-0.0018875,-0.00107,-0.000225,0.0006,0.0013850000000000002
2019-07-18,-0.0040925,-0.004312,-0.004046,-0.0034999999999999996,-0.002805,-0.0020225,-0.0012,-0.000349,0.0005149999999999999,0.0012825
2019-07-19,-0.0041675,-0.004452,-0.004267,-0.003675,-0.00298,-0.002215,-0.0013850000000000002,-0.00052,0.00034700000000000003,0.00114
2019-07-22,-0.0042105,-0.0044695,-0.004245,-0.0037185,-0.0030499999999999998,-0.0022944999999999997,-0.0014845,-0.0006325,0.00020899999999999998,0.000995
2019-07-23,-0.0042305,-0.0045045,-0.004274,-0.003765,-0.0031005,-0.0023415,-0.0015249999999999999,-0.0006855,0.000155,0.0009465
2019-07-24,-0.004279,-0.004548,-0.00435,-0.00385,-0.00319,-0.0024725,-0.00172,-0.0009299999999999999,-0.000115,0.00064
2019-07-25,-0.004282,-0.004527,-0.004307,-0.003835,-0.0032,-0.002485,-0.0017065,-0.0009080000000000001,-6e-05,0.0006900000000000001
2019-07-26,-0.0041705,-0.004366999999999999,-0.00416,-0.003735,-0.0031230000000000003,-0.002445,-0.0017150000000000002,-0.000935,-0.00015800000000000002,0.0005949999999999999
2019-07-29,-0.0041199999999999995,-0.004359,-0.004182,-0.0037705,-0.0031665,-0.002505,-0.0017825,-0.0010175,-0.000243,0.0004915
2019-07-30,-0.0041005,-0.004324,-0.00415,-0.0037285,-0.0031450000000000002,-0.0024805,-0.0017725,-0.0010055,-0.000265,0.0004845
2019-07-31,-0.004209,-0.00449,-0.004328,-0.0039675,-0.003435,-0.0028025,-0.00211,-0.0013700000000000001,-0.000625,8.999999999999999e-05
2019-08-01,-0.00421,-0.004485,-0.0043690000000000005,-0.0040275,-0.0035299999999999997,-0.0029349999999999997,-0.002295,-0.0015754999999999999,-0.0008500000000000001,-0.000181
2019-08-02,-0.0042985,-0.00461,-0.004485,-0.0042185,-0.0037625,-0.0032175,-0.0026175,-0.0019825,-0.0013125,-0.0006825000000000001
2019-08-05,-0.00433,-0.004699999999999999,-0.0046500000000000005,-0.00435,-0.0038975,-0.003343,-0.002785,-0.0021255,-0.001477,-0.0008345
2019-08-06,-0.00445,-0.004785,-0.004698,-0.0044408,-0.004,-0.0034575,-0.0028675000000000003,-0.0022305,-0.001574,-0.0009505
2019-08-07,-0.004583,-0.005048,-0.0050290000000000005,-0.004751,-0.004352,-0.003835,-0.0032819999999999998,-0.002653,-0.0020210000000000002,-0.0014080000000000002
2019-08-08,-0.004605000000000001,-0.0050314999999999995,-0.0050019999999999995,-0.0046825,-0.004225,-0.0036585000000000003,-0.0030285,-0.002385,-0.001707,-0.0010545
2019-08-09,-0.0046700000000000005,-0.00512,-0.005075,-0.0048235,-0.00438,-0.0038305,-0.00322,-0.0025605,-0.0018845,-0.00125
2019-08-12,-0.00469,-0.00512,-0.00509,-0.00481,-0.00438,-0.0038575,-0.0032700000000000003,-0.00261,-0.001965,-0.00133
2019-08-13,-0.00468,-0.00511,-0.005104999999999999,-0.00484,-0.004435,-0.00395,-0.0034000000000000002,-0.0027800000000000004,-0.002175,-0.001545
2019-08-14,-0.00473,-0.005182,-0.005202,-0.00506,-0.004745,-0.0043525000000000005,-0.003905,-0.0033515,-0.002797,-0.002233
2019-08-15,-0.00505,-0.005673,-0.005775,-0.005705,-0.0055248,-0.005181,-0.0047805,-0.0042945,-0.0037830000000000003,-0.0032795000000000003
2019-08-16,-0.00511,-0.005685,-0.005737,-0.005659999999999999,-0.0054835,-0.0051795,-0.004775,-0.0043045,-0.003824,-0.0033125
2019-08-19,-0.004985,-0.0054800000000000005,-0.005497999999999999,-0.005350000000000001,-0.00508,-0.004685,-0.0041925,-0.00365,-0.00307,-0.00252
2019-08-20,-0.0050505,-0.005573,-0.005652000000000001,-0.00549,-0.00524,-0.00486,-0.0044,-0.00386,-0.0033074999999999997,-0.0027400000000000002
2019-08-21,-0.00487,-0.005274999999999999,-0.005333,-0.005149,-0.00485,-0.0044800000000000005,-0.004043,-0.003529,-0.0029865000000000004,-0.00245
2019-08-22,-0.004671,-0.00503,-0.00503,-0.0048525,-0.00453,-0.0041325,-0.0036525000000000004,-0.0031125000000000002,-0.00254,-0.0019875
2019-08-23,-0.0047599999999999995,-0.0052675000000000005,-0.0053,-0.005144999999999999,-0.004793,-0.00442,-0.00393,-0.0033850000000000004,-0.002795,-0.002245
2019-08-26,-0.00479,-0.0052910000000000006,-0.005321,-0.005119,-0.004789,-0.004365,-0.003899,-0.003342,-0.002734,-0.0021825
2019-08-27,-0.0048325,-0.005371,-0.00545,-0.0053335,-0.005104999999999999,-0.0047355,-0.004312,-0.0038005,-0.0032455,-0.0027205000000000003
2019-08-28,-0.0049,-0.0053825,-0.005535,-0.0054,-0.0052,-0.0048985,-0.004497999999999999,-0.004015,-0.0035299999999999997,-0.003005
2019-08-29,-0.004934,-0.0055179999999999995,-0.005598,-0.005495,-0.00525,-0.0048905,-0.0044405,-0.0039105,-0.003372,-0.0028175
2019-08-30,-0.00497,-0.0055674999999999995,-0.0057220000000000005,-0.00555,-0.00527,-0.0048775,-0.0043805,-0.003835,-0.003285,-0.002716
2019-09-02,-0.005117,-0.005704,-0.0057875,-0.00563,-0.00534,-0.004935,-0.004445,-0.00388,-0.003295,-0.0027265
2019-09-03,-0.0051329999999999995,-0.005661,-0.0057669999999999996,-0.00559,-0.00529,-0.004906,-0.004429,-0.0038829999999999997,-0.0033550000000000003,-0.0027689999999999998
2019-09-04,-0.005044999999999999,-0.0055091,-0.005541000000000001,-0.005395,-0.0051,-0.00469,-0.0041855,-0.003628,-0.003039,-0.002465
2019-09-05,-0.004843,-0.005254999999999999,-0.005264,-0.00505,-0.004699999999999999,-0.0041789999999999996,-0.0035709999999999995,-0.00292,-0.002261,-0.00159
2019-09-06,-0.004805,-0.00526,-0.0052759999999999994,-0.005180000000000001,-0.004908,-0.004465,-0.003954,-0.00334,-0.0027150000000000004,-0.00212
2019-09-09,-0.004756,-0.005175,-0.005144999999999999,-0.00501,-0.00468,-0.0041849999999999995,-0.0035770000000000003,-0.002938,-0.002267,-0.001621
2019-09-10,-0.004729,-0.00511,-0.005107,-0.00488,-0.004493,-0.003975,-0.003347,-0.0026774999999999998,-0.001999,-0.001328
2019-09-11,-0.004699999999999999,-0.0050675,-0.00506,-0.00484,-0.004457,-0.0039445,-0.00334,-0.00267,-0.0019795,-0.0013265
2019-09-12,-0.004265,-0.004385,-0.0045379999999999995,-0.0040939,-0.0037519999999999997,-0.003275,-0.0027365000000000002,-0.0021115,-0.001462,-0.000828
2019-09-13,-0.00409,-0.004272000000000001,-0.004198,-0.00383,-0.0033625,-0.0027915,-0.00214,-0.0014349999999999999,-0.0007149999999999999,-1e-05
2019-09-16,-0.004008,-0.00426,-0.0042380000000000004,-0.00396,-0.0035645,-0.0030575000000000003,-0.0024675,-0.001805,-0.0011,-0.00045
2019-09-17,-0.00404,-0.004285,-0.004262,-0.00402,-0.00363,-0.00314,-0.0025775,-0.001935,-0.0012665,-0.0006
2019-09-18,-0.004079999999999999,-0.004335,-0.00431,-0.00415,-0.00383,-0.0033900000000000002,-0.0028775,-0.002265,-0.0016285,-0.001002
2019-09-19,-0.00402,-0.00425,-0.004213,-0.004050000000000001,-0.0037275000000000003,-0.00332,-0.0028395,-0.002265,-0.001675,-0.0010585
2019-09-20,-0.003915,-0.00413,-0.004148,-0.003985,-0.003725,-0.0033350000000000003,-0.002885,-0.002345,-0.0017499999999999998,-0.001176
2019-09-23,-0.004079999999999999,-0.004388,-0.004437,-0.00435,-0.004113,-0.003785,-0.0033685,-0.002868,-0.0023,-0.0017649999999999999
2019-09-24,-0.00415,-0.004449,-0.00454,-0.00445,-0.004263,-0.0039655,-0.0035775,-0.00309,-0.0025705,-0.0020599999999999998
2019-09-25,-0.004125,-0.0043875,-0.004462,-0.00426,-0.0039900000000000005,-0.0036,-0.0031409999999999997,-0.00261,-0.0021125,-0.0015040000000000001
2019-09-26,-0.004195,-0.004481,-0.0044529999999999995,-0.00432,-0.004030000000000001,-0.00368,-0.0032500000000000003,-0.0027425,-0.0021875,-0.0016425
2019-09-27,-0.004215,-0.0045525,-0.0045639999999999995,-0.00439,-0.004085,-0.003695,-0.0032300000000000002,-0.0026875,-0.00215,-0.0015854999999999999
2019-09-30,-0.0042465,-0.00453,-0.004535,-0.004359,-0.004075,-0.0036664999999999996,-0.0031875,-0.0026390000000000003,-0.002063,-0.0015160000000000002
2019-10-01,-0.004275,-0.004544,-0.004556,-0.004339,-0.004082,-0.0036864999999999997,-0.0031955,-0.002645,-0.0019944999999999997,-0.00149
2019-10-02,-0.00431,-0.00461,-0.00459,-0.00437,-0.004065,-0.00365,-0.0031305,-0.0025635000000000002,-0.001976,-0.0013950000000000002
2019-10-03,-0.00438,-0.004708,-0.004709,-0.004555,-0.004268,-0.003875,-0.0033900000000000002,-0.0028499999999999997,-0.00222,-0.0017050000000000001
2019-10-04,-0.004415,-0.0047799999999999995,-0.0047870000000000005,-0.004575,-0.0042699999999999995,-0.003868,-0.00338,-0.0028199999999999996,-0.002245,-0.00166
2019-10-07,-0.004392,-0.004749,-0.004726,-0.0045024999999999996,-0.0041725,-0.0037524999999999998,-0.003235,-0.00265,-0.0021,-0.00151
2019-10-08,-0.004422499999999999,-0.004792,-0.0048,-0.0045650000000000005,-0.00425,-0.003835,-0.0033150000000000002,-0.002775,-0.0021775,-0.001579
2019-10-09,-0.004286,-0.004575,-0.0045639999999999995,-0.004245,-0.00387,-0.0034300000000000003,-0.002932,-0.002373,-0.001795,-0.0011965
2019-10-10,-0.004095,-0.0042931,-0.004263,-0.003855,-0.0034599999999999995,-0.0029785000000000002,-0.0024375,-0.001827,-0.0012280000000000001,-0.000615
2019-10-11,-0.003965,-0.004204,-0.004086,-0.0037040000000000003,-0.0032700000000000003,-0.002745,-0.00216,-0.0015175,-0.0008550000000000001,-0.000234
2019-10-14,-0.0039105,-0.00414,-0.004018,-0.0036725000000000004,-0.0032875,-0.002815,-0.002263,-0.00166,-0.0010199999999999999,-0.00042
2019-10-15,-0.003852,-0.0039829999999999996,-0.0038250000000000003,-0.003435,-0.002997,-0.00248,-0.0019015000000000002,-0.001249,-0.0006429999999999999,3.1e-05
2019-10-16,-0.0037614999999999997,-0.00382,-0.003654,-0.003285,-0.0028399999999999996,-0.0023,-0.0016775000000000002,-0.0010215,-0.00037900000000000005,0.000264
2019-10-17,-0.003735,-0.003791,-0.0035989999999999998,-0.00329,-0.002859,-0.0023799999999999997,-0.0018345,-0.001235,-0.0005825,-1e-05
2019-10-18,-0.0037025,-0.0037225,-0.0035099999999999997,-0.0031125000000000002,-0.00265,-0.00213,-0.001563,-0.000952,-0.00032,0.000286
2019-10-21,-0.003657,-0.003648,-0.003368,-0.00298,-0.00247,-0.001887,-0.001268,-0.000611,5.7999999999999994e-05,0.0007099999999999999
2019-10-22,-0.003645,-0.00363,-0.003398,-0.003005,-0.0025264999999999997,-0.0019950000000000002,-0.0014050000000000002,-0.000805,-0.00016,0.00043999999999999996
2019-10-23,-0.00366,-0.003695,-0.0034939999999999997,-0.0031545,-0.0027495,-0.0022495,-0.0017180000000000001,-0.001127,-0.0005149999999999999,5.4999999999999995e-05
2019-10-24,-0.0036504999999999997,-0.0036825,-0.0035199999999999997,-0.0031474999999999997,-0.002745,-0.0022625,-0.0017135,-0.001116,-0.0005059999999999999,7.7e-05
2019-10-25,-0.00361,-0.003535,-0.00333,-0.0028899999999999998,-0.00244,-0.0019,-0.0013,-0.000669,-5e-05,0.000585
2019-10-28,-0.0035849999999999996,-0.0035185,-0.00316,-0.0027744999999999996,-0.0022695000000000002,-0.001694,-0.001086,-0.000445,0.00018800000000000002,0.0008225
2019-10-29,-0.0035399999999999997,-0.0035004999999999997,-0.003267,-0.002791,-0.002305,-0.001776,-0.001199,-0.000589,4.4000000000000006e-05,0.0006510000000000001
2019-10-30,-0.0035325,-0.0035099999999999997,-0.0032,-0.0027875,-0.002284,-0.0017349999999999998,-0.001155,-0.00054,9.25e-05,0.0006900000000000001
2019-10-31,-0.00361,-0.003647,-0.003413,-0.0030475000000000003,-0.0026165,-0.0021065,-0.0015609999999999999,-0.00096,-0.000375,0.0002365
2019-11-01,-0.00363,-0.00363,-0.0034460000000000003,-0.003005,-0.00254,-0.0020050000000000003,-0.0014149999999999998,-0.000795,-0.00016,0.00045
2019-11-04,-0.0036005,-0.0036,-0.003338,-0.0029349999999999997,-0.00243,-0.00185,-0.001215,-0.000556,8e-05,0.000741
2019-11-05,-0.0035405,-0.003509,-0.003256,-0.002775,-0.002245,-0.001645,-0.00099,-0.000315,0.000365,0.0010199999999999999
2019-11-06,-0.003524,-0.003495,-0.00322,-0.0028565,-0.0023575,-0.0017915000000000001,-0.0011795,-0.0005445,0.00012,0.00074
2019-11-07,-0.0033900000000000002,-0.0032500000000000003,-0.0029,-0.00228,-0.001674,-0.00105,-0.000375,0.000305,0.000992,0.0016425
2019-11-08,-0.00334,-0.0032675,-0.002886,-0.002393,-0.001795,-0.0011799999999999998,-0.0005185,0.00013,0.000805,0.001437
2019-11-11,-0.0033989999999999997,-0.0033145,-0.002932,-0.0023899999999999998,-0.00178,-0.00115,-0.000477,0.000206,0.000879,0.0015345
2019-11-12,-0.0034075,-0.0033525,-0.002959,-0.002505,-0.00192,-0.0012939999999999998,-0.000619,5.4999999999999995e-05,0.000738,0.0013700000000000001
2019-11-13,-0.0034605,-0.0034360000000000003,-0.003118,-0.0026485,-0.0021215,-0.0015240000000000002,-0.0008925,-0.00026,0.00036700000000000003,0.0009875
2019-11-14,-0.003415,-0.0034225,-0.0031530000000000004,-0.002795,-0.0023385,-0.0017895,-0.0011949999999999999,-0.0005845000000000001,4.4999999999999996e-05,0.0006385000000000001
2019-11-15,-0.003416,-0.003401,-0.0031450000000000002,-0.002755,-0.0022500000000000003,-0.0017100000000000001,-0.0011095,-0.00048,0.000153,0.00075
2019-11-18,-0.003401,-0.0033489999999999995,-0.003104,-0.00268,-0.002205,-0.0016505,-0.0010639999999999998,-0.000445,0.00017,0.00077
2019-11-19,-0.003415,-0.0033595,-0.003114,-0.002702,-0.0022285,-0.00168,-0.0010835,-0.00046350000000000004,0.000145,0.000765
2019-11-20,-0.003467,-0.0034100000000000003,-0.003165,-0.002744,-0.0022500000000000003,-0.0017150000000000002,-0.001135,-0.00052,8.5e-05,0.000698
2019-11-21,-0.003435,-0.0033150000000000002,-0.003005,-0.0025900000000000003,-0.002065,-0.001502,-0.0009260000000000001,-0.000319,0.00030700000000000004,0.000888
2019-11-22,-0.0034599999999999995,-0.003405,-0.003126,-0.0027495,-0.002278,-0.0017749999999999999,-0.00123,-0.0006370000000000001,-3.2e-05,0.0005435
2019-11-25,-0.003458,-0.0033935,-0.003138,-0.0027134999999999998,-0.0022400000000000002,-0.0017100000000000001,-0.00115,-0.00054,7.8e-05,0.000665
2019-11-26,-0.0034605,-0.0034200000000000003,-0.0031669999999999997,-0.0028100000000000004,-0.0023699999999999997,-0.001865,-0.00132,-0.000725,-0.00012,0.00047
2019-11-27,-0.0034875,-0.00345,-0.00321,-0.0028399999999999996,-0.0024,-0.0019134999999999998,-0.0013750000000000001,-0.000791,-0.0002035,0.0003855
2019-11-28,-0.003515,-0.0034699999999999996,-0.00322,-0.002835,-0.0023499999999999997,-0.001865,-0.001313,-0.000718,-0.000115,0.00048750000000000003
2019-11-29,-0.0034549999999999997,-0.0033750000000000004,-0.00308,-0.0027300000000000002,-0.002289,-0.001785,-0.001235,-0.0006375,-4.4999999999999996e-05,0.0005415
2019-12-02,-0.003433,-0.0032329999999999998,-0.002852,-0.002385,-0.0018325,-0.0012525,-0.0006475000000000001,-9.5e-06,0.000625,0.001245
2019-12-03,-0.0034300000000000003,-0.0033710000000000003,-0.00312,-0.0027500000000000003,-0.002306,-0.001805,-0.0012365,-0.0006395000000000001,-3.4e-05,0.000563
2019-12-04,-0.00344,-0.003352,-0.003049,-0.002605,-0.0021,-0.00155,-0.000961,-0.000337,0.00029,0.00091
2019-12-05,-0.0034100000000000003,-0.003245,-0.002864,-0.00241,-0.0019,-0.00134,-0.0007530000000000001,-0.000134,0.000485,0.0010935
2019-12-06,-0.0033950000000000004,-0.0032300000000000002,-0.002839,-0.0023499999999999997,-0.001818,-0.0012670000000000001,-0.0006900000000000001,-8e-05,0.00053,0.001135
2019-12-09,-0.003423,-0.0033,-0.0029130000000000002,-0.00248,-0.00197,-0.0014199999999999998,-0.00083,-0.00021799999999999999,0.00039,0.000999
2019-12-10,-0.003428,-0.003322,-0.0029749999999999998,-0.00249,-0.00194,-0.0014000000000000002,-0.0007845,-0.000168,0.00045,0.0010695000000000001
2019-12-11,-0.0034389999999999998,-0.003339,-0.003011,-0.002595,-0.00211,-0.00157,-0.00099,-0.000385,0.0002285,0.00084
2019-12-12,-0.0033950000000000004,-0.003245,-0.002866,-0.002385,-0.0018549999999999999,-0.001266,-0.00068,-4.9e-05,0.000565,0.001199
2019-12-13,-0.0033775,-0.0032329999999999998,-0.0028599999999999997,-0.002455,-0.0019525,-0.0014130000000000002,-0.0008709999999999999,-0.000286,0.00033099999999999997,0.0008905
2019-12-16,-0.0033905000000000003,-0.0032300000000000002,-0.0028610000000000003,-0.0023669999999999997,-0.00184,-0.0012820000000000002,-0.0006900000000000001,-7.000000000000001e-05,0.000547,0.0011485
2019-12-17,-0.0033975,-0.003239,-0.002858,-0.0023899999999999998,-0.00187,-0.00132,-0.000744,-0.000145,0.00046499999999999997,0.001055
2019-12-18,-0.0034300000000000003,-0.0031975,-0.002757,-0.00221,-0.0016055,-0.001005,-0.00039,0.00024150000000000002,0.0008755,0.0014865
2019-12-19,-0.0033875,-0.0031425,-0.002682,-0.00213,-0.001562,-0.000955,-0.00034,0.00029499999999999996,0.00092,0.0015445
2019-12-20,-0.0033045,-0.00311,-0.002651,-0.00214,-0.0015875,-0.001,-0.00039,0.000235,0.0008525000000000001,0.00147
2019-12-23,-0.00334,-0.003105,-0.00265,-0.00209,-0.0015,-0.0008849999999999999,-0.000265,0.00037,0.001015,0.0016255
2019-12-24,-0.0032619999999999997,-0.0030299999999999997,-0.0025900000000000003,,,,,,0.0010095,
2019-12-25,,,-0.00266,,,,,,,
2019-12-26,,,-0.0025900000000000003,,,,,,,
2019-12-27,-0.0032475,-0.0030009999999999998,-0.0025700000000000002,-0.00208,-0.0015249999999999999,-0.0009485,-0.000334,0.00028000000000000003,0.0009299999999999999,0.00153
2019-12-30,-0.0032224999999999997,-0.00291,-0.0023510000000000002,-0.0017505,-0.001105,-0.0004655,0.00017500000000000003,0.0008345,0.00147,0.0021154999999999998
2019-12-31,-0.003212,-0.0029149999999999996,-0.002379,,,,,,0.00147,
2020-01-01,,,-0.0023799999999999997,,,,,,,
2020-01-02,-0.0032205,-0.002994,-0.00256,-0.0020275000000000002,-0.00146,-0.0008500000000000001,-0.0002165,0.00042750000000000004,0.0010825,0.0016885
2020-01-03,-0.0032805,-0.0031425,-0.002757,-0.0023265,-0.00181,-0.001255,-0.0006665,-5.4499999999999997e-05,0.0005874999999999999,0.00117
2020-01-06,-0.003311,-0.0031680000000000002,-0.002829,-0.002385,-0.001899,-0.001346,-0.0007539999999999999,-0.00013,0.0005070000000000001,0.001109
2020-01-07,-0.0033205,-0.0032,-0.002892,-0.00245,-0.0019655000000000002,-0.0014149999999999998,-0.0008150000000000001,-0.000185,0.00046,0.00107
2020-01-08,-0.003348,-0.003135,-0.0027400000000000002,-0.002231,-0.001664,-0.001075,-0.000457,0.0001865,0.000835,0.0014624999999999998
2020-01-09,-0.0033125,-0.0030435,-0.0025900000000000003,-0.002065,-0.0014735,-0.0008799999999999999,-0.000281,0.000362,0.0010299999999999999,0.00164
2020-01-10,-0.00332,-0.0030499999999999998,-0.002615,-0.00208,-0.001505,-0.00092,-0.000325,0.000305,0.0009495,0.00155
2020-01-13,-0.0032500000000000003,-0.0029525000000000003,-0.0024690000000000003,-0.001895,-0.0012859999999999998,-0.000665,-3e-05,0.000625,0.001275,0.001905
2020-01-14,-0.003285,-0.0029720000000000002,-0.00248,-0.0018955,-0.0012900000000000001,-0.00068,-6e-05,0.000585,0.0012275,0.00185
2020-01-15,-0.0033205,-0.003015,-0.00254,-0.00199,-0.0014299999999999998,-0.00086,-0.00022349999999999998,0.00037999999999999997,0.001049,0.0016320000000000002
2020-01-16,-0.003301,-0.0030432,-0.00263,-0.002123,-0.001581,-0.0010140000000000001,-0.00042,0.00021,0.000845,0.001455
2020-01-17,-0.0033150000000000002,-0.0030475000000000003,-0.00263,-0.002121,-0.00158,-0.001,-0.00042500000000000003,0.0002275,0.0008365,0.00146
2020-01-20,-0.0033239999999999997,-0.003055,-0.0026357999999999998,-0.002127,-0.00159,-0.0010195,-0.000431,0.00018999999999999998,0.0008150000000000001,0.0014185
2020-01-21,-0.0033105,-0.003041,-0.0026550000000000002,-0.0022,-0.00172,-0.0011949999999999999,-0.000644,-5.4499999999999997e-05,0.000545,0.0011255
2020-01-22,-0.00328,-0.003051,-0.0027050000000000004,-0.0022825000000000002,-0.001795,-0.0012850000000000001,-0.0007425,-0.00016,0.000442,0.0010275
2020-01-23,-0.0032700000000000003,-0.00312,-0.0028576,-0.00251,-0.002082,-0.0016125,-0.001075,-0.0005099999999999999,7.7e-05,0.0006325
2020-01-24,-0.00332,-0.0032175,-0.0029625000000000003,-0.0026374999999999997,-0.00226,-0.001815,-0.001326,-0.0007825,-0.00021,0.00034750000000000004
2020-01-27,-0.0034525,-0.0034000000000000002,-0.003215,-0.0029549999999999997,-0.00264,-0.0022400000000000002,-0.0017699999999999999,-0.00125,-0.0007340000000000001,-0.0002
2020-01-28,-0.0034899999999999996,-0.0033615,-0.003095,-0.002755,-0.002375,-0.001944,-0.001428,-0.0008849999999999999,-0.000327,0.00023
2020-01-29,-0.0035405,-0.0034799999999999996,-0.003245,-0.0029249999999999996,-0.00254,-0.002115,-0.0016350000000000002,-0.00111,-0.00057,-1e-05
2020-01-30,-0.0036205,-0.0036003000000000003,-0.003415,-0.003125,-0.0027700000000000003,-0.002355,-0.001894,-0.001366,-0.0008194999999999999,-0.000275
2020-01-31,-0.0036604999999999997,-0.0037199999999999998,-0.003555,-0.003305,-0.00298,-0.002595,-0.002125,-0.00161,-0.001085,-0.000542
2020-02-03,-0.0036604999999999997,-0.003735,-0.0035849999999999996,-0.0033150000000000002,-0.00301,-0.002595,-0.00215,-0.001652,-0.0011305,-0.0006
2020-02-04,-0.0036,-0.0036,-0.00338,-0.00308,-0.002712,-0.00229,-0.0018160000000000001,-0.0013,-0.000755,-0.00021999999999999998
2020-02-05,-0.0035970000000000004,-0.0035075,-0.0032500000000000003,-0.002885,-0.00246,-0.0020050000000000003,-0.0015105,-0.0009675,-0.000415,0.0001595
2020-02-06,-0.00358,-0.003515,-0.003275,-0.00293,-0.00253,-0.0020824999999999997,-0.001592,-0.001054,-0.0005,6e-05
2020-02-07,-0.00359,-0.00356,-0.0033550000000000003,-0.003031,-0.00264,-0.00222,-0.0017549999999999998,-0.001225,-0.000677,-0.00013
2020-02-10,-0.00364,-0.00363,-0.0034725,-0.0032,-0.0028699999999999997,-0.00248,-0.002035,-0.00153,-0.001005,-0.00048
2020-02-11,-0.003699,-0.003674,-0.0034549999999999997,-0.00315,-0.002777,-0.0023575,-0.0018725,-0.00136,-0.000808,-0.000284
2020-02-12,-0.003758,-0.003675,-0.0034575,-0.003125,-0.0027400000000000002,-0.0023150000000000002,-0.001838,-0.001316,-0.0007729999999999999,-0.00023
2020-02-13,-0.00376,-0.003735,-0.003515,-0.003205,-0.0028499999999999997,-0.00244,-0.0019825,-0.001473,-0.0009339999999999999,-0.0004025
2020-02-14,-0.0038050000000000002,-0.0038,-0.0036149999999999997,-0.0033250000000000003,-0.00298,-0.0025624999999999997,-0.0021024999999999998,-0.0015875,-0.001045,-0.0005175
2020-02-17,-0.003785,-0.0038150000000000002,-0.0036349999999999998,-0.0033450000000000003,-0.0030004999999999997,-0.002585,-0.0021295,-0.0016150000000000001,-0.0010625,-0.00054
2020-02-18,-0.00381,-0.003848,-0.003684,-0.0033850000000000004,-0.003045,-0.002646,-0.002205,-0.0017050000000000001,-0.0011749999999999998,-0.00066
2020-02-19,-0.0037505,-0.0037825,-0.00365,-0.003415,-0.003111,-0.002734,-0.002304,-0.00182,-0.0013020000000000002,-0.00079
2020-02-20,-0.003765,-0.0037790000000000002,-0.00365,-0.0034466999999999996,-0.00317,-0.002855,-0.00246,-0.0020050000000000003,-0.0015075,-0.0010199999999999999
2020-02-21,-0.0037459999999999998,-0.003744,-0.0035849999999999996,-0.0033549,-0.0030422,-0.0027026,-0.0023183,-0.0018898,-0.001444,-0.0009495
2020-02-24,-0.0038329999999999996,-0.0039000000000000003,-0.0037925,-0.00361,-0.0033650000000000004,-0.003055,-0.002686,-0.002265,-0.0018024999999999998,-0.001355
2020-02-25,-0.0039005,-0.004035,-0.0039555,-0.00374,-0.0034825,-0.0031674999999999997,-0.0028179999999999998,-0.002395,-0.0019325,-0.0014815
2020-02-26,-0.0040100000000000005,-0.004082,-0.003935,-0.00369,-0.003415,-0.0030445,-0.0026514999999999998,-0.0022,-0.0017399999999999998,-0.001255
2020-02-27,-0.0040105,-0.004106,-0.00398,-0.003765,-0.003485,-0.00317,-0.0027644999999999996,-0.002342,-0.0018785,-0.0014095
2020-02-28,-0.00419,-0.004335,-0.0042049999999999995,-0.003997,-0.003715,-0.0034100000000000003,-0.00307,-0.00267,-0.0022559999999999998,-0.0018
2020-03-02,-0.004515,-0.004705,-0.0045850000000000005,-0.004355,-0.0040550000000000004,-0.0037199999999999998,-0.003347,-0.002928,-0.00249,-0.0020250000000000003
2020-03-03,-0.004665,-0.004805,-0.004664,-0.004435,-0.004137,-0.00379,-0.0033810000000000003,-0.002963,-0.0025369999999999998,-0.00207
2020-03-04,-0.00471,-0.00493,-0.00482,-0.00458,-0.00428,-0.00392,-0.0035265,-0.0031,-0.00265,-0.00219
2020-03-05,-0.004605000000000001,-0.004775,-0.00471,-0.004525,-0.004281,-0.0039700000000000004,-0.0036065000000000003,-0.003191,-0.002737,-0.0023175
2020-03-06,-0.004555,-0.0046949999999999995,-0.004634,-0.00447,-0.00424,-0.0039700000000000004,-0.00367,-0.00333,-0.00295,-0.002555
2020-03-09,-0.004729,-0.004954,-0.00493,-0.0047599999999999995,-0.00453,-0.0043075000000000006,-0.004050000000000001,-0.0037625,-0.0035099999999999997,-0.00313
2020-03-10,-0.004735,-0.004875,-0.004725,-0.004425,-0.0040479999999999995,-0.00374,-0.0034739999999999997,-0.003158,-0.002899,-0.002489
2020-03-11,-0.00488,-0.005064999999999999,-0.004917,-0.0046,-0.004225,-0.0038740000000000003,-0.003553,-0.003245,-0.0029449999999999997,-0.0025879999999999996
2020-03-12,-0.004575,-0.004635,-0.00449,-0.0040936,-0.0037199999999999998,-0.0035499999999999998,-0.0032688,-0.0029818,-0.0026325,-0.0024775
2020-03-13,-0.004015,-0.0039325,-0.0036725000000000004,-0.0032140000000000003,-0.0027229999999999997,-0.0022995,-0.001955,-0.0016120000000000002,-0.0013,-0.000945
2020-03-16,-0.003942,-0.0039275,-0.003633,-0.0031,-0.00254,-0.002085,-0.001684,-0.001303,-0.000987,-0.000655
2020-03-17,-0.00393,-0.00384,-0.0034875,-0.0030399999999999997,-0.00248,-0.00197,-0.00158,-0.0011790000000000001,-0.000849,-0.000535
2020-03-18,-0.0036,-0.0032775,-0.002785,-0.0021,-0.0012675,-0.0006,-4.7499999999999996e-05,0.00040750000000000004,0.0009095,0.0011775
2020-03-19,-0.003295,-0.0028399999999999996,-0.0022175,-0.001575,-0.000895,-0.000235,0.00034250000000000003,0.000819,0.001026,0.001595
2020-03-20,-0.0031774999999999998,-0.0029620000000000002,-0.002567,-0.0020499999999999997,-0.0015375,-0.00091,-0.00049,-9.25e-05,0.00016,0.0006675
2020-03-23,-0.003198,-0.003025,-0.0026550000000000002,-0.002175,-0.00164,-0.00117,-0.000729,-0.000336,-8.5e-05,0.00033
2020-03-24,-0.00311,-0.0028399999999999996,-0.0024,-0.00197,-0.00146,-0.000925,-0.00043499999999999995,2.05e-05,0.000362,0.0008
2020-03-25,-0.00295,-0.0026725,-0.002275,-0.0017025,-0.00109,-0.0005275,-2.7499999999999998e-05,0.00043650000000000004,0.000848,0.0012425
2020-03-26,-0.0030025,-0.0029425000000000002,-0.00267,-0.0022675,-0.0017875,-0.001265,-0.0007375,-0.00025499999999999996,0.0001425,0.0006135
2020-03-27,-0.0031469999999999996,-0.0032224999999999997,-0.0030525,-0.0027400000000000002,-0.00233,-0.00193,-0.00147,-0.001045,-0.00061,-0.000205
2020-03-30,-0.00314,-0.0032675,-0.003185,-0.002849,-0.0024475,-0.002117,-0.0016994999999999998,-0.0012715,-0.0008175000000000001,-0.00041099999999999996
2020-03-31,-0.0031725,-0.0032300000000000002,-0.0030825,-0.0027484999999999996,-0.002345,-0.001924,-0.00149,-0.00106,-0.00063,-0.0002
2020-04-01,-0.0030399999999999997,-0.003121,-0.0029975,-0.0026975,-0.002355,-0.00197,-0.00159,-0.0012,-0.000761,-0.0004
2020-04-02,-0.00295,-0.003024,-0.00293,-0.0026898,-0.00234,-0.00201,-0.0016164999999999999,-0.00121,-0.0007865,-0.000415
2020-04-03,-0.0029875,-0.003105,-0.002953,-0.0027289999999999997,-0.002369,-0.002019,-0.001611,-0.001209,-0.000791,-0.000399
2020-04-06,-0.0027600000000000003,-0.0029389999999999998,-0.002845,-0.0025800000000000003,-0.00227,-0.00187,-0.001475,-0.0010724999999999999,-0.00063,-0.00021749999999999997
2020-04-07,-0.00246,-0.002545,-0.0023725,-0.00202,-0.0016350000000000002,-0.00117,-0.0007574999999999999,-0.00029,0.00012200000000000001,0.000576
2020-04-08,-0.00227,-0.0024575,-0.0023225,-0.0020025,-0.0016075,-0.00121,-0.0008025,-0.000372,0.000103,0.000473
2020-04-09,-0.00246,-0.0028199999999999996,-0.0027325,-0.002445,-0.0020575,-0.0016175,-0.001253,-0.0008375,-0.000383,-2.5e-05
2020-04-10,-0.00248,,,,,,,,,
2020-04-14,-0.0025900000000000003,-0.00293,-0.002875,-0.0025740000000000003,-0.00219,-0.0018,-0.0014199999999999998,-0.001015,-0.000615,-0.00021
2020-04-15,-0.00252,-0.002958,-0.0029349999999999997,-0.0027395,-0.00243,-0.0021295,-0.001774,-0.0014125,-0.001031,-0.0006850000000000001
2020-04-16,-0.002405,-0.0029149999999999996,-0.002996,-0.002849,-0.0026,-0.002307,-0.0019795,-0.0016270000000000002,-0.001246,-0.000912
2020-04-17,-0.002415,-0.0028799999999999997,-0.0029275,-0.0027800000000000004,-0.002531,-0.0022425,-0.001907,-0.001529,-0.0011690000000000001,-0.000799
2020-04-20,-0.0022084,-0.002575,-0.002621,-0.00248,-0.00221,-0.00191,-0.001565,-0.00122,-0.000825,-0.00046
2020-04-21,-0.00194,-0.002267,-0.002393,-0.00231,-0.00212,-0.00189,-0.0015970000000000001,-0.00127,-0.0009379999999999999,-0.00058
2020-04-22,-0.0015201000000000001,-0.001898,-0.001975,-0.0018599999999999999,-0.0016200000000000001,-0.001345,-0.0010249999999999999,-0.000678,-0.000277,7.049999999999999e-05
2020-04-23,-0.00164,-0.00208,-0.002195,-0.00207,-0.0018549999999999999,-0.0016,-0.001275,-0.00096,-0.000546,-0.00023
2020-04-24,-0.002065,-0.0025900000000000003,-0.0027150000000000004,-0.00262,-0.0023610000000000003,-0.002099,-0.0017699999999999999,-0.001429,-0.0010789999999999999,-0.000681
2020-04-27,-0.00218,-0.0026474999999999997,-0.0026925,-0.00255,-0.0022725,-0.00197,-0.001655,-0.0012900000000000001,-0.000891,-0.00052
2020-04-28,-0.002495,-0.00295,-0.0030025,-0.0028100000000000004,-0.002535,-0.00222,-0.0018845,-0.0015,-0.001105,-0.0007199999999999999
2020-04-29,-0.002524,-0.0030515,-0.0031145,-0.0029649999999999998,-0.0027003,-0.0024064,-0.0020599,-0.0016918,-0.001313,-0.0009299999999999999
2020-04-30,-0.0027300000000000002,-0.00344,-0.0035275000000000003,-0.0034992,-0.00336,-0.00308,-0.0026932,-0.0023397,-0.001965,-0.001595
2020-05-01,-0.00272,-0.0034100000000000003,,,,,,,-0.001935,
2020-05-04,-0.00263,-0.0033150000000000002,-0.0034699999999999996,-0.0033900000000000002,-0.0031787,-0.002885,-0.0025322,-0.00217,-0.0017649999999999999,-0.0014105
2020-05-05,-0.002635,-0.0033750000000000004,-0.0035425,-0.0034899999999999996,-0.0032925,-0.0030025,-0.0026674999999999997,-0.002295,-0.0019175,-0.0015305
2020-05-06,-0.0023499999999999997,-0.0031119999999999997,-0.0032700000000000003,-0.0031856000000000002,-0.0029564,-0.0026762,-0.002285,-0.0019027,-0.001495,-0.00107
2020-05-07,-0.0022525,-0.003064,-0.0032675,-0.003222,-0.003053,-0.0028000000000000004,-0.002485,-0.0021349999999999997,-0.0017530000000000002,-0.0013900000000000002
2020-05-08,-0.002389,-0.0031290000000000003,-0.003305,-0.0032300000000000002,-0.003015,-0.00269,-0.00234,-0.001955,-0.001575,-0.001173
2020-05-11,-0.00234,-0.003005,-0.003175,-0.003115,-0.0028905,-0.00264,-0.00227,-0.001906,-0.0015375,-0.00116
2020-05-12,-0.0022775,-0.0029565000000000004,-0.00317,-0.0031450000000000002,-0.002997,-0.002751,-0.002461,-0.002113,-0.0017549999999999998,-0.0013714999999999999
2020-05-13,-0.002284,-0.003011,-0.0032379999999999996,-0.003205,-0.0030399999999999997,-0.0028199999999999996,-0.00255,-0.0022075,-0.00189,-0.0015145
2020-05-14,-0.00223,-0.00298,-0.003205,-0.003217,-0.0031014999999999997,-0.0028715000000000004,-0.00261,-0.002287,-0.00197,-0.0016
2020-05-15,-0.002159,-0.0028770000000000002,-0.0030725,-0.003075,-0.0029325,-0.002775,-0.002473,-0.002173,-0.00184,-0.00156
2020-05-18,-0.002175,-0.0028299999999999996,-0.0029675,-0.00291,-0.0027425,-0.00252,-0.0022385,-0.0019145000000000002,-0.0015775,-0.00125
2020-05-19,-0.002165,-0.002775,-0.0029075,-0.0028599999999999997,-0.0027,-0.002506,-0.0022305,-0.001912,-0.00157,-0.00124
2020-05-20,-0.002215,-0.0028225,-0.0029449999999999997,-0.0028899999999999998,-0.0027329999999999998,-0.0025055,-0.0022500000000000003,-0.00193,-0.0016250000000000001,-0.00128
2020-05-21,-0.00229,-0.0029289999999999997,-0.00309,-0.0030175,-0.0028699999999999997,-0.00265,-0.0023699999999999997,-0.0020599999999999998,-0.0017299999999999998,-0.0013800000000000002
2020-05-22,-0.00232,-0.002934,-0.0030775000000000004,-0.0030280000000000003,-0.0028599999999999997,-0.00263,-0.0023569999999999997,-0.0020250000000000003,-0.0017050000000000001,-0.0013700000000000001
2020-05-25,-0.0022400000000000002,-0.0028699999999999997,-0.003058,-0.003005,-0.0028399999999999996,-0.0026274999999999996,-0.0023605,-0.002054,-0.0017385,-0.0014169999999999999
2020-05-26,-0.0021435,-0.002755,-0.0028825,-0.0027900000000000004,-0.0025900000000000003,-0.0023445,-0.002065,-0.0017449999999999998,-0.0014000000000000002,-0.00105
2020-05-27,-0.002265,-0.0028299999999999996,-0.0029325,-0.002815,-0.0026024999999999998,-0.002345,-0.0020599999999999998,-0.0017399999999999998,-0.0014050000000000002,-0.00109
2020-05-28,-0.002255,-0.002845,-0.0029749999999999998,-0.002885,-0.0026850000000000003,-0.002435,-0.0021349999999999997,-0.001805,-0.00145,-0.00107
2020-05-29,-0.00241,-0.0029749999999999998,-0.003115,-0.003045,-0.0028799999999999997,-0.002635,-0.0023350000000000003,-0.0020050000000000003,-0.00166,-0.00131
2020-06-01,-0.0024425,-0.002954,-0.003055,-0.00296,-0.0027500000000000003,-0.00246,-0.002127,-0.0017399999999999998,-0.0013800000000000002,-0.00101
2020-06-02,-0.0025900000000000003,-0.003059,-0.003105,-0.0029495,-0.0027129999999999997,-0.0023935000000000002,-0.0020475,-0.0016885,-0.00131,-0.00092
2020-06-03,-0.002519,-0.0029349999999999997,-0.0029575,-0.0027800000000000004,-0.002485,-0.0021449999999999998,-0.00178,-0.0013950000000000002,-0.000985,-0.0005949999999999999
2020-06-04,-0.002575,-0.0029749999999999998,-0.0029549999999999997,-0.0027600000000000003,-0.00242,-0.0020399999999999997,-0.0016150000000000001,-0.001192,-0.0007574999999999999,-0.00033
2020-06-05,-0.0026850000000000003,-0.00301,-0.0029649999999999998,-0.00272,-0.0023699999999999997,-0.00193,-0.0014995,-0.001035,-0.000575,-0.00010999999999999999
2020-06-08,-0.00272,-0.0031090000000000002,-0.00312,-0.00293,-0.002635,-0.0022355,-0.001805,-0.0013544999999999998,-0.0009,-0.00045
2020-06-09,-0.002652,-0.0030064999999999996,-0.002995,-0.0027900000000000004,-0.00247,-0.0020675,-0.0016389999999999998,-0.001193,-0.00074,-0.00024150000000000002
2020-06-10,-0.00262,-0.0029725000000000003,-0.0029549999999999997,-0.0027400000000000002,-0.002438,-0.002075,-0.001694,-0.001265,-0.00083,-0.000439
2020-06-11,-0.00262,-0.0031019999999999997,-0.00319,-0.00309,-0.0028799999999999997,-0.002595,-0.0022500000000000003,-0.001865,-0.00148,-0.00108
2020-06-12,-0.0027600000000000003,-0.003245,-0.0033425,-0.0032324999999999997,-0.00302,-0.0027300000000000002,-0.0023815,-0.0020050000000000003,-0.001614,-0.001217
2020-06-15,-0.0027900000000000004,-0.0032600000000000003,-0.0033550000000000003,-0.003245,-0.0030299999999999997,-0.002755,-0.002439,-0.002081,-0.0017100000000000001,-0.001322
2020-06-16,-0.0028025,-0.0032500000000000003,-0.0033250000000000003,-0.00321,-0.0029844999999999997,-0.00269,-0.0023599999999999997,-0.0019950000000000002,-0.00161,-0.0011899999999999999
2020-06-17,-0.00291,-0.0033610000000000003,-0.0034300000000000003,-0.003305,-0.00307,-0.002775,-0.0023595,-0.001975,-0.001578,-0.001168
2020-06-18,-0.0030397999999999996,-0.0034899999999999996,-0.0035499999999999998,-0.003425,-0.00319,-0.0029049999999999996,-0.0025900000000000003,-0.00223,-0.0018390000000000001,-0.0014399999999999999
2020-06-19,-0.003095,-0.0035659999999999997,-0.0036275,-0.0035099999999999997,-0.0032500000000000003,-0.00297,-0.00265,-0.00226,-0.00191,-0.00147
2020-06-22,-0.0032700000000000003,-0.003764,-0.003845,-0.003715,-0.0034699999999999996,-0.0031645,-0.0028205,-0.0024445,-0.0020559,-0.00164
2020-06-23,-0.0032300000000000002,-0.003626,-0.00365,-0.0035299999999999997,-0.003305,-0.00299,-0.00262,-0.0022459999999999997,-0.0018215,-0.0014299999999999998
2020-06-24,-0.0033150000000000002,-0.00368,-0.003735,-0.00362,-0.0034195,-0.003105,-0.0027800000000000004,-0.0024005000000000003,-0.0020150000000000003,-0.00159
2020-06-25,-0.003287,-0.003735,-0.00378,-0.003675,-0.0034599999999999995,-0.00317,-0.0028399999999999996,-0.00248,-0.0020705000000000003,-0.0016769999999999999
2020-06-26,-0.0034300000000000003,-0.003848,-0.003905,-0.003795,-0.0035849999999999996,-0.0033095000000000004,-0.0029904999999999997,-0.0026374999999999997,-0.00226,-0.0018815000000000001
2020-06-29,-0.0034305000000000004,-0.003802,-0.0038475,-0.003724,-0.0035115000000000003,-0.003242,-0.0029230000000000003,-0.0025695,-0.0021875,-0.001802
2020-06-30,-0.0035499999999999998,-0.003882,-0.003905,-0.0037665,-0.003525,-0.0032300000000000002,-0.0028954999999999996,-0.0025135,-0.0021290000000000002,-0.0017499999999999998
2020-07-01,-0.003485,-0.00379,-0.003765,-0.00358,-0.00329,-0.00297,-0.0026,-0.0022034999999999997,-0.001789,-0.001361
2020-07-02,-0.003543,-0.00386,-0.003875,-0.0037375000000000004,-0.0034999999999999996,-0.003202,-0.0028405,-0.002465,-0.0020499999999999997,-0.0016359999999999999
2020-07-03,-0.0036,-0.003896,-0.0038924999999999997,-0.0037345,-0.0034705,-0.003175,-0.002809,-0.002417,-0.0020044999999999998,-0.0015890000000000001
2020-07-06,-0.003552,-0.0038425,-0.003869,-0.0037199999999999998,-0.0034799999999999996,-0.00319,-0.002825,-0.002435,-0.0020269999999999997,-0.001604
2020-07-07,-0.0035470000000000002,-0.003801,-0.0037974999999999997,-0.003645,-0.0034025,-0.0031075000000000005,-0.0027800000000000004,-0.002395,-0.002,-0.001585
2020-07-08,-0.00357,-0.00379,-0.00378,-0.00363,-0.0033900000000000002,-0.003115,-0.0028000000000000004,-0.00244,-0.0020499999999999997,-0.00166
2020-07-09,-0.003606,-0.0038325,-0.00385,-0.0037285,-0.0035299999999999997,-0.003275,-0.002967,-0.002625,-0.0022500000000000003,-0.0018515
2020-07-10,-0.003645,-0.0038900000000000002,-0.003915,-0.0038050000000000002,-0.0035949999999999997,-0.0033250000000000003,-0.003005,-0.002645,-0.0022919999999999998,-0.00188
2020-07-13,-0.00356,-0.003727,-0.0037075000000000003,-0.0035499999999999998,-0.003295,-0.002995,-0.0026550000000000002,-0.00228,-0.0019,-0.00154
2020-07-14,-0.0035375000000000003,-0.0037325,-0.0037425,-0.0036249999999999998,-0.003435,-0.003165,-0.0028675000000000003,-0.002525,-0.002168,-0.0018
2020-07-15,-0.00359,-0.00381,-0.0038355,-0.0037199999999999998,-0.003495,-0.0032555,-0.0029249999999999996,-0.0025924999999999998,-0.002216,-0.00185
2020-07-16,-0.00374,-0.0039250000000000005,-0.0039525,-0.003845,-0.00366,-0.003388,-0.0030664999999999998,-0.00271,-0.002336,-0.00196
2020-07-17,-0.0037099999999999998,-0.0039000000000000003,-0.00391,-0.003755,-0.0035215000000000003,-0.003245,-0.0029349999999999997,-0.0025679999999999995,-0.002175,-0.00178
2020-07-20,-0.0037099999999999998,-0.0039175,-0.003945000000000001,-0.003845,-0.003655,-0.003405,-0.003096,-0.0027375,-0.002355,-0.001965
2020-07-21,-0.0037714999999999997,-0.003986,-0.004035,-0.003935,-0.00374,-0.0034815000000000002,-0.00317,-0.002815,-0.00241,-0.0020499999999999997
2020-07-22,-0.00381,-0.004049,-0.0041075,-0.004030000000000001,-0.0038715,-0.0036345,-0.0033339999999999997,-0.002995,-0.0026190000000000002,-0.0022405
2020-07-23,-0.0038924999999999997,-0.004079999999999999,-0.00409,-0.003995,-0.0038050000000000002,-0.003555,-0.0032545,-0.0029085,-0.002535,-0.00214
2020-07-24,-0.0038425,-0.00396,-0.00395,-0.0038150000000000002,-0.0036049999999999997,-0.0033425,-0.003035,-0.0026950000000000003,-0.0023250000000000002,-0.00191
2020-07-27,-0.003885,-0.004030000000000001,-0.0040475,-0.00395,-0.003775,-0.003545,-0.003265,-0.00294,-0.0025800000000000003,-0.0022
2020-07-28,-0.003945000000000001,-0.0041275,-0.0041525,-0.004075,-0.00391,-0.003685,-0.003415,-0.0031,-0.0027300000000000002,-0.0023899999999999998
2020-07-29,-0.004,-0.004119,-0.004105,-0.0039825,-0.00378,-0.0035275000000000003,-0.003235,-0.0029249999999999996,-0.00256,-0.0021885
2020-07-30,-0.004144999999999999,-0.004309,-0.0043325,-0.00424,-0.00407,-0.00383,-0.00356,-0.0032379999999999996,-0.0028899999999999998,-0.00255
2020-07-31,-0.00418,-0.004309,-0.0042925,-0.0041725,-0.00398,-0.0037175999999999997,-0.003392,-0.003055,-0.00269,-0.00229
2020-08-03,-0.00423,-0.004295,-0.0042604999999999995,-0.004155,-0.00396,-0.0037099999999999998,-0.003423,-0.003074,-0.00272,-0.00231
2020-08-04,-0.00428,-0.00437,-0.004365,-0.0043,-0.0041575,-0.003935,-0.003647,-0.003332,-0.00299,-0.00263
2020-08-05,-0.00423,-0.004253,-0.0042049999999999995,-0.004045,-0.00383,-0.003565,-0.003265,-0.00293,-0.002603,-0.00221
2020-08-06,-0.004245,-0.004299,-0.004255,-0.0041475,-0.0039555,-0.003733,-0.0034699999999999996,-0.00312,-0.002755,-0.0024
2020-08-07,-0.004224,-0.00422,-0.00417,-0.00402,-0.00381,-0.0035499999999999998,-0.0032700000000000003,-0.0029449999999999997,-0.0025800000000000003,-0.00222
2020-08-10,-0.004295,-0.004331,-0.004285,-0.00419,-0.00402,-0.00378,-0.0034999999999999996,-0.00317,-0.0028199999999999996,-0.00245
2020-08-11,-0.004275,-0.00424,-0.004135,-0.0039900000000000005,-0.00376,-0.0034799999999999996,-0.003148,-0.0028000000000000004,-0.002409,-0.00202
2020-08-12,-0.00425,-0.004155,-0.0040435,-0.00388,-0.0036664999999999996,-0.00337,-0.0030399999999999997,-0.00268,-0.002289,-0.001882
2020-08-13,-0.004255,-0.004079999999999999,-0.0039000000000000003,-0.0037,-0.0034300000000000003,-0.0031,-0.0027300000000000002,-0.00234,-0.0019214999999999998,-0.0015
2020-08-14,-0.004274,-0.0041199999999999995,-0.003975,-0.00376,-0.0034699999999999996,-0.00314,-0.0027900000000000004,-0.0024,-0.002,-0.00157
2020-08-17,-0.0043075000000000006,-0.00421,-0.00407,-0.00393,-0.0037,-0.0033900000000000002,-0.0030375000000000003,-0.00266,-0.00226,-0.00185
2020-08-18,-0.004348,-0.0042925,-0.0041875,-0.00402,-0.00378,-0.0034799999999999996,-0.00314,-0.0027700000000000003,-0.0023699999999999997,-0.00197
2020-08-19,-0.004395,-0.004347500000000001,-0.0042575,-0.0040999999999999995,-0.00387,-0.00357,-0.00322,-0.0028399999999999996,-0.00244,-0.00202
2020-08-20,-0.0044540000000000005,-0.004438,-0.004355,-0.004189,-0.003964,-0.00368,-0.00335,-0.00299,-0.00261,-0.0022
2020-08-21,-0.0044805,-0.004497999999999999,-0.00443,-0.004275,-0.00406,-0.0037674999999999996,-0.003421,-0.00306,-0.002661,-0.0022475
2020-08-24,-0.004472,-0.0044824999999999995,-0.0044,-0.004229,-0.004005,-0.003707,-0.0033615,-0.002985,-0.0025900000000000003,-0.002175
2020-08-25,-0.0044105,-0.00435,-0.00422,-0.00402,-0.00374,-0.0034200000000000003,-0.00302,-0.00261,-0.00223,-0.0017499999999999998
2020-08-26,-0.0043655,-0.004291,-0.004144999999999999,-0.0039225,-0.00364,-0.00329,-0.0029,-0.00248,-0.0020499999999999997,-0.0016
2020-08-27,-0.00435,-0.00428,-0.00415,-0.0038975,-0.0035775,-0.00321,-0.0027500000000000003,-0.0023699999999999997,-0.00184,-0.00136
2020-08-28,-0.0043945,-0.00434,-0.0042275,-0.00395,-0.00363,-0.0032400000000000003,-0.0028000000000000004,-0.0023599999999999997,-0.00187,-0.0013900000000000002
2020-08-31,-0.0044195,-0.004313,-0.0041849999999999995,-0.00394,-0.0036149999999999997,-0.0032379999999999996,-0.0028299999999999996,-0.0023899999999999998,-0.00193,-0.00145
2020-09-01,-0.0044245000000000005,-0.004425,-0.004337,-0.004109,-0.0038,-0.003415,-0.0029915000000000002,-0.002531,-0.0020735000000000003,-0.0015834999999999998
2020-09-02,-0.0045590000000000006,-0.0046095,-0.0045474999999999995,-0.00435,-0.00409,-0.00375,-0.00334,-0.00291,-0.00246,-0.0019935
2020-09-03,-0.004635,-0.0046700000000000005,-0.0046,-0.00442,-0.00417,-0.00386,-0.0034635,-0.0030399999999999997,-0.002595,-0.00216
2020-09-04,-0.004626,-0.0046875,-0.004607,-0.004384,-0.0040765,-0.003695,-0.00328,-0.0028299999999999996,-0.0023699999999999997,-0.0019
2020-09-07,-0.0046525,-0.00471,-0.004639,-0.004404,-0.0041199999999999995,-0.003735,-0.00333,-0.002885,-0.002428,-0.0019450000000000001
2020-09-08,-0.0046745,-0.004752,-0.004699999999999999,-0.00453,-0.00426,-0.003945000000000001,-0.0035299999999999997,-0.00311,-0.00266,-0.0022
2020-09-09,-0.0046525,-0.00466,-0.004575,-0.004355,-0.004050000000000001,-0.00368,-0.0032600000000000003,-0.0028100000000000004,-0.00234,-0.0018599999999999999
2020-09-10,-0.00458,-0.00455,-0.00447,-0.0041849999999999995,-0.0039000000000000003,-0.0035199999999999997,-0.003105,-0.00266,-0.0022,-0.0017299999999999998
2020-09-11,-0.004625000000000001,-0.00468,-0.004605000000000001,-0.004435,-0.00418,-0.00384,-0.00345,-0.003015,-0.0025700000000000002,-0.00211
2020-09-14,-0.004684,-0.0047375,-0.004655,-0.00445,-0.0041525,-0.0038150000000000002,-0.0034300000000000003,-0.00301,-0.0025624999999999997,-0.00209
2020-09-15,-0.004684,-0.0047225,-0.0046300000000000004,-0.00442,-0.00414,-0.00382,-0.003425,-0.00302,-0.0025800000000000003,-0.00212
2020-09-16,-0.004744,-0.00477,-0.004655,-0.004435,-0.0041199999999999995,-0.00381,-0.0034449999999999997,-0.0030399999999999997,-0.002615,-0.002165
2020-09-17,-0.0047694999999999994,-0.004835,-0.0047599999999999995,-0.00456,-0.00428,-0.00393,-0.00358,-0.00317,-0.0027400000000000002,-0.002298
2020-09-18,-0.00481,-0.00486,-0.0047599999999999995,-0.004535,-0.0042275,-0.0039000000000000003,-0.0035099999999999997,-0.00309,-0.00264,-0.002205
2020-09-21,-0.00489,-0.0050025,-0.0049225,-0.00469,-0.00439,-0.00406,-0.00368,-0.003305,-0.0028299999999999996,-0.0023899999999999998
2020-09-22,-0.0048695,-0.0049375,-0.00484,-0.0046300000000000004,-0.004345,-0.004,-0.00361,-0.00319,-0.0027500000000000003,-0.00229
2020-09-23,-0.00481,-0.004885,-0.0047925,-0.00457,-0.0043,-0.00393,-0.0035299999999999997,-0.00311,-0.00266,-0.00221
2020-09-24,-0.004815,-0.00485,-0.004721,-0.0044995,-0.0042175,-0.00388,-0.0035099999999999997,-0.00309,-0.0026474999999999997,-0.00223
2020-09-25,-0.0047905,-0.004875,-0.0047694999999999994,-0.0045725,-0.0043125,-0.0039900000000000005,-0.00363,-0.0032400000000000003,-0.0028144999999999997,-0.0023799999999999997
2020-09-28,-0.004819,-0.004879,-0.0047875,-0.00457,-0.0042855,-0.00396,-0.0035945,-0.0031975,-0.0027700000000000003,-0.00233
2020-09-29,-0.0048449999999999995,-0.0049145,-0.004830999999999999,-0.0046300000000000004,-0.00437,-0.00404,-0.0036980000000000003,-0.0033,-0.002885,-0.00246
2020-09-30,-0.00485,-0.0048649999999999995,-0.00477,-0.00455,-0.0042645,-0.00395,-0.00357,-0.0031628,-0.0027300000000000002,-0.00229
2020-10-01,-0.0048649999999999995,-0.004905,-0.0048175,-0.004605000000000001,-0.00435,-0.004,-0.00362,-0.0032,-0.002755,-0.00231
2020-10-02,-0.0048655,-0.0049499999999999995,-0.0048725,-0.0046700000000000005,-0.00437,-0.004050000000000001,-0.00366,-0.003245,-0.0027895,-0.0023599999999999997
2020-10-05,-0.0049335,-0.0049575,-0.00484,-0.0046025,-0.004275,-0.00394,-0.003535,-0.0031075000000000005,-0.00266,-0.00221
2020-10-06,-0.0049,-0.00496,-0.0048375,-0.00459,-0.004265,-0.00391,-0.0035099999999999997,-0.00308,-0.00264,-0.00218
2020-10-07,-0.004979,-0.00499,-0.00486,-0.004615,-0.00428,-0.0039000000000000003,-0.0034799999999999996,-0.0030399999999999997,-0.0025800000000000003,-0.00211
2020-10-08,-0.005,-0.00505,-0.00494,-0.004699999999999999,-0.00438,-0.0040100000000000005,-0.0036,-0.00316,-0.0027025,-0.0022375
2020-10-09,-0.0049845,-0.00506,-0.004969,-0.0047325,-0.00443,-0.004045,-0.00362,-0.00316,-0.0026855,-0.00222
2020-10-12,-0.004985,-0.00507,-0.00498,-0.0047625,-0.0044624999999999995,-0.00411,-0.0037,-0.0032600000000000003,-0.002805,-0.00234
2020-10-13,-0.00499,-0.0051075,-0.00505,-0.0048475,-0.00457,-0.00422,-0.00384,-0.0034100000000000003,-0.0029725000000000003,-0.00252
2020-10-14,-0.005071,-0.0051725,-0.0051175000000000005,-0.00494,-0.004685,-0.004351,-0.00398,-0.003575,-0.0031450000000000002,-0.0027
2020-10-15,-0.0051,-0.005215,-0.005183999999999999,-0.005004999999999999,-0.004775,-0.0044800000000000005,-0.00413,-0.003745,-0.00334,-0.00291
2020-10-16,-0.00513,-0.00528,-0.00525,-0.0050675,-0.0048425000000000004,-0.00454,-0.00419,-0.00383,-0.003411,-0.003
2020-10-19,-0.005135999999999999,-0.005308,-0.005285,-0.0051275,-0.0049,-0.00459,-0.0042375,-0.00384,-0.0034200000000000003,-0.00298
2020-10-20,-0.005095,-0.005237500000000001,-0.005161,-0.004932000000000001,-0.004644,-0.00433,-0.00396,-0.003545,-0.0030905,-0.00265
2020-10-21,-0.005075499999999999,-0.005202,-0.00515,-0.00492,-0.004635,-0.00428,-0.00387,-0.0034599999999999995,-0.00302,-0.0025700000000000002
2020-10-22,-0.00508,-0.0051925,-0.005115,-0.004875,-0.0045575,-0.0041849999999999995,-0.00378,-0.00335,-0.0028899999999999998,-0.00242
2020-10-23,-0.005059,-0.0051600000000000005,-0.00508,-0.004855,-0.00457,-0.00421,-0.0038050000000000002,-0.00337,-0.00292,-0.00246
2020-10-26,-0.005055,-0.005155,-0.00508,-0.0048575,-0.00456,-0.0042075,-0.0038050000000000002,-0.00337,-0.0029375,-0.0024775
2020-10-27,-0.0051595,-0.0053,-0.00527,-0.00507,-0.00479,-0.00446,-0.004079999999999999,-0.00368,-0.0032400000000000003,-0.0027800000000000004
2020-10-28,-0.0051649999999999995,-0.0053100000000000005,-0.005265,-0.0050725,-0.0048,-0.00446,-0.0040695,-0.003665,-0.0032295,-0.002788
2020-10-29,-0.00526,-0.0053825,-0.00534,-0.00513,-0.0048445,-0.0045000000000000005,-0.00407,-0.00367,-0.0031824999999999996,-0.00272
2020-10-30,-0.005328,-0.005445,-0.005390000000000001,-0.0051865,-0.0049,-0.00453,-0.00411,-0.00366,-0.003245,-0.0027800000000000004
2020-11-02,-0.005274,-0.0054225,-0.005375,-0.0051875,-0.00487,-0.0045000000000000005,-0.004079999999999999,-0.0036249999999999998,-0.003165,-0.00269
2020-11-03,-0.00526,-0.005379,-0.0053,-0.005072,-0.004756,-0.00437,-0.00395,-0.0034899999999999996,-0.00302,-0.00254
2020-11-04,-0.00529,-0.005403,-0.0053349999999999995,-0.0051400000000000005,-0.004855,-0.00449,-0.004079999999999999,-0.00364,-0.00318,-0.0027
2020-11-05,-0.00526,-0.005405,-0.0053549999999999995,-0.0051585,-0.00486,-0.00452,-0.0041199999999999995,-0.00369,-0.0032400000000000003,-0.0027700000000000003
2020-11-06,-0.00527,-0.0054115000000000005,-0.005370000000000001,-0.00515,-0.00486,-0.0045000000000000005,-0.00407,-0.0036,-0.00315,-0.00262
2020-11-09,-0.0051400000000000005,-0.0051600000000000005,-0.00504,-0.00473,-0.00434,-0.00391,-0.0034300000000000003,-0.00293,-0.00243,-0.00192
2020-11-10,-0.0050875,-0.005064999999999999,-0.00489,-0.0045850000000000005,-0.0041925,-0.003755,-0.00328,-0.0027800000000000004,-0.002275,-0.0017599999999999998
2020-11-11,-0.0050929999999999994,-0.005063,-0.0049225,-0.0046500000000000005,-0.0042925,-0.00387,-0.003392,-0.00291,-0.0024,-0.001884
2020-11-12,-0.005102,-0.00512,-0.004996,-0.004769,-0.004446,-0.004025,-0.00358,-0.0031190000000000002,-0.002632,-0.0021349999999999997
2020-11-13,-0.0051275,-0.0051785,-0.0050725,-0.00483,-0.004495,-0.004105,-0.003665,-0.00319,-0.00272,-0.00222
2020-11-16,-0.005135,-0.00517,-0.005044999999999999,-0.0047925,-0.00444,-0.00407,-0.00364,-0.003175,-0.0027050000000000004,-0.00222
2020-11-17,-0.0051525,-0.00519,-0.00509,-0.00485,-0.00453,-0.004135,-0.00373,-0.00328,-0.002807,-0.00233
2020-11-18,-0.0052015,-0.00521,-0.00508,-0.004814,-0.00447,-0.00409,-0.003665,-0.00321,-0.00272,-0.0022500000000000003
2020-11-19,-0.0052075,-0.005254999999999999,-0.0051600000000000005,-0.0049095,-0.0045835,-0.00421,-0.0038030000000000004,-0.0033550000000000003,-0.002895,-0.0024224999999999997
2020-11-20,-0.005215,-0.00527,-0.00519,-0.00497,-0.0046700000000000005,-0.00432,-0.00392,-0.0034899999999999996,-0.0030299999999999997,-0.00256
2020-11-23,-0.005177,-0.00522,-0.00512,-0.00489,-0.004581,-0.0042475,-0.003835,-0.0034000000000000002,-0.0029435,-0.0024749999999999998
2020-11-24,-0.005163,-0.0051645,-0.0050475,-0.0048,-0.0044800000000000005,-0.004115,-0.003705,-0.0032700000000000003,-0.0028000000000000004,-0.00234
2020-11-25,-0.005153,-0.0051649999999999995,-0.005055,-0.00482,-0.00453,-0.00417,-0.00376,-0.00332,-0.0028599999999999997,-0.0023899999999999998
2020-11-26,-0.0051600000000000005,-0.00519,-0.005097000000000001,-0.00488,-0.0045945000000000005,-0.004245,-0.00386,-0.00344,-0.0029944999999999998,-0.00254
2020-11-27,-0.0051615,-0.005180000000000001,-0.0050935,-0.004885,-0.004605000000000001,-0.004275,-0.00391,-0.0034799999999999996,-0.003035,-0.0025800000000000003
2020-11-30,-0.00517,-0.005185499999999999,-0.00508,-0.00487,-0.00458,-0.00424,-0.00384,-0.003415,-0.00297,-0.00251
2020-12-01,-0.0051424999999999995,-0.0051400000000000005,-0.00501,-0.0047425,-0.0044235,-0.004050000000000001,-0.00365,-0.0032,-0.0027400000000000002,-0.0022675
2020-12-02,-0.0051525,-0.005142,-0.00501,-0.0047599999999999995,-0.004435,-0.0040675,-0.00364,-0.003195,-0.0027300000000000002,-0.00226
2020-12-03,-0.0051925,-0.005225,-0.005109,-0.00487,-0.00457,-0.00419,-0.00378,-0.00333,-0.0028799999999999997,-0.0024
2020-12-04,-0.005245,-0.0053100000000000005,-0.005195999999999999,-0.00493,-0.004566,-0.0042,-0.00376,-0.00331,-0.002831,-0.0023499999999999997
2020-12-07,-0.0052975,-0.005390000000000001,-0.0053,-0.00506,-0.004739999999999999,-0.00437,-0.00395,-0.0035099999999999997,-0.00306,-0.0025700000000000002
2020-12-08,-0.005337499999999999,-0.0054325,-0.005344,-0.0051275,-0.0048449999999999995,-0.004485,-0.004079999999999999,-0.003645,-0.00319,-0.0027300000000000002
2020-12-09,-0.005390000000000001,-0.005465,-0.005374,-0.005157500000000001,-0.00487,-0.00451,-0.0040999999999999995,-0.00366,-0.00321,-0.002735
2020-12-10,-0.0053675,-0.00545,-0.00536,-0.005135,-0.00484,-0.00449,-0.0041125,-0.00368,-0.003241,-0.002775
2020-12-11,-0.005385999999999999,-0.0054930000000000005,-0.0054325,-0.0052525,-0.005,-0.004675,-0.004315,-0.003915,-0.0034999999999999996,-0.00306
2020-12-14,-0.0053875,-0.00547,-0.005407499999999999,-0.005228,-0.0049525,-0.0046300000000000004,-0.00425,-0.003835,-0.003405,-0.0029649999999999998
2020-12-15,-0.00536,-0.005435,-0.0053625,-0.00517,-0.00491,-0.00458,-0.00419,-0.0038,-0.00337,-0.00292
2020-12-16,-0.005299000000000001,-0.0052829999999999995,-0.005171,-0.0049499999999999995,-0.0046700000000000005,-0.004305,-0.00394,-0.003525,-0.0030705,-0.00264
2020-12-17,-0.0052425,-0.005265,-0.00515,-0.004947,-0.00466,-0.00434,-0.00396,-0.0035499999999999998,-0.00311,-0.00266
2020-12-18,-0.0052325,-0.005228,-0.00509,-0.00487,-0.00461,-0.0042899999999999995,-0.00392,-0.0035099999999999997,-0.00308,-0.00263
2020-12-21,-0.0052225,-0.005217500000000001,-0.0050925,-0.00488,-0.00461,-0.00428,-0.0039000000000000003,-0.003491,-0.003055,-0.0026
2020-12-22,-0.005217500000000001,-0.00517,-0.00504,-0.00485,-0.00459,-0.0042775,-0.00392,-0.003525,-0.003105,-0.0026625
2020-12-23,-0.0051675,-0.00507,-0.00489,-0.0046700000000000005,-0.0044,-0.00407,-0.0037,-0.00329,-0.0028699999999999997,-0.0024175
2020-12-24,-0.005159,-0.00507,-0.00489,-0.0046500000000000005,-0.00436,,-0.00367,,-0.0028299999999999996,-0.0023899999999999998
2020-12-25,-0.005159,-0.00507,-0.00489,-0.0046500000000000005,-0.00436,,-0.00367,,-0.0028299999999999996,-0.0023899999999999998
2020-12-28,-0.005163,-0.00508,-0.00492,-0.00473,-0.00449,-0.00417,-0.003806,-0.003396,-0.00298,-0.002535
2020-12-29,-0.0052475,-0.005183999999999999,-0.005044999999999999,-0.00484,-0.00458,-0.00425,-0.0038900000000000002,-0.0034899999999999996,-0.00306,-0.00262
2020-12-30,-0.005255999999999999,-0.005215,-0.00506,-0.0048475,-0.0045850000000000005,-0.0042699999999999995,-0.0038900000000000002,-0.0034899999999999996,-0.00306,-0.002605
2020-12-31,-0.00529,-0.00521,-0.00506,-0.00485,-0.00459,,,,,
2021-01-01,-0.00529,-0.00521,,,,,,,,
2021-01-04,-0.0054125,-0.00545,-0.00532,-0.00511,-0.00485,-0.00454,-0.00418,-0.003785,-0.00336,-0.00292
2021-01-05,-0.0053725,-0.005405,-0.005286,-0.00504,-0.0047599999999999995,-0.0044075,-0.00402,-0.0036,-0.00315,-0.00269
2021-01-06,-0.005370000000000001,-0.00534,-0.00519,-0.00494,-0.0046300000000000004,-0.0042699999999999995,-0.00386,-0.0034300000000000003,-0.00297,-0.0025
2021-01-07,-0.005317499999999999,-0.005294999999999999,-0.0051400000000000005,-0.00489,-0.004555,-0.004175,-0.0037455,-0.0033,-0.0028299999999999996,-0.00234
2021-01-08,-0.005307500000000001,-0.00525,-0.0051,-0.0048449999999999995,-0.00452,-0.00415,-0.0037199999999999998,-0.003265,-0.0027900000000000004,-0.00232
2021-01-11,-0.0052675000000000005,-0.005213,-0.0050349999999999995,-0.0047425,-0.0043825,-0.00398,-0.0035325,-0.00306,-0.0025775,-0.0020975
2021-01-12,-0.005257500000000001,-0.00513,-0.0048975,-0.004575,-0.00418,-0.00375,-0.003296,-0.002805,-0.0023275,-0.001827
2021-01-13,-0.005277500000000001,-0.0052275,-0.00505,-0.0048,-0.0044624999999999995,-0.00409,-0.003675,-0.0032400000000000003,-0.0027800000000000004,-0.0023175
2021-01-14,-0.0053525,-0.005317,-0.0051675,-0.00493,-0.00461,-0.00423,-0.0038125,-0.00336,-0.0029075,-0.00244
2021-01-15,-0.0053675,-0.005345,-0.005181,-0.00491,-0.004575,-0.00418,-0.0037524999999999998,-0.0033,-0.0028399999999999996,-0.0023645
2021-01-18,-0.005365,-0.005325,-0.00515,-0.0048525,-0.0045000000000000005,-0.0040999999999999995,-0.00368,-0.00322,-0.002745,-0.002263
2021-01-19,-0.00532,-0.0052625,-0.00508,-0.0048,-0.00445,-0.0040625,-0.00364,-0.00316,-0.0026950000000000003,-0.00222
2021-01-20,-0.005325,-0.0052625,-0.0050812,-0.0048025,-0.0044525,-0.004050000000000001,-0.00361,-0.00316,-0.0026875,-0.0022075
2021-01-21,-0.005254999999999999,-0.0051595,-0.00494,-0.00464,-0.00424,-0.0038125,-0.0033439999999999998,-0.0028825,-0.0023855,-0.0018855
2021-01-22,-0.00524,-0.00517,-0.00497,-0.0047075,-0.00434,-0.00393,-0.0034699999999999996,-0.00301,-0.0025174999999999998,-0.0020255
2021-01-25,-0.005277,-0.00527,-0.00511,-0.00484,-0.0045000000000000005,-0.004105,-0.003675,-0.00321,-0.002745,-0.0022745
2021-01-26,-0.005305,-0.005245,-0.005044999999999999,-0.00477,-0.00439,-0.004,-0.003522,-0.0030399999999999997,-0.0025700000000000002,-0.00207
2021-01-27,-0.005379,-0.0053725,-0.00519,-0.0049,-0.004535,-0.004079999999999999,-0.0036,-0.00311,-0.0026075,-0.0021024999999999998
2021-01-28,-0.005445,-0.00542,-0.0052235,-0.0048905,-0.004494000000000001,-0.004050000000000001,-0.0035535,-0.00306,-0.00254,-0.00202
2021-01-29,-0.005410000000000001,-0.0053925,-0.00519,-0.0048375,-0.0044275,-0.0039625,-0.0034599999999999995,-0.00294,-0.00241,-0.00188
2021-02-01,-0.0053774999999999995,-0.005357499999999999,-0.005135,-0.0047975,-0.004386,-0.00393,-0.0034300000000000003,-0.00291,-0.0023925,-0.00187
2021-02-02,-0.005343,-0.0053065,-0.005075,-0.004705,-0.004284,-0.00379,-0.003285,-0.0027500000000000003,-0.00222,-0.00168
2021-02-03,-0.00529,-0.005235,-0.004975,-0.00459,-0.00411,-0.00361,-0.00307,-0.00253,-0.00198,-0.0014399999999999999
2021-02-04,-0.0052975,-0.00523,-0.00496,-0.00456,-0.004079999999999999,-0.00357,-0.003005,-0.00246,-0.00191,-0.00134
2021-02-05,-0.005237,-0.0051600000000000005,-0.0048618,-0.00447,-0.0039700000000000004,-0.00344,-0.0028799999999999997,-0.00231,-0.0017399999999999998,-0.00117
2021-02-08,-0.0052125,-0.005135,-0.00486,-0.0044575,-0.00398,-0.003435,-0.002879,-0.0023150000000000002,-0.0017399999999999998,-0.0011799999999999998
2021-02-09,-0.0052585,-0.00519,-0.00492,-0.00451,-0.00402,-0.0034799999999999996,-0.00291,-0.0023499999999999997,-0.0017649999999999999,-0.0012
2021-02-10,-0.0052475,-0.005180000000000001,-0.00491,-0.00451,-0.004025,-0.0034699999999999996,-0.0028799999999999997,-0.002295,-0.0017050000000000001,-0.0011200000000000001
2021-02-11,-0.0052505,-0.005195,-0.0049499999999999995,-0.00456,-0.00409,-0.00357,-0.00301,-0.00243,-0.00187,-0.0012900000000000001
2021-02-12,-0.005246499999999999,-0.0051400000000000005,-0.0048525,-0.00444,-0.00394,-0.0033650000000000004,-0.0027600000000000003,-0.00214,-0.00154,-0.00094
2021-02-15,-0.00521,-0.0051085,-0.00479,-0.00428,-0.0037059999999999997,-0.0031,-0.0024665,-0.00182,-0.0011825,-0.0005600000000000001
2021-02-16,-0.005175,-0.00503,-0.0046825,-0.0041525,-0.0035175000000000002,-0.0028575000000000002,-0.002175,-0.0015,-0.00082,-0.00017250000000000002
2021-02-17,-0.0051875,-0.005072999999999999,-0.0047475,-0.0042575,-0.0036675,-0.0030175,-0.002345,-0.0016725000000000002,-0.00101,-0.00037
2021-02-18,-0.0051600000000000005,-0.0050145,-0.00466,-0.004135,-0.0034899999999999996,-0.002835,-0.0021505,-0.001495,-0.0008150000000000001,-0.000165
2021-02-19,-0.0051215,-0.00497,-0.00457,-0.00398,-0.003295,-0.00256,-0.00185,-0.00111,-0.00045,0.00021999999999999998
2021-02-22,-0.005115,-0.00498,-0.0046365,-0.004079999999999999,-0.0034675,-0.0027800000000000004,-0.0021,-0.0014199999999999998,-0.0007465,-0.0001
2021-02-23,-0.005106500000000001,-0.004975,-0.0045925,-0.00402,-0.00336,-0.00267,-0.0019885,-0.0012875,-0.00062,2.2499999999999998e-05
2021-02-24,-0.005124999999999999,-0.00498,-0.004605000000000001,-0.0039924999999999995,-0.00333,-0.00264,-0.00196,-0.00126,-0.0006175,5e-05
2021-02-25,-0.00497,-0.0046095,-0.0040125,-0.00331,-0.0025700000000000002,-0.001835,-0.001085,-0.00037,0.00029499999999999996,0.0009750000000000001
2021-02-26,-0.00496,-0.0046425,-0.0041925,-0.0036225000000000003,-0.0029775,-0.0023025000000000003,-0.0016175,-0.0009425,-0.0002925,0.00033
2021-03-01,-0.005028,-0.0048625000000000005,-0.00452,-0.00404,-0.0034599999999999995,-0.002825,-0.00218,-0.00153,-0.00089,-0.00028000000000000003
2021-03-02,-0.0051135,-0.0049499999999999995,-0.0046275,-0.00416,-0.00359,-0.0029575,-0.00232,-0.0016625000000000001,-0.0010299999999999999,-0.00041
2021-03-03,-0.0051,-0.0048720000000000005,-0.0044725,-0.003905,-0.0032600000000000003,-0.00256,-0.00184,-0.00114,-0.000452,0.00021
2021-03-04,-0.00509,-0.00484,-0.00446,-0.0039000000000000003,-0.00322,-0.00261,-0.0018065,-0.0011,-0.000415,0.00024400000000000002
2021-03-05,-0.0050915,-0.00486,-0.00446,-0.00392,-0.0033,-0.0025900000000000003,-0.00188,-0.00117,-0.00048,0.00017999999999999998
2021-03-08,-0.005055,-0.0047775000000000005,-0.0043345,-0.0037155,-0.0030425,-0.0023275,-0.0016075,-0.00089,-0.0001975,0.0004625
2021-03-09,-0.0050685,-0.004795,-0.0043675,-0.00379,-0.00313,-0.00244,-0.0017430000000000002,-0.00104,-0.0003885,0.00027
2021-03-10,-0.0050885,-0.00484,-0.00445,-0.00388,-0.0032400000000000003,-0.0025800000000000003,-0.00189,-0.0011799999999999998,-0.00055,7.55e-05
2021-03-11,-0.0051075,-0.0049,-0.004515,-0.0039615,-0.0033415,-0.00265,-0.00196,-0.00127,-0.000605,3e-05
2021-03-12,-0.0050875,-0.0048525,-0.00442,-0.0038624999999999996,-0.0032,-0.00248,-0.0017399999999999998,-0.0010199999999999999,-0.00033,0.00035000000000000005
2021-03-15,-0.0051135,-0.00494,-0.00458,-0.0040175,-0.0033900000000000002,-0.00267,-0.0019475,-0.00122,-0.0005325,0.0001225
2021-03-16,-0.0051615,-0.0049955,-0.0046300000000000004,-0.0040805,-0.0034599999999999995,-0.002745,-0.0020169999999999997,-0.0013,-0.0006175,5e-05
2021-03-17,-0.0051270000000000005,-0.004959,-0.0045525,-0.003935,-0.0032500000000000003,-0.002485,-0.0016950000000000001,-0.0009325,-0.0001875,0.0004975
2021-03-18,-0.005135,-0.0049295,-0.0044925,-0.0038525,-0.0031075000000000005,-0.0023175,-0.0015125,-0.00073,3e-05,0.0007574999999999999
2021-03-19,-0.00517,-0.0050175,-0.00459,-0.0039875,-0.003266,-0.00248,-0.0016775000000000002,-0.0008799999999999999,-0.0001125,0.0006125
2021-03-22,-0.0052,-0.005052,-0.00464,-0.0040375,-0.00334,-0.0025700000000000002,-0.0017675,-0.00098,-0.00023,0.00048750000000000003
2021-03-23,-0.0052,-0.0050475,-0.0046700000000000005,-0.00411,-0.00345,-0.00271,-0.00196,-0.0012,-0.00046,0.00025
2021-03-24,-0.0052125,-0.00509,-0.00475,-0.00422,-0.0035725,-0.0028325,-0.00209,-0.00133,-0.0006,0.0001
2021-03-25,-0.005207000000000001,-0.0050875,-0.0047775000000000005,-0.0042825,-0.0036675,-0.00296,-0.0022375,-0.0015,-0.00077,-8e-05
2021-03-26,-0.005225,-0.0051075,-0.004745,-0.0041775,-0.0035075,-0.0027800000000000004,-0.00201,-0.00122,-0.00049,0.00024
2021-03-29,-0.0052115,-0.0050775,-0.00468,-0.004079999999999999,-0.0033789999999999996,-0.002615,-0.00181,-0.00104,-0.00028000000000000003,0.00045
2021-03-30,-0.005215,-0.005017000000000001,-0.00456,-0.0039435,-0.00322,-0.00243,-0.001628,-0.00083,-8e-05,0.00065
2021-03-31,-0.0051525,-0.0049725,-0.0045179999999999994,-0.003887,-0.0031425,-0.0023575,-0.0015625,-0.00079,-3e-05,0.0006900000000000001
2021-04-01,-0.0052015,-0.0050525,-0.004655,-0.0040625,-0.00336,-0.0026,-0.00184,-0.00106,-0.00033,0.0003625
2021-04-02,-0.0052,-0.00506,-0.00466,-0.004079999999999999,-0.00336,-0.0026075,-0.0018375,,-0.00033,0.00037
2021-04-06,-0.0052195,-0.00507,-0.00466,-0.004058,-0.0033575,-0.00261,-0.00185,-0.0010825,-0.00035000000000000005,0.00035999999999999997
2021-04-07,-0.0052365,-0.005104999999999999,-0.00471,-0.00413,-0.003431,-0.00271,-0.0019364999999999999,-0.0011799999999999998,-0.00043,0.00027
2021-04-08,-0.0052585,-0.0051400000000000005,-0.0047599999999999995,-0.00419,-0.0035399999999999997,-0.002785,-0.00202,-0.00127,-0.000542,0.00017
2021-04-09,-0.0052580000000000005,-0.005084,-0.0046300000000000004,-0.0039975,-0.0032740000000000004,-0.00251,-0.0017475,-0.00098,-0.00023,0.00047
2021-04-12,-0.005211,-0.0050644999999999996,-0.004612,-0.0039825,-0.0032424999999999997,-0.0024625,-0.0016725000000000002,-0.00089,-0.000145,0.0005775
2021-04-13,-0.0052395,-0.00506,-0.0046,-0.00398,-0.0032400000000000003,-0.00248,-0.00169,-0.0009,-0.00016,0.00054
2021-04-14,-0.00512,-0.00493,-0.00441,-0.0037175000000000003,-0.00296,-0.00216,-0.001345,-0.0005225,0.0002475,0.0009625
2021-04-15,-0.0051600000000000005,-0.0049955,-0.00458,-0.0039775,-0.00328,-0.00251,-0.0017349999999999998,-0.0009675,-0.00021899999999999998,0.0004775
2021-04-16,-0.00513,-0.0049375,-0.004466,-0.0038274999999999997,-0.0030775000000000004,-0.0022500000000000003,-0.0014449999999999999,-0.0006575,0.0001125,0.0008225
2021-04-19,-0.0051,-0.00485,-0.004335,-0.0036275,-0.0028275,-0.00202,-0.0012215,-0.00043999999999999996,0.00032,0.001024
2021-04-20,-0.0051034999999999995,-0.00488,-0.00442,-0.0037524999999999998,-0.0030075,-0.0022075,-0.0014299999999999998,-0.00066,7.000000000000001e-05,0.00078
2021-04-21,-0.00511,-0.00489,-0.00442,-0.00377,-0.0030399999999999997,-0.00226,-0.001465,-0.0007099999999999999,3.2e-05,0.00074
2021-04-22,-0.0051295,-0.0048775,-0.00439,-0.00373,-0.00299,-0.00221,-0.0014000000000000002,-0.00066,6e-05,0.00064
2021-04-23,-0.00512,-0.004864,-0.00436,-0.0037,-0.0029425000000000002,-0.00215,-0.0013750000000000001,-0.0006,0.00014000000000000001,0.0008824999999999999
2021-04-26,-0.0051080000000000006,-0.0048389999999999996,-0.00431,-0.00363,-0.002886,-0.0021,-0.00132,-0.00054,0.00018999999999999998,0.00089
2021-04-27,-0.005115,-0.004809,-0.004272000000000001,-0.00359,-0.0028299999999999996,-0.002056,-0.00126,-0.000491,0.00025499999999999996,0.000946
2021-04-28,-0.0051,-0.00477,-0.004188,-0.0034999999999999996,-0.0027500000000000003,-0.001911,-0.00117,-0.000385,0.0003695,0.0010680000000000002
2021-04-29,-0.00508,-0.004713,-0.004073,-0.00331,-0.0024879999999999998,-0.0016569999999999998,-0.0008179999999999999,-1.1999999999999999e-05,0.000771,0.001489
2021-04-30,-0.005128000000000001,-0.004785,-0.0041675,-0.0034300000000000003,-0.00263,-0.00179,-0.00095,-0.00014000000000000001,0.00064,0.0013700000000000001
2021-05-03,-0.005121,-0.004786,-0.004162,-0.0034460000000000003,-0.0026379999999999997,-0.001782,-0.000953,-0.000125,0.0006619999999999999,0.0013980000000000002
2021-05-04,-0.0051400000000000005,-0.004861,-0.004304,-0.0036,-0.002838,-0.002019,-0.0012425,-0.00044699999999999997,0.000313,0.0010275
2021-05-05,-0.005115,-0.004830999999999999,-0.004265,-0.0036,-0.0028485,-0.0020399999999999997,-0.00121,-0.00041,0.000369,0.00108
2021-05-06,-0.005101,-0.0048225,-0.0042309999999999995,-0.003574,-0.0028260000000000004,-0.0020250000000000003,-0.001203,-0.00042750000000000004,0.0003375,0.001062
2021-05-07,-0.005081,-0.004748,-0.0041575,-0.003415,-0.0026590000000000003,-0.0018599999999999999,-0.0010515,-0.000259,0.000501,0.001198
2021-05-10,-0.00508,-0.0047675,-0.0041789999999999996,-0.0034525,-0.0026725,-0.0018625,-0.0010425,-0.00024,0.00053,0.00125
2021-05-11,-0.005058,-0.0046949999999999995,-0.0040675,-0.00328,-0.00243,-0.00159,-0.00075,7.000000000000001e-05,0.0008500000000000001,0.001569
2021-05-12,-0.0050680000000000005,-0.004662,-0.00398,-0.00311,-0.002233,-0.001399,-0.0005715,0.0002715,0.0010465000000000001,0.0017904999999999998
2021-05-13,-0.005075,-0.0046500000000000005,-0.003948999999999999,-0.003105,-0.0022589999999999997,-0.0014249999999999998,-0.000598,0.00020899999999999998,0.0009705,0.0016805000000000001
2021-05-14,-0.00508,-0.004660500000000001,-0.00396,-0.0031490000000000003,-0.002296,-0.001455,-0.0006444999999999999,0.0001175,0.0008709999999999999,0.001572
2021-05-17,-0.005075,-0.004631,-0.003928,-0.0031,-0.002255,-0.0014099999999999998,-0.000579,0.00021999999999999998,0.00098,0.00168
2021-05-18,-0.005084999999999999,-0.0046394999999999995,-0.00391,-0.0030285,-0.002102,-0.0012625,-0.00041,0.0004025,0.001172,0.00189
2021-05-19,-0.005051,-0.004615,-0.0039000000000000003,-0.003,-0.002115,-0.001245,-0.000415,0.00039,0.00115,0.00185
2021-05-20,-0.005058,-0.004599,-0.003865,-0.003,-0.002089,-0.0012439999999999999,-0.00042,0.00037400000000000004,0.0011279999999999999,0.00183
2021-05-21,-0.0050490000000000005,-0.004659,-0.003973,-0.003175,-0.002322,-0.001473,-0.000593,0.000189,0.000945,0.0016325
2021-05-24,-0.0050290000000000005,-0.0046625,-0.004006,-0.00321,-0.002384,-0.001539,-0.0007049999999999999,9.75e-05,0.000844,0.001539
2021-05-25,-0.0050149999999999995,-0.004673,-0.004079999999999999,-0.00333,-0.002547,-0.0017000000000000001,-0.0008824999999999999,-9.599999999999999e-05,0.0006625,0.0013525000000000002
2021-05-26,-0.00502,-0.004699999999999999,-0.004144999999999999,-0.0034805,-0.002748,-0.001966,-0.001193,-0.0004285,0.0003075,0.000988
2021-05-27,-0.005017000000000001,-0.004625000000000001,-0.004008,-0.0032715,-0.00249,-0.0016675000000000001,-0.000889,-0.00010200000000000001,0.0006395000000000001,0.0013575000000000002
2021-05-28,-0.0050490000000000005,-0.004687,-0.00407,-0.0033629999999999997,-0.0025879999999999996,-0.001785,-0.000986,-0.0002205,0.000542,0.00123
2021-05-31,-0.0050680000000000005,-0.004686,-0.004078,-0.00337,-0.002613,-0.0018260000000000001,-0.001013,-0.0002105,0.0005290000000000001,0.001209
2021-06-01,-0.005091,-0.004715,-0.004113,-0.003405,-0.0026325,-0.00183,-0.0010299999999999999,-0.00025,0.000492,0.0012
2021-06-02,-0.005107,-0.0047539999999999995,-0.004175,-0.003469,-0.002728,-0.001926,-0.00113,-0.00035000000000000005,0.0004,0.0011
2021-06-03,-0.005099,-0.00471,-0.00411,-0.0034000000000000002,-0.0026274999999999996,-0.0018110000000000001,-0.000988,-0.0001825,0.0005899999999999999,0.0012989999999999998
2021-06-04,-0.005078,-0.004747,-0.004164,-0.0034999999999999996,-0.002763,-0.0019705,-0.001168,-0.00037999999999999997,0.00037,0.001057
2021-06-07,-0.00505,-0.0046960000000000005,-0.004128,-0.0034100000000000003,-0.002637,-0.001835,-0.0010275,-0.000235,0.000523,0.001221
2021-06-08,-0.005069000000000001,-0.0047075,-0.004168,-0.0034905,-0.002763,-0.00198,-0.0011849999999999999,-0.00041,0.00033,0.0010140000000000001
2021-06-09,-0.005098,-0.004773,-0.0042580000000000005,-0.00362,-0.0029005,-0.0021485000000000002,-0.0014025,-0.0006544999999999999,7.75e-05,0.0007515
2021-06-10,-0.0051259999999999995,-0.004821,-0.00432,-0.0036725000000000004,-0.00296,-0.0022075,-0.0014475,-0.0006975000000000001,4e-05,0.0007174999999999999
2021-06-11,-0.005155,-0.004853,-0.004345,-0.003729,-0.0030470000000000002,-0.0022925000000000003,-0.00154,-0.00082,-8e-05,0.00062
2021-06-14,-0.005141,-0.0048070000000000005,-0.004275999999999999,-0.0036,-0.0028699999999999997,-0.002099,-0.0013189999999999999,-0.00055,0.00018849999999999997,0.0008740000000000001
2021-06-15,-0.005139,-0.00477,-0.0042225000000000006,-0.0035299999999999997,-0.0027875,-0.0019975,-0.0011899999999999999,-0.0004,0.00035999999999999997,0.001055
2021-06-16,-0.0051270000000000005,-0.0047825,-0.00425,-0.0035949999999999997,-0.0028625,-0.0020924999999999997,-0.0013109999999999999,-0.00054,0.000215,0.000904
2021-06-17,-0.00508,-0.004699999999999999,-0.0041034999999999995,-0.0034375,-0.0027050000000000004,-0.00196,-0.00124,-0.0005099999999999999,0.0002,0.00086
2021-06-18,-0.005055,-0.00464,-0.004015,-0.0033,-0.0025900000000000003,-0.00187,-0.00117,-0.00047,0.0002095,0.00084
2021-06-21,-0.005007,-0.004555,-0.0039000000000000003,-0.0031680000000000002,-0.0023995,-0.00166,-0.0009339999999999999,-0.00023099999999999998,0.000457,0.0011
2021-06-22,-0.004978,-0.0045375,-0.0038900000000000002,-0.00318,-0.00244,-0.00169,-0.0009429999999999999,-0.000223,0.00048300000000000003,0.001131
2021-06-23,-0.004995,-0.004547,-0.003929,-0.003232,-0.0024965,-0.0017599999999999998,-0.00101,-0.00028000000000000003,0.000423,0.0010815
2021-06-24,-0.00497,-0.004513,-0.003908,-0.0032040000000000003,-0.002493,-0.0017599999999999998,-0.001036,-0.00031,0.00038199999999999996,0.001027
2021-06-25,-0.004997,-0.004506,-0.003846,-0.0031,-0.002336,-0.001567,-0.000809,-5e-05,0.000666,0.001339
2021-06-28,-0.005008,-0.004522,-0.0038929999999999998,-0.0031875,-0.0024575,-0.00172,-0.0009875,-0.00027,0.000428,0.001093
2021-06-29,-0.005008,-0.004508,-0.003849,-0.0031130000000000003,-0.002347,-0.001588,-0.000828,-9.05e-05,0.000623,0.001303
2021-06-30,-0.0050490000000000005,-0.004583,-0.003965,-0.003277,-0.002566,-0.0018260000000000001,-0.001097,-0.000358,0.00034500000000000004,0.001002
2021-07-01,-0.0050490000000000005,-0.004594,-0.00398,-0.00329,-0.0025700000000000002,-0.00182,-0.00107,-0.00034,0.00037999999999999997,0.00106
2021-07-02,-0.005059,-0.004642,-0.004081,-0.0034720000000000003,-0.0027860000000000003,-0.002071,-0.001353,-0.000634,7.1e-05,0.000717
2021-07-05,-0.005041,-0.004608,-0.004007,-0.003317,-0.002599,-0.0018559999999999998,-0.001122,-0.0003855,0.00033,0.000999
2021-07-06,-0.005055,-0.00466,-0.004135,-0.0035399999999999997,-0.002909,-0.002236,-0.001549,-0.0008550000000000001,-0.00017,0.00048
2021-07-07,-0.005044,-0.00469,-0.00421,-0.003656,-0.00308,-0.002427,-0.0017699999999999999,-0.0011,-0.000449,0.00018999999999999998
2021-07-08,-0.005072,-0.0046949999999999995,-0.004203,-0.00368,-0.00312,-0.0025009999999999998,-0.0018529999999999998,-0.0011790000000000001,-0.00053,8.999999999999999e-05
2021-07-09,-0.005056000000000001,-0.004657,-0.00414,-0.003609,-0.0030299999999999997,-0.002375,-0.001701,-0.0010199999999999999,-0.00035000000000000005,0.000289
2021-07-12,-0.005047,-0.004658,-0.004155,-0.0036,-0.00301,-0.0023580000000000003,-0.00169,-0.00101,-0.00035000000000000005,0.0002875
2021-07-13,-0.0050360000000000005,-0.00462,-0.004072,-0.0035499999999999998,-0.0029575,-0.002308,-0.0016300000000000002,-0.00095,-0.000287,0.0003675
2021-07-14,-0.005032,-0.0046345,-0.00415,-0.00363,-0.00306,-0.00243,-0.00178,-0.00111,-0.00046100000000000004,0.00017
2021-07-15,-0.005031,-0.004636,-0.004164999999999999,-0.003654,-0.00312,-0.00253,-0.001914,-0.00127,-0.0006469999999999999,-2.7000000000000002e-05
2021-07-16,-0.00504,-0.004642,-0.0041670000000000006,-0.0037,-0.00317,-0.002591,-0.00198,-0.001353,-0.000725,-0.00012
2021-07-19,-0.005055,-0.004675,-0.0042575,-0.0038074999999999997,-0.0033575,-0.0028199999999999996,-0.002198,-0.00164,-0.000991,-0.000449
2021-07-20,-0.005043,-0.004678,-0.0042899999999999995,-0.0039000000000000003,-0.00345,-0.00292,-0.002331,-0.001725,-0.0011250000000000001,-0.000541
2021-07-21,-0.005019,-0.004658,-0.004259,-0.0038090000000000003,-0.003301,-0.0027400000000000002,-0.002149,-0.0015110000000000002,-0.000907,-0.00028199999999999997
2021-07-22,-0.0050929999999999994,-0.004788,-0.004399,-0.004,-0.0034999999999999996,-0.002978,-0.002417,-0.00181,-0.0012175,-0.000603
2021-07-23,-0.005143999999999999,-0.00486,-0.004451,-0.0040175,-0.0035110000000000002,-0.0029720000000000002,-0.002395,-0.0017749999999999999,-0.001159,-0.000539
2021-07-26,-0.005151,-0.004857,-0.004444,-0.004005,-0.0034699999999999996,-0.0029110000000000004,-0.002318,-0.00169,-0.001071,-0.00046100000000000004
2021-07-27,-0.005174,-0.004888,-0.004476,-0.004079,-0.00358,-0.003025,-0.0024525,-0.0018290000000000001,-0.001214,-0.000599
2021-07-28,-0.0052015,-0.004886499999999999,-0.004458,-0.00406,-0.003558,-0.003009,-0.002419,-0.001801,-0.00117,-0.000575
2021-07-29,-0.005195,-0.004916,-0.004502,-0.00407,-0.0036,-0.003031,-0.002448,-0.00184,-0.001225,-0.000603
2021-07-30,-0.005206,-0.004941999999999999,-0.004551,-0.004122,-0.0036325000000000003,-0.0031025000000000002,-0.0025280000000000003,-0.001922,-0.0013109999999999999,-0.0007109999999999999
2021-08-02,-0.005233,-0.00501,-0.004647,-0.0042675000000000005,-0.0038,-0.003287,-0.0027500000000000003,-0.0021390000000000003,-0.001575,-0.000961
2021-08-03,-0.0052510000000000005,-0.005032999999999999,-0.004687,-0.0042899999999999995,-0.003835,-0.0033274999999999997,-0.002773,-0.0022008,-0.00161,-0.0010199999999999999
2021-08-04,-0.005286,-0.0050360000000000005,-0.004693,-0.00432,-0.003889,-0.0033900000000000002,-0.002855,-0.002281,-0.0017000000000000001,-0.001101
2021-08-05,-0.0052380000000000005,-0.0049975,-0.00466,-0.0042699999999999995,-0.003852,-0.00336,-0.002842,-0.00226,-0.0016925000000000002,-0.001094
2021-08-06,-0.005207000000000001,-0.004935,-0.0045590000000000006,-0.004108,-0.00361,-0.003087,-0.002521,-0.00193,-0.001321,-0.00073
2021-08-09,-0.005209,-0.004926,-0.00454,-0.00413,-0.00366,-0.00315,-0.0026045,-0.00202,-0.001428,-0.000845
2021-08-10,-0.005222,-0.004945,-0.00456,-0.00414,-0.00361,-0.0031674999999999997,-0.0026290000000000003,-0.0020499999999999997,-0.0014680000000000001,-0.0008730000000000001
2021-08-11,-0.005245,-0.004991,-0.004604,-0.00421,-0.0037295,-0.0032329999999999998,-0.0027050000000000004,-0.00211,-0.0015359999999999998,-0.000961
2021-08-12,-0.005229,-0.00497,-0.0045715,-0.004156,-0.003644,-0.0031869999999999997,-0.00265,-0.002085,-0.0014824999999999999,-0.000931
2021-08-13,-0.005229,-0.004952,-0.004572,-0.00417,-0.00373,-0.0032600000000000003,-0.0027500000000000003,-0.00219,-0.0016200000000000001,-0.000985
2021-08-16,-0.005215,-0.004945,-0.004571,-0.00418,-0.003695,-0.003206,-0.0027300000000000002,-0.002109,-0.0016,-0.00096
2021-08-17,-0.00522,-0.004933,-0.004556,-0.0041589999999999995,-0.0037059999999999997,-0.0032175,-0.002698,-0.002134,-0.001566,-0.000986
2021-08-18,-0.005233,-0.004959,-0.004596,-0.00418,-0.003731,-0.003253,-0.00272,-0.00216,-0.00159,-0.00101
2021-08-19,-0.005248,-0.0049759999999999995,-0.004613,-0.00425,-0.00381,-0.00333,-0.0028139999999999997,-0.00226,-0.001691,-0.001121
2021-08-20,-0.005235,-0.004964,-0.004612,-0.0042380000000000004,-0.00382,-0.00335,-0.002858,-0.00229,-0.0017530000000000002,-0.00111
2021-08-23,-0.0052505,-0.004977,-0.004621,-0.004233,-0.003775,-0.0033179999999999998,-0.0028179999999999998,-0.002235,-0.00169,-0.001065
2021-08-24,-0.005245,-0.004978,-0.0045850000000000005,-0.004215,-0.0037876,-0.00331,-0.002791,-0.0022370000000000003,-0.00167,-0.001103
2021-08-25,-0.005232,-0.00493,-0.0044935,-0.004050000000000001,-0.00356,-0.00302,-0.002445,-0.0018525,-0.0012475,-0.00065
2021-08-26,-0.005234,-0.004894,-0.004449,-0.0039900000000000005,-0.0034649999999999998,-0.00291,-0.0023275,-0.00172,-0.001105,-0.0005025
2021-08-27,-0.00523,-0.004907,-0.004484,-0.004012,-0.003501,-0.002949,-0.002379,-0.001779,-0.0011790000000000001,-0.000579
2021-08-30,-0.0052239999999999995,-0.004906,-0.0044919999999999995,-0.004058,-0.003588,-0.003053,-0.0024879999999999998,-0.001898,-0.001303,-0.000713
2021-08-31,-0.005157,-0.004803,-0.004348,-0.0038640000000000002,-0.003312,-0.0027400000000000002,-0.002132,-0.0015195,-0.00091,-0.00028000000000000003
2021-09-01,-0.005152,-0.004811,-0.004346,-0.0038425,-0.003249,-0.0026865,-0.00207,-0.001431,-0.000802,-0.000172
2021-09-02,-0.00515,-0.004830999999999999,-0.004386999999999999,-0.0038900000000000002,-0.0033474999999999998,-0.0027329999999999998,-0.00211,-0.001456,-0.0008269999999999999,-0.000197
2021-09-03,-0.005143,-0.004806,-0.004329,-0.0037990000000000003,-0.003155,-0.0025800000000000003,-0.001931,-0.001275,-0.00062,2e-05
2021-09-06,-0.00513,-0.004762,-0.004271,-0.003767,-0.003105,-0.0025629999999999997,-0.001938,-0.0012820000000000002,-0.00064,-1e-05
2021-09-07,-0.0050880000000000005,-0.004665,-0.004113,-0.003527,-0.0029,-0.00227,-0.00161,-0.000951,-0.000302,0.000338
2021-09-08,-0.005064,-0.004639,-0.004087,-0.003499,-0.0028699999999999997,-0.002243,-0.001595,-0.0009329999999999999,-0.00026,0.00035499999999999996
2021-09-09,-0.005089,-0.004693,-0.004201,-0.003669,-0.0031019999999999997,-0.002519,-0.001901,-0.00125,-0.000612,-2e-06
2021-09-10,-0.005058,-0.004617,-0.004058,-0.0035075,-0.0028499999999999997,-0.002277,-0.00164,-0.000974,-0.00033,0.00029
2021-09-13,-0.005056000000000001,-0.004598,-0.004032,-0.003485,-0.002825,-0.0022489999999999997,-0.001605,-0.00094,-0.00029,0.000328
2021-09-14,-0.0050609999999999995,-0.00461,-0.004077,-0.003535,-0.002906,-0.0023,-0.0017050000000000001,-0.00106,-0.000424,0.000205
2021-09-15,-0.0050539999999999995,-0.004574,-0.003986,-0.0034000000000000002,-0.0027150000000000004,-0.002109,-0.001459,-0.00078,-0.000129,0.000513
2021-09-16,-0.005037000000000001,-0.004505,-0.003902,-0.0033239999999999997,-0.0026745000000000002,-0.002031,-0.001372,-0.0007000000000000001,-3.7000000000000005e-05,0.0006180000000000001
2021-09-17,-0.005059,-0.004503,-0.003852,-0.0032,-0.00248,-0.001802,-0.001121,-0.000433,0.000246,0.000886
2021-09-20,-0.00506,-0.004493,-0.003892,-0.0033,-0.002585,-0.001929,-0.00134,-0.0006140000000000001,-2.6e-05,0.000655
2021-09-21,-0.0050739999999999995,-0.004506,-0.003912,-0.0033,-0.002577,-0.00193,-0.001337,-0.00068,-4.2e-05,0.000588
2021-09-22,-0.005032999999999999,-0.0044605,-0.003845,-0.0032600000000000003,-0.00263,-0.00201,-0.001396,-0.000775,-0.0001525,0.000453
2021-09-23,-0.005024999999999999,-0.004312,-0.0035870000000000003,-0.0028899999999999998,-0.002105,-0.0014594999999999999,-0.000825,-0.000114,0.000445,0.0011025
2021-09-24,-0.004998,-0.004309,-0.003545,-0.0028000000000000004,-0.001965,-0.0013,-0.000623,5.7e-05,0.000723,0.001353
2021-09-27,-0.00498,-0.004272000000000001,-0.0034960000000000004,-0.002721,-0.001915,-0.0012195,-0.00055,0.000196,0.000794,0.0014425
2021-09-28,-0.004987,-0.004236,-0.003416,-0.0026274999999999996,-0.0017649999999999999,-0.0010580000000000001,-0.00034250000000000003,0.00035999999999999997,0.001036,0.00167
2021-09-29,-0.004991,-0.004252000000000001,-0.0034720000000000003,-0.0026750000000000003,-0.0018679999999999999,-0.001135,-0.000398,0.000301,0.0009175,0.001673
2021-09-30,-0.0050219999999999996,-0.004292000000000001,-0.0035125,-0.002721,-0.0019270000000000001,-0.001171,-0.000421,0.000285,0.00094,0.0016300000000000002
2021-10-01,-0.005044,-0.00437,-0.0036170000000000004,-0.0028499999999999997,-0.0020675,-0.0013189999999999999,-0.000589,0.000131,0.00082,0.001465
2021-10-04,-0.005058,-0.004391,-0.003647,-0.0028599999999999997,-0.002052,-0.001271,-0.0005340000000000001,0.000195,0.0008724999999999999,0.001547
2021-10-05,-0.0050360000000000005,-0.0043230000000000005,-0.0035275000000000003,-0.0026875,-0.001795,-0.0010119999999999999,-0.000302,0.00049,0.001148,0.0018599999999999999
2021-10-06,-0.005007500000000001,-0.004246,-0.003425,-0.002605,-0.0017569999999999999,-0.000956,-0.00018999999999999998,0.0005600000000000001,0.001261,0.001921
2021-10-07,-0.004987,-0.004225,-0.0033950000000000004,-0.0025979999999999996,-0.001771,-0.0009710000000000001,-0.00017,0.0005949999999999999,0.0012900000000000001,0.0019470000000000002
2021-10-08,-0.004899,-0.004062,-0.0031369999999999996,-0.002283,-0.0013850000000000002,-0.000601,0.000173,0.000982,0.001648,0.0023325
2021-10-11,-0.0049,-0.003933,-0.00292,-0.001967,-0.001015,-0.000169,0.000582,0.001396,0.0020599999999999998,0.002775
2021-10-12,-0.004875,-0.00376,-0.0026075,-0.0016725000000000002,-0.00074,0.0003725,0.0008824999999999999,0.0018525,0.0023175,0.0032024999999999996
2021-10-13,-0.004915,-0.003826,-0.0027069999999999998,-0.001781,-0.0008799999999999999,-0.00010899999999999999,0.00062,0.00131,0.0019500000000000001,0.00256
2021-10-14,-0.004995,-0.004079999999999999,-0.003124,-0.002283,-0.0014824999999999999,-0.0006990000000000001,-2e-05,0.000726,0.00132,0.001975
2021-10-15,-0.00498,-0.003907,-0.0028179999999999998,-0.002108,-0.001235,-0.00045900000000000004,0.000225,0.000986,0.001593,0.002245
2021-10-18,-0.004789,-0.0033889999999999997,-0.002201,-0.001373,-0.000665,2e-05,0.0007525,0.0014030000000000002,0.0018925,0.0024725
2021-10-19,-0.004796,-0.0033805000000000003,-0.002134,-0.0012850000000000001,-0.000479,0.00025,0.00094,0.001599,0.002209,0.0027589999999999997
2021-10-20,-0.004912000000000001,-0.003711,-0.0025740000000000003,-0.001679,-0.000805,-0.0001,0.0006238,0.0012900000000000001,0.00193,0.00251
2021-10-21,-0.004806,-0.0033139999999999997,-0.0019500000000000001,-0.001158,-0.0004,0.00033,0.00101,0.0016350000000000002,0.0022625,0.0027600000000000003
2021-10-22,-0.004843,-0.0033415,-0.001951,-0.00115,-0.000235,0.000481,0.001083,0.0017230000000000001,0.00231,0.002815
2021-10-25,-0.004884,-0.0034649999999999998,-0.002101,-0.0012280000000000001,-0.00042,0.000306,0.00099,0.0016359999999999999,0.002233,0.0027700000000000003
2021-10-26,-0.004902,-0.0034360000000000003,-0.002058,-0.00117,-0.000344,0.000329,0.000974,0.001595,0.002166,0.0026910000000000002
2021-10-27,-0.0046960000000000005,-0.003087,-0.0018360000000000002,-0.001194,-0.000575,-2e-05,0.00053,0.00105,0.00155,0.00203
2021-10-28,-0.0044540000000000005,-0.002593,-0.0013009999999999999,-0.000785,-0.00017,0.00040500000000000003,0.00097,0.0015149999999999999,0.00202,0.00248
2021-10-29,-0.004425,-0.002236,-0.000751,-0.000145,0.00042500000000000003,0.000954,0.0014000000000000002,0.001905,0.0023799999999999997,0.002835
2021-11-01,-0.004596,-0.0025740000000000003,-0.0011005,-0.000556,0.00026599999999999996,0.00082,0.00135,0.0018440000000000002,0.0023610000000000003,0.002761
2021-11-02,-0.004824999999999999,-0.0031609999999999997,-0.001823,-0.00116,-0.000516,1.7e-05,0.000533,0.0010739999999999999,0.001603,0.002078
2021-11-03,-0.004895,-0.0033489999999999995,-0.002076,-0.001055,-0.0004,9.95e-05,0.00061,0.001177,0.0016275,0.0021425
2021-11-04,-0.00491,-0.0036409999999999997,-0.0025779999999999996,-0.001983,-0.0014299999999999998,-0.00084,-0.00023349999999999998,0.00037999999999999997,0.0009815,0.0015205
2021-11-05,-0.004926,-0.003723,-0.0027300000000000002,-0.0020930000000000002,-0.0015675,-0.0010515,-0.00055,8e-06,0.0005275,0.0010249999999999999
2021-11-08,-0.004879,-0.003458,-0.0023344999999999998,-0.0018,-0.0013,-0.0007620000000000001,-0.00020899999999999998,0.00035249999999999995,0.0009185,0.0014219999999999999
2021-11-09,-0.004886,-0.0035830000000000002,-0.0025580000000000004,-0.001997,-0.0015199999999999999,-0.00105,-0.0005725,-5.7999999999999994e-05,0.00046499999999999997,0.000935
2021-11-10,-0.0047139999999999994,-0.002999,-0.0017230000000000001,-0.0011825,-0.0007049999999999999,-0.00025499999999999996,0.0002005,0.0007074999999999999,0.00121,0.00168
2021-11-11,-0.004664,-0.002764,-0.0013020000000000002,-0.000808,-0.000322,9.900000000000001e-05,0.00054,0.0010299999999999999,0.0015199999999999999,0.00197
2021-11-12,-0.004792,-0.0032,-0.001928,-0.001261,-0.0007019999999999999,-0.0002,0.000289,0.00083,0.001358,0.0018479999999999998
2021-11-15,-0.004815,-0.003229,-0.00199,-0.0012640000000000001,-0.000659,-0.000139,0.00037999999999999997,0.0009299999999999999,0.00147,0.00197
2021-11-16,-0.004823,-0.003215,-0.001972,-0.001288,-0.000675,-0.000177,0.0003675,0.0009215,0.00149,0.002
2021-11-17,-0.004923,-0.0033750000000000004,-0.002149,-0.001442,-0.0008500000000000001,-0.00028199999999999997,0.00027,0.000851,0.0014099999999999998,0.0019375
2021-11-18,-0.004934,-0.003453,-0.002221,-0.0015279999999999998,-0.000895,-0.000401,0.00012,0.00068,0.0012389999999999999,0.0017375
2021-11-19,-0.00496,-0.003588,-0.002388,-0.00189,-0.0014215,-0.000901,-0.00042750000000000004,0.00014000000000000001,0.0006575,0.0011675000000000001
2021-11-22,-0.004906,-0.003485,-0.002264,-0.001683,-0.0011675000000000001,-0.000613,-0.00010999999999999999,0.00043999999999999996,0.001,0.0015199999999999999
2021-11-23,-0.00484,-0.0033850000000000004,-0.0021460000000000003,-0.001298,-0.00065,-6.5e-05,0.000505,0.00111,0.00168,0.002235
2021-11-24,-0.004912000000000001,-0.003449,-0.0021365,-0.001355,-0.0007174999999999999,-0.000105,0.000485,0.0011135000000000001,0.0017100000000000001,0.00227
2021-11-25,-0.0049380000000000005,-0.003513,-0.0022489999999999997,-0.001461,-0.0008150000000000001,-0.00021,0.0003725,0.0009775,0.00158,0.00214
2021-11-26,-0.00501,-0.0038179999999999998,-0.002785,-0.0021,-0.00145,-0.000887,-0.00037999999999999997,0.000234,0.0008,0.0013650000000000001
2021-11-29,-0.004978,-0.003684,-0.002512,-0.001824,-0.001215,-0.0006510000000000001,-9.599999999999999e-05,0.00046499999999999997,0.001055,0.0016385
2021-11-30,-0.004954,-0.0036009999999999996,-0.002424,-0.0017879999999999999,-0.0012225,-0.000707,-0.00025299999999999997,0.000317,0.0008,0.00135
2021-12-01,-0.0049380000000000005,-0.0036109999999999996,-0.002461,-0.0017130000000000001,-0.0011899999999999999,-0.0007099999999999999,-0.00025,0.00024,0.00075,0.00124
2021-12-02,-0.004937,-0.003556,-0.002381,-0.00183,-0.0013275000000000001,-0.000834,-0.00041,0.000132,0.00062,0.0011625000000000001
2021-12-03,-0.004947,-0.0036070000000000004,-0.0024575,-0.001931,-0.001466,-0.001028,-0.00057,-6.9e-05,0.00043999999999999996,0.000953
2021-12-06,-0.004899,-0.003498,-0.002312,-0.001867,-0.001352,-0.000935,-0.00046899999999999996,2.2499999999999998e-05,0.000539,0.001002
2021-12-07,-0.004868,-0.0034765,-0.002381,-0.0017175,-0.00117,-0.0007895,-0.00039,0.0001035,0.000558,0.001095
2021-12-08,-0.004852,-0.003408,-0.002203,-0.0014475,-0.0009125,-0.0004825,-2e-05,0.000497,0.00099,0.00148
2021-12-09,-0.004886,-0.0035345,-0.0024295,-0.00178,-0.0012425,-0.0008100000000000001,-0.00034,0.00016,0.0006450000000000001,0.00116
2021-12-10,-0.004927,-0.0036185,-0.0024690000000000003,-0.0017599999999999998,-0.0011925,-0.00078,-0.00032,0.000184,0.0006510000000000001,0.001145
2021-12-13,-0.004965,-0.003629,-0.002551,-0.001902,-0.0013800000000000002,-0.0010199999999999999,-0.0005899999999999999,-0.00013,0.000363,0.00083
2021-12-14,-0.004917,-0.003528,-0.002383,-0.0017649999999999999,-0.00127,-0.0008575000000000001,-0.00043,3e-05,0.000503,0.001045
2021-12-15,-0.004867,-0.00334,-0.002162,-0.001585,-0.001075,-0.0007199999999999999,-0.0003,0.000222,0.0006479999999999999,0.0011849999999999999
2021-12-16,-0.005009,-0.0035809999999999995,-0.0024385,-0.0016725000000000002,-0.0011775,-0.0007689999999999999,-0.00029499999999999996,0.0001825,0.000649,0.0011799999999999998
2021-12-17,-0.005111,-0.0037459999999999998,-0.0025900000000000003,-0.0018579999999999998,-0.001315,-0.0008690000000000001,-0.00048,-1.25e-05,0.0004825,0.000973
2021-12-20,-0.005117,-0.0036969999999999998,-0.002433,-0.00179,-0.001225,-0.000739,-0.0003,0.000276,0.00074,0.001315
2021-12-21,-0.005028,-0.003539,-0.002297,-0.0014349999999999999,-0.000775,-0.00033,0.00023,0.0008359999999999999,0.00132,0.001925
2021-12-22,-0.004931,-0.0033179999999999998,-0.001982,-0.00117,-0.000585,-3.9e-05,0.00042,0.0009635000000000001,0.001478,0.00201
2021-12-23,-0.004868,-0.0032,-0.00184,-0.00094,-0.000285,0.000268,0.00079,0.001345,0.001885,0.00245
2021-12-24,-0.0048649999999999995,-0.0032,-0.00183,-0.00094,-0.0003,0.00025,0.0008,0.00132,0.00189,0.00247
2021-12-27,-0.004883,-0.003085,-0.0016223000000000001,-0.0006995,-0.00012,0.000392,0.0008849999999999999,0.0014089999999999999,0.001938,0.0024405
2021-12-28,-0.004883,-0.003,-0.001495,-0.0006526,-6.6e-05,0.000444,0.0009229999999999999,0.0014445,0.0019775,0.00248
2021-12-29,-0.004824999999999999,-0.00297,-0.00147,-0.00048,0.00024,0.00082,0.0013700000000000001,0.00194,0.002525,0.0030399999999999997
2021-12-30,-0.00486,-0.002952,-0.001462,-0.0005025,0.00016,0.000741,0.0012900000000000001,0.0018599999999999999,0.002438,0.003
2021-12-31,-0.00484,-0.0029575,-0.00147,-0.0005099999999999999,0.00017,0.00075,0.0012900000000000001,0.0018599999999999999,0.00245,0.00301
2022-01-03,-0.00481,-0.0028000000000000004,-0.001225,-0.00023,0.00045,0.0010680000000000002,0.0016300000000000002,0.00221,0.0028095,0.003376
2022-01-04,-0.0048,-0.0028599999999999997,-0.0012900000000000001,-0.000257,0.00042,0.0010199999999999999,0.00159,0.00217,0.002765,0.00334
2022-01-05,-0.00486,-0.00293,-0.0013700000000000001,-0.0003725,0.00031,0.0009299999999999999,0.00153,0.0021325,0.0027700000000000003,0.0033025
2022-01-06,-0.00481,-0.0027725,-0.0011749999999999998,-0.0001,0.000558,0.001193,0.0018,0.002393,0.002983,0.003538
2022-01-07,-0.00479,-0.002662,-0.000985,5e-05,0.0007675,0.0013800000000000002,0.0019775,0.0025575,0.003128,0.0036625000000000004
2022-01-10,-0.004755,-0.002624,-0.0009299999999999999,0.0001,0.000878,0.0015199999999999999,0.00211,0.0027050000000000004,0.003303,0.003808
2022-01-11,-0.00466,-0.002448,-0.00075,0.00032,0.00107,0.00161,0.002308,0.00291,0.003374,0.0039829999999999996
2022-01-12,-0.004638,-0.00255,-0.000963,6.5e-05,0.00075,0.0014099999999999998,0.0019525,0.0025740000000000003,0.00315,0.0036249999999999998
2022-01-13,-0.0046760000000000005,-0.002635,-0.00106,-0.00012,0.00055,0.001196,0.00168,0.002243,0.002785,0.0033350000000000003
2022-01-14,-0.004563,-0.0023125000000000003,-0.00067,0.00035499999999999996,0.0010299999999999999,0.00168,0.0022400000000000002,0.0027900000000000004,0.00337,0.00388
2022-01-17,-0.004508,-0.00223,-0.00054,0.000495,0.00122,0.001804,0.0023899999999999998,0.00295,0.003505,0.003985
2022-01-18,-0.004495,-0.0021975,-0.00047,0.00053,0.00128,0.00191,0.00251,0.0031,0.0036509999999999997,0.00419
2022-01-19,-0.004493,-0.002295,-0.00058,0.0004725,0.0012275,0.00187,0.0024475,0.00302,0.00359,0.0040975000000000004
2022-01-20,-0.004511,-0.0023175,-0.00058,0.00045900000000000004,0.0012025,0.0017699999999999999,0.0023899999999999998,0.0029725000000000003,0.0034799999999999996,0.00402
2022-01-21,-0.0045579999999999996,-0.002431,-0.0007174999999999999,0.000297,0.0010249999999999999,0.001573,0.0021655,0.0027425,0.00329,0.003785
2022-01-24,-0.00457,-0.0025224999999999996,-0.000853,0.000128,0.00079,0.0014399999999999999,0.00196,0.00252,0.003084,0.0035399999999999997
2022-01-25,-0.0045579999999999996,-0.0024324999999999998,-0.0007030000000000001,0.000285,0.0011125,0.00178,0.00221,0.0028925,0.0033650000000000004,0.00395
2022-01-26,-0.00452,-0.00232,-0.00065,0.000386,0.001095,0.00189,0.00227,0.0028399999999999996,0.0033675,0.00388
2022-01-27,-0.00441,-0.0019850000000000002,-0.00026,0.00073,0.0013675,0.001901,0.00243,0.00294,0.0034899999999999996,0.0038565
2022-01-28,-0.004357,-0.0018,1e-05,0.0010375,0.00168,0.0022170000000000002,0.0027375,0.00322,0.0037099999999999998,0.00417
2022-01-31,-0.004079999999999999,-0.00116,0.00073,0.00172,0.0023499999999999997,0.002825,0.0032600000000000003,0.00375,0.00419,0.0046025
2022-02-01,-0.0040550000000000004,-0.00117,0.000731,0.00183,0.00246,0.003023,0.0034200000000000003,0.003881,0.0044,0.0047775000000000005
2022-02-02,-0.003975,-0.0009,0.00106,0.002165,0.0027900000000000004,0.00329,0.0037099999999999998,0.00411,0.00458,0.00496
2022-02-03,-0.0033,0.0005055,0.00263,0.0036,0.0042,0.00452,0.0048925,0.0052075,0.005528999999999999,0.0058475
2022-02-04,-0.0028475,0.00149,0.00361,0.0045674999999999995,0.00504,0.0053525,0.00561,0.0059074999999999996,0.0062,0.00644
2022-02-07,-0.0028100000000000004,0.001368,0.0035199999999999997,0.0047799999999999995,0.005370000000000001,0.0056825,0.00605,0.006367500000000001,0.00668,0.006979999999999999
2022-02-08,-0.002875,0.00151,0.0038,0.0052,0.0059099999999999995,0.006353,0.006710000000000001,0.0070475,0.007364000000000001,0.00773
2022-02-09,-0.0029549999999999997,0.00122,0.003515,0.00477,0.00545,0.0058425000000000005,0.00626,0.0066,0.0069,0.00728
2022-02-10,-0.002452,0.00242,0.00498,0.005789,0.006690000000000001,0.0070999999999999995,0.0072299999999999994,0.00777,0.00791,0.00821
2022-02-11,-0.0025315,0.00226,0.004736000000000001,0.005995,0.0064800000000000005,0.00695,0.00748,0.00774,0.008289,0.00855
2022-02-14,-0.002496,0.002326,0.004753,0.005982499999999999,0.0066300000000000005,0.00714,0.00758,0.008,0.0083775,0.00874
2022-02-15,-0.002611,0.002075,0.004424,0.005639999999999999,0.00632,0.006901000000000001,0.0073525,0.00782,0.008282000000000001,0.00864
2022-02-16,-0.0028060000000000003,0.0017299999999999998,0.00409,0.00534,0.00602,0.006540000000000001,0.007019999999999999,0.00746,0.007858,0.008235
2022-02-17,-0.002999,0.00132,0.00361,0.0048625000000000005,0.0056525,0.00618,0.00666,0.00714,0.007594999999999999,0.008
2022-02-18,-0.00306,0.00115,0.0033729999999999997,0.004546,0.00523,0.00584,0.00632,0.006840000000000001,0.007322499999999999,0.0077625
2022-02-21,-0.00301,0.00126,0.0035310000000000003,0.00479,0.00555,0.006102499999999999,0.00661,0.00709,0.00755,0.007995
2022-02-22,-0.002946,0.0016200000000000001,0.0039700000000000004,0.00525,0.00596,0.0064325,0.0069475,0.0074199999999999995,0.007850000000000001,0.00826
2022-02-23,-0.002841,0.0018775,0.00428,0.005560000000000001,0.0062475000000000004,0.00674,0.00718,0.0076100000000000004,0.008002500000000001,0.0084
2022-02-24,-0.0031875,0.00128,0.003671,0.00487,0.005582500000000001,0.00613,0.0066500000000000005,0.007141,0.007627500000000001,0.008060000000000001
2022-02-25,-0.0030930000000000003,0.001581,0.00406,0.005385,0.00619,0.006790000000000001,0.00731,0.00782,0.00831,0.00876
2022-02-28,-0.00361,0.00026,0.0025440000000000003,0.0038050000000000002,0.004595,0.0056875,0.006059999999999999,0.006725,0.00733,0.0079
2022-03-01,-0.0039875,-0.00084,0.00089,0.0023599999999999997,0.0032300000000000002,0.003903,0.00469,0.00532,0.0059499999999999996,0.00653
2022-03-02,-0.0035759999999999998,0.000107,0.00216,0.00335,0.0041199999999999995,0.004782,0.00538,0.00599,0.00657,0.00709
2022-03-03,-0.003312,0.0005,0.0023599999999999997,0.00364,0.0043815,0.004902500000000001,0.0055000000000000005,0.00628,0.006883,0.0074399999999999996
2022-03-04,-0.003423,7.25e-05,0.0018260000000000001,0.00296,0.00385,0.00461,0.0053100000000000005,0.00598,0.006498,0.00718
2022-03-07,-0.00306,0.00035999999999999997,0.00202,0.0032825,0.00424,0.00494,0.005580000000000001,0.00622,0.0067374999999999996,0.00733
2022-03-08,-0.002732,0.00095,0.00272,0.004050000000000001,0.00515,0.005772,0.00656,0.007209999999999999,0.0076975,0.00838
2022-03-09,-0.002509,0.0013089999999999998,0.003114,0.00446,0.00553,0.00633,0.0070599999999999994,0.00775,0.008394,0.009000000000000001
2022-03-10,-0.002083,0.0025719999999999996,0.0046029999999999995,0.00571,0.006520000000000001,0.0072299999999999994,0.0079,0.008451,0.00904,0.009615
2022-03-11,-0.0020599999999999998,0.002712,0.00489,0.00592,0.006790000000000001,0.00739,0.00779,0.00844,0.008917000000000001,0.0093825
2022-03-14,-0.001911,0.00314,0.0054,0.0066500000000000005,0.007565,0.008159999999999999,0.00875,0.00933,0.009941,0.01046
2022-03-15,-0.001973,0.002777,0.00502,0.0062900000000000005,0.00729,0.00799,0.00851,0.00922,0.00982,0.010280000000000001
2022-03-16,-0.0016675000000000001,0.0032575,0.0053100000000000005,0.0067,0.00773,0.008369999999999999,0.00892,0.00947,0.01002,0.010549999999999999
2022-03-17,-0.002014,0.00268,0.0049,0.0063,0.00732,0.007940000000000001,0.0085,0.00905,0.009599,0.010129999999999998
2022-03-18,-0.0018325,0.002797,0.005,0.00633,0.00732,0.007921000000000001,0.0085,0.00906,0.00957,0.01012
2022-03-21,-0.001681,0.003397,0.005762000000000001,0.007039999999999999,0.008032000000000001,0.008738000000000001,0.0093045,0.009882,0.010419000000000001,0.01099
2022-03-22,-0.00159,0.0038125,0.00628,0.00754,0.008409999999999999,0.009056999999999999,0.009649999999999999,0.0102,0.010742499999999999,0.01127
2022-03-23,-0.0016539999999999999,0.00356,0.0059819999999999995,0.0072,0.00799,0.008661,0.00916,0.0096925,0.0102,0.010727500000000001
2022-03-24,-0.00147,0.0041925,0.006774,0.00801,0.00882,0.009439,0.00992,0.01043,0.0109595,0.01141
2022-03-25,-0.0012075,0.004778,0.0075,0.0088625,0.009689999999999999,0.01018,0.0106,0.01106,0.011430000000000001,0.011890000000000001
2022-03-28,-0.001021,0.00494,0.007667,0.00894,0.0097475,0.010280000000000001,0.010700000000000001,0.011161,0.0116,0.01202
2022-03-29,-0.0007729999999999999,0.005600000000000001,0.00847,0.009752499999999999,0.01046,0.01095,0.01135,0.01176,0.012159999999999999,0.01253
2022-03-30,-0.0005275,0.006212499999999999,0.009033,0.010308999999999999,0.01097,0.01141,0.011699999999999999,0.012110000000000001,0.012325,0.01275
2022-03-31,-0.0008740000000000001,0.005350000000000001,0.007980000000000001,0.009182000000000001,0.00984,0.010369,0.0106975,0.011115900000000001,0.011577500000000001,0.0119525
2022-04-01,-0.0008375,0.005423,0.008060000000000001,0.009355,0.01,0.0104895,0.01081,0.01119,0.011629,0.01195
2022-04-04,-0.000835,0.005464,0.00818,0.00929,0.00986,0.010249999999999999,0.01057,0.01097,0.0113515,0.011659999999999998
2022-04-05,-0.0005775,0.0061475,0.00904,0.01023,0.01089,0.01127,0.011619999999999998,0.01202,0.012382500000000001,0.01274
2022-04-06,-0.000575,0.00614,0.00907,0.01024,0.01089,0.011472,0.011850000000000001,0.012310000000000001,0.01276,0.01318
2022-04-07,-0.0004125,0.006405999999999999,0.00935,0.010589999999999999,0.01123,0.011760999999999999,0.01214,0.012589999999999999,0.013080000000000001,0.01344
2022-04-08,3e-05,0.00733,0.0102925,0.011430000000000001,0.012,0.012388999999999999,0.012809999999999998,0.01322,0.01361,0.01397
2022-04-11,0.000258,0.00776,0.0108,0.01206,0.01274,0.013267,0.013640000000000001,0.014079999999999999,0.014577,0.01493
2022-04-12,6.2e-05,0.0072299999999999994,0.010253000000000002,0.01163,0.01242,0.012969999999999999,0.013452500000000001,0.013997500000000001,0.0144825,0.0149225
2022-04-13,0.000273,0.00732,0.0103,0.011609000000000001,0.01242,0.01298,0.01343,0.013945,0.014459999999999999,0.01482
2022-04-14,0.0002,0.0070750000000000006,0.01024,0.011819999999999999,0.01283,0.01348,0.014070000000000001,0.014644999999999998,0.0152475,0.01573
2022-04-15,0.00021999999999999998,0.00716,0.0103,0.011850000000000001,0.0128,0.01348,0.014070000000000001,0.014650000000000002,0.01521,0.01572
2022-04-18,0.00021999999999999998,,,,,0.01348,,,0.01521,
2022-04-19,0.000121,0.0071730000000000006,0.01043,0.012110000000000001,0.01312,0.013897999999999999,0.01458,0.015189999999999999,0.0158425,0.01637
2022-04-20,0.0001875,0.006942500000000001,0.010085,0.01176,0.01275,0.0133775,0.01403,0.0146,0.0150575,0.01566
2022-04-21,0.0010875,0.008350999999999999,0.01137,0.012929999999999999,0.013859999999999999,0.01448,0.01497,0.015529999999999999,0.01603,0.01646
2022-04-22,0.001817,0.009292,0.01225,0.013580000000000002,0.014337500000000001,0.014883,0.0153575,0.01584,0.016293,0.016739999999999998
2022-04-25,0.001628,0.00839,0.011067,0.0123725,0.01316,0.0138525,0.01436,0.014910000000000001,0.015487500000000001,0.01593
2022-04-26,0.0016025,0.0083,0.010835,0.01228,0.013009999999999999,0.013532500000000001,0.014190000000000001,0.01472,0.0151525,0.015700000000000002
2022-04-27,0.0014810000000000001,0.007956,0.010545,0.0119275,0.01276,0.013409500000000001,0.0140125,0.0146175,0.0151775,0.015700000000000002
2022-04-28,0.0020875,0.0090275,0.011667499999999999,0.012995000000000001,0.013819999999999999,0.01448,0.01509,0.01568,0.016220000000000002,0.01676
2022-04-29,0.00261,0.009712499999999999,0.0122975,0.01355,0.01433,0.01497,0.015560000000000001,0.016135,0.016730000000000002,0.017204999999999998
2022-05-02,0.00266,0.00962,0.01232,0.01367,0.0145425,0.0153325,0.01587,0.016495,0.017131,0.01761
2022-05-03,0.0028725,0.0100625,0.01276,0.01399,0.01482,0.01544,0.016,0.01656,0.01711,0.01758
2022-05-04,0.0028510000000000002,0.0100725,0.012729999999999998,0.01403,0.014839999999999999,0.01547,0.016025,0.01659,0.0171,0.017605
2022-05-05,0.0028610000000000003,0.010127500000000001,0.012905,0.014257500000000001,0.01517,0.015925,0.01651,0.01712,0.0177,0.01823
2022-05-06,0.003118,0.0107475,0.013720000000000001,0.01518,0.01624,0.017008000000000002,0.01753,0.01831,0.01891,0.019299999999999998
2022-05-09,0.002966,0.0100725,0.0129925,0.014695,0.01583,0.016694,0.017505,0.018234999999999998,0.018905,0.019530000000000002
2022-05-10,0.00264,0.009429,0.01228,0.0138925,0.01504,0.0159525,0.01668,0.017390000000000003,0.01806,0.01866
2022-05-11,0.0024354999999999997,0.00879,0.011519999999999999,0.01313,0.01423,0.015149999999999999,0.01593,0.01663,0.01733,0.01795
2022-05-12,0.0020025,0.007754,0.01026,0.01175,0.01286,0.013762000000000002,0.01452,0.01524,0.01591,0.01653
2022-05-13,0.0022075,0.0079475,0.010369999999999999,0.01201,0.01322,0.0141805,0.01502,0.01576,0.01649,0.017159999999999998
2022-05-16,0.0026325,0.0083675,0.010620000000000001,0.012159999999999999,0.01313,0.01401,0.014910000000000001,0.0154805,0.01617,0.0168905
2022-05-17,0.0033434999999999997,0.0092975,0.01159,0.01299,0.014110000000000001,0.0149395,0.015635,0.016390000000000002,0.01705,0.0176655
2022-05-18,0.0037595000000000003,0.009643500000000001,0.01191,0.01317,0.014159999999999999,0.0149195,0.015569999999999999,0.01623,0.01684,0.017392499999999998
2022-05-19,0.0039595,0.00974,0.01194,0.01314,0.01402,0.0146905,0.01524,0.01586,0.01641,0.01686
2022-05-20,0.003806,0.009130000000000001,0.01119,0.01253,0.013420000000000001,0.01417,0.0148905,0.01546,0.01613,0.0167095
2022-05-23,0.0040305,0.009802499999999999,0.0119265,0.01325,0.0141695,0.014899500000000001,0.015535,0.0161425,0.016730000000000002,0.017285
2022-05-24,0.0040435,0.00946,0.01133,0.01265,0.01365,0.014426000000000001,0.015,0.01565,0.01626,0.016819999999999998
2022-05-25,0.004118,0.0093295,0.0113225,0.01269,0.01373,0.014516,0.01521,0.01589,0.016503,0.01712
2022-05-26,0.003967,0.009285,0.011470000000000001,0.01286,0.013919999999999998,0.0147895,0.015575,0.01631,0.01698,0.0176405
2022-05-27,0.004103,0.00947,0.01154,0.0128,0.01377,0.014569499999999999,0.015300000000000001,0.016,0.016658,0.0172795
2022-05-30,0.0044715,0.010260499999999999,0.0123415,0.013540000000000002,0.014439500000000001,0.015184999999999999,0.01585,0.0165005,0.01712,0.017815
2022-05-31,0.004774,0.0107945,0.0129175,0.014159999999999999,0.0150295,0.01591,0.01649,0.0171505,0.01788,0.018489500000000002
2022-06-01,0.00511,0.011410499999999999,0.01363,0.014830000000000001,0.0157575,0.0164395,0.01709,0.0177505,0.018366,0.018949499999999998
2022-06-02,0.005506,0.012,0.01433,0.01564,0.01652,0.017174000000000002,0.017769999999999998,0.01836,0.018921,0.01949
2022-06-03,0.005917,0.01257,0.01494,0.01614,0.01699,0.017608,0.01817,0.01874,0.019295,0.019799999999999998
2022-06-06,0.00616,0.0128575,0.015172000000000001,0.01644,0.0173395,0.018033,0.018520000000000002,0.019099500000000002,0.01967,0.0202655
2022-06-07,0.006343,0.0128165,0.0150265,0.01625,0.0172005,0.017726,0.018340000000000002,0.0189305,0.01947,0.020069499999999997
2022-06-08,0.006641,0.0130925,0.015379499999999999,0.016659999999999998,0.0176405,0.0182405,0.01883,0.0194405,0.0200375,0.0205795
2022-06-09,0.007712,0.014572499999999999,0.0167385,0.01794,0.01873,0.019289,0.01977,0.02031,0.0208,0.0213105
2022-06-10,0.00866,0.0157325,0.0179205,0.01907,0.0198325,0.020386,0.0206725,0.0211305,0.021622,0.0220305
2022-06-13,0.009687,0.0178795,0.020214500000000003,0.0212175,0.02183,0.022220499999999997,0.02255,0.022959999999999998,0.023348,0.023720500000000002
2022-06-14,0.011401,0.0199715,0.0221155,0.023119999999999998,0.0237695,0.024333,0.0247425,0.0252445,0.025785,0.0261975
2022-06-15,0.010194000000000002,0.017589999999999998,0.01981,0.02106,0.02194,0.021555,0.02298,0.02352,0.02404,0.024499499999999997
2022-06-16,0.011211,0.018420000000000002,0.02068,0.021955,0.022835,0.023322,0.023784999999999997,0.02427,0.024725,0.02512
2022-06-17,0.010704,0.0176,0.01991,0.02109,0.02186,0.0225,0.02292,0.02338,0.023950999999999997,0.02429
2022-06-20,0.010845,0.0182145,0.02061,0.02204,0.02281,0.02339,0.02388,0.024352,0.024815,0.02524
2022-06-21,0.010842000000000001,0.018269999999999998,0.020649999999999998,0.022029999999999998,0.023,0.023575,0.024089999999999997,0.024550000000000002,0.024981,0.0255625
2022-06-22,0.010506,0.017373,0.019577999999999998,0.020898,0.02173,0.022330000000000003,0.02282,0.0233175,0.02376,0.02423
2022-06-23,0.0094275,0.015304,0.01685,0.01814,0.01915,0.01986,0.02045,0.021,0.021560000000000003,0.022099999999999998
2022-06-24,0.008901,0.01478,0.01671,0.0180425,0.018994999999999998,0.01978,0.02052,0.02106,0.021762,0.022330000000000003
2022-06-27,0.009326,0.015909,0.0180635,0.0192,0.02021,0.021033,0.0216675,0.022170000000000002,0.022857500000000003,0.02335
2022-06-28,0.009692,0.016316999999999998,0.01844,0.01977,0.02086,0.02167,0.02228,0.0229,0.023565,0.02408
2022-06-29,0.009439999999999999,0.01558,0.017559,0.018832500000000002,0.019895,0.020768,0.0215025,0.022171,0.022895,0.02347
2022-06-30,0.008446,0.0136425,0.015489999999999999,0.01678,0.01791,0.019030000000000002,0.01957,0.0203,0.021,0.02165
2022-07-01,0.0073809999999999995,0.012190000000000001,0.013959999999999998,0.01532,0.01659,0.017523999999999998,0.01839,0.0192,0.019921,0.0207
2022-07-04,0.00821,0.01347,0.015295000000000001,0.01655,0.01771,0.018636,0.0195,0.02029,0.02104,0.021955
2022-07-05,0.007478,0.01206,0.0137965,0.015205,0.016475,0.017490000000000002,0.01836,0.019171,0.019937,0.02069
2022-07-06,0.007496,0.0116625,0.0133065,0.01473,0.01606,0.017388,0.01788,0.018681,0.019450000000000002,0.02017
2022-07-07,0.008326,0.013112500000000001,0.0148,0.01608,0.017230000000000002,0.018218,0.01899,0.01975,0.020470000000000002,0.02117
2022-07-08,0.0087405,0.013000000000000001,0.01462,0.01607,0.01735,0.01839,0.01927,0.020059999999999998,0.0208275,0.021560000000000003
2022-07-11,0.008767500000000001,0.01252,0.013919999999999998,0.015229999999999999,0.01663,0.01766,0.018504,0.019370000000000002,0.02012,0.0208425
2022-07-12,0.008172,0.01168,0.01309,0.01444,0.01577,0.0167475,0.01754,0.01836,0.019105,0.01974
2022-07-13,0.008825,0.01229,0.01367,0.01485,0.01595,0.016819999999999998,0.017589999999999998,0.01829,0.0189475,0.01955
2022-07-14,0.00955,0.012929999999999999,0.01429,0.01538,0.0166,0.01712,0.01804,0.01884,0.01922,0.01998
2022-07-15,0.0098585,0.01283,0.014039999999999999,0.015069999999999998,0.01617,0.01701,0.017665,0.0184,0.01905,0.019610000000000002
2022-07-18,0.009919,0.01324,0.01452,0.01571,0.01675,0.01758,0.01831,0.01893,0.01955,0.0202
2022-07-19,0.010811,0.014375,0.01566,0.0167,0.01771,0.018425,0.01907,0.01968,0.02023,0.020790000000000003
2022-07-20,0.01115,0.0142375,0.01548,0.01646,0.017410000000000002,0.01802,0.018755,0.01935,0.019799999999999998,0.02046
2022-07-21,0.011599,0.01476,0.01576,0.01671,0.01763,0.01812,0.01875,0.01928,0.01973,0.02022
2022-07-22,0.010705,0.0129,0.01361,0.01452,0.01548,0.01605,0.01686,0.01747,0.01808,0.01859
2022-07-25,0.010139,0.01236,0.01314,0.01406,0.014985,0.015746,0.01643,0.017051,0.01765,0.01825
2022-07-26,0.009781,0.011855,0.01254,0.013305,0.0141,0.0149,0.01555,0.01621,0.016810000000000002,0.01738
2022-07-27,0.01044,0.01268,0.013388,0.013999999999999999,0.014790000000000001,0.01543,0.01594,0.01654,0.01705,0.01757
2022-07-28,0.009571,0.01121,0.011930000000000001,0.01262,0.013389999999999999,0.01406,0.014790000000000001,0.01543,0.015969999999999998,0.01663
2022-07-29,0.00957,0.011240000000000002,0.011890000000000001,0.012549999999999999,0.013380000000000001,0.014110000000000001,0.014650000000000002,0.01534,0.01592,0.01646
2022-08-01,0.009627,0.011311,0.0119425,0.01252,0.01325,0.01395,0.014570000000000001,0.015149999999999999,0.01572,0.0163075
2022-08-02,0.00987,0.01175,0.012390000000000002,0.013080000000000001,0.0138,0.014447000000000002,0.015009999999999999,0.01559,0.016122499999999998,0.0165825
2022-08-03,0.010222,0.0123,0.013040000000000001,0.01367,0.0144,0.01497,0.0154775,0.01598,0.01645,0.0169
2022-08-04,0.010074000000000001,0.01201,0.01254,0.0131,0.01376,0.01432,0.01476,0.01539,0.0159,0.01626
2022-08-05,0.010887,0.013389999999999999,0.01417,0.01482,0.01548,0.01602,0.01657,0.01702,0.017483,0.01802
2022-08-08,0.010958,0.013080000000000001,0.01377,0.01444,0.01508,0.015657,0.01615,0.01659,0.017070000000000002,0.017578
2022-08-09,0.01121,0.01347,0.01417,0.014747,0.0154,0.01598,0.01646,0.01694,0.017410000000000002,0.01787
2022-08-10,0.011279999999999998,0.01325,0.01395,0.014419999999999999,0.0151,0.01571,0.01609,0.0167,0.017215,0.017573000000000002
2022-08-11,0.011305,0.01365,0.01429,0.01493,0.01551,0.01615,0.01676,0.01724,0.01776,0.01831
2022-08-12,0.01141,0.01405,0.014751,0.01524,0.0158,0.016319999999999998,0.01677,0.01725,0.01771,0.01816
2022-08-15,0.010912,0.01336,0.013959999999999998,0.014459999999999999,0.014985,0.01552,0.01592,0.016390000000000002,0.01683,0.01732
2022-08-16,0.01103,0.01365,0.014379999999999999,0.01482,0.01538,0.0159275,0.01637,0.01687,0.01736,0.01781
2022-08-17,0.01204,0.015220000000000001,0.015960000000000002,0.016385,0.01675,0.017204,0.017669999999999998,0.018009999999999998,0.018420000000000002,0.01893
2022-08-18,0.01265,0.01579,0.01644,0.01684,0.0173,0.01768,0.01796,0.01841,0.018779999999999998,0.019119999999999998
2022-08-19,0.013333,0.01665,0.01764,0.01807,0.018520000000000002,0.0189,0.01924,0.0197,0.020099999999999996,0.02043
2022-08-22,0.01427,0.01813,0.01902,0.01952,0.019935,0.020293000000000002,0.020560000000000002,0.02089,0.02122,0.02157
2022-08-23,0.014235,0.01796,0.01884,0.019370000000000002,0.01985,0.02028,0.02069,0.02112,0.0215175,0.02191
2022-08-24,0.014835000000000001,0.01866,0.01956,0.020102500000000002,0.020550000000000002,0.0210365,0.021429999999999998,0.02183,0.02223,0.02265
2022-08-25,0.014702999999999999,0.01812,0.01887,0.01931,0.01976,0.02021,0.02062,0.02108,0.0215,0.0219
2022-08-26,0.01574,0.01932,0.01996,0.02062,0.021070000000000002,0.021376,0.021815,0.02213,0.022567499999999997,0.022959999999999998
2022-08-29,0.017313000000000002,0.02085,0.02146,0.02191,0.022330000000000003,0.02268,0.02306,0.02342,0.02377,0.02415
2022-08-30,0.018117,0.02137,0.02176,0.022080000000000002,0.02239,0.022690000000000002,0.023002500000000002,0.02331,0.023639999999999998,0.024009999999999997
2022-08-31,0.01845,0.021789999999999997,0.022099999999999998,0.02234,0.02261,0.0228975,0.02316,0.023450000000000002,0.023780000000000003,0.024157500000000002
2022-09-01,0.018474,0.02157,0.02185,0.02218,0.02253,0.022930000000000002,0.023298,0.02365,0.024049499999999998,0.02448
2022-09-02,0.018257000000000002,0.0209,0.021150000000000002,0.02157,0.02183,0.022250000000000002,0.022789999999999998,0.02322,0.02349,0.024125
2022-09-05,0.018742,0.02194,0.02236,0.022639999999999997,0.02302,0.023399999999999997,0.02379,0.02416,0.024611,0.025071
2022-09-06,0.018821,0.02196,0.0225,0.022892000000000003,0.023399999999999997,0.02371,0.024175,0.02459,0.025019999999999997,0.025459999999999997
2022-09-07,0.018772,0.0214975,0.02194,0.0222575,0.0227,0.023014999999999997,0.0232925,0.0236525,0.024024999999999998,0.02442
2022-09-08,0.01975,0.02262,0.022952499999999997,0.023330000000000004,0.023799999999999998,0.02412,0.02434,0.02466,0.0250225,0.02536
2022-09-09,0.020182500000000003,0.0227375,0.02303,0.02327,0.02366,0.02396,0.02423,0.024550000000000002,0.024895,0.025259999999999998
2022-09-12,0.020461999999999998,0.0226825,0.02274,0.0229325,0.0232675,0.023483999999999998,0.023690000000000003,0.0239775,0.024249999999999997,0.02461
2022-09-13,0.021498,0.023860000000000003,0.024,0.02415,0.024409999999999998,0.02458,0.02474,0.02497,0.025228,0.02552
2022-09-14,0.021911999999999997,0.024387500000000003,0.02445,0.02442,0.024550000000000002,0.024710999999999997,0.02477,0.02495,0.0251725,0.025419999999999998
2022-09-15,0.022709999999999998,0.025310000000000003,0.025249999999999998,0.0250615,0.025070000000000002,0.025076499999999998,0.0250955,0.025189499999999997,0.0253575,0.025551499999999998
2022-09-16,0.022743000000000003,0.02505,0.0248,0.02471,0.02472,0.02472,0.02476,0.024882,0.025099999999999997,0.025259999999999998
2022-09-19,0.023624999999999997,0.025929999999999998,0.02558,0.025390000000000003,0.02536,0.0253385,0.02528,0.02535,0.025495,0.02576
2022-09-20,0.024044,0.026789999999999998,0.026680000000000002,0.026515,0.026520000000000002,0.02648,0.026475,0.02656,0.026705,0.026869999999999998
2022-09-21,0.024643,0.02771,0.02762,0.027222499999999997,0.027080000000000003,0.026920000000000003,0.026789999999999998,0.026789999999999998,0.026855000000000004,0.02691
2022-09-22,0.024891,0.028220000000000002,0.02828,0.02811,0.02804,0.02788,0.027682500000000002,0.027639999999999998,0.027614999999999997,0.027679999999999996
2022-09-23,0.0255505,0.02956,0.02981,0.02948,0.02923,0.028953000000000003,0.02874,0.028610000000000003,0.02855,0.02854
2022-09-26,0.025941000000000002,0.03041,0.03096,0.030750000000000003,0.030682499999999998,0.030819,0.0303025,0.030217499999999998,0.03017,0.0301525
2022-09-27,0.026205,0.03065,0.03138,0.031407500000000005,0.0315125,0.0314025,0.03141,0.0314375,0.0314925,0.031557499999999995
2022-09-28,0.02548,0.0294475,0.03023,0.0304225,0.030520000000000002,0.0306275,0.03064,0.030721,0.0308325,0.0309745
2022-09-29,0.024956,0.02859,0.029380000000000003,0.0298825,0.0303265,0.030644,0.03079,0.030979999999999997,0.031197,0.03142
2022-09-30,0.024860000000000004,0.0282375,0.02894,0.02934,0.029660000000000002,0.02993,0.03011,0.030299999999999997,0.030520000000000002,0.030750000000000003
2022-10-03,0.02379,0.02666,0.027051,0.027424499999999997,0.027702,0.027944,0.02818,0.028380000000000002,0.0285925,0.02883
2022-10-04,0.0233575,0.02601,0.026389999999999997,0.0267125,0.027025999999999998,0.027275,0.027485,0.027715,0.02798,0.028210000000000002
2022-10-05,0.023689,0.02698,0.027679999999999996,0.028069999999999998,0.0284375,0.028727,0.028907500000000003,0.029144999999999997,0.0293875,0.02962
2022-10-06,0.025137,0.028610000000000003,0.0292475,0.02957,0.0298835,0.03008,0.030227499999999997,0.030459999999999997,0.03064,0.03081
2022-10-07,0.025854,0.02949,0.03024,0.03068,0.031030000000000002,0.031249,0.031417,0.031615000000000004,0.0318175,0.0320315
2022-10-10,0.026269,0.02997,0.030910000000000003,0.0314325,0.03196,0.032286,0.03252,0.032780000000000004,0.03304,0.0333345
2022-10-11,0.026271,0.02955,0.030285000000000003,0.0308475,0.031400000000000004,0.031800999999999996,0.0321175,0.03245,0.032752500000000004,0.033086000000000004
2022-10-12,0.02603,0.0292775,0.03018,0.0305925,0.03113,0.031615000000000004,0.0319425,0.032327499999999995,0.0326575,0.0330325
2022-10-13,0.026446,0.02979,0.03048,0.03084,0.03121,0.03157,0.03175,0.0320635,0.032332,0.032603
2022-10-14,0.026709999999999998,0.029965000000000002,0.03064,0.0310555,0.0315165,0.031875,0.032190500000000004,0.03251,0.03283,0.033155000000000004
2022-10-17,0.026671999999999998,0.02996,0.030425,0.030827,0.0312925,0.031566000000000004,0.0317225,0.031933500000000004,0.0321775,0.03243
2022-10-18,0.026581999999999998,0.02962,0.03012,0.030455,0.0308555,0.031077499999999997,0.0312595,0.031465,0.03169,0.0319475
2022-10-19,0.027111,0.030369999999999998,0.031004999999999998,0.0312275,0.031575,0.031827,0.0319225,0.0321025,0.0323025,0.0325265
2022-10-20,0.027444000000000003,0.0308475,0.03152,0.0316325,0.031875,0.0322125,0.0322125,0.0324425,0.0326375,0.032854999999999995
2022-10-21,0.026840000000000003,0.029769999999999998,0.03039,0.03076,0.0312025,0.03149,0.03178,0.03205,0.032347,0.0326515
2022-10-24,0.026729,0.029289999999999997,0.029892500000000002,0.0300275,0.030505,0.030757500000000004,0.0307925,0.03102,0.0314225,0.031665
2022-10-25,0.0262275,0.02875,0.029015,0.0291175,0.0292875,0.029416,0.029555500000000002,0.0297125,0.029922499999999998,0.03013
2022-10-26,0.025988,0.02827,0.028523999999999997,0.0287005,0.0289475,0.029075000000000004,0.0292,0.029380000000000003,0.029561,0.029805
2022-10-27,0.024977999999999997,0.0267575,0.026965,0.027089,0.02726,0.02749,0.0277,0.0279585,0.028242,0.028530000000000003
2022-10-28,0.025560999999999997,0.028140000000000002,0.02855,0.02874,0.028990000000000002,0.0291275,0.02923,0.0294,0.0296,0.029820000000000003
2022-10-31,0.026425,0.028769999999999997,0.029075000000000004,0.029147500000000003,0.0293325,0.0296425,0.02963,0.029832499999999998,0.030067499999999997,0.030314999999999998
2022-11-01,0.02667,0.02889,0.029060000000000002,0.029089999999999998,0.02921,0.029414,0.029529999999999997,0.029747,0.02997,0.03024
2022-11-02,0.026974,0.02919,0.029271500000000002,0.02928,0.02935,0.02946,0.0295835,0.029805,0.02996,0.03023
2022-11-03,0.027566,0.03005,0.03024,0.03024,0.030379999999999997,0.03047,0.03056,0.03076,0.030844,0.031120000000000002
2022-11-04,0.028092000000000002,0.03056,0.030645,0.0306105,0.030670000000000003,0.03077,0.030887500000000002,0.03102,0.031251,0.03143
2022-11-07,0.028384999999999997,0.03078,0.030713,0.03071,0.0308555,0.030899999999999997,0.03096,0.031097,0.031279,0.031506
2022-11-08,0.028378999999999998,0.030455,0.03026,0.03008,0.030056,0.03008,0.0301075,0.030238,0.0304075,0.03061
2022-11-09,0.028052999999999998,0.02959,0.0292,0.02894,0.02888,0.02888,0.02889,0.028999999999999998,0.029169999999999998,0.0293875
2022-11-10,0.02741,0.028475,0.027955,0.0275525,0.027440000000000003,0.02741,0.02748,0.02762,0.027837,0.028125
2022-11-11,0.027767499999999997,0.029140000000000003,0.028610000000000003,0.028319999999999998,0.02827,0.02828,0.02831,0.028450000000000003,0.02864,0.02891
2022-11-14,0.028018,0.029245,0.02862,0.028232499999999997,0.028125,0.0281,0.0281275,0.0282775,0.028457499999999997,0.02872
2022-11-15,0.027611,0.02879,0.02811,0.027726,0.0276,0.0275525,0.027559999999999998,0.027672500000000003,0.0278575,0.0280975
2022-11-16,0.027593999999999997,0.02848,0.027753,0.027120000000000002,0.02691,0.026770000000000002,0.02673,0.0269,0.027044000000000002,0.027248
2022-11-17,0.027625,0.028730000000000002,0.028050000000000002,0.027559999999999998,0.027334999999999998,0.027256999999999997,0.0272125,0.0273,0.0274675,0.02763
2022-11-18,0.027782499999999998,0.028769999999999997,0.02811,0.027679,0.027559999999999998,0.027405,0.0273315,0.027389999999999998,0.027473,0.027660999999999998
2022-11-21,0.027759999999999996,0.028682500000000003,0.02796,0.027487499999999998,0.027290000000000002,0.027147,0.0270825,0.027120000000000002,0.02722,0.027389999999999998
2022-11-22,0.027725,0.028464999999999997,0.027715,0.0272025,0.02697,0.026827,0.026735000000000002,0.0267535,0.02685,0.027000000000000003
2022-11-23,0.027993999999999998,0.0287,0.027877,0.027228500000000003,0.026840000000000003,0.026607,0.02644,0.0264,0.0264525,0.026539999999999998
2022-11-24,0.027881,0.028370000000000003,0.027370000000000002,0.026600000000000002,0.026125,0.025830000000000002,0.02564,0.02561,0.02563,0.02572
2022-11-25,0.028152,0.029035000000000002,0.028050000000000002,0.027407499999999998,0.02698,0.026717,0.0265975,0.026549999999999997,0.0265625,0.0266525
2022-11-28,0.028425,0.029220000000000003,0.028304999999999997,0.027644000000000002,0.02726,0.0270125,0.026832500000000002,0.0267975,0.026833,0.026945
2022-11-29,0.0281,0.028730000000000002,0.027839999999999997,0.02714,0.02674,0.0265225,0.026437,0.026467499999999998,0.02657,0.026725
2022-11-30,0.028010999999999998,0.02858,0.02767,0.02697,0.02658,0.026357,0.0262675,0.0262925,0.026389999999999997,0.026559
2022-12-01,0.027487499999999998,0.0276295,0.026524000000000002,0.025739,0.025349,0.02512,0.0250425,0.02506,0.0251975,0.02536
2022-12-02,0.027942,0.02843,0.02735,0.02656,0.02605,0.025779999999999997,0.025615000000000002,0.025607500000000002,0.025670000000000002,0.0258
2022-12-05,0.028195,0.0287,0.02765,0.0268225,0.0264,0.026122999999999997,0.0258725,0.025855000000000003,0.0259105,0.026004999999999997
2022-12-06,0.027995000000000003,0.028258000000000002,0.027115,0.026252499999999998,0.0258,0.02548,0.02528,0.025231499999999997,0.02528,0.02537
2022-12-07,0.027875999999999998,0.02802,0.026862499999999997,0.026029,0.0255875,0.02527,0.025134,0.025099999999999997,0.025177,0.0253
2022-12-08,0.028036,0.028292,0.027305000000000003,0.026415,0.026015,0.025747,0.0254525,0.0254075,0.025432,0.025547499999999997
2022-12-09,0.028260999999999998,0.028704999999999998,0.02767,0.026942499999999998,0.026565,0.026269999999999998,0.026053000000000003,0.026007500000000003,0.026045,0.02612
2022-12-12,0.028776000000000003,0.029365000000000002,0.02844,0.02754,0.02703,0.026692999999999998,0.0264125,0.026291000000000002,0.026252499999999998,0.026274000000000002
2022-12-13,0.028315,0.028759999999999997,0.02794,0.027287,0.026920000000000003,0.026578,0.0264025,0.0263325,0.0263275,0.026389999999999997
2022-12-14,0.028417500000000002,0.0286575,0.02767,0.02693,0.026534,0.02622,0.02601,0.025975,0.025939999999999998,0.02598
2022-12-15,0.029727,0.030510000000000002,0.02949,0.02871,0.028380000000000002,0.02803,0.027457500000000003,0.027376,0.027247,0.02717
2022-12-16,0.030619,0.03143,0.03023,0.02944,0.0289475,0.0286275,0.0283575,0.0282,0.0281275,0.0281075
2022-12-19,0.030899,0.031662499999999996,0.03039,0.029591,0.02913,0.028735,0.02859,0.028462499999999998,0.028411,0.0284275
2022-12-20,0.031509999999999996,0.03235,0.031115,0.03036,0.0299375,0.029670000000000002,0.02943,0.02934,0.029347500000000002,0.029372500000000003
2022-12-21,0.0318675,0.032705000000000005,0.031564999999999996,0.0308325,0.03041,0.030087000000000003,0.0299275,0.029775,0.029738,0.029795
2022-12-22,0.03223,0.03306,0.0318675,0.031190000000000002,0.0308175,0.030522999999999998,0.0303425,0.030265,0.030266,0.030295000000000002
2022-12-23,0.03262,0.033620000000000004,0.032549999999999996,0.03182,0.03142,0.031082000000000002,0.0308,0.030670000000000003,0.030619,0.03056
2022-12-27,0.03297,0.034115,0.033197000000000004,0.032573500000000005,0.0322715,0.032037,0.031805,0.03172,0.031717,0.031733
2022-12-28,0.032894,0.03379,0.03277,0.03216,0.0319,0.03169,0.031487,0.0314025,0.031396,0.0314275
2022-12-29,0.032712500000000005,0.033571,0.032569,0.031815,0.03138,0.0311525,0.030950000000000002,0.03086,0.03084,0.03084
2022-12-30,0.032786499999999996,0.03395,0.03311,0.03258,0.03239,0.03218,0.032014999999999995,0.031966,0.031981,0.032028
2023-01-02,0.032645,0.0334,0.03227,0.031569,0.03118,0.03092,0.030729000000000003,0.030633,0.03066,0.03066
2023-01-03,0.032457,0.032977,0.0317075,0.030903,0.030449999999999998,0.030121000000000002,0.029878000000000002,0.029849999999999998,0.029850500000000002,0.02988
2023-01-04,0.032185,0.03226,0.0308,0.029825499999999998,0.02926,0.028943,0.028739,0.028730000000000002,0.028789,0.02888
2023-01-05,0.0324625,0.0326625,0.03132,0.0303475,0.0297925,0.0294625,0.0292775,0.0292375,0.029282,0.0293625
2023-01-06,0.032491,0.032445,0.03082,0.029740000000000003,0.02905,0.02867,0.0284825,0.028370000000000003,0.02839,0.02846
2023-01-09,0.032605,0.03246,0.03085,0.0297375,0.029155,0.0288225,0.0285725,0.0285125,0.028534999999999998,0.02862
2023-01-10,0.0329275,0.0327,0.031035,0.0300575,0.0295625,0.029247000000000002,0.0290475,0.029009999999999998,0.0290475,0.029135
2023-01-11,0.0325675,0.0319625,0.030019999999999998,0.028900000000000002,0.028290000000000003,0.0279685,0.02775,0.027694999999999997,0.0277325,0.0278285
2023-01-12,0.032292999999999995,0.031557499999999995,0.02956,0.028363999999999997,0.027691499999999997,0.0272995,0.0270825,0.02702,0.02705,0.02713
2023-01-13,0.032786,0.0319425,0.029855,0.02858,0.027825000000000003,0.027450000000000002,0.0272075,0.02713,0.027137500000000002,0.027185
2023-01-16,0.032588,0.031712,0.029625,0.028405,0.027762500000000002,0.027376,0.027152500000000003,0.0271125,0.027137500000000002,0.027215
2023-01-17,0.031996000000000004,0.03089,0.0288025,0.027567499999999998,0.0268775,0.026462500000000003,0.0263225,0.026287500000000002,0.026347999999999996,0.026455000000000003
2023-01-18,0.031869,0.030750000000000003,0.02879,0.0274975,0.02672,0.02624,0.0260175,0.025932499999999997,0.02595,0.026025
2023-01-19,0.032311,0.03133,0.02931,0.027995000000000003,0.027280000000000002,0.026760000000000003,0.02656,0.0264325,0.026339,0.026459999999999997
2023-01-20,0.032754,0.0318925,0.02992,0.028775,0.028113000000000003,0.027690000000000003,0.027443,0.027343000000000003,0.02735,0.02742
2023-01-23,0.033098,0.03235,0.0304775,0.0292625,0.02857,0.028194,0.027922500000000003,0.0278525,0.0278925,0.027925
2023-01-24,0.0329325,0.03214,0.030245,0.02907,0.028399999999999998,0.027959,0.027719999999999998,0.027622,0.027592,0.027679999999999996
2023-01-25,0.032859,0.03191,0.030019999999999998,0.028912499999999997,0.02828,0.027832499999999996,0.027672500000000003,0.027607499999999997,0.0276275,0.0276925
2023-01-26,0.0328875,0.032135,0.030449999999999998,0.0292725,0.028655,0.02826,0.02801,0.027955,0.027970000000000002,0.028045
2023-01-27,0.033095,0.032377500000000003,0.03068,0.029542000000000002,0.028907500000000003,0.0285175,0.028319,0.028245,0.0282425,0.028335
2023-01-30,0.0335595,0.03306,0.03143,0.0303225,0.0297025,0.0293075,0.02907,0.02897,0.0289575,0.028999999999999998
2023-01-31,0.033664,0.03292,0.03116,0.030019999999999998,0.029380000000000003,0.028995000000000003,0.028784999999999998,0.028675000000000003,0.028697499999999997,0.02875
2023-02-01,0.0339,0.033025,0.031155,0.029980000000000003,0.029300000000000003,0.028887999999999997,0.02862,0.0285125,0.028495,0.0285075
2023-02-02,0.033008,0.031425,0.029220000000000003,0.027839999999999997,0.0271875,0.026964000000000002,0.02645,0.0264325,0.0264975,0.0265325
2023-02-03,0.033276,0.031939999999999996,0.02992,0.028775,0.028140000000000002,0.027770000000000003,0.027566,0.027493,0.027479,0.027596
2023-02-06,0.033620000000000004,0.0327575,0.03102,0.029921000000000003,0.029316,0.028866999999999997,0.0287225,0.028667500000000002,0.028679999999999997,0.028747500000000002
2023-02-07,0.033916,0.033085,0.0313,0.030264000000000003,0.0297,0.029348,0.0290625,0.028999999999999998,0.028999,0.02904
2023-02-08,0.0341175,0.033065000000000004,0.031239,0.03008,0.029427500000000002,0.0289325,0.028855,0.02879,0.0288125,0.02887
2023-02-09,0.034323,0.03313,0.03117,0.0299775,0.0292725,0.028956,0.028585,0.0285,0.028479,0.02851
2023-02-10,0.03458,0.03372,0.03179,0.030537,0.0298,0.02934,0.029103,0.02896,0.028939499999999996,0.028996
2023-02-13,0.034883000000000004,0.03402,0.032135,0.030852499999999998,0.0300375,0.029550999999999997,0.02924,0.0291,0.029033000000000003,0.02905
2023-02-14,0.035276999999999996,0.034829,0.03306,0.031807,0.031030000000000002,0.030488,0.03015,0.02996,0.029865,0.029849999999999998
2023-02-15,0.035425,0.03503,0.0331075,0.031875,0.031125,0.030657999999999998,0.030314999999999998,0.0301775,0.030144999999999998,0.0301575
2023-02-16,0.0355,0.035089999999999996,0.033385,0.03206,0.03121,0.030733999999999997,0.030357,0.030205000000000003,0.03016,0.030139999999999997
2023-02-17,0.035637,0.03505,0.0332825,0.03199,0.03113,0.030539999999999998,0.03017,0.029990000000000003,0.029908999999999998,0.029875
2023-02-20,0.035663,0.0352075,0.0334825,0.032240000000000005,0.03144,0.03088,0.0305,0.030289999999999997,0.0302,0.03015
2023-02-21,0.036107,0.035769999999999996,0.034144,0.03289,0.03209,0.0315825,0.031200000000000002,0.030990000000000004,0.030899999999999997,0.03085
2023-02-22,0.035896,0.0355725,0.03396,0.032786,0.03206,0.031549999999999995,0.03123,0.031058,0.030987499999999998,0.030964000000000002
2023-02-23,0.0358675,0.035535000000000004,0.03387,0.03266,0.0319,0.031347,0.030990000000000004,0.030830000000000003,0.030743,0.03071
2023-02-24,0.03653,0.03667,0.03501,0.033583,0.03265,0.032035,0.031671,0.031449,0.0313175,0.03128
2023-02-27,0.036768999999999996,0.03719,0.03553,0.0341175,0.03323,0.032552500000000005,0.0322225,0.03205,0.031935,0.031869999999999996
2023-02-28,0.0372175,0.03775,0.0361125,0.0346975,0.0337425,0.033143,0.0327175,0.0324925,0.032392,0.0323
2023-03-01,0.0377175,0.0383775,0.03673,0.035365,0.03451,0.0338575,0.0333875,0.0331275,0.032973,0.032875
2023-03-02,0.038181,0.038605,0.036942499999999996,0.03561,0.0347875,0.0341925,0.033728,0.03351,0.033377500000000004,0.0332925
2023-03-03,0.038139,0.0382675,0.036545,0.035245,0.034402499999999996,0.0337675,0.03333,0.033045,0.0328725,0.03277
2023-03-06,0.038609,0.0388225,0.036957,0.035565,0.034679,0.033954,0.03349,0.03318,0.0329375,0.032845
2023-03-07,0.03916,0.038987,0.036891,0.03526,0.03418,0.03349,0.0329425,0.0326175,0.03239,0.03226
2023-03-08,0.039481999999999996,0.0393175,0.0370625,0.0353725,0.0342,0.033479999999999996,0.032796,0.0323675,0.03213,0.03195
2023-03-09,0.039162,0.0387875,0.0365925,0.0349,0.033805,0.032873,0.032552500000000005,0.03222,0.032001,0.03188
2023-03-10,0.038185500000000004,0.037317,0.035124,0.033462,0.03247,0.031755,0.031252499999999996,0.0309335,0.0308025,0.030663
2023-03-13,0.035435,0.034879,0.03357,0.0321,0.03102,0.030355,0.030035,0.0297,0.02959,0.02956
2023-03-14,0.034692,0.03542,0.034230000000000003,0.032850000000000004,0.03198,0.03148,0.03089,0.030670000000000003,0.030526,0.030425
2023-03-15,0.033366,0.0332925,0.032445,0.031505,0.030715,0.030722999999999997,0.029815,0.029667500000000003,0.029384999999999998,0.029415
2023-03-16,0.033017500000000005,0.0331825,0.0324325,0.031291,0.0306475,0.030268000000000003,0.029982500000000002,0.029817999999999997,0.029769999999999998,0.02981
2023-03-17,0.032666,0.03199,0.030910000000000003,0.029980000000000003,0.0294075,0.02871,0.028827500000000002,0.0287825,0.0287925,0.028837500000000002
2023-03-20,0.032524000000000004,0.031485,0.030440000000000002,0.029651999999999998,0.02924,0.028924,0.028695,0.0286425,0.028645,0.02866
2023-03-21,0.033549,0.032875,0.0317525,0.03086,0.03034,0.029945,0.029689999999999998,0.02957,0.029515,0.029535
2023-03-22,0.034972500000000004,0.033975,0.032615,0.031560000000000005,0.030945,0.030425,0.03017,0.02997,0.029885000000000002,0.029855
2023-03-23,0.034757500000000004,0.03297,0.03137,0.03036,0.029750000000000002,0.029405,0.029140000000000003,0.02902,0.029011,0.02904
2023-03-24,0.03413,0.03206,0.030485,0.02962,0.029055,0.028835000000000003,0.0286,0.02857,0.0286,0.028650000000000002
2023-03-27,0.034421,0.03263,0.031135000000000003,0.030238,0.029830000000000002,0.029525000000000003,0.02936,0.0292875,0.029300000000000003,0.029384999999999998
2023-03-28,0.0348025,0.03318,0.031685,0.03066,0.0301125,0.02996,0.029674999999999997,0.0296125,0.02965,0.0297465
2023-03-29,0.0349675,0.03349,0.031939999999999996,0.030899999999999997,0.030299999999999997,0.03003,0.02988,0.029732500000000002,0.029795,0.029935
2023-03-30,0.0358025,0.0344175,0.0327675,0.031625,0.030994999999999998,0.030520000000000002,0.030297499999999998,0.030175,0.030165,0.030205000000000003
2023-03-31,0.035748,0.03417,0.032440000000000004,0.031204999999999997,0.030449999999999998,0.029935,0.0297225,0.0295825,0.0295425,0.029580000000000002
2023-04-03,0.035668000000000005,0.03381,0.0320275,0.030731500000000002,0.030105,0.0296225,0.02927,0.0290975,0.029140000000000003,0.0290625
2023-04-04,0.03533,0.03322,0.031349999999999996,0.03009,0.0295675,0.0291925,0.02894,0.02894,0.02897,0.0290575
2023-04-05,0.034888499999999996,0.0324475,0.0304725,0.029428,0.0288875,0.028587500000000002,0.0283315,0.02826,0.028239999999999998,0.02833
2023-04-06,0.03508,0.03263,0.030699999999999998,0.029609999999999997,0.02905,0.028675000000000003,0.0284885,0.028391000000000003,0.02836,0.0284445
2023-04-11,0.0360675,0.0339675,0.03206,0.030887500000000002,0.030227499999999997,0.029820000000000003,0.0295825,0.0294825,0.029452500000000003,0.029500000000000002
2023-04-12,0.03687,0.034722499999999996,0.032772,0.031560000000000005,0.0309275,0.030510000000000002,0.0301575,0.0300125,0.02997,0.03
2023-04-13,0.036954,0.034575,0.0325725,0.031398999999999996,0.0306525,0.03031,0.030019999999999998,0.029900000000000003,0.02988,0.0299325
2023-04-14,0.03739,0.03528,0.033319999999999995,0.032025,0.031245,0.0308,0.030510000000000002,0.030365000000000003,0.0303175,0.0303425
2023-04-17,0.03778,0.0356075,0.0336625,0.0324125,0.031705000000000004,0.0312425,0.030955,0.03086,0.0308175,0.030855
2023-04-18,0.03786,0.0359875,0.0340625,0.032765,0.032092499999999996,0.03162,0.0312625,0.0310875,0.03102,0.030905000000000002
2023-04-19,0.03834,0.03648,0.034472499999999996,0.033215,0.0324075,0.031920000000000004,0.03162,0.031397499999999995,0.0313075,0.0313875
2023-04-20,0.03819,0.035910000000000004,0.033889,0.032647499999999996,0.0319325,0.0314825,0.031139999999999998,0.03097,0.0309125,0.0308925
2023-04-21,0.03827,0.0361,0.0340475,0.032795,0.03214,0.03173,0.0313525,0.0312225,0.0311675,0.03113
2023-04-24,0.03888,0.036692499999999996,0.034627500000000005,0.03335,0.0325975,0.03211,0.03179,0.0315825,0.0314925,0.0314775
2023-04-25,0.03832,0.035750000000000004,0.0335625,0.032203,0.03145,0.0305675,0.030674999999999997,0.030510000000000002,0.030445000000000003,0.030465
2023-04-26,0.03826,0.03564,0.0334375,0.0321675,0.0314875,0.0310725,0.03085,0.030717500000000002,0.030715,0.030797500000000002
2023-04-27,0.038042,0.0355625,0.0334475,0.032265,0.031662499999999996,0.03128,0.03107,0.030950000000000002,0.03094,0.0310075
2023-04-28,0.0378,0.0347675,0.03246,0.031175,0.030535,0.0302,0.029905,0.029832499999999998,0.029812500000000002,0.029895
2023-05-02,0.037457500000000005,0.03422,0.0318875,0.0305925,0.0299275,0.02957,0.02941,0.0293575,0.0293575,0.029425
2023-05-03,0.03772,0.0343875,0.031927500000000004,0.030575,0.029849999999999998,0.029545,0.0292625,0.0291725,0.0291825,0.0292475
2023-05-04,0.037040000000000003,0.033162500000000004,0.030733999999999997,0.029507500000000002,0.028925,0.028769999999999997,0.028602500000000003,0.028616000000000003,0.0287075,0.02888
2023-05-05,0.03701,0.033627500000000005,0.0313175,0.030157,0.02963,0.02939,0.029306000000000002,0.0293125,0.0294125,0.02954
2023-05-08,0.03734,0.034035,0.031748,0.03056,0.030045000000000002,0.029718,0.02965,0.0296265,0.029670000000000002,0.029846499999999998
2023-05-09,0.03744,0.03424,0.031934,0.030733999999999997,0.030205000000000003,0.03,0.029845,0.0298525,0.029980000000000003,0.030074
2023-05-10,0.037294,0.0336875,0.031297,0.030132500000000003,0.02963,0.0293325,0.02928,0.029300000000000003,0.029375,0.02955
2023-05-11,0.037251,0.033328,0.03082,0.02964,0.029099,0.02887,0.028729,0.02872,0.02886,0.028955
2023-05-12,0.037626,0.03397,0.03152,0.03023,0.029674999999999997,0.0294,0.029255,0.029255,0.029324,0.029418000000000003
2023-05-15,0.037679,0.03391,0.031435,0.030245,0.029715,0.029495,0.029335,0.02934,0.029445000000000002,0.029585
2023-05-16,0.037845,0.034396,0.0319875,0.0308175,0.0302825,0.02995,0.02986,0.029834999999999997,0.029907499999999997,0.030019999999999998
2023-05-17,0.0381,0.034922499999999995,0.0325075,0.031150999999999998,0.030485,0.03019,0.029895,0.029830000000000002,0.029845,0.029914999999999997
2023-05-18,0.03833,0.0354,0.0332325,0.03197,0.031392500000000004,0.03109,0.030875,0.0308555,0.03088,0.030957
2023-05-19,0.03847,0.03553,0.03333,0.0320625,0.031395,0.03105,0.03081,0.03076,0.0307775,0.030843
2023-05-22,0.03859,0.0357925,0.0335925,0.032283,0.03157,0.031105,0.030990000000000004,0.03092,0.03093,0.0310025
2023-05-23,0.038765999999999995,0.035973000000000005,0.0338175,0.032439,0.03172,0.0313425,0.031132499999999997,0.031062500000000003,0.031067499999999998,0.031142500000000004
2023-05-24,0.039054000000000005,0.0364625,0.0342225,0.03284,0.0321125,0.031655,0.03141,0.0312625,0.031219999999999998,0.03132
2023-05-25,0.03934,0.03691,0.034763,0.033307,0.03253,0.032080000000000004,0.031807,0.03169,0.031662499999999996,0.03167
2023-05-26,0.03938,0.03712,0.034925000000000005,0.033485,0.032654999999999997,0.03218,0.03188,0.031760000000000004,0.031713,0.031751
2023-05-29,0.039342,0.036687,0.034378,0.032807,0.03191,0.031386,0.031069,0.030910000000000003,0.030844999999999997,0.03084
2023-05-30,0.03881,0.035655,0.03322,0.0316835,0.030815000000000002,0.0303375,0.030015,0.029892500000000002,0.029855,0.02987
2023-05-31,0.038394,0.035027499999999996,0.0325775,0.03108,0.03024,0.02971,0.029587,0.02948,0.029481999999999998,0.029525000000000003
2023-06-01,0.0381625,0.034769999999999995,0.0322925,0.0307275,0.0298625,0.029416,0.02918,0.0290925,0.029089999999999998,0.0291675
2023-06-02,0.038494,0.035425,0.033,0.0314275,0.0305525,0.03007,0.029685000000000003,0.0295675,0.029525000000000003,0.02954
2023-06-05,0.03879,0.035922499999999996,0.0335875,0.032,0.03104,0.0305925,0.0302525,0.0300925,0.0300975,0.030102000000000004
2023-06-06,0.038444,0.0354525,0.03304,0.0315075,0.030668,0.0301725,0.029932,0.029785,0.029763,0.0298625
2023-06-07,0.03883,0.0362175,0.0339525,0.03234,0.0314875,0.0309775,0.0306915,0.030590000000000003,0.03058,0.030655
2023-06-08,0.03881,0.03588,0.033495,0.031899000000000004,0.03101,0.030452499999999997,0.0302325,0.0300725,0.0301075,0.030187
2023-06-09,0.038763,0.03588,0.033479999999999996,0.031855,0.03089,0.0303125,0.029980000000000003,0.029815,0.029769999999999998,0.0297825
2023-06-12,0.03866,0.0357825,0.033365,0.0317225,0.030793,0.030277500000000002,0.029956,0.0298,0.0297775,0.0298405
2023-06-13,0.03909,0.036477499999999996,0.034139,0.032443,0.031463,0.030830000000000003,0.0304745,0.030270000000000002,0.0301625,0.0302
2023-06-14,0.039230999999999995,0.0368275,0.034542500000000004,0.03286,0.031795,0.031135000000000003,0.03076,0.030538500000000003,0.030405,0.03039
2023-06-15,0.03979,0.0376475,0.035382500000000004,0.033639999999999996,0.0325025,0.03177,0.031315,0.0310175,0.0308675,0.030774499999999996
2023-06-16,0.039881,0.0377,0.035345,0.03357,0.03241,0.0316275,0.031139999999999998,0.030825,0.03063,0.030529999999999998
2023-06-19,0.04042,0.038205,0.035855,0.034045,0.0328675,0.0321175,0.0316025,0.0312975,0.031120000000000002,0.031030000000000002
2023-06-20,0.04043,0.03777,0.03521,0.03325,0.031949,0.03116,0.0305955,0.03026,0.030064999999999998,0.0299505
2023-06-21,0.0406,0.0381,0.035581999999999996,0.033738000000000004,0.03235,0.03145,0.031065,0.0306225,0.0304025,0.030375
2023-06-22,0.041087,0.038825,0.036307,0.0343975,0.03315,0.0322925,0.03168,0.0313135,0.031062500000000003,0.030906
2023-06-23,0.040761000000000006,0.03805,0.0353,0.0332825,0.032019,0.03115,0.030518999999999998,0.030164499999999997,0.029910000000000003,0.029740000000000003
2023-06-26,0.0405825,0.037759999999999995,0.034932,0.0328695,0.031546,0.03068,0.0300935,0.02971,0.02946,0.02934
2023-06-27,0.040832499999999994,0.038282500000000004,0.035567,0.033618,0.032162500000000004,0.03124,0.0306875,0.030191499999999996,0.029922499999999998,0.0298075
2023-06-28,0.0407375,0.038060000000000004,0.03526,0.033236,0.03174,0.030855999999999998,0.03031,0.0298395,0.0295775,0.02948
2023-06-29,0.04088,0.038797,0.036175,0.034145,0.0327925,0.031955,0.031235,0.0308125,0.030520000000000002,0.030345
2023-06-30,0.04086,0.03879,0.03613,0.034055499999999995,0.032623,0.03169,0.030951,0.0306145,0.0303165,0.030053
2023-07-03,0.04122,0.03934,0.036782499999999996,0.034685,0.03324,0.03225,0.031562,0.031073,0.0307405,0.030535
2023-07-04,0.040854,0.038904999999999995,0.03649,0.034467500000000005,0.033145,0.03226,0.031564999999999996,0.03117,0.030899999999999997,0.030715
2023-07-05,0.04088,0.03886,0.0364025,0.034495,0.0332,0.03234,0.0317775,0.03138,0.03115,0.0310025
2023-07-06,0.04123,0.0396475,0.03754,0.0356885,0.034590499999999996,0.033767,0.03321,0.032869999999999996,0.03262,0.03245
2023-07-07,0.041253000000000005,0.03927,0.037033,0.035402499999999996,0.0343025,0.033584,0.03313,0.03274,0.032522999999999996,0.032532
2023-07-10,0.041342,0.03951,0.03733,0.03562,0.034508000000000004,0.0337075,0.033232,0.03288,0.03265,0.0325275
2023-07-11,0.041422999999999995,0.039645,0.037365,0.035605000000000005,0.0344325,0.033690000000000005,0.033185,0.0328475,0.03263,0.03251
2023-07-12,0.04122,0.03891,0.036485,0.03469,0.0335375,0.03277,0.0322825,0.031948500000000005,0.03174,0.03164
2023-07-13,0.040854499999999995,0.038105,0.0355125,0.033663,0.0325425,0.0318225,0.031279,0.0309775,0.030822500000000003,0.030750000000000003
2023-07-14,0.04106,0.038599,0.03605,0.034242499999999995,0.0330635,0.03223,0.031755,0.0314275,0.0312225,0.031118999999999997
2023-07-17,0.04109,0.03846,0.035820500000000005,0.0339225,0.032690000000000004,0.03188,0.03136,0.031025,0.030811,0.030750000000000003
2023-07-18,0.040693,0.03762,0.034871,0.0329595,0.03177,0.031,0.0304495,0.0301,0.029910000000000003,0.029832
2023-07-19,0.040646,0.03774,0.0350525,0.03327,0.0321,0.03133,0.0309265,0.030539999999999998,0.030377499999999998,0.03039
2023-07-20,0.04085,0.038290000000000005,0.03569,0.033854999999999996,0.0327925,0.0320625,0.031552,0.0312975,0.0311075,0.030987499999999998
2023-07-21,0.04085,0.038072499999999995,0.03544,0.033682500000000004,0.032585,0.03185,0.0313895,0.031059999999999997,0.03087,0.03081
2023-07-24,0.04066,0.037515,0.034924,0.03313,0.03209,0.03141,0.0309375,0.03069,0.030539999999999998,0.030452499999999997
2023-07-25,0.0405,0.037478,0.03488,0.033005,0.0319625,0.03129,0.030795,0.0305695,0.03042,0.030295000000000002
2023-07-26,0.04073,0.03814,0.03561,0.033777,0.03262,0.031920000000000004,0.031394000000000005,0.0311,0.030910000000000003,0.03082
2023-07-27,0.040490000000000005,0.037610000000000005,0.035082499999999996,0.03334,0.03234,0.03166,0.0311875,0.030979999999999997,0.03085,0.03074
2023-07-28,0.040305999999999995,0.037363,0.0349,0.03319,0.03218,0.03158,0.031200000000000002,0.030975000000000003,0.03085,0.030830000000000003
2023-07-31,0.040170000000000004,0.03709,0.03466,0.032960500000000004,0.032,0.031385,0.0310275,0.03081,0.030705,0.03068
2023-08-01,0.040229999999999995,0.03725,0.0348725,0.0333425,0.0325025,0.0319525,0.031655,0.03146,0.031407500000000005,0.03141
2023-08-02,0.04002,0.036887500000000004,0.034515,0.033010000000000005,0.03215,0.0316775,0.031349999999999996,0.0312205,0.03115,0.031190000000000002
2023-08-03,0.0400415,0.037040000000000003,0.03479,0.03344,0.032745,0.03227,0.0319875,0.0318825,0.0318275,0.0318725
2023-08-04,0.040122,0.03717,0.03485,0.03336,0.032575,0.032029999999999996,0.031709999999999995,0.031564999999999996,0.03148,0.031455000000000004
2023-08-07,0.0401785,0.037065,0.03481,0.033473,0.03274,0.032325,0.0320575,0.031935,0.0319025,0.03195
2023-08-08,0.039848499999999995,0.0366125,0.034175,0.032708,0.0318325,0.0313525,0.03104,0.0308425,0.03077,0.030762499999999998
2023-08-09,0.03994,0.03675,0.03438,0.03292,0.032010000000000004,0.031502,0.0312225,0.03104,0.03097,0.030991
2023-08-10,0.040048,0.03698,0.034649,0.033145,0.032322500000000004,0.03185,0.0314825,0.0313325,0.0312225,0.03123
2023-08-11,0.040197500000000004,0.03754,0.0353525,0.03394,0.0331475,0.032690000000000004,0.032397499999999996,0.0322145,0.03216,0.03218
2023-08-14,0.040494,0.037722000000000006,0.035497,0.0340425,0.03322,0.03272,0.032400000000000005,0.032225000000000004,0.03214,0.032141
2023-08-15,0.040549999999999996,0.038060000000000004,0.0359275,0.034535,0.03374,0.033276,0.0329475,0.032780000000000004,0.0327075,0.032709999999999996
2023-08-16,0.040607,0.037876,0.03568,0.0342525,0.03344,0.03295,0.0326535,0.0325135,0.0324585,0.0324775
2023-08-17,0.040526,0.037955,0.0358875,0.03455,0.03379,0.033345,0.03311,0.03297,0.03291,0.032959999999999996
2023-08-18,0.040295,0.037403,0.035219,0.033908999999999995,0.03307,0.0326,0.0324115,0.0321575,0.03215,0.0322625
2023-08-21,0.040491,0.03788,0.03579,0.034462,0.033715,0.03328,0.0329975,0.032875,0.03283,0.0328815
2023-08-22,0.04041,0.03764,0.035456,0.034035,0.03323,0.032765,0.03247,0.0323265,0.032295,0.03232
2023-08-23,0.039858,0.03655,0.034075,0.0327425,0.03186,0.03137,0.031202,0.0310375,0.031030000000000002,0.031075
2023-08-24,0.0398,0.03658,0.034262,0.032848,0.032065,0.031595,0.031325,0.03121,0.031165500000000002,0.031235
2023-08-25,0.040143000000000005,0.037185,0.03492,0.033484,0.0326,0.03207,0.0318225,0.0315875,0.0314985,0.031611
2023-08-28,0.04024,0.0372875,0.03497,0.033472499999999995,0.032605,0.032075,0.03177,0.0315955,0.031525,0.031548
2023-08-29,0.04009,0.0370325,0.03459,0.033035,0.032115,0.031555,0.031190000000000002,0.031015,0.030945,0.03096
2023-08-30,0.040373,0.0373,0.03486,0.033308,0.032400000000000005,0.03182,0.03153,0.031355,0.03127,0.031295
2023-08-31,0.03988,0.036265,0.033769999999999994,0.032214,0.031302500000000004,0.03082,0.030510000000000002,0.030375,0.0303275,0.03039
2023-09-01,0.039710999999999996,0.03644,0.03411,0.032722,0.031863,0.03142,0.03125,0.031094,0.03109,0.0312275
2023-09-04,0.039951,0.03669,0.034409999999999996,0.033010000000000005,0.032258,0.031802000000000004,0.0315565,0.03143,0.031418,0.031479
2023-09-05,0.0398025,0.03664,0.0343925,0.03308,0.03238,0.031951,0.0317425,0.0316575,0.0316675,0.0317475
2023-09-06,0.03996,0.03705,0.03483,0.033513,0.03276,0.03231,0.03207,0.0319245,0.0318935,0.03197
2023-09-07,0.03991,0.036815,0.034545,0.03318,0.0324225,0.0319675,0.0317275,0.0316,0.03157,0.03162
2023-09-08,0.040015,0.03686,0.034575,0.033235,0.03247,0.032029999999999996,0.031760000000000004,0.03162,0.03159,0.0316225
2023-09-11,0.04018,0.03703,0.03476,0.03339,0.032646,0.032225000000000004,0.0319575,0.03184,0.031815,0.031865000000000004
2023-09-12,0.04034,0.037365,0.035092,0.033696000000000004,0.03291,0.03247,0.032157,0.032010000000000004,0.031965,0.031960999999999996
2023-09-13,0.040709999999999996,0.0377,0.035390000000000005,0.0339175,0.03306,0.032440000000000004,0.032195,0.032014999999999995,0.031945,0.031935
2023-09-14,0.04087,0.03744,0.034910000000000004,0.03334,0.032415,0.03193,0.0316125,0.0314445,0.031407500000000005,0.031391499999999996
2023-09-15,0.04118,0.037875,0.03536,0.03387,0.033057500000000004,0.03254,0.0322575,0.03212,0.0320625,0.0321
2023-09-18,0.041420000000000005,0.038242,0.035769999999999996,0.03428,0.03339,0.032869999999999996,0.0325925,0.0324145,0.03234,0.0324065
2023-09-19,0.041420000000000005,0.03844,0.036065,0.034542,0.033658,0.03313,0.03284,0.032676500000000004,0.03263,0.032635
2023-09-20,0.041280000000000004,0.038149999999999996,0.03573,0.034224000000000004,0.03336,0.032799999999999996,0.03252,0.032376,0.0323,0.03233
2023-09-21,0.041319999999999996,0.038245,0.035945,0.034503,0.03368,0.03319,0.0329135,0.03276,0.032712,0.03276
2023-09-22,0.0414075,0.038205,0.035846,0.03442,0.0335975,0.033159999999999995,0.03288,0.0327845,0.03276,0.0327825
2023-09-25,0.041502,0.038095,0.035785,0.034475,0.0338,0.033427,0.033279,0.033245,0.033291,0.033407
2023-09-26,0.0413375,0.038075,0.0357945,0.034528500000000004,0.0338865,0.033518,0.0333785,0.03333,0.033370000000000004,0.033500999999999996
2023-09-27,0.041597499999999996,0.038237,0.035977999999999996,0.034795,0.034201999999999996,0.03388,0.0336945,0.03366,0.033702,0.033791
2023-09-28,0.0417165,0.0387175,0.036636,0.035538,0.0349975,0.03476,0.034524,0.034575,0.0346,0.03461
2023-09-29,0.0414765,0.038063,0.035846,0.034654,0.0340718,0.033798,0.0337,0.03371,0.033784999999999996,0.0338975
2023-10-02,0.04157,0.0383045,0.036164999999999996,0.035077,0.03458,0.034390000000000004,0.034335,0.0343945,0.0345035,0.034735
2023-10-03,0.0415,0.038269000000000004,0.036256,0.035244,0.034836,0.03469,0.03471,0.034831,0.0349715,0.035179999999999996
2023-10-04,0.0414,0.03802,0.03597,0.0349815,0.034575,0.0344275,0.034408,0.034505,0.0346575,0.034835
2023-10-05,0.041195,0.037605,0.0355025,0.034446,0.033987500000000004,0.0338375,0.0338375,0.033935,0.034085000000000004,0.034265
2023-10-06,0.0411095,0.037521,0.03546,0.034451,0.03404,0.034012,0.033948,0.034079,0.034366,0.034445
2023-10-09,0.0408485,0.0367965,0.0345875,0.033530000000000004,0.0331005,0.033,0.033010000000000005,0.03314,0.03333,0.0335
2023-10-10,0.0408425,0.0369325,0.03472,0.033705,0.03327,0.0330975,0.033088,0.0331815,0.033335,0.033505
2023-10-11,0.040979999999999996,0.03719,0.034933,0.03375,0.033170000000000005,0.032869,0.032749,0.0327535,0.032815,0.032921
2023-10-12,0.04123,0.037715,0.0355035,0.034300000000000004,0.033685,0.033435,0.0333115,0.033319999999999995,0.03341,0.033575
2023-10-13,0.041152499999999995,0.0375675,0.035318,0.034062999999999996,0.03341,0.03306,0.0329465,0.0329365,0.0329465,0.03313
2023-10-16,0.04107,0.0375775,0.035386,0.034238,0.0336795,0.03339,0.033315000000000004,0.033348,0.03342,0.03358
2023-10-17,0.04141,0.0382205,0.036125,0.035003,0.03447,0.03417,0.034089999999999995,0.0341195,0.034159999999999996,0.034335
2023-10-18,0.041537,0.03833,0.036315,0.03519,0.03463,0.03438,0.034319999999999996,0.034367999999999996,0.034455,0.0347315
2023-10-19,0.041395999999999995,0.0382095,0.036275,0.035184,0.0347005,0.034482,0.034445,0.0345025,0.034620000000000005,0.034780000000000005
2023-10-20,0.04103,0.0377025,0.035725,0.0347375,0.034335,0.034191,0.03418,0.034298999999999996,0.03445,0.0346625
2023-10-23,0.0410355,0.037610000000000005,0.035587,0.034569,0.03413,0.033935,0.0339175,0.034005,0.034125,0.0343515
2023-10-24,0.0408045,0.0372075,0.0350705,0.034033,0.0336045,0.033408,0.03345,0.0335475,0.033645,0.033912
2023-10-25,0.0408015,0.037302499999999995,0.035243000000000003,0.034273,0.033935,0.03387,0.03388,0.03401,0.034235,0.034425
2023-10-26,0.0405405,0.0366475,0.03451,0.0335975,0.033264999999999996,0.033174999999999996,0.0333,0.033462,0.03365,0.033971
2023-10-27,0.04035999999999999,0.0362775,0.034092,0.03321,0.03293,0.032925,0.03305,0.03325,0.033479999999999996,0.03368
2023-10-30,0.040229999999999995,0.03609,0.03394,0.033035,0.0327595,0.03279,0.0329,0.03312,0.033382999999999996,0.033639999999999996
2023-10-31,0.040102,0.035924,0.033792499999999996,0.032875999999999996,0.03259,0.0326,0.032745500000000004,0.03293,0.03322,0.033460000000000004
2023-11-01,0.03987,0.035390000000000005,0.033129,0.032216999999999996,0.031955,0.03196,0.03211,0.0323385,0.032595,0.0329
2023-11-02,0.03979,0.0353,0.033,0.031985,0.031631,0.031606,0.0316555,0.03182,0.032045,0.0323055
2023-11-03,0.03964,0.0349975,0.032494999999999996,0.031400000000000004,0.03104,0.03094,0.030979999999999997,0.031110000000000002,0.03134,0.03152
2023-11-06,0.03978,0.035325,0.033025,0.0320125,0.031662499999999996,0.031560000000000005,0.031653,0.031809500000000004,0.0320275,0.032275
2023-11-07,0.0396965,0.035211,0.032853,0.03174,0.0313,0.03113,0.03113,0.031248,0.03139,0.0315535
2023-11-08,0.039757,0.035283,0.032887,0.031682,0.031135000000000003,0.030899999999999997,0.03081,0.03085,0.0309625,0.0310905
2023-11-09,0.03968,0.035230000000000004,0.032837,0.031693,0.031204,0.0310325,0.0310125,0.0310975,0.031219999999999998,0.0313725
2023-11-10,0.039973999999999996,0.035705,0.03339,0.032285,0.03182,0.03162,0.031560000000000005,0.0316175,0.03173,0.0318825
2023-11-13,0.040094000000000005,0.03583,0.033530000000000004,0.032400000000000005,0.03189,0.031655,0.03158,0.03162,0.031675,0.0318465
2023-11-14,0.039718,0.035033,0.0326,0.031407,0.030855,0.0306175,0.030539,0.0305775,0.03069,0.0308075
2023-11-15,0.03972,0.0351695,0.03275,0.03158,0.03107,0.030861,0.03082,0.030884,0.03101,0.03123
2023-11-16,0.03938,0.0346475,0.032209,0.0310215,0.030528,0.03032,0.030325500000000002,0.03041,0.030525000000000004,0.0307715
2023-11-17,0.039514999999999995,0.034835,0.032368,0.031190000000000002,0.030670000000000003,0.030449999999999998,0.030379999999999997,0.030440000000000002,0.030594999999999997,0.03076
2023-11-20,0.039609,0.035013,0.03252,0.031343,0.0308,0.03055,0.030463,0.0305,0.030590000000000003,0.030764999999999997
2023-11-21,0.03956,0.034784999999999996,0.032238,0.031015,0.030447000000000002,0.0302,0.030142500000000003,0.030185,0.030292500000000003,0.030455
2023-11-22,0.03975,0.0352175,0.0326495,0.0313625,0.030733999999999997,0.030459999999999997,0.030285000000000003,0.03028,0.030385,0.030423
2023-11-23,0.0398385,0.03545,0.03299,0.0317775,0.031211000000000003,0.030933000000000002,0.030831,0.030825,0.030892,0.031004999999999998
2023-11-24,0.0399285,0.03564,0.033198,0.031974999999999996,0.031395,0.031110000000000002,0.031018,0.0310225,0.031065,0.031215000000000003
2023-11-27,0.0394215,0.0348075,0.03226,0.0310148,0.030436,0.030183,0.030112999999999997,0.03013,0.030234999999999998,0.030385
2023-11-28,0.03898,0.034147500000000004,0.03153,0.030320999999999997,0.0297865,0.029587500000000003,0.029515,0.029580000000000002,0.02971,0.029849999999999998
2023-11-29,0.0386355,0.0334275,0.030865,0.029685000000000003,0.029169999999999998,0.028980000000000002,0.028954,0.0290275,0.029165,0.029276
2023-11-30,0.0383465,0.033188,0.030727,0.0296475,0.029235,0.029060000000000002,0.029072499999999998,0.029144999999999997,0.029283,0.029415
2023-12-01,0.03716,0.031760000000000004,0.0293175,0.02839,0.02801,0.027930999999999997,0.028006000000000003,0.028154,0.028336999999999998,0.028578000000000003
2023-12-04,0.03687,0.031495,0.02927,0.0283075,0.027960500000000003,0.02787,0.027895500000000004,0.0280065,0.02817,0.0283045
2023-12-05,0.036435,0.030769,0.028399,0.02738,0.027018,0.02691,0.026895500000000003,0.026984499999999998,0.027120000000000002,0.0272735
2023-12-06,0.036468,0.0308,0.02835,0.02727,0.026802000000000003,0.026615000000000003,0.026577000000000003,0.026629999999999997,0.02674,0.0268215
2023-12-07,0.036374,0.030644,0.02811,0.0270025,0.026516,0.026361,0.026347999999999996,0.02643,0.026549999999999997,0.0267125
2023-12-08,0.036715,0.03125,0.028784,0.027712,0.027249,0.0270875,0.027094999999999998,0.0271675,0.0272275,0.027440000000000003
2023-12-11,0.036922,0.0314525,0.02896,0.027835000000000002,0.0273585,0.027202999999999998,0.027185,0.027225000000000003,0.027370000000000002,0.0275175
2023-12-12,0.0368975,0.0314975,0.028955,0.027705,0.027107000000000003,0.026911,0.02681,0.0268665,0.02694,0.027063
2023-12-13,0.036565,0.030935999999999998,0.028422999999999997,0.02722,0.026649,0.026378,0.0262675,0.026277,0.0263325,0.026435
2023-12-14,0.035924,0.029945,0.0273265,0.026185,0.025705,0.02549,0.0255,0.025613,0.025670000000000002,0.0259
2023-12-15,0.035590000000000004,0.029266999999999998,0.026629999999999997,0.0254425,0.024940000000000004,0.024780000000000003,0.024671,0.024709,0.02483,0.024851
2023-12-18,0.0357475,0.02962,0.02705,0.02589,0.02537,0.025143,0.025144000000000003,0.025203000000000003,0.025266999999999998,0.025459999999999997
2023-12-19,0.035607,0.02934,0.026642000000000002,0.025459999999999997,0.02492,0.024700000000000003,0.02464,0.0246725,0.02477,0.024900000000000002
2023-12-20,0.0353585,0.028845,0.02618,0.024985,0.024455,0.024249,0.024178,0.0242,0.02429,0.0243675
2023-12-21,0.03512,0.028586999999999998,0.025993,0.024820000000000002,0.024319999999999998,0.02414,0.024148999999999997,0.024218000000000003,0.024307,0.024425
2023-12-22,0.034874999999999996,0.02827,0.025644999999999998,0.024537,0.024087,0.02398,0.024019,0.024157500000000002,0.024300000000000002,0.0245045
2023-12-26,0.03495,,,,,0.02395,,,0.024249999999999997,
2023-12-27,0.034657,0.02798,0.025285000000000002,0.024107,0.02358,0.023420999999999997,0.023417,0.023506,0.023620000000000002,0.023799999999999998
2023-12-28,0.0345095,0.027762,0.0251485,0.02416,0.02382,0.02373,0.02377,0.02388,0.024041999999999997,0.0242325
2023-12-29,0.0345525,0.027970000000000002,0.025495,0.0245875,0.024310000000000002,0.024281999999999998,0.02437,0.02453,0.024700000000000003,0.024918
2024-01-02,0.03469,0.028346,0.025969000000000002,0.025009999999999998,0.024685000000000002,0.0246075,0.024714,0.024860000000000004,0.024995,0.0252
2024-01-03,0.03467,0.0280425,0.025426999999999998,0.024416000000000004,0.0240625,0.0239665,0.024072,0.02421,0.024394999999999997,0.024707499999999997
2024-01-04,0.035227499999999995,0.029083,0.02665,0.02565,0.02529,0.0252675,0.025225,0.025335,0.025585,0.025675
2024-01-05,0.0355605,0.029472,0.027056499999999997,0.026051,0.02571,0.02574,0.02561,0.0257185,0.025985,0.026011000000000003
2024-01-08,0.03552,0.029281,0.02682,0.02577,0.025390000000000003,0.0254,0.0253475,0.02548,0.0257225,0.0258025
2024-01-09,0.0355905,0.029774,0.027418,0.0264205,0.026037499999999998,0.025929,0.0259675,0.0260765,0.02622,0.026405500000000002
2024-01-10,0.035809,0.030053,0.0276675,0.026685,0.02629,0.026185,0.026185,0.026275,0.0264375,0.026585
2024-01-11,0.035704,0.029857,0.027505,0.02651,0.02612,0.026019999999999998,0.026025999999999997,0.0261235,0.0262665,0.0263775
2024-01-12,0.034998999999999995,0.028907500000000003,0.0265595,0.025678999999999997,0.02536,0.025322499999999998,0.0253905,0.02553,0.02571,0.025924999999999997
2024-01-15,0.03514,0.0292105,0.0269,0.02603,0.02573,0.0256475,0.025699999999999997,0.025830000000000002,0.0259985,0.02624
2024-01-16,0.035225,0.0292345,0.0270025,0.026189,0.025920000000000002,0.026021000000000002,0.02598,0.0261395,0.02644,0.026519
2024-01-17,0.03569,0.03004,0.02791,0.02702,0.026687500000000003,0.02656,0.026544500000000002,0.026635,0.026760000000000003,0.026855000000000004
2024-01-18,0.035910000000000004,0.030196,0.028046,0.02718,0.0269004,0.0268226,0.02686,0.026975,0.027120000000000002,0.02732
2024-01-19,0.036152500000000004,0.0305725,0.0284455,0.0274675,0.02705,0.0268965,0.0268675,0.026927500000000004,0.0270385,0.027199499999999998
2024-01-22,0.03605,0.030236,0.027995000000000003,0.027077499999999997,0.02672,0.026575,0.026549999999999997,0.026617500000000002,0.02674,0.026875
2024-01-23,0.036272,0.030543,0.028384999999999997,0.02749,0.027135,0.027035,0.027075000000000002,0.0271855,0.027280000000000002,0.027495
2024-01-24,0.035983999999999995,0.030296,0.028179500000000003,0.027256999999999997,0.026876999999999998,0.026731500000000002,0.0268187,0.02693,0.0270205,0.027271
2024-01-25,0.0354,0.029515,0.027334999999999998,0.02651,0.026230000000000003,0.026185,0.026234,0.02638,0.026555,0.026745
2024-01-26,0.035236,0.02951,0.02741,0.02656,0.0262425,0.0262,0.0262405,0.026387499999999998,0.026585,0.026775000000000004
2024-01-29,0.034965,0.029044,0.0268815,0.026012499999999997,0.025687,0.02563,0.025715,0.025854,0.0260225,0.02624
2024-01-30,0.034950999999999996,0.029253,0.0271225,0.026287500000000002,0.0259935,0.025920000000000002,0.025996000000000002,0.0261275,0.02629,0.026545
2024-01-31,0.03454,0.02863,0.026409500000000002,0.025473,0.025101,0.02504,0.025115,0.025258,0.0254475,0.0256425
2024-02-01,0.034803,0.0288925,0.0265925,0.025632000000000002,0.025231,0.02511,0.02513,0.025231,0.0254225,0.025503
2024-02-02,0.03551,0.029849999999999998,0.027545,0.0265525,0.02613,0.025953499999999997,0.02595,0.026019999999999998,0.02612,0.026269999999999998
2024-02-05,0.036009,0.030464,0.0281575,0.0272075,0.026779999999999998,0.0265725,0.026649,0.0267275,0.026775000000000004,0.027014999999999997
2024-02-06,0.03595,0.0303045,0.0279675,0.0269735,0.026545,0.026375000000000003,0.02638,0.026459999999999997,0.026537500000000002,0.02673
2024-02-07,0.036019999999999996,0.030565000000000002,0.028299500000000002,0.0273,0.026875,0.026708,0.026699,0.026770000000000002,0.02689,0.027045
2024-02-08,0.0361605,0.03088,0.0287025,0.027728000000000003,0.027305000000000003,0.0271325,0.0271075,0.027160000000000004,0.02726,0.0274125
2024-02-09,0.03642,0.0312325,0.0291175,0.028111999999999998,0.0276625,0.027389999999999998,0.027353000000000002,0.0274,0.027374999999999997,0.02759
2024-02-12,0.03621,0.0308825,0.02872,0.027737500000000002,0.027280000000000002,0.0270715,0.0270325,0.027065000000000002,0.02713,0.027271
2024-02-13,0.0365635,0.031552500000000004,0.02936,0.028325999999999997,0.0278195,0.027621000000000003,0.027469999999999998,0.027466499999999998,0.02759,0.027607499999999997
2024-02-14,0.0364265,0.031204,0.0288525,0.027736,0.027149999999999997,0.0269075,0.026805,0.0268,0.026770000000000002,0.026963
2024-02-15,0.0365175,0.0312625,0.028990000000000002,0.02788,0.027325,0.027046999999999998,0.02694,0.02694,0.027000000000000003,0.027149999999999997
2024-02-16,0.036789999999999996,0.0319025,0.0296875,0.028544999999999997,0.0279325,0.0276,0.02749,0.0274545,0.0274565,0.0275
2024-02-19,0.0368575,0.031844000000000004,0.029615,0.028485,0.027895,0.02762,0.0275,0.027490999999999998,0.027555,0.02765
2024-02-20,0.03664,0.0315175,0.0292475,0.02811,0.02752,0.027247499999999997,0.0271425,0.027149999999999997,0.0271675,0.027264
2024-02-21,0.0368855,0.0320575,0.02987,0.028757500000000002,0.028184999999999998,0.02789,0.027770000000000003,0.027755000000000002,0.02781,0.0279
2024-02-22,0.037195,0.032552,0.030296,0.029061499999999997,0.028374999999999997,0.02801,0.027803,0.027721,0.0277925,0.027782499999999998
2024-02-23,0.03689,0.031920000000000004,0.0295475,0.0282725,0.02757,0.027199,0.026999,0.02693,0.026920000000000003,0.02698
2024-02-26,0.037215,0.032585,0.030314999999999998,0.029064999999999997,0.02839,0.0279825,0.0278375,0.027767499999999997,0.0277325,0.0278375
2024-02-27,0.03734,0.032712500000000005,0.030442499999999997,0.029199000000000003,0.028532000000000002,0.028159999999999998,0.027992,0.027927499999999997,0.027922500000000003,0.0280025
2024-02-28,0.037083,0.03251,0.030270000000000002,0.029079999999999998,0.028409499999999997,0.028049,0.02785,0.02779,0.02778,0.027865
2024-02-29,0.0370175,0.0323375,0.0300325,0.028759,0.02801,0.027629,0.027370000000000002,0.027267,0.027269,0.02726
2024-03-01,0.036945,0.032205,0.029842,0.028585,0.0278575,0.0274775,0.027232500000000003,0.02714,0.027108,0.02722
2024-03-04,0.0370525,0.0323175,0.0298575,0.028540999999999997,0.027770000000000003,0.027365,0.027115,0.027007500000000004,0.0269875,0.026992500000000003
2024-03-05,0.0368125,0.0317975,0.029265,0.02789,0.02706,0.02661,0.02636,0.026271,0.026160000000000003,0.026225000000000002
2024-03-06,0.0367125,0.0318,0.029262,0.027895,0.0271075,0.026633,0.0263725,0.026241,0.02618,0.026237499999999997
2024-03-07,0.036591,0.0315125,0.0289575,0.02763,0.0268775,0.02638,0.0261825,0.0260575,0.0259675,0.0260475
2024-03-08,0.0362,0.030813,0.028211,0.026840000000000003,0.02611,0.02574,0.02552,0.0254425,0.025470000000000003,0.025550000000000003
2024-03-11,0.0363475,0.031110000000000002,0.028527499999999997,0.027185,0.026446,0.026062500000000002,0.0258325,0.0257425,0.0257525,0.0257825
2024-03-12,0.0365942,0.0314372,0.0288631,0.027488000000000002,0.026699999999999998,0.026269999999999998,0.026017000000000002,0.025908,0.02588,0.025917500000000003
2024-03-13,0.036585,0.031724,0.029169999999999998,0.0277975,0.027025999999999998,0.026564,0.026327,0.026205,0.026172,0.02622
2024-03-14,0.03677,0.032182499999999996,0.029825,0.028519000000000003,0.027755000000000002,0.0273675,0.027069999999999997,0.026945,0.0269775,0.026955
2024-03-15,0.03696,0.032418,0.030046,0.028690000000000004,0.027887,0.0274375,0.027179000000000002,0.027055,0.0270175,0.027040500000000002
2024-03-18,0.03707,0.0324975,0.030139999999999997,0.028837500000000002,0.028069999999999998,0.027625,0.027378,0.027265,0.0272275,0.027233999999999998
2024-03-19,0.0369201,0.03233,0.0299775,0.02867,0.027919999999999997,0.0274925,0.027271,0.027172,0.02714,0.027152500000000003
2024-03-20,0.03687,0.032395,0.030019,0.02867,0.027879,0.0274375,0.02719,0.027077,0.02704,0.027084999999999998
2024-03-21,0.0365875,0.0319425,0.0295575,0.02827,0.02754,0.02713,0.026926000000000002,0.026841,0.026842,0.026912
2024-03-22,0.03628,0.031475,0.028990000000000002,0.027656999999999998,0.026874,0.026457500000000002,0.026237499999999997,0.026150000000000003,0.026137999999999998,0.026189
2024-03-25,0.03634,0.03184,0.02939,0.02806,0.027265,0.026831499999999998,0.026595,0.0264955,0.026482000000000002,0.026556000000000003
2024-03-26,0.0363225,0.03175,0.0293175,0.027945,0.02713,0.026698,0.0264375,0.0263375,0.026317,0.0263165
2024-03-27,0.036114,0.03136,0.028855,0.027445,0.0266275,0.0261775,0.025927500000000003,0.025817999999999997,0.02579,0.02582
2024-03-28,0.036166000000000004,0.031461,0.028990000000000002,0.02758,0.026709999999999998,0.0262415,0.02598,0.02587,0.025859999999999998,0.0258075
2024-04-02,0.03601,0.031445,0.02918,0.027922500000000003,0.027205,0.02685,0.026681,0.02667,0.0267125,0.0267925
2024-04-03,0.035944,0.03144,0.029165,0.027869,0.0271,0.026687500000000003,0.026552,0.026501,0.0264825,0.0268095
2024-04-04,0.036155,0.03161,0.029238,0.02788,0.0270975,0.0266775,0.026460499999999998,0.026382500000000003,0.026387499999999998,0.026445
2024-04-05,0.03617,0.0317975,0.02951,0.0282075,0.027445,0.027069999999999997,0.026840000000000003,0.026770000000000002,0.026785,0.026824499999999998
2024-04-08,0.03642,0.032252499999999996,0.03,0.0287025,0.027907500000000002,0.02746,0.027232500000000003,0.0271325,0.0270965,0.0271325
2024-04-09,0.0363975,0.0319825,0.029623,0.028227500000000003,0.027382499999999997,0.0269,0.026634,0.026519,0.026451500000000003,0.026520000000000002
2024-04-10,0.03657,0.03263,0.030378,0.028980000000000002,0.028106,0.027610000000000003,0.027311000000000002,0.027169,0.02709,0.027102
2024-04-11,0.036833,0.0329,0.03069,0.02931,0.028496999999999998,0.028008,0.02774,0.027618,0.027567499999999998,0.027583000000000003
2024-04-12,0.03628,0.031955,0.029686,0.028312499999999997,0.0275075,0.0270575,0.026812999999999997,0.026699999999999998,0.026680000000000002,0.026742
2024-04-15,0.03632,0.0323725,0.030191,0.0289275,0.028167499999999998,0.027694999999999997,0.027489,0.027395999999999997,0.027356,0.0274725
2024-04-16,0.0365775,0.032875,0.030838,0.0296,0.028845,0.02843,0.02818,0.0280895,0.02812,0.028107000000000004
2024-04-17,0.0365675,0.03274,0.030608,0.029315,0.0285075,0.0280475,0.02779,0.0276675,0.0276475,0.027702499999999998
2024-04-18,0.03673,0.0331275,0.03105,0.029769999999999998,0.0289725,0.0285025,0.028232499999999997,0.0281,0.0280525,0.0280525
2024-04-19,0.036806,0.033225,0.031157499999999998,0.0298825,0.029067500000000003,0.02856,0.0282875,0.028140000000000002,0.02806,0.028057500000000003
2024-04-22,0.03659,0.0329245,0.0308465,0.0295525,0.028758,0.02831,0.02806,0.027951,0.027917499999999998,0.0279475
2024-04-23,0.036635,0.03295,0.030896,0.02964,0.028839999999999998,0.028399999999999998,0.028149999999999998,0.0280375,0.028007499999999998,0.028085
2024-04-24,0.0368085,0.033423,0.0315005,0.03031,0.0296,0.0291925,0.028980000000000002,0.028900000000000002,0.02886,0.028919999999999998
2024-04-25,0.037004999999999996,0.0338,0.0318675,0.030674999999999997,0.029956999999999998,0.029528,0.029317000000000003,0.029221,0.02918,0.029237000000000003
2024-04-26,0.0369555,0.033571,0.0315125,0.030234999999999998,0.02943,0.028999999999999998,0.02875,0.02863,0.028595000000000002,0.02862
2024-04-29,0.036666,0.0332075,0.0311335,0.029837500000000003,0.029009999999999998,0.0285305,0.028269000000000002,0.028149999999999998,0.028096,0.028142
2024-04-30,0.03693,0.033895,0.031893,0.0305525,0.029677500000000002,0.0291825,0.0288725,0.02872,0.0286475,0.028632499999999998
2024-05-02,0.0368725,0.033525,0.031400000000000004,0.030055000000000002,0.0291875,0.0287125,0.0283875,0.0282355,0.028184999999999998,0.028168000000000002
2024-05-03,0.03642,0.032835,0.03076,0.0294725,0.028667500000000002,0.028232499999999997,0.027930999999999997,0.0278025,0.0277775,0.027762500000000002
2024-05-06,0.03632,0.0326775,0.030543,0.0292575,0.02844,0.027966500000000002,0.027696000000000002,0.02758,0.027516500000000003,0.027549999999999998
2024-05-07,0.03637,0.0325885,0.030379999999999997,0.028984999999999997,0.028111999999999998,0.027592500000000002,0.027302499999999997,0.027160000000000004,0.027094999999999998,0.0270925
2024-05-08,0.036439,0.032838,0.0306975,0.0293325,0.0284825,0.0279725,0.02766,0.027522500000000002,0.027475,0.0274725
2024-05-09,0.03645,0.032857500000000005,0.030752500000000002,0.029455,0.0286425,0.02817,0.027885,0.027764999999999998,0.02774,0.027770000000000003
2024-05-10,0.03656,0.033149000000000005,0.031095,0.029769999999999998,0.02894,0.028450000000000003,0.02817,0.02804,0.02799,0.02799
2024-05-13,0.0365025,0.032965,0.03085,0.029532500000000003,0.0287,0.028210000000000002,0.0279375,0.027815,0.027784,0.027805
2024-05-14,0.036644499999999997,0.033192,0.0311025,0.029828,0.02902,0.02856,0.028281,0.028167499999999998,0.028144999999999996,0.0281725
2024-05-15,0.0362175,0.0323865,0.030144999999999998,0.028778,0.027912499999999996,0.02741,0.027148,0.02702,0.026971,0.027047500000000002
2024-05-16,0.036392,0.032715,0.030529,0.02919,0.0283475,0.027825000000000003,0.027547000000000002,0.027409,0.027370000000000002,0.027407499999999998
2024-05-17,0.036610000000000004,0.033198,0.031153,0.029769999999999998,0.028905,0.02839,0.02809,0.02794,0.027872499999999998,0.0278675
2024-05-20,0.0365925,0.033255,0.031195499999999998,0.029879,0.02903,0.02852,0.028220000000000002,0.028076,0.028023,0.02801
2024-05-21,0.03648,0.03303,0.030910000000000003,0.029575,0.0287,0.028220000000000002,0.027907500000000002,0.027755000000000002,0.027715,0.0277095
2024-05-22,0.0367025,0.03342,0.0313055,0.02995,0.0291005,0.0285675,0.0282525,0.0280825,0.02801,0.027966
2024-05-23,0.036918,0.0339625,0.031929,0.0305425,0.02962,0.029062,0.028711,0.0285125,0.0284025,0.028355
2024-05-24,0.0370025,0.034087,0.031981,0.0305425,0.029599,0.029005999999999997,0.028645,0.02844,0.02831,0.0283525
2024-05-27,0.03676,0.033695,0.03159,0.030175,0.029272999999999997,0.02871,0.0283575,0.0281725,0.028067500000000002,0.028036
2024-05-28,0.03669,0.033818,0.0318125,0.0304495,0.029565,0.0290375,0.02871,0.028533,0.028450000000000003,0.0284025
2024-05-29,0.0367965,0.034140000000000004,0.03231,0.0310825,0.030297499999999998,0.0298625,0.029532500000000003,0.029380000000000003,0.02934,0.029335
2024-05-30,0.0366285,0.033776,0.031939999999999996,0.03068,0.0298705,0.029383,0.029090500000000002,0.0289405,0.0288705,0.0287915
2024-05-31,0.03688,0.0341525,0.032174999999999995,0.030979999999999997,0.030139999999999997,0.029623499999999997,0.029298,0.0291175,0.02904,0.028929999999999997
2024-06-03,0.0365175,0.033406,0.031357499999999996,0.030064999999999998,0.029235,0.028730000000000002,0.028435000000000002,0.0282795,0.0281925,0.028184999999999998
2024-06-04,0.036346500000000004,0.033011,0.030912000000000002,0.02959,0.028730000000000002,0.028275,0.027960500000000003,0.02781,0.027759999999999996,0.027740499999999998
2024-06-05,0.036157,0.032841,0.030745,0.02943,0.0285975,0.02809,0.027795,0.027596,0.027572,0.027546
2024-06-06,0.036379999999999996,0.033225,0.03113,0.02981,0.028955,0.02846,0.028140000000000002,0.027975,0.027915000000000002,0.0279405
2024-06-07,0.036520000000000004,0.03365,0.031745999999999996,0.030470999999999998,0.029620999999999998,0.0290925,0.028769999999999997,0.0285625,0.02852,0.0284495
2024-06-10,0.036787,0.0340175,0.032185,0.031,0.030234999999999998,0.0297425,0.0294475,0.029283,0.029217499999999997,0.029201
2024-06-11,0.036625,0.03367,0.0318535,0.0306875,0.029940500000000002,0.02947,0.0292,0.029060000000000002,0.028990000000000002,0.02897
2024-06-12,0.03618,0.032852,0.0308625,0.0296425,0.028849999999999997,0.028414000000000002,0.028134000000000003,0.028003,0.027970000000000002,0.0279625
2024-06-13,0.0359675,0.032418,0.030421999999999998,0.029249999999999998,0.028526,0.028130000000000002,0.027917499999999998,0.02783,0.027814000000000002,0.0278075
2024-06-14,0.035699999999999996,0.03196,0.029889000000000002,0.028691499999999998,0.027952499999999998,0.027511999999999998,0.027269,0.027156,0.027137500000000002,0.027174999999999998
2024-06-17,0.03563,0.032029999999999996,0.0300075,0.02887,0.028173,0.02778,0.0275625,0.027457500000000003,0.027436,0.027454999999999997
2024-06-18,0.03549,0.031816,0.029832499999999998,0.028661,0.02796,0.027575,0.02733,0.027229999999999997,0.027225000000000003,0.027235999999999996
2024-06-19,0.03556,0.032,0.030015,0.02887,0.02817,0.027759999999999996,0.027531,0.02742,0.027387,0.0274005
2024-06-20,0.035518999999999995,0.032075,0.030154999999999998,0.02904,0.028356,0.027915000000000002,0.02771,0.0276,0.02754,0.027589000000000002
2024-06-21,0.03535,0.0317925,0.0298665,0.028768,0.028105,0.02775,0.0275725,0.027495,0.027441,0.027607499999999997
2024-06-24,0.03521,0.0317925,0.029900000000000003,0.0288225,0.02819,0.027828,0.0276475,0.027576,0.0275795,0.0276375
2024-06-25,0.035221,0.0318075,0.0299375,0.0288525,0.028197,0.027831,0.0276375,0.0275625,0.027557,0.02758
2024-06-26,0.03526,0.031939999999999996,0.030147499999999997,0.029112,0.0284975,0.0281425,0.0279625,0.02789,0.02787,0.027955
2024-06-27,0.03524,0.0319175,0.030115,0.0290875,0.0284875,0.028140000000000002,0.0279825,0.027927499999999997,0.027934,0.027992499999999997
2024-06-28,0.035387499999999995,0.0321425,0.0304,0.0293925,0.0288,0.0284825,0.02833,0.02828,0.028290000000000003,0.028379500000000002
2024-07-01,0.035527500000000004,0.032431999999999996,0.030773000000000002,0.0298625,0.029325,0.0290125,0.02887,0.02883,0.028849999999999997,0.028919999999999998
2024-07-02,0.035394999999999996,0.032207,0.0305925,0.029670000000000002,0.0291225,0.02883,0.02867,0.02863,0.028667500000000002,0.028739499999999998
2024-07-03,0.035438,0.0322175,0.030449999999999998,0.0294175,0.028789,0.028415,0.028265,0.028201,0.028149999999999998,0.028262
2024-07-04,0.035547,0.032423,0.030709,0.029684,0.0290805,0.0287425,0.02856,0.0284875,0.0284825,0.02851
2024-07-05,0.0353,0.031929,0.030181,0.029152499999999998,0.0285725,0.0282425,0.0280605,0.028005,0.02801,0.028003999999999998
2024-07-08,0.035315,0.031965,0.030115,0.029072499999999998,0.028424,0.0281,0.0279025,0.027832499999999996,0.027847499999999997,0.0278905
2024-07-09,0.03532,0.0320425,0.0302725,0.0292725,0.028667500000000002,0.028312499999999997,0.0281825,0.0281275,0.0281325,0.0281955
2024-07-10,0.035301,0.031867,0.029998,0.028961,0.02834,0.02802,0.0278,0.027729,0.027740499999999998,0.0278075
2024-07-11,0.03479,0.030985,0.029143,0.0282,0.027663000000000004,0.027345,0.027218,0.0271825,0.0272075,0.02727
2024-07-12,0.03479,0.031157,0.0293675,0.0284445,0.02788,0.027639999999999998,0.02748,0.0274465,0.02749,0.027578000000000002
2024-07-15,0.03458,0.030852499999999998,0.02905,0.02812,0.027602,0.027338,0.0272235,0.0272105,0.027269,0.027382499999999997
2024-07-16,0.034405,0.0304875,0.0286,0.0276625,0.0271475,0.026895,0.026782499999999997,0.026782,0.026842500000000002,0.0269375
2024-07-17,0.034362,0.0305375,0.0286575,0.027715999999999998,0.02719,0.0268925,0.0267575,0.0267275,0.026767500000000003,0.0268575
2024-07-18,0.0343475,0.030399,0.028506,0.027639999999999998,0.027174999999999998,0.026905000000000002,0.02681,0.026844999999999997,0.02686,0.027000000000000003
2024-07-19,0.03445,0.03063,0.02881,0.027944,0.027469999999999998,0.027235,0.027135,0.02714,0.027200000000000002,0.027292999999999998
2024-07-22,0.03464,0.0309925,0.0292,0.0283075,0.027824,0.02757,0.027440000000000003,0.02743,0.02749,0.0275
2024-07-23,0.03442,0.0305,0.02867,0.027759999999999996,0.027280000000000002,0.02702,0.02693,0.0269185,0.0269725,0.0270695
2024-07-24,0.03411,0.030135000000000002,0.028366,0.02757,0.027161,0.026987,0.026949999999999998,0.02699,0.02709,0.027200000000000002
2024-07-25,0.03379,0.029905,0.028220000000000002,0.0274,0.027001,0.02683,0.026789999999999998,0.026840000000000003,0.026934999999999997,0.02706
2024-07-26,0.033514,0.029585,0.027905000000000003,0.02713,0.02675,0.02659,0.02656,0.026619999999999998,0.02672,0.026875
2024-07-29,0.033405,0.0294075,0.027639,0.0268275,0.026408,0.02622,0.0261975,0.0262291,0.0263,0.02645
2024-07-30,0.03312,0.028891,0.027172,0.02643,0.026073,0.0259,0.025905,0.025971,0.02606,0.02624
2024-07-31,0.03286,0.028683,0.02694,0.0261405,0.025750000000000002,0.02559,0.02556,0.025607,0.025711499999999998,0.025855000000000003
2024-08-01,0.0324065,0.028022000000000002,0.026279,0.025528,0.025160000000000002,0.02511,0.025019999999999997,0.0250875,0.025314999999999997,0.02537
2024-08-02,0.031726000000000004,0.027361,0.0258285,0.02508,0.024725,0.024612500000000002,0.02464,0.024712,0.024867,0.0249525
2024-08-05,0.031415,0.027468,0.0259285,0.025255999999999997,0.02497,0.02481,0.024852500000000003,0.024950999999999997,0.0250575,0.0252
2024-08-06,0.031013000000000002,0.027153999999999998,0.02574,0.025115,0.024838,0.0247675,0.02473,0.024807000000000003,0.024953,0.025070000000000002
2024-08-07,0.03138,0.027484,0.026045,0.02544,0.02519,0.02511,0.02514,0.025234999999999997,0.025384000000000004,0.025553
2024-08-08,0.0314945,0.027466,0.025987,0.0254165,0.025179999999999998,0.025115,0.025154999999999997,0.025266999999999998,0.02541,0.02553
2024-08-09,0.031219999999999998,0.027229,0.02574,0.0251175,0.02484,0.024775000000000002,0.024780000000000003,0.0248685,0.025015,0.02514
2024-08-12,0.0312615,0.027232,0.025692499999999997,0.025045,0.024750499999999998,0.02466,0.024676,0.024762,0.024876999999999996,0.02503
2024-08-13,0.030884,0.026699999999999998,0.025169999999999998,0.02458,0.024319,0.02423,0.02426,0.024349,0.024466,0.024628
2024-08-14,0.03065,0.026683,0.025160000000000002,0.0245195,0.024225,0.02414,0.02416,0.024245000000000003,0.024375,0.024535
2024-08-15,0.03108,0.027454,0.026035,0.0253695,0.025049000000000002,0.024916999999999998,0.02489,0.024916,0.02503,0.025154999999999997
2024-08-16,0.030962999999999997,0.02738,0.025905,0.0252325,0.0249015,0.024776,0.02475,0.024811999999999997,0.024916,0.02506
2024-08-19,0.0311125,0.027357999999999997,0.025865999999999997,0.025195,0.024855000000000002,0.024723000000000002,0.024698,0.0247525,0.024857499999999998,0.024984000000000003
2024-08-20,0.0309175,0.026997,0.025495800000000002,0.024825,0.024493,0.02436,0.024343,0.024401000000000003,0.0244925,0.02463
2024-08-21,0.0305925,0.026558000000000002,0.025047,0.02442,0.02413,0.024035,0.024045,0.024129,0.024315000000000003,0.0244325
2024-08-22,0.030916000000000003,0.027096,0.0256675,0.025076,0.0247975,0.024698,0.024697499999999997,0.02472,0.0248925,0.025007500000000002
2024-08-23,0.030612499999999997,0.0267335,0.025317,0.02474,0.02448,0.024399999999999998,0.02443,0.02453,0.02466,0.024815
2024-08-26,0.0307825,0.02693,0.025511,0.024958,0.024755,0.024632,0.024651999999999997,0.0247335,0.024860000000000004,0.025015999999999997
2024-08-27,0.03066,0.0268775,0.02553,0.025,0.024804,0.024775000000000002,0.024825,0.024935,0.025085000000000003,0.025269499999999997
2024-08-28,0.0306175,0.026789999999999998,0.025405,0.024879500000000002,0.02466,0.02459,0.02463,0.02473,0.024874999999999998,0.0250305
2024-08-29,0.0303125,0.026496,0.025230000000000002,0.024775000000000002,0.02463,0.024607,0.024675,0.024809,0.024986500000000002,0.02519
2024-08-30,0.0304775,0.02675,0.025495,0.02505,0.024900000000000002,0.02492,0.024940000000000004,0.02506,0.02528,0.02541
2024-09-02,0.030447500000000002,0.026817999999999998,0.0256085,0.025199,0.025078999999999997,0.025070000000000002,0.025150000000000002,0.02528,0.025455000000000002,0.02565
2024-09-03,0.030452499999999997,0.026552,0.025245000000000004,0.024787,0.0246,0.024588000000000002,0.024661,0.024787,0.02497,0.02514
2024-09-04,0.03015,0.026158,0.024777,0.024310000000000002,0.024138000000000003,0.02411,0.02421,0.024343,0.02451,0.0247125
2024-09-05,0.029837500000000003,0.025811999999999998,0.02453,0.024056,0.023925000000000002,0.023918,0.023997,0.024147,0.0243385,0.024524
2024-09-06,0.02948,0.0254325,0.02419,0.023821,0.023765,0.023845,0.02391,0.0240775,0.024325,0.024315000000000003
2024-09-09,0.0289885,0.024923999999999998,0.02377,0.02344,0.023365,0.02341,0.023575,0.023759000000000002,0.023934999999999998,0.024189
2024-09-10,0.028777499999999998,0.024585,0.023455,0.02313,0.0230775,0.02319,0.0233175,0.0235025,0.02375,0.023952499999999998
2024-09-11,0.028552499999999998,0.0242935,0.023090000000000003,0.022804,0.02281,0.022928999999999998,0.023104,0.023294000000000002,0.023513000000000003,0.0237855
2024-09-12,0.0289955,0.0248945,0.02373,0.023399999999999997,0.023353000000000002,0.02342,0.023562,0.023704,0.023940000000000003,0.024125
2024-09-13,0.0286775,0.024550000000000002,0.023384000000000002,0.02307,0.02308,0.02314,0.023305,0.023503,0.023727,0.023995000000000002
2024-09-16,0.0285675,0.024318,0.023129,0.02284,0.0228125,0.02292,0.02307,0.023295,0.02351,0.0237225
2024-09-17,0.028690000000000004,0.0247215,0.0235925,0.023260999999999997,0.023225,0.023285,0.02342,0.023610000000000003,0.023809999999999998,0.0240425
2024-09-18,0.028741500000000003,0.0250205,0.023934999999999998,0.023620000000000002,0.023585,0.023679000000000002,0.023799999999999998,0.024005000000000002,0.0242175,0.024390000000000002
2024-09-19,0.0284675,0.024676999999999998,0.023645,0.023398,0.02342,0.023565,0.023765,0.023995000000000002,0.024237500000000002,0.0245025
2024-09-20,0.0281345,0.024452500000000002,0.023499,0.023280500000000003,0.023319999999999997,0.023469000000000004,0.023671,0.02391,0.024157500000000002,0.024485999999999997
2024-09-23,0.0278345,0.023910499999999998,0.0229725,0.022742,0.02276,0.022940000000000002,0.023204,0.0234475,0.023712499999999997,0.02402
2024-09-24,0.027487499999999998,0.023415,0.022537500000000002,0.0224275,0.022564999999999998,0.022770000000000002,0.0231,0.023402500000000003,0.0236725,0.024014999999999998
2024-09-25,0.027389999999999998,0.02359,0.022751,0.022654999999999998,0.022775,0.023,0.02327,0.023565,0.023835000000000002,0.024183
2024-09-26,0.027409,0.0236175,0.0227975,0.022709999999999998,0.022875,0.023035,0.023336000000000003,0.023618999999999998,0.02388,0.024184999999999998
2024-09-27,0.026991,0.023112499999999998,0.0222765,0.022151,0.022237,0.022511,0.02273,0.0230125,0.023354499999999997,0.023605
2024-09-30,0.0266615,0.0229655,0.022151999999999998,0.022045,0.022136999999999997,0.022312,0.022644,0.022915,0.02316,0.0235
2024-10-01,0.0263945,0.0224525,0.0215455,0.02139,0.02145,0.021625000000000002,0.021875,0.02213,0.0223905,0.02273
2024-10-02,0.026500499999999996,0.02284,0.022035,0.021942,0.022067,0.022252499999999998,0.02251,0.022774000000000003,0.023039999999999998,0.0233
2024-10-03,0.02664,0.0231275,0.022404999999999998,0.02235,0.022505,0.022738,0.022925,0.02321,0.023524,0.023725
2024-10-04,0.027275,0.0242115,0.023533,0.0233995,0.023429500000000002,0.023574,0.023717000000000002,0.0239785,0.0241635,0.0243205
2024-10-07,0.02762,0.024867499999999997,0.0241975,0.0240625,0.02411,0.0242025,0.02435,0.024526,0.024702500000000002,0.024905
2024-10-08,0.0275775,0.024585,0.0239,0.023772500000000002,0.023809999999999998,0.023940000000000003,0.0241125,0.024317000000000002,0.0245375,0.0247565
2024-10-09,0.0276535,0.024861499999999998,0.0241965,0.024039,0.024065,0.024174,0.024332,0.024520499999999997,0.0247275,0.024929
2024-10-10,0.027465000000000003,0.024467500000000003,0.023763999999999997,0.02366,0.02375,0.02388,0.024067500000000002,0.0242775,0.0245025,0.024765000000000002
2024-10-11,0.027469999999999998,0.0243505,0.023635000000000003,0.023559999999999998,0.023665,0.023799,0.024017499999999997,0.024235000000000003,0.024415,0.024675
2024-10-14,0.0274825,0.0244845,0.023787,0.0236695,0.0237025,0.023832,0.0240075,0.02421,0.024409999999999998,0.024651999999999997
2024-10-15,0.0271775,0.024024999999999998,0.023271,0.02315,0.023197000000000002,0.023336000000000003,0.023521,0.0237275,0.023950999999999997,0.02418
2024-10-16,0.026897,0.023645,0.022875,0.02273,0.022775,0.022941,0.023119999999999998,0.0233425,0.0235975,0.0238175
2024-10-17,0.026555,0.023275,0.02257,0.02252,0.022635000000000002,0.022805,0.023090000000000003,0.023348499999999998,0.0235825,0.023940000000000003
2024-10-18,0.02619,0.0229505,0.0223,0.02223,0.022351,0.022532,0.022805,0.02307,0.023319999999999997,0.023620000000000002
2024-10-21,0.026258,0.023445499999999998,0.02292,0.02291,0.0230675,0.02331,0.023552499999999997,0.023828000000000002,0.0241175,0.0243675
2024-10-22,0.0262635,0.023604,0.023126,0.0231805,0.023377500000000002,0.023595,0.023831,0.024088,0.0243395,0.024588000000000002
2024-10-23,0.025875,0.023137500000000002,0.022708,0.022835,0.02307,0.02334,0.023615,0.0238975,0.024180999999999998,0.02445
2024-10-24,0.025470000000000003,0.022799999999999997,0.022398500000000002,0.022460499999999998,0.022653,0.022940000000000002,0.023180999999999997,0.023457,0.0237525,0.024
2024-10-25,0.025455000000000002,0.022948,0.022615,0.022690000000000002,0.0228905,0.023119999999999998,0.02338,0.0236455,0.0238945,0.024085000000000002
2024-10-28,0.02538,0.022761,0.022385000000000002,0.02252,0.022717,0.022949999999999998,0.0232075,0.023469000000000004,0.023732000000000003,0.023986999999999998
2024-10-29,0.02532,0.0228775,0.022552,0.022675,0.022850000000000002,0.023075000000000002,0.0232875,0.023522500000000002,0.023772500000000002,0.023988
2024-10-30,0.02582,0.023842500000000003,0.023582000000000002,0.023636,0.023799999999999998,0.023965,0.02406,0.0242115,0.024414500000000002,0.02453
2024-10-31,0.0259,0.0239175,0.023648,0.023605,0.023645,0.02368,0.0238385,0.023967000000000002,0.024079000000000003,0.024300000000000002
2024-11-01,0.026029,0.0238805,0.023530000000000002,0.0235065,0.023542,0.023639999999999998,0.023815,0.023975,0.024100999999999997,0.024307
2024-11-04,0.02617,0.024157500000000002,0.02383,0.02375,0.023755000000000002,0.023835000000000002,0.023948999999999998,0.024075000000000003,0.024205,0.024329
2024-11-05,0.02644,0.024569999999999998,0.024300000000000002,0.024211999999999997,0.02421,0.024275,0.024363000000000003,0.024481000000000003,0.024602,0.02474
2024-11-06,0.025465,0.023200500000000002,0.022869999999999998,0.022915,0.02302,0.023156,0.023381,0.02359,0.02376,0.024135
2024-11-07,0.025285500000000002,0.0231975,0.022975,0.02302,0.02311,0.023285,0.023475000000000003,0.02367,0.023864999999999997,0.0240995
2024-11-08,0.0249605,0.0228605,0.022597,0.022639999999999997,0.022734,0.022835,0.022986,0.023165,0.023295,0.0235
2024-11-11,0.024900000000000002,0.022505,0.022160000000000003,0.02218,0.02228,0.022402000000000002,0.022553999999999998,0.022719999999999997,0.0228925,0.023010000000000003
2024-11-12,0.02476,0.02258,0.02237,0.02253,0.02274,0.022887,0.023035999999999997,0.023205,0.023385,0.02347
2024-11-13,0.02468,0.02268,0.022532,0.0226945,0.022900999999999998,0.023073,0.0232,0.023344,0.02352,0.0234925
2024-11-14,0.024184999999999998,0.021974499999999998,0.02174,0.021845500000000004,0.021978,0.02214,0.022313,0.022477999999999998,0.0226465,0.022855
2024-11-15,0.02419,0.0220925,0.0218875,0.02193,0.02205,0.022192,0.022354,0.022552,0.0227015,0.022949
2024-11-18,0.024550000000000002,0.022574999999999998,0.0223565,0.022404,0.0224885,0.02255,0.022734,0.0228885,0.02298,0.023195
2024-11-19,0.0246,0.022609499999999998,0.02237,0.022414999999999997,0.0225,0.022628,0.0227675,0.022930000000000002,0.02307,0.02322
2024-11-20,0.02468,0.022711000000000002,0.02251,0.0225535,0.02267,0.02278,0.022934999999999997,0.023092500000000002,0.023239999999999997,0.023479999999999997
2024-11-21,0.024704999999999998,0.022611,0.02238,0.0224005,0.022494999999999998,0.0226425,0.022815,0.022992,0.02315,0.023327
2024-11-22,0.02395,0.021682,0.021484,0.021640000000000003,0.021789999999999997,0.021973,0.022164000000000003,0.02235,0.0225475,0.0227
2024-11-25,0.023895,0.02178,0.021581000000000003,0.021632,0.021685,0.021867499999999998,0.021978499999999998,0.02214,0.02235,0.0224425
2024-11-26,0.023792,0.02173,0.021480000000000003,0.021529,0.021629999999999996,0.021714999999999998,0.0219,0.022065,0.022215,0.02244
2024-11-27,0.02407,0.021953999999999998,0.021589999999999998,0.021551999999999998,0.021560000000000003,0.0216575,0.021785000000000002,0.02193,0.022080000000000002,0.022262499999999998
2024-11-28,0.023902,0.0216125,0.021206999999999997,0.021179999999999997,0.021230000000000002,0.021345,0.02149,0.02165,0.021817000000000003,0.02199
2024-11-29,0.0234755,0.02114,0.020691,0.02062,0.020705,0.020815999999999998,0.020997,0.0211735,0.021364499999999998,0.021589999999999998
2024-12-02,0.0230095,0.0205185,0.020059999999999998,0.02004,0.020121000000000003,0.02025,0.020416,0.02059,0.02078,0.020992
2024-12-03,0.023001999999999998,0.020652499999999997,0.02019,0.020141,0.020193,0.020291999999999998,0.020418,0.020578,0.020739999999999998,0.0209
2024-12-04,0.02307,0.020819999999999998,0.020375,0.02025,0.020318999999999997,0.0204025,0.02045,0.020635,0.0207875,0.02093
2024-12-05,0.0234735,0.021383,0.02093,0.020790000000000003,0.020790000000000003,0.020815,0.0209025,0.021015000000000002,0.021131,0.021265
2024-12-06,0.02355,0.021274500000000002,0.020756399999999998,0.020630000000000003,0.0206205,0.02069,0.020804999999999997,0.020931099999999998,0.021070000000000002,0.0212245
2024-12-09,0.023455,0.021245,0.0207,0.0205775,0.020609000000000002,0.0206925,0.0208075,0.020947499999999997,0.021099999999999997,0.021268
2024-12-10,0.023319999999999997,0.0209775,0.020505,0.020445,0.020507499999999998,0.020637500000000003,0.020790000000000003,0.0209625,0.021156,0.021339999999999998
2024-12-11,0.023254999999999998,0.020951,0.0205175,0.0204975,0.0206075,0.020755,0.0209075,0.021107499999999998,0.021295,0.0215175
2024-12-12,0.023620000000000002,0.02158,0.021185,0.0212075,0.0213475,0.02147,0.021625000000000002,0.021797499999999997,0.02198,0.0221605
2024-12-13,0.02382,0.0220675,0.021724999999999998,0.02178,0.02188,0.022000000000000002,0.02215,0.022320000000000003,0.022484999999999998,0.02266
2024-12-16,0.023815,0.021869999999999997,0.021495,0.02152,0.02161,0.02173,0.021884999999999998,0.0220525,0.02223,0.02239
2024-12-17,0.02388,0.021949999999999997,0.0216,0.021578,0.021613000000000004,0.021711,0.021827,0.0219625,0.022125,0.022258
2024-12-18,0.02376,0.02178,0.021525,0.02158,0.0217,0.021825,0.021974999999999998,0.0221495,0.022315,0.022484999999999998
2024-12-19,0.023860000000000003,0.022080000000000002,0.021957499999999998,0.022099999999999998,0.02228,0.022457500000000002,0.0226425,0.022777500000000003,0.023005,0.023184999999999997
2024-12-20,0.023639999999999998,0.02186,0.021720000000000003,0.0219,0.022099999999999998,0.022265,0.02246,0.0226425,0.02284,0.023010000000000003
2024-12-23,0.023578,0.022005,0.0219643,0.02218,0.022332499999999998,0.02253,0.0227225,0.0229,0.023097500000000003,0.0232775
2024-12-24,0.023578,0.022029999999999998,,,,,,,,
2024-12-25,0.023578,,,,,,,,,
2024-12-26,0.023610000000000003,,,,,,,,,
2024-12-27,0.023530000000000002,0.022240000000000003,0.0223,0.02258,0.022841,0.023066,0.0232825,0.023504399999999998,0.023715,0.0238975
2024-12-30,0.02338,0.0219225,0.02197,0.0222025,0.02246,0.022708,0.022940000000000002,0.023174999999999998,0.023399999999999997,0.023620000000000002
2024-12-31,0.02334,0.02193,0.02189,,,,,,,
2025-01-02,0.023559999999999998,0.022219199999999998,0.022207499999999998,0.02242,0.02265,0.022882,0.0231155,0.0233455,0.02357,0.023777499999999997
2025-01-03,0.02388,0.022697500000000002,0.022712,0.0228905,0.023055,0.023250000000000003,0.023465,0.0236625,0.0238675,0.02406
2025-01-06,0.024263499999999997,0.0231135,0.023125,0.02328,0.0234485,0.0236125,0.023799999999999998,0.023987500000000002,0.02419,0.0243625
2025-01-07,0.02443,0.02318,0.02316,0.023365,0.023610000000000003,0.023809499999999997,0.024050500000000002,0.0242925,0.02452,0.02474
2025-01-08,0.02451,0.02334,0.02338,0.023655,0.023925000000000002,0.024182000000000002,0.024455,0.024752800000000002,0.025001000000000002,0.025237500000000003
2025-01-09,0.02471,0.02355,0.0236555,0.02391,0.024205,0.02443,0.024693,0.024895999999999998,0.02512,0.0253375
2025-01-10,0.024985499999999997,0.023975,0.0241155,0.024394999999999997,0.024649800000000003,0.0248455,0.0250325,0.025215,0.025405,0.025575
2025-01-13,0.025089999999999998,0.0241325,0.024285,0.024569999999999998,0.0248,0.0249862,0.025185,0.02537,0.025559500000000002,0.0257225
2025-01-14,0.02533,0.0244985,0.024704,0.024990000000000002,0.02524,0.025459999999999997,0.025669499999999998,0.0258775,0.026072,0.026248999999999998
2025-01-15,0.024900000000000002,0.023719999999999998,0.0237015,0.023929999999999996,0.024110999999999997,0.024310000000000002,0.024525,0.024685000000000002,0.024929999999999997,0.0250725
2025-01-16,0.0248058,0.023557,0.023542999999999998,0.023735,0.023925000000000002,0.024126599999999998,0.0243275,0.024547500000000003,0.02474,0.024945
2025-01-17,0.024634999999999997,0.023435,0.023433000000000002,0.023635000000000003,0.02384,0.0240345,0.0242125,0.024397500000000003,0.0246,0.024772500000000003
2025-01-20,0.0245893,0.023466499999999998,0.023435,0.023639999999999998,0.023857499999999997,0.0240225,0.02419,0.0244001,0.024618,0.0248
2025-01-21,0.024465,0.0233904,0.023399999999999997,0.02358,0.023760500000000004,0.0239352,0.02412,0.0243026,0.024486300000000003,0.02464
2025-01-22,0.024425,0.023481600000000002,0.023535,0.02375,0.0239175,0.024092500000000003,0.0243025,0.024489999999999998,0.024663499999999998,0.0248427
2025-01-23,0.0245336,0.023620000000000002,0.023690000000000003,0.02387,0.024032,0.0242263,0.024392499999999998,0.0245849,0.0247763,0.024945
2025-01-24,0.024780000000000003,0.02402,0.02408,0.02423,0.024385,0.02452,0.02465,0.02481,0.024994000000000002,0.02514
2025-01-27,0.024745,0.0238291,0.0239,0.02406,0.0242,0.02437,0.02452,0.024675,0.02487,0.025019999999999997
2025-01-28,0.0247752,0.0239941,0.024017499999999997,0.024169999999999997,0.024329999999999997,0.0244861,0.02464,0.024815,0.025013,0.025160000000000002
2025-01-29,0.024775000000000002,0.02402,0.02415,0.024310000000000002,0.024470000000000002,0.024620000000000003,0.0247575,0.02497,0.025146,0.02532
2025-01-30,0.024408500000000003,0.0234625,0.023515,0.023690000000000003,0.02387,0.02403,0.0241425,0.0243575,0.024567899999999997,0.024735
2025-01-31,0.023921,0.02267,0.022675,0.022850000000000002,0.02303,0.023236500000000004,0.0234475,0.0236625,0.023860000000000003,0.024055
2025-02-03,0.023215,0.021875,0.021893,0.022090000000000002,0.02236,0.02257,0.022789999999999998,0.023010000000000003,0.02322,0.02343
2025-02-04,0.023005,0.021856,0.021823000000000002,0.022125699999999998,0.022278,0.022466,0.022675999999999998,0.0229005,0.023120500000000002,0.023323
2025-02-05,0.02303,0.02188,0.021845,0.022010000000000002,0.0221425,0.02236,0.022482500000000002,0.0227225,0.022887499999999998,0.023094999999999997
2025-02-06,0.0230425,0.021949999999999997,0.021958000000000002,0.022109999999999998,0.022275,0.02242,0.0226,0.022805,0.0229948,0.023184999999999997
2025-02-07,0.022959999999999998,0.0218202,0.021771099999999998,0.021916500000000002,0.02206,0.022252,0.02239,0.0226,0.0228118,0.023007
2025-02-10,0.022860000000000002,0.0216406,0.021637499999999997,0.021814200000000002,0.0219875,0.022170000000000002,0.02237,0.022571300000000002,0.022799,0.023010000000000003
2025-02-11,0.0232219,0.0221759,0.02222,0.02246,0.0226725,0.0228658,0.0230788,0.0232804,0.0234945,0.023704999999999997
2025-02-12,0.02351,0.02268,0.022805,0.02302,0.023239999999999997,0.023399999999999997,0.02359,0.02376,0.0239638,0.024138000000000003
2025-02-13,0.02344,0.02234,0.02241,0.02262,0.02281,0.02299,0.023170000000000003,0.023377500000000002,0.023567900000000003,0.02375
2025-02-14,0.023629999999999998,0.02268,0.02275,0.02297,0.02319,0.0233735,0.023556499999999998,0.023784999999999997,0.0239631,0.02416
2025-02-17,0.023569,0.022719999999999997,0.02284,0.02308,0.0233005,0.023504800000000003,0.0237025,0.023929999999999996,0.02414,0.02434
2025-02-18,0.02352,0.022642199999999998,0.02276,0.02302,0.023297500000000002,0.02351,0.023739499999999997,0.023925000000000002,0.02414,0.024396
2025-02-19,0.023686,0.0230004,0.02314,0.023475000000000003,0.0237175,0.023952499999999998,0.0241825,0.024392499999999998,0.024605000000000002,0.024852500000000003
2025-02-20,0.023515,0.02276,0.022934999999999997,0.02321,0.023472499999999997,0.02371,0.023948200000000003,0.024190299999999998,0.024409999999999998,0.02464
2025-02-21,0.0233,0.02235,0.022449499999999997,0.02268,0.022955,0.02315,0.0233805,0.0236869,0.023965,0.024135
2025-02-24,0.02303,0.022232500000000002,0.0223496,0.022629999999999997,0.02289,0.02316,0.02341,0.02368,0.023922,0.0241525
2025-02-25,0.022818900000000003,0.0219261,0.0220625,0.0223785,0.0226125,0.0229025,0.0231075,0.023343500000000003,0.0235995,0.02382
2025-02-26,0.022770000000000002,0.021840000000000002,0.021934999999999996,0.02221,0.022292,0.0226715,0.02292,0.023150900000000002,0.02341,0.023624999999999997
2025-02-27,0.02262,0.02155,0.021625000000000002,0.02193,0.0222395,0.022476,0.022755,0.023005,0.023267000000000003,0.02352
2025-02-28,0.022400000000000003,0.02138,0.02141,0.0216914,0.02194,0.022250000000000002,0.022456,0.022804,0.0230735,0.023368000000000003
2025-03-03,0.02252,0.021709999999999997,0.02181,0.02207,0.022357000000000002,0.022685,0.023035,0.02338,0.0236765,0.023975
2025-03-04,0.022455199999999998,0.02153,0.0215835,0.02194,0.0223775,0.022751,0.023119999999999998,0.0234805,0.0238025,0.0241325
2025-03-05,0.02323,0.0233155,0.023857,0.02436,0.024932,0.025308,0.025607500000000002,0.025923500000000002,0.02613,0.0264
2025-03-06,0.02335,0.0232875,0.023905,0.024489999999999998,0.024965,0.02537,0.025693,0.02604,0.026324999999999998,0.02661
2025-03-07,0.023540000000000002,0.02341,0.02404,0.024700000000000003,0.02537,0.025859999999999998,0.0262,0.02643,0.026822,0.027122999999999998
2025-03-10,0.0232525,0.023105,0.023776000000000002,0.024399099999999996,0.0249885,0.025453,0.02589,0.026259,0.026625,0.0269575
2025-03-11,0.023226,0.0230845,0.0238155,0.024537,0.0254015,0.0259895,0.0264275,0.026896,0.02714,0.02765
2025-03-12,0.023212999999999998,0.023170000000000003,0.0238875,0.02459,0.02519,0.02574,0.02614,0.026542500000000004,0.026920000000000003,0.027309999999999997
2025-03-13,0.023092500000000002,0.022853,0.0235395,0.0242945,0.0249575,0.025452,0.025893000000000003,0.026320999999999997,0.026697000000000002,0.027034
2025-03-14,0.02327,0.023094999999999997,0.02383,0.024585,0.02524,0.025778,0.026282,0.026745,0.02713,0.027488000000000002
2025-03-17,0.0233725,0.0231275,0.023809999999999998,0.0244322,0.025019999999999997,0.0255775,0.0259425,0.02635,0.0267193,0.02705
2025-03-18,0.0233675,0.02297,0.0235885,0.02428,0.02481,0.02536,0.0257505,0.0262,0.026539999999999998,0.0269145
2025-03-19,0.0233,0.023032499999999997,0.023715,0.024319999999999998,0.02483,0.02528,0.025735,0.02604,0.026415,0.02675
2025-03-20,0.0232925,0.0229025,0.0235025,0.024169999999999997,0.024667500000000002,0.0251425,0.025595,0.026019999999999998,0.026365,0.026687500000000003
2025-03-21,0.023094999999999997,0.02262,0.02319,0.023852500000000002,0.024423499999999997,0.0249955,0.02548,0.025910000000000002,0.0263155,0.0266575
2025-03-24,0.023045,0.02259,0.02318,0.02388,0.024479,0.02503,0.0255315,0.0259925,0.0264045,0.0267625
2025-03-25,0.02306,0.022727499999999998,0.023389000000000004,0.024097499999999997,0.024739499999999998,0.0252875,0.025804,0.026269999999999998,0.026686,0.027046999999999998
2025-03-26,0.02276,0.022312500000000002,0.0229325,0.023670499999999997,0.0243025,0.025008,0.0254525,0.025917500000000003,0.0263625,0.026764999999999997
2025-03-27,0.022675,0.022189999999999998,0.022845,0.0236,0.02428,0.024916,0.0254935,0.0260485,0.0264875,0.026899000000000003
2025-03-28,0.022384,0.021755,0.022425,0.023200500000000002,0.023911500000000002,0.024540000000000003,0.025099999999999997,0.025647000000000003,0.026116999999999998,0.026528
2025-03-31,0.022424,0.021915,0.0225715,0.02334,0.024058000000000003,0.02467,0.0252275,0.0258025,0.026147,0.026538
2025-04-01,0.022115,0.02165,0.022272,0.0230268,0.023687999999999997,0.0242005,0.024775000000000002,0.0252525,0.02569,0.026055000000000002
2025-04-02,0.022254999999999997,0.0217815,0.0224325,0.02321,0.0238985,0.024474,0.0250245,0.025492499999999998,0.025928,0.02633
2025-04-03,0.021804999999999998,0.0209325,0.02152,0.022283499999999998,0.0229275,0.023553,0.024145,0.024676,0.025145,0.0255831
2025-04-04,0.021134499999999997,0.020387,0.020788,0.021551499999999998,0.022409,0.023106,0.023724,0.024239,0.024784,0.025222
2025-04-07,0.021122000000000002,0.0203,0.020985,0.02185,0.02278,0.02358,0.024329999999999997,0.024997500000000002,0.025539999999999997,0.026045
2025-04-08,0.020659999999999998,0.0198725,0.020947499999999997,0.021872500000000003,0.02257,0.0234425,0.0239545,0.024659499999999997,0.025289000000000002,0.0256675
2025-04-09,0.020634,0.019761,0.0206603,0.0218865,0.0228125,0.023629999999999998,0.024284,0.024929,0.0254864,0.025929999999999998
2025-04-10,0.020572,0.019937899999999998,0.020628999999999998,0.021568,0.0224365,0.02318,0.023852500000000002,0.0245015,0.025013,0.025487000000000003
2025-04-11,0.02099,0.0203383,0.021193,0.022147999999999998,0.02311,0.02374,0.024329999999999997,0.024797,0.0252277,0.025651
2025-04-14,0.0206,0.019790000000000002,0.0204825,0.0213775,0.022151,0.022717499999999998,0.023497499999999998,0.024105500000000002,0.024569200000000003,0.024975499999999998
2025-04-15,0.02051,0.01966,0.020404,0.021349999999999997,0.022160000000000003,0.02289,0.023583,0.024195,0.024752399999999997,0.025186
2025-04-16,0.020381,0.019610000000000002,0.020336,0.021240000000000002,0.022080000000000002,0.022837,0.023536500000000002,0.0241745,0.02469,0.025165000000000003
2025-04-17,0.01981,0.0190549,0.0199,0.02089,0.02176,0.02255,0.02327,0.0239185,0.0244425,0.02495
2025-04-21,,0.01906,0.01988,0.02084,,0.0225,0.0231729,0.02388,0.024371800000000002,0.024929999999999997
2025-04-22,0.0196865,0.018763000000000002,0.01948,0.02044,0.0213175,0.02214,0.022860000000000002,0.0235015,0.02407,0.024565
2025-04-23,0.01972,0.01918,0.019975,0.0208905,0.0217875,0.0225335,0.0232098,0.02383,0.024378999999999998,0.0248475
2025-04-24,0.019648000000000002,0.01884,0.019575,0.020455,0.0213,0.02206,0.022735,0.023399999999999997,0.023982999999999997,0.02445
2025-04-25,0.019790000000000002,0.0191091,0.019795,0.020630000000000003,0.0214025,0.0221475,0.0228265,0.023445,0.02399,0.024465
2025-04-28,0.01978,0.01916,0.01992,0.0209625,0.021709999999999997,0.0225,0.02326,0.023915000000000002,0.0243405,0.024953500000000003
2025-04-29,0.0198255,0.0192095,0.01996,0.020849000000000003,0.021631499999999998,0.02237,0.023039999999999998,0.0236475,0.024193,0.0246745
2025-04-30,0.01959,0.01885,0.0195775,0.020396499999999998,0.0211545,0.0218965,0.022596500000000002,0.0232295,0.023796499999999998,0.0242845
2025-05-01,0.019545,0.01885,0.019535,0.0204,,0.0219,0.0226,0.02322,0.023802,0.02429
2025-05-02,0.020028,0.0195305,0.0202176,0.0212075,0.022019999999999998,0.02281,0.023420999999999997,0.023987500000000002,0.0245518,0.025018
2025-05-05,0.02001,0.01941,0.0201055,0.021033499999999997,0.021835,0.022587000000000003,0.0232755,0.0237915,0.024456500000000003,0.02483
2025-05-06,0.019882999999999998,0.0192745,0.02001,0.0209125,0.02176,0.022498999999999998,0.023245000000000002,0.0239075,0.02442,0.024975
2025-05-07,0.019754,0.019060999999999998,0.0197431,0.020569999999999998,0.02129,0.022019999999999998,0.02268,0.0233255,0.023868999999999998,0.0243325
2025-05-08,0.020013,0.019553,0.02028,0.02117,0.0219835,0.02275,0.02336,0.023978000000000003,0.024512,0.024959
2025-05-09,0.019870000000000002,0.019525999999999998,0.020321,0.02121,0.02204,0.02282,0.02347,0.024068,0.024619,0.025051999999999998
2025-05-12,0.0206325,0.0206575,0.021484999999999997,0.0222254,0.02322,0.02391,0.0242932,0.025003,0.0254915,0.0259075
2025-05-13,0.020664099999999998,0.0206765,0.0216085,0.022469000000000003,0.023289,0.023977,0.024627500000000004,0.025216,0.025737999999999997,0.0261825
2025-05-14,0.0208269,0.020813799999999997,0.021791,0.0227545,0.02352,0.0242515,0.0248935,0.0254325,0.025986500000000003,0.02638
2025-05-15,0.02061,0.020356700000000002,0.0211554,0.0219793,0.0226925,0.0234127,0.0239975,0.024574,0.025070000000000002,0.025522999999999997
2025-05-16,0.020501000000000002,0.020117600000000003,0.0209125,0.0217095,0.0224535,0.0231485,0.023796499999999998,0.024357000000000004,0.024907,0.025328
2025-05-19,0.020315,0.0200618,0.020802499999999998,0.021643,0.022396,0.0231549,0.0237595,0.024381,0.0249125,0.02538
2025-05-20,0.02028,0.0200293,0.0208225,0.0216815,0.02247,0.023239999999999997,0.023943,0.0245875,0.0251505,0.0256595
2025-05-21,0.02036,0.020241500000000003,0.021115,0.0220372,0.0228525,0.023611499999999997,0.024319999999999998,0.0249553,0.025529000000000003,0.026019999999999998
2025-05-22,0.0202075,0.019950000000000002,0.020865,0.0218525,0.022752500000000002,0.023529,0.02429,0.0249575,0.0255575,0.0260735
2025-05-23,0.01991,0.0196075,0.020488,0.02144,0.022320000000000003,0.02311,0.023825,0.024517999999999998,0.02512,0.025656500000000002
2025-05-26,0.01988,0.0195545,0.020360999999999997,0.0212875,0.02213,0.022921,0.023681,0.0243565,0.024929999999999997,0.0254535
2025-05-27,0.0196895,0.019457,0.020328,0.0212,0.022017500000000002,0.0227325,0.0234235,0.0240575,0.0246075,0.025092500000000004
2025-05-28,0.01967,0.019498,0.0203478,0.0212601,0.022075,0.022854,0.02357,0.0241845,0.0247905,0.025332
2025-05-29,0.01965,0.019328,0.020165000000000002,0.02106,0.021869999999999997,0.022637499999999998,0.023327,0.023957000000000003,0.02453,0.025043000000000003
2025-05-30,0.019755,0.019392,0.020173999999999997,0.021019999999999997,0.02175,0.022526,0.023250000000000003,0.023909,0.024476499999999998,0.0250005
2025-06-02,0.01978,0.019446,0.020215,0.0211095,0.0219145,0.02267,0.023396499999999997,0.024055,0.02463,0.025154999999999997
2025-06-03,0.0197756,0.0193825,0.02019,0.0210673,0.02191,0.022684000000000003,0.0234056,0.0240657,0.024668000000000002,0.025198
2025-06-04,0.0197555,0.01947,0.020264,0.021150000000000002,0.02197,0.022723,0.023387500000000002,0.02403,0.0246025,0.025105
2025-06-05,0.02005,0.020099999999999996,0.0209124,0.021838000000000003,0.022681,0.0233924,0.0240698,0.0246967,0.025283299999999998,0.025772200000000002
2025-06-06,0.02004,0.0201507,0.021,0.02191,0.022785000000000003,0.023479999999999997,0.024204500000000004,0.02477,0.02533,0.0258275
2025-06-09,0.020075,0.020065,0.020881599999999997,0.02175,0.0225775,0.023325,0.024024999999999998,0.0246625,0.025233,0.025737
2025-06-10,0.019943,0.0198985,0.020705,0.021559,0.022378999999999996,0.02306,0.023780000000000003,0.024412,0.024977,0.025459999999999997
2025-06-11,0.01993,0.019846,0.020642499999999998,0.0215065,0.0223163,0.0230725,0.0237795,0.024420999999999998,0.024997,0.025473
2025-06-12,0.01986,0.019655,0.020366,0.021231,0.0220125,0.022789,0.023435,0.0240625,0.0246685,0.0251335
2025-06-13,0.020122499999999998,0.020059999999999998,0.02088,0.021729500000000002,0.022513000000000002,0.02327,0.023940000000000003,0.024565999999999998,0.025098,0.025619999999999997
2025-06-16,0.0200775,0.019935,0.020695,0.0216,0.022466499999999997,0.023212,0.023883,0.024463,0.025089999999999998,0.02558
2025-06-17,0.020265,0.0201355,0.0208525,0.021709999999999997,0.02252,0.023239999999999997,0.023889999999999998,0.024515,0.025045,0.02557
2025-06-18,0.0201275,0.01992,0.020605000000000002,0.02145,0.0222452,0.022940000000000002,0.02357,0.024169,0.02473,0.025234
2025-06-19,0.020045,0.0199634,0.020739999999999998,0.02162,0.02243,0.023165,0.023825,0.024436,0.025022000000000003,0.025505
2025-06-20,0.0200075,0.0199505,0.020722499999999998,0.0215455,0.022324999999999998,0.023045,0.0237275,0.024343499999999997,0.0249045,0.0254
2025-06-23,0.01999,0.019844999999999998,0.020583499999999998,0.021422,0.0222385,0.022960500000000002,0.023595500000000002,0.024197000000000003,0.0247695,0.0252515
2025-06-24,0.020009199999999998,0.0199,0.020622500000000002,0.02149,0.0222875,0.023064499999999998,0.023775,0.02443,0.025002499999999997,0.025567000000000003
2025-06-25,0.01989,0.0198611,0.0206785,0.021585999999999998,0.0224525,0.0232225,0.023926500000000003,0.02456,0.025178600000000002,0.025670000000000002
2025-06-26,0.019837,0.01974,0.0205775,0.021508,0.022369,0.02319,0.023889999999999998,0.024597,0.025193,0.025729500000000002
2025-06-27,0.019974000000000002,0.019985,0.020841,0.02174,0.022559999999999997,0.023370000000000002,0.02406,0.0247125,0.0253275,0.025859999999999998
2025-06-30,0.02,0.02004,0.020963,0.021872500000000003,0.022698999999999997,0.023440500000000003,0.024201,0.024849999999999997,0.025514199999999997,0.026056
2025-07-01,0.0199626,0.01992,0.0207957,0.021680500000000002,0.02249,0.023243,0.023971,0.024611900000000003,0.025195,0.02572
2025-07-02,0.01992,0.0200248,0.021026,0.021999,0.022865000000000003,0.023665,0.024402,0.025083,0.025687,0.026219000000000003
2025-07-03,0.019805,0.01985,0.0207865,0.0217,0.02253,0.0233,0.02402,0.0246714,0.02528,0.025804999999999998
2025-07-04,0.019637,0.019582,0.020531,0.02152,0.022330000000000003,0.023132,0.023879,0.024573499999999998,0.025192000000000003,0.025754000000000003
2025-07-07,0.019658,0.019710000000000002,0.0207105,0.0216675,0.0225125,0.0233505,0.024112,0.02481,0.025397500000000003,0.025956
2025-07-08,0.019849000000000002,0.020030000000000003,0.021074000000000002,0.022078,0.02297,0.023803,0.024550000000000002,0.025259999999999998,0.025885,0.02644
2025-07-09,0.019974000000000002,0.01999,0.020957499999999997,0.021934999999999996,0.022775,0.023615,0.024363000000000003,0.025076200000000003,0.0256635,0.026206
2025-07-10,0.0202,0.020308000000000003,0.0212925,0.022265999999999998,0.023162,0.0239426,0.024704999999999998,0.02537,0.025987,0.02653
2025-07-11,0.0203145,0.020477500000000003,0.021460499999999997,0.022480000000000003,0.0233325,0.024176000000000003,0.024940000000000004,0.0256339,0.026270500000000002,0.0268235
2025-07-14,0.020243999999999998,0.020316999999999998,0.0213587,0.02241,0.02334,0.0242041,0.025009999999999998,0.025717,0.0263625,0.026963499999999998
2025-07-15,0.02016,0.020227,0.021259999999999998,0.022303000000000003,0.023248,0.024089,0.024858500000000002,0.025585,0.026244,0.026835
2025-07-16,0.020019999999999996,0.0199859,0.0209325,0.021966,0.0229145,0.0237765,0.02461,0.025334500000000003,0.026013500000000002,0.026621000000000002
2025-07-17,0.0200875,0.020099,0.0210615,0.022106499999999998,0.023049,0.023901,0.024648,0.02532,0.025962,0.026539999999999998
2025-07-18,0.01998,0.0200269,0.021019999999999997,0.0220275,0.023,0.0238536,0.0246025,0.02536,0.026013,0.026581999999999998
2025-07-21,0.019870000000000002,0.0197599,0.020659,0.021653,0.0225475,0.0233505,0.0241075,0.024825,0.025425,0.026012
2025-07-22,0.019735,0.019682500000000002,0.0205745,0.021557,0.02245,0.023263,0.024045,0.02474,0.025363000000000004,0.025929999999999998
2025-07-23,0.019950000000000002,0.0200157,0.021034999999999998,0.022019999999999998,0.023023500000000002,0.023836499999999997,0.0246475,0.025231499999999997,0.0258677,0.0264545
2025-07-24,0.02029,0.020579999999999998,0.021526,0.022559999999999997,0.0234404,0.024239999999999998,0.024904000000000003,0.025596,0.0262,0.02673
2025-07-25,0.020419999999999997,0.020735,0.021734,0.02267,0.0235005,0.0242665,0.024975999999999998,0.025633499999999997,0.026234,0.026761
2025-07-28,0.0205565,0.020607,0.021578499999999997,0.02251,0.023402500000000003,0.024121999999999998,0.024835,0.0255055,0.026092,0.026643
2025-07-29,0.0205535,0.020722499999999998,0.0217485,0.022698999999999997,0.02357,0.02436,0.024995,0.025715,0.026261,0.02683
2025-07-30,0.0206275,0.02091,0.0218715,0.02278,0.0236,0.02437,0.024980000000000002,0.025621,0.0261985,0.026757
2025-07-31,0.020710000000000003,0.0210173,0.0219675,0.022863,0.023620000000000002,0.024348,0.025041,0.025667,0.026236000000000002,0.026753999999999997
2025-08-01,0.020477,0.02069,0.021560000000000003,0.02252,0.023233,0.024089999999999997,0.02481,0.025467499999999997,0.026049000000000003,0.026615000000000003
2025-08-04,0.020390000000000002,0.020470000000000002,0.021320000000000002,0.022189999999999998,0.02297,0.023700000000000002,0.024357700000000003,0.024982,0.025575999999999998,0.026080000000000002
2025-08-05,0.020390000000000002,0.0204409,0.021259999999999998,0.0221225,0.0229075,0.023639999999999998,0.024318,0.024965,0.025519,0.026065
2025-08-06,0.02053,0.0206125,0.02147,0.02234,0.0231185,0.023851499999999998,0.024543,0.0251544,0.025764999999999996,0.026301
2025-08-07,0.020548,0.0206275,0.0214675,0.0222675,0.023,0.023668,0.024315000000000003,0.024940000000000004,0.025501,0.02601
2025-08-08,0.020663,0.020870000000000003,0.021789999999999997,0.02267,0.02346,0.024165000000000002,0.0248335,0.025437500000000002,0.026024,0.026549999999999997
2025-08-11,0.0207085,0.0208893,0.021765500000000004,0.022621000000000002,0.023382,0.0240905,0.024765000000000002,0.025405,0.025987,0.02653
2025-08-12,0.0207965,0.020984,0.0219,0.022805,0.023627500000000003,0.0243795,0.0250815,0.02574,0.0263565,0.026911499999999998
2025-08-13,0.020687,0.020735,0.0215265,0.022377699999999997,0.023155000000000002,0.0238825,0.024569999999999998,0.025223,0.025841,0.026385000000000002
2025-08-14,0.0207835,0.02085,0.021709999999999997,0.0226135,0.0234175,0.024157500000000002,0.0248665,0.02553,0.026142500000000003,0.026701000000000003
2025-08-15,0.02089,0.021085,0.022058499999999998,0.023025000000000004,0.023896999999999998,0.024685000000000002,0.025419999999999998,0.026102,0.0267435,0.0273225
2025-08-18,0.020845,0.020962,0.0218915,0.022792,0.02365,0.0244253,0.025129000000000002,0.025803,0.026448,0.027024
2025-08-19,0.0208275,0.0209225,0.021813,0.022712500000000004,0.023530000000000002,0.0242913,0.025009999999999998,0.0257145,0.02635,0.026920000000000003
2025-08-20,0.020630000000000003,0.0206885,0.02158,0.0224675,0.023275,0.024030999999999997,0.024752999999999997,0.02543,0.026063,0.026636000000000003
2025-08-21,0.020772,0.0210195,0.0219395,0.0228475,0.023654500000000002,0.0244408,0.025175999999999997,0.025858,0.026474,0.027065000000000002
2025-08-22,0.020569999999999998,0.020761500000000002,0.0216317,0.022525499999999997,0.023336000000000003,0.024082,0.02481,0.02549,0.0261205,0.026688
2025-08-25,0.020720000000000002,0.0209565,0.0219245,0.0228445,0.023664499999999998,0.024429500000000003,0.025165000000000003,0.0258765,0.026492,0.0270965
2025-08-26,0.020585,0.020732499999999997,0.0215975,0.022480000000000003,0.023290500000000002,0.0240625,0.024820000000000002,0.0255225,0.0261775,0.026770000000000002
2025-08-27,0.020487000000000002,0.020493,0.0213225,0.022235,0.023037000000000002,0.023858,0.024619,0.025341,0.026006,0.02661
2025-08-28,0.0206,0.020644,0.0214495,0.0223075,0.023105,0.023852500000000002,0.02458,0.02527,0.025927500000000003,0.026495
2025-08-29,0.0206075,0.020609000000000002,0.021424,0.022295500000000003,0.023144,0.023912,0.0246375,0.0253425,0.026002,0.026600000000000002
2025-09-01,0.020739999999999998,0.0207775,0.021606999999999998,0.022480000000000003,0.023322,0.024098,0.024843,0.025548,0.0262135,0.026808000000000002
2025-09-02,0.020833499999999998,0.0209785,0.021868,0.022770000000000002,0.023622999999999998,0.02442,0.025187499999999998,0.025911499999999997,0.0265885,0.0272095
2025-09-03,0.0208065,0.02085,0.02166,0.02251,0.023319999999999997,0.024089999999999997,0.0248475,0.025539999999999997,0.026205,0.0268
2025-09-04,0.020889500000000002,0.0209355,0.0217,0.0225125,0.0233,0.024027,0.024746999999999998,0.02543,0.026080000000000002,0.02664
2025-09-05,0.020762,0.020701999999999998,0.021404999999999997,0.02218,0.022937500000000003,0.023657499999999998,0.024409999999999998,0.025092500000000004,0.0257425,0.026335
2025-09-08,0.02081,0.02069,0.0213695,0.022123,0.022887499999999998,0.023576,0.02428,0.024938500000000002,0.025555500000000002,0.026125
2025-09-09,0.02089,0.0208232,0.02147,0.02222,0.0229625,0.0236775,0.0243625,0.02503,0.025655,0.026222500000000003
2025-09-10,0.02099,0.02093,0.021555,0.0222275,0.02292,0.0236075,0.024315000000000003,0.0249675,0.025535000000000002,0.026141
2025-09-11,0.02119,0.0212325,0.021857500000000002,0.0225225,0.023182499999999998,0.0237975,0.0243895,0.0249745,0.025527,0.02604
2025-09-12,0.021204,0.021471499999999998,0.0222,0.022940000000000002,0.0236495,0.024255,0.02496,0.02556,0.02614,0.026666
2025-09-15,0.0211895,0.021450999999999998,0.022172499999999998,0.022887499999999998,0.023595500000000002,0.02423,0.024855000000000002,0.025459999999999997,0.0260195,0.026516
2025-09-16,0.021070000000000002,0.021314000000000003,0.022022499999999997,0.022747000000000003,0.0234625,0.02413,0.0247575,0.025373999999999997,0.0259625,0.026501
2025-09-17,0.02106,0.021349999999999997,0.022078,0.022797,0.02347,0.024089999999999997,0.024693999999999997,0.025276,0.0258245,0.026327
2025-09-18,0.021162,0.021412300000000002,0.02218,0.0229625,0.023690000000000003,0.0243625,0.025012500000000003,0.025627499999999998,0.0262025,0.0267375
2025-09-19,0.0212375,0.0215275,0.022332499999999998,0.023115,0.0238475,0.024540000000000003,0.02519,0.0258245,0.0264,0.026981500000000002
2025-09-22,0.0212,0.021454,0.022254700000000002,0.02306,0.023807000000000002,0.02451,0.02519,0.025830000000000002,0.02642,0.02696
2025-09-23,0.021172499999999997,0.0215075,0.0223575,0.0231875,0.023952499999999998,0.024655999999999997,0.0253295,0.025968,0.02656,0.02703
2025-09-24,0.021203,0.0215476,0.02239,0.02321,0.023975,0.0246808,0.025353,0.0259935,0.0265932,0.027132999999999997
2025-09-25,0.021305,0.021742499999999998,0.0226525,0.023530000000000002,0.0242975,0.0249925,0.02564,0.0262505,0.026815000000000002,0.02732
2025-09-26,0.021374499999999998,0.021720000000000003,0.022570999999999997,0.023399999999999997,0.02415,0.0248374,0.0254425,0.0260629,0.0266364,0.027186699999999998
2025-09-29,0.0213,0.021616,0.022446999999999998,0.0232025,0.0238825,0.024523100000000003,0.02513,0.025702500000000003,0.026259800000000003,0.026757
2025-09-30,0.02122,0.021560000000000003,0.0223725,0.02314,0.02383,0.024489999999999998,0.02512,0.025705,0.026269499999999998,0.026775000000000004
2025-10-01,0.021109,0.0214575,0.0222575,0.02305,0.023809999999999998,0.024489999999999998,0.0251225,0.025750000000000002,0.026295000000000002,0.026825
2025-10-02,0.0210885,0.0213845,0.0221669,0.022949999999999998,0.023639999999999998,0.024300000000000002,0.02495,0.02557,0.026115,0.02665
2025-10-03,0.0212,0.0215178,0.0223025,0.023087499999999997,0.0238125,0.024470000000000002,0.02511,0.025710700000000003,0.026269999999999998,0.026789999999999998
2025-10-06,0.02119,0.0214723,0.022306499999999996,0.02314,0.0238954,0.0245813,0.025264500000000002,0.025918899999999998,0.026509,0.027061
2025-10-07,0.02121,0.0214804,0.0222727,0.0230803,0.0238395,0.02453,0.025205500000000002,0.025825900000000002,0.026413000000000002,0.026954099999999998
2025-10-08,0.0211095,0.021299199999999997,0.022013500000000002,0.0228068,0.0235375,0.0242235,0.024876999999999996,0.025495,0.026069,0.026600000000000002
2025-10-09,0.021155,0.02138,0.022185,0.0230125,0.0237785,0.0244623,0.02513,0.0257668,0.02635,0.0268592
2025-10-10,0.021027499999999998,0.0211095,0.021835,0.022599,0.023310499999999998,0.023953500000000003,0.0246735,0.025296,0.025884499999999998,0.0263625
2025-10-13,0.020954,0.020954999999999998,0.021629999999999996,0.022404999999999998,0.023170000000000003,0.023862,0.024532500000000002,0.0251775,0.0257765,0.026327
2025-10-14,0.02093,0.020862099999999998,0.021496,0.022216,0.022955999999999997,0.023622,0.0242895,0.0249245,0.02549,0.0260155
2025-10-15,0.020936,0.0208075,0.021355,0.022050999999999998,0.0227535,0.0234375,0.024088500000000002,0.0247205,0.0253065,0.025842999999999998
2025-10-16,0.020803,0.020469499999999998,0.0210325,0.021655999999999998,0.0223775,0.022869999999999998,0.02373,0.024435,0.0249925,0.025575
2025-10-17,0.0209,0.0207165,0.021269999999999997,0.022008999999999997,0.022725,0.023436,0.024089999999999997,0.0247375,0.025343,0.0258713
2025-10-20,0.02083,0.020710000000000003,0.0213182,0.022029999999999998,0.022719999999999997,0.023399999999999997,0.02407,0.024693999999999997,0.025283000000000003,0.025827
2025-10-21,0.02088,0.020710000000000003,0.021248999999999997,0.021928299999999998,0.0226,0.023231799999999997,0.023852500000000002,0.0245065,0.025073500000000002,0.02559
2025-10-22,0.020852,0.020727799999999998,0.021294300000000002,0.021931500000000003,0.0225915,0.0233263,0.024014999999999998,0.02463,0.025199799999999998,0.025755
2025-10-23,0.02093,0.0208535,0.02146,0.022189999999999998,0.02289,0.0235209,0.024203000000000002,0.0248245,0.025383,0.0259525
2025-10-24,0.02112,0.021188600000000002,0.0218463,0.022585,0.023245000000000002,0.02392,0.024550000000000002,0.0251375,0.025711499999999998,0.0262385
2025-10-27,0.0212305,0.02125,0.0218805,0.0225705,0.0232245,0.0238505,0.024455499999999998,0.025056500000000002,0.025601500000000003,0.0260955
2025-10-28,0.021240000000000002,0.0212865,0.0219229,0.02262,0.02328,0.0239,0.02453,0.0251025,0.02565,0.0261825
2025-10-29,0.021179999999999997,0.0212445,0.0219082,0.022654999999999998,0.023374199999999998,0.023969999999999998,0.02459,0.025179999999999998,0.025719500000000003,0.0262345
2025-10-30,0.0213,0.021419999999999998,0.0221075,0.022836500000000003,0.023524600000000003,0.02412,0.0247675,0.0253625,0.0259075,0.0264255
2025-10-31,0.0213,0.021327500000000003,0.02198,0.02268,0.02334,0.024013,0.024664000000000002,0.025283000000000003,0.025862,0.026400999999999997
2025-11-03,0.021429999999999998,0.02155,0.02226,0.023,0.0237065,0.02434,0.024968,0.02557,0.0261385,0.0266705
2025-11-04,0.021331000000000003,0.0214435,0.0221451,0.0228918,0.0235755,0.024239999999999998,0.024879,0.0254725,0.0260475,0.0265815
2025-11-05,0.021345999999999997,0.02152,0.022250000000000002,0.023035999999999997,0.023780000000000003,0.024451,0.0250875,0.025702,0.026276,0.026805
2025-11-06,0.021339999999999998,0.021475499999999998,0.022145199999999997,0.02292,0.023696000000000002,0.024365,0.025002499999999997,0.0256135,0.026192000000000003,0.026725500000000003
2025-11-07,0.021265,0.0214145,0.0221595,0.02297,0.02374,0.024437,0.025108000000000002,0.02574,0.0263355,0.0268865
2025-11-10,0.021320000000000002,0.02152,0.02223,0.023010000000000003,0.023799999999999998,0.02443,0.025082499999999997,0.025699999999999997,0.026279,0.02681
2025-11-11,0.021339999999999998,0.0214955,0.0222,0.022949999999999998,0.02367,0.02435,0.025012500000000003,0.0256255,0.0262095,0.02674
2025-11-12,0.0214295,0.02157,0.022226,0.02298,0.023700000000000002,0.024385,0.025023,0.025633,0.0262075,0.026741
2025-11-13,0.021579,0.021829499999999998,0.022559999999999997,0.023347000000000003,0.02407,0.024780000000000003,0.025437500000000002,0.026061,0.0266465,0.027190500000000003
2025-11-14,0.0215745,0.0219297,0.0227595,0.023582000000000002,0.0243625,0.025082499999999997,0.025766,0.0264099,0.027013,0.027572
2025-11-17,0.021602999999999997,0.022000000000000002,0.0227805,0.0236135,0.024409999999999998,0.02511,0.025790999999999998,0.026436,0.0270425,0.02759
2025-11-18,0.02162,0.0219145,0.022698,0.023540000000000002,0.0243735,0.025135499999999998,0.025835499999999997,0.026421,0.02709,0.027618999999999998
2025-11-19,0.0215605,0.021841,0.0226678,0.023530000000000002,0.024343499999999997,0.0250885,0.0258115,0.0264925,0.02711,0.027690000000000003
2025-11-20,0.021480000000000003,0.021755499999999997,0.022564999999999998,0.023445,0.0242605,0.0250085,0.025734499999999997,0.0264195,0.0270525,0.027634500000000003
2025-11-21,0.02138,0.0216341,0.022439,0.023317,0.02412,0.024874,0.025602,0.026282,0.026913,0.027494
2025-11-24,0.0213555,0.0216135,0.0224125,0.0232705,0.0240635,0.0248104,0.0255195,0.026196,0.0268225,0.0274005
2025-11-25,0.021349999999999997,0.0216,0.0223445,0.023170000000000003,0.023921,0.0246645,0.0253755,0.026045,0.026672099999999997,0.02725
2025-11-26,0.0213475,0.02161,0.0223445,0.023146,0.0239126,0.024655,0.025373,0.0260535,0.026681,0.02726
2025-11-27,0.02138,0.02168,0.0224349,0.023251,0.02403,0.0247445,0.0254495,0.026124,0.026744,0.027326000000000003
2025-11-28,0.0213905,0.021720000000000003,0.022493500000000003,0.023322600000000002,0.024089999999999997,0.0248455,0.0255775,0.026264500000000003,0.026906500000000003,0.027498
2025-12-01,0.0215375,0.02197,0.02281,0.02371,0.024533100000000002,0.0252835,0.0260255,0.026729,0.027374999999999997,0.027971499999999996
2025-12-02,0.021475,0.021868,0.02274,0.023629999999999998,0.024472,0.025210499999999997,0.025964499999999998,0.026662699999999998,0.027302499999999997,0.027892
2025-12-03,0.0214195,0.021842700000000003,0.02268,0.023559999999999998,0.0243695,0.025144600000000003,0.02588,0.026571400000000002,0.02721,0.02779
2025-12-04,0.02152,0.0219718,0.022865700000000003,0.02376,0.0245805,0.0253427,0.026056,0.0267492,0.027382300000000002,0.02796
2025-12-05,0.021739500000000002,0.022331900000000002,0.02328,0.0242235,0.0250605,0.0258395,0.026496,0.02717,0.027782499999999998,0.02836
2025-12-08,0.021986500000000003,0.02292,0.0240605,0.02506,0.0259,0.026615000000000003,0.027282999999999998,0.027922,0.028491,0.02902
2025-12-09,0.022090000000000002,0.022965,0.0240645,0.025024,0.025821200000000002,0.026542,0.027261,0.027902,0.028483,0.029031500000000002
2025-12-10,0.022166,0.0231435,0.024221499999999997,0.025154999999999997,0.025905,0.0266095,0.0272745,0.027897500000000002,0.028468499999999997,0.0290015
2025-12-11,0.02213,0.022996500000000003,0.024065,0.024980000000000002,0.02573,0.026483,0.027148,0.027776000000000002,0.028362,0.028900000000000002
2025-12-12,0.022102499999999997,0.022949999999999998,0.024053,0.025,0.025854,0.0266095,0.027313999999999998,0.0279765,0.0285975,0.029176
2025-12-15,0.02207,0.022934999999999997,0.0240755,0.02505,0.02588,0.026650999999999998,0.027370000000000002,0.028045499999999998,0.0286605,0.029226000000000002
2025-12-16,0.022000000000000002,0.0227965,0.02391,0.0249085,0.025769,0.026553,0.027261999999999998,0.027959,0.028582,0.029163
2025-12-17,0.021899500000000002,0.022785899999999998,0.0239425,0.024975499999999998,0.0258615,0.026656,0.027407,0.0281,0.0287405,0.029329499999999998
2025-12-18,0.021915,0.02278,0.0238755,0.02488,0.0257635,0.026539999999999998,0.027275999999999998,0.027992499999999997,0.0286375,0.0292205
2025-12-19,0.021916500000000002,0.0229325,0.024122499999999998,0.025150000000000002,0.0260473,0.026857000000000002,0.02763,0.028353000000000003,0.029011,0.029622000000000002
2025-12-22,0.021920000000000002,0.02289,0.024085000000000002,0.025123000000000003,0.02603,0.02685,0.027625999999999998,0.02835,0.029018099999999998,0.029609999999999997
2025-12-23,0.021898,0.0228505,0.024009999999999997,0.025070000000000002,0.0259505,0.02674,0.02748,0.028172000000000003,0.028806,0.02939
2025-12-24,0.021867499999999998,0.022825,0.02396,0.025070000000000002,0.02595,0.02674,0.02748,0.0282,0.02879,0.02939
2025-12-25,0.0219,0.022850000000000002,0.024009999999999997,0.025099999999999997,0.02595,0.02673,,,,0.02939
2025-12-26,0.0219,0.022850000000000002,0.024009999999999997,,0.02595,,,,0.028805,0.02936
2025-12-29,0.021789999999999997,0.022639999999999997,0.023704999999999997,0.02475,0.025647000000000003,0.02645,0.027200500000000002,0.0279055,0.028548,0.029153
2025-12-30,0.021749499999999998,0.0226425,0.02379,0.024825,0.0257395,0.026555,0.027334999999999998,0.028057,0.02872,0.02932
2025-12-31,0.021724999999999998,0.02265,0.023815,0.0248,0.02573,0.02651,0.02733,0.02802,0.028650000000000002,0.02923
2026-01-01,0.021724999999999998,0.022629999999999997,0.023815,,0.02574,,,,,
2026-01-02,0.0217,0.022687,0.0239,0.025,0.0259503,0.026789999999999998,0.02759,0.0283345,0.02902,0.02963
2026-01-05,0.02169,0.022645,0.023795999999999998,0.024832999999999997,0.025722000000000002,0.0265515,0.027335500000000002,0.0280645,0.0287315,0.02934
2026-01-06,0.021557,0.02238,0.02351,0.024551,0.02545,0.02628,0.027069999999999997,0.02779,0.028450000000000003,0.029060000000000002
2026-01-07,0.021487,0.0222175,0.0232735,0.0242465,0.025195500000000003,0.0259195,0.026665,0.0273745,0.0280335,0.028631000000000004
2026-01-08,0.021584,0.022330000000000003,0.0234095,0.024409999999999998,0.025275,0.02609,0.026844,0.027564500000000002,0.0282105,0.0288032
2026-01-09,0.021689,0.0225425,0.02358,0.0246235,0.025513499999999998,0.026255,0.0269765,0.027658000000000002,0.0282835,0.02879
2026-01-12,0.0217,0.022387999999999998,0.0233945,0.024329999999999997,0.0251965,0.0259075,0.0266195,0.027290000000000002,0.027902999999999997,0.02846
2026-01-13,0.021755,0.0224115,0.0234105,0.0243505,0.0251941,0.025945,0.0266735,0.0273645,0.028009,0.02858
2026-01-14,0.021748,0.022343500000000002,0.0233045,0.0242135,0.025035500000000002,0.0257895,0.026500499999999996,0.0271745,0.027801,0.0283695
2026-01-15,0.021808499999999998,0.022515,0.0234855,0.024390000000000002,0.0251795,0.0258775,0.026570999999999997,0.027216499999999998,0.027789,0.0283375
2026-01-16,0.02185,0.0226355,0.023690000000000003,0.024620000000000003,0.025419999999999998,0.02613,0.0268,0.027440000000000003,0.02803,0.0285685
2026-01-19,0.021804999999999998,0.02246,0.023530000000000002,0.02448,0.02532,0.026080000000000002,0.02681,0.02748,0.0281,0.028659
2026-01-20,0.02166,0.022348499999999997,0.023420999999999997,0.024434,0.0253245,0.0261205,0.0268805,0.0275745,0.028215499999999998,0.028794499999999997
2026-01-21,0.0217895,0.0225015,0.023610000000000003,0.02464,0.025579499999999998,0.026359499999999998,0.0271305,0.0278405,0.028494799999999997,0.0290625
2026-01-22,0.021839,0.022654999999999998,0.023780000000000003,0.024775000000000002,0.02568,0.026414499999999997,0.027164,0.0278625,0.028446,0.0289955
2026-01-23,0.0219395,0.02284,0.0240195,0.0250255,0.0259,0.026685,0.0273922,0.028068,0.028690000000000004,0.029259499999999997
2026-01-26,0.02185,0.022639,0.0237195,0.024700000000000003,0.025572499999999998,0.026345,0.0270624,0.027740200000000003,0.028372500000000002,0.028919999999999998
2026-01-27,0.021763499999999998,0.022559999999999997,0.023622,0.024644,0.025555500000000002,0.026334499999999997,0.0270945,0.0277755,0.0284185,0.0289945
2026-01-28,0.021679499999999997,0.022324999999999998,0.023371,0.024385,0.0253355,0.0261025,0.0268755,0.027575,0.028211,0.0287955
2026-01-29,0.021589999999999998,0.02215,0.0231455,0.024155000000000003,0.02506,0.025885500000000002,0.026655500000000002,0.027345,0.028015500000000002,0.0286095
2026-01-30,0.0217145,0.022277,0.02326,0.024222,0.025099999999999997,0.025905,0.026687500000000003,0.027399,0.0280505,0.028645999999999998
2026-02-02,0.02181,0.02249,0.023504999999999998,0.024464,0.025329,0.026091000000000003,0.026858,0.027542499999999998,0.028185500000000002,0.028759
2026-02-03,0.02186,0.0225555,0.023610000000000003,0.0246,0.025470000000000003,0.0262745,0.0270445,0.02775,0.028409,0.029001000000000002
2026-02-04,0.021804999999999998,0.022391499999999998,0.0233845,0.024333,0.0252085,0.026019999999999998,0.026783,0.0275,0.028173,0.028762500000000003
2026-02-05,0.021825,0.0223995,0.02336,0.024295,0.025132500000000002,0.025920000000000002,0.02667,0.027397499999999998,0.028014999999999998,0.0286065
2026-02-06,0.021705000000000002,0.02228,0.023250000000000003,0.0241905,0.0250591,0.025846,0.026634,0.027341999999999998,0.027999999999999997,0.028605000000000002
2026-02-09,0.021556000000000002,0.022072500000000002,0.023041100000000002,0.023991500000000002,0.024870999999999997,0.02569,0.02648,0.02721,0.0278721,0.028485
2026-02-10,0.021472500000000002,0.022002999999999998,0.022911,0.02383,0.024702500000000002,0.025506,0.0262565,0.0269695,0.0276295,0.028239999999999998
2026-02-11,0.021465,0.022005,0.022940000000000002,0.023835000000000002,0.0246935,0.025464,0.0261655,0.026865,0.027523,0.02811
2026-02-12,0.021523,0.0219765,0.022843,0.023700000000000002,0.02451,0.02532,0.02604,0.026709999999999998,0.02733,0.0279255
2026-02-13,0.0215495,0.0218586,0.022691,0.023557,0.024319999999999998,0.025091000000000002,0.025815,0.0264955,0.0271505,0.027741
2026-02-16,0.0215875,0.021840000000000002,0.022629800000000002,0.0234732,0.0242495,0.025019999999999997,0.025741,0.026425,0.027057,0.027642000000000003
2026-02-17,0.021629999999999996,0.0218705,0.022626499999999997,0.023449499999999998,0.0242116,0.024950800000000002,0.0256595,0.0263135,0.0269565,0.027525499999999998
2026-02-18,0.021545,0.0218635,0.02266,0.0234755,0.024244500000000002,0.0249815,0.0256965,0.02636,0.02698,0.027549999999999998
2026-02-19,0.02155,0.021904499999999997,0.022724,0.023540000000000002,0.024300000000000002,0.025027499999999998,0.025731,0.0264015,0.027022,0.027589000000000002
2026-02-20,0.021596,0.021985,0.022770000000000002,0.02357,0.0242935,0.02504,0.025693999999999998,0.0263517,0.0269755,0.0275405
2026-02-23,0.021635,0.021866,0.0225225,0.023287,0.0240305,0.0247381,0.0254485,0.0261175,0.026726999999999997,0.027290000000000002
2026-02-24,0.0217,0.0219265,0.0225805,0.023322500000000003,0.024045999999999998,0.0247475,0.025440499999999998,0.026092,0.0266975,0.027264499999999997
2026-02-25,0.021627999999999998,0.021878500000000002,0.022552500000000003,0.023285,0.0240065,0.0247045,0.025405,0.0260426,0.026650999999999998,0.027225000000000003
2026-02-26,0.021598000000000003,0.02188,0.0225,0.023239999999999997,0.02395,0.0246519,0.025302500000000002,0.025949,0.026549,0.02711
2026-02-27,0.0214405,0.0215415,0.022092999999999998,0.022765,0.023449499999999998,0.024151,0.0248325,0.0255,0.02612,0.0267005
2026-03-02,0.02183,0.0223395,0.0230255,0.023636,0.02429,0.0249255,0.025591,0.026229,0.0267805,0.027334
2026-03-03,0.022245,0.0230305,0.02365,0.0243095,0.02496,0.025525000000000003,0.0260975,0.026681499999999997,0.0272275,0.027736
2026-03-04,0.0221485,0.0227625,0.0234425,0.0240945,0.0247763,0.0254395,0.0260485,0.0266445,0.0271925,0.027719999999999998
2026-03-05,0.02259,0.0239295,0.024578000000000003,0.02536,0.02598,0.026549999999999997,0.0270755,0.0276145,0.0281225,0.028590499999999998
2026-03-06,0.0232245,0.024714,0.0254395,0.025966,0.0262805,0.0268865,0.027422,0.027896999999999998,0.0282707,0.028814000000000003
2026-03-09,0.023855,0.024998999999999997,0.0255785,0.026080000000000002,0.0266325,0.027010999999999997,0.0274505,0.027928,0.0284465,0.028957
2026-03-10,0.023639999999999998,0.024243,0.02473,0.025386000000000002,0.026408499999999998,0.026542500000000004,0.0271015,0.027612499999999998,0.0281815,0.02857
2026-03-11,0.024005000000000002,0.025492499999999998,0.026080000000000002,0.026581999999999998,0.0270905,0.0276,0.0280865,0.0286165,0.02904,0.02948
2026-03-12,0.024709500000000002,0.026147,0.02664,0.027041,0.027457,0.0279405,0.028416,0.028922500000000004,0.029381,0.0297329
2026-03-13,0.025095,0.0264064,0.026915,0.0273285,0.0277344,0.028205499999999998,0.028692000000000002,0.02918,0.02965,0.03009
2026-03-16,0.024775000000000002,0.0258835,0.0263165,0.026746500000000003,0.0270715,0.027672500000000003,0.028169,0.02871,0.0291555,0.0296045
2026-03-17,0.024905,0.0258,0.0261875,0.026565,0.026992500000000003,0.027469999999999998,0.0279055,0.0284025,0.028881999999999998,0.02932
2026-03-18,0.025145,0.0263255,0.026724499999999998,0.0270705,0.02748,0.0278445,0.02834,0.0288047,0.02924,0.029670000000000002
2026-03-19,0.025915,0.027833999999999998,0.0279575,0.0280775,0.0282725,0.0284975,0.02879,0.029138,0.029507500000000002,0.029845
2026-03-20,0.027309999999999997,0.0286742,0.0288032,0.0289242,0.0291,0.029449999999999997,0.029694500000000002,0.030035,0.030419,0.030732
2026-03-23,0.02694,0.027788,0.027944499999999997,0.028159999999999998,0.0284438,0.028777,0.029149500000000002,0.0295897,0.029967,0.030382
2026-03-24,0.0283095,0.02921,0.0291295,0.0291765,0.02927,0.029661,0.0298625,0.030234999999999998,0.030635,0.0309525
2026-03-25,0.027595,0.028409,0.028363999999999997,0.0284645,0.0286565,0.028848500000000003,0.0291575,0.0295025,0.0298405,0.0301925
2026-03-26,0.028069999999999998,0.029349,0.029424000000000002,0.029552900000000003,0.029910000000000003,0.030020500000000002,0.030305,0.030636999999999998,0.03097,0.031315
2026-03-27,0.027835000000000002,0.02921,0.029346999999999998,0.029593500000000002,0.0298923,0.0302,0.030555,0.030914999999999998,0.031257,0.03163
2026-03-30,0.02763,0.0285725,0.0286516,0.02888,0.02919,0.029532799999999998,0.0298956,0.0302465,0.030635,0.03104
2026-03-31,0.027325,0.028368,0.0284293,0.02859,0.02841,0.029171,0.029535999999999996,0.029911,0.030293,0.030661
2026-04-01,0.027135,0.0280605,0.028131,0.028319399999999998,0.028580199999999997,0.028886500000000002,0.02927,0.029668999999999997,0.0300505,0.0304235
2026-04-02,0.027215,0.0281968,0.028218999999999998,0.028358500000000002,0.0287,0.028925,0.029300000000000003,0.029706,0.030095,0.030494
2026-04-03,0.02722,,,,0.0287,,,,,
2026-04-06,0.02721,0.02818,,0.02844,0.02872,,0.02936,,0.03016,
2026-04-07,0.027999999999999997,0.029155,0.029242499999999998,0.029394999999999998,0.02962,0.0299205,0.0302625,0.030642,0.031006999999999996,0.03136
2026-04-08,0.026619999999999998,0.02704,0.0271435,0.027445900000000002,0.027887,0.0281225,0.028567,0.029009999999999998,0.029452,0.029910000000000003
2026-04-09,0.026295000000000002,0.0270671,0.027292999999999998,0.027605499999999998,0.02796,0.0283765,0.028842500000000004,0.0293205,0.029787499999999998,0.030176500000000002
2026-04-10,0.026869999999999998,0.027839999999999997,0.028026,0.028319999999999998,0.02867,0.029089999999999998,0.02956,0.0300256,0.030475500000000003,0.030910000000000003
2026-04-13,0.0269205,0.0280375,0.028119,0.02858,0.02879,0.02924,0.029689999999999998,0.0301125,0.0305725,0.031117699999999998
2026-04-14,0.0265385,0.027173,0.027406,0.0277895,0.028187000000000004,0.0286315,0.02912,0.029603,0.030079500000000002,0.030539999999999998
2026-04-15,0.026539999999999998,0.027290000000000002,0.02754,0.0279,0.0283412,0.02881,0.02931,0.029830000000000002,0.030298500000000003,0.0307664
2026-04-16,0.02635,0.027149999999999997,0.02746,0.027925,0.028431,0.028811,0.029292500000000003,0.0297925,0.0302805,0.030747499999999997
2026-04-17,0.025415,0.025844,0.0262245,0.026736,0.0272904,0.027806,0.02839,0.0289205,0.029435,0.02992
2026-04-20,0.02577,0.026475,0.026768999999999998,0.027143999999999998,0.02759,0.028079999999999997,0.02862,0.02913,0.029649000000000002,0.030123
2026-04-21,0.0261075,0.0270093,0.027290000000000002,0.02765,0.028050799999999997,0.028532500000000002,0.02903,0.029515,0.029959,0.03039
2026-04-22,0.0263,0.027380300000000003,0.0276575,0.0279575,0.02828,0.028730000000000002,0.029179,0.0296305,0.030084,0.0305
2026-04-23,0.0265075,0.02743,0.0276659,0.02798,0.028271,0.0286595,0.0291025,0.029529999999999997,0.02997,0.030379999999999997
2026-04-24,0.026585,0.02734,0.027536,0.0278045,0.028149999999999998,0.02854,0.028988999999999997,0.02943,0.029874,0.030316
2026-04-27,0.02685,0.027639999999999998,0.027876500000000002,0.028166000000000004,0.02847,0.028895,0.0293325,0.029786,0.03023,0.03065
2026-04-28,0.027244,0.028288999999999998,0.02843,0.028685000000000002,0.028986,0.029349,0.0297605,0.030186,0.030605000000000004,0.03101
2026-04-29,0.0279475,0.0292,0.02926,0.029416,0.029651,0.02995,0.030287,0.030661,0.03102,0.031391
2026-04-30,0.027759999999999996,0.0284655,0.0284452,0.02859,0.02883,0.029171,0.029547,0.02995,0.0303475,0.03073
2026-05-01,0.027759999999999996,,,0.02862,,,,,,
2026-05-04,0.028462499999999998,0.029356,0.02923,0.029298,0.02949,0.02979,0.03013,0.0305105,0.030885,0.031259999999999996
2026-05-05,0.0278875,0.028725200000000003,0.028662100000000003,0.028818999999999997,0.02907,0.0294015,0.029766499999999998,0.030169500000000002,0.030575,0.03094
2026-05-06,0.027282,0.02782,0.027825000000000003,0.02789,0.0282505,0.0286485,0.0290475,0.029468499999999998,0.029879,0.030294500000000002
2026-05-07,0.02732,0.02794,0.02794,0.028107000000000004,0.02842,0.0287715,0.0291465,0.0295805,0.029980000000000003,0.0303965
2026-05-08,0.02703,0.027784,0.027811,0.027996,0.02827,0.02862,0.029019,0.029445000000000002,0.029864,0.030272
2026-05-11,0.027437,0.028336999999999998,0.028336,0.02847,0.028704999999999998,0.029043,0.029432999999999997,0.029851000000000003,0.03026,0.03066
2026-05-12,0.027776000000000002,0.0289475,0.02903,0.029169999999999998,0.0293965,0.029715500000000002,0.030082,0.030482,0.0308795,0.031259999999999996
2026-05-13,0.027930999999999997,0.028832499999999997,0.0289275,0.029046,0.0292615,0.0295715,0.029934,0.030328499999999998,0.0307145,0.031115
2026-05-14,0.027659,0.028469,0.02852,0.028650500000000002,0.028851,0.029163,0.029529999999999997,0.0299355,0.0303335,0.030729000000000003
2026-05-15,0.0282,0.0293875,0.029575,0.0297885,0.030084,0.030411999999999998,0.030796999999999998,0.031207,0.031604,0.031996000000000004
2026-05-18,0.028220000000000002,0.029227,0.029448,0.029651,0.0299595,0.030339,0.030721500000000002,0.0310285,0.0314255,0.0318125
2026-05-19,0.028428,0.029554499999999997,0.029763,0.03,0.030254,0.0305905,0.030970499999999998,0.0314415,0.03178,0.03221
2026-05-20,0.02786,0.0286565,0.028849,0.028955500000000002,0.0293525,0.029720499999999997,0.0301105,0.0304115,0.0308335,0.0312675
2026-05-21,0.027998,0.0288665,0.028965,0.029131999999999998,0.0293745,0.029704,0.0300835,0.030488499999999998,0.030896499999999997,0.031288
2026-05-22,0.027576999999999997,0.028432,0.028534999999999998,0.028691,0.0289275,0.0292485,0.029625,0.030019,0.030432,0.030804
2026-05-25,0.02675,0.02734,0.027450000000000002,0.027614999999999997,0.02787,0.02825,0.028656,0.0290645,0.029483000000000002,0.029908
2026-05-26,0.026763,0.0275725,0.0276715,0.0278625,0.02812,0.0284715,0.0288725,0.0292955,0.02972,0.0301345
2026-05-27,0.026942499999999998,0.0275795,0.027666,0.0278875,0.02818,0.0285515,0.028952,0.0293955,0.029815,0.030239500000000002
2026-05-28,0.026815000000000002,0.027295,0.0273255,0.027530000000000002,0.0278235,0.02819,0.028597,0.0290385,0.029463,0.0298895
2026-05-29,0.0269195,0.027149999999999997,0.0271115,0.027324,0.027634500000000003,0.028008,0.02843,0.0288465,0.02932,0.029736
2026-06-01,0.027432500000000002,0.0281,0.0280525,0.0281875,0.0284165,0.028759999999999997,0.0291485,0.029580000000000002,0.0300165,0.030426
2026-06-02,0.027523,0.028035,0.027906,0.028016,0.02826,0.0285885,0.02897,0.029386000000000002,0.0298,0.030215000000000002
2026-06-03,0.027787000000000003,0.028534999999999998,0.02848,0.028610000000000003,0.0288555,0.029162499999999997,0.029522499999999997,0.0299215,0.03032,0.03071
2026-06-04,0.027805,0.028426999999999997,0.02834,0.028454999999999998,0.0286575,0.0290115,0.029377499999999997,0.029783499999999997,0.0301905,0.030582500000000002
2026-06-05,0.028037999999999997,0.028784,0.028777,0.028853499999999997,0.029044,0.029333,0.0296725,0.030057999999999998,0.030435,0.030813
2026-06-08,0.028084500000000002,0.028906,0.028934,0.029082499999999997,0.0292935,0.0295905,0.029935,0.030319,0.030709,0.031079500000000003
2026-06-09,0.027945,0.028547,0.028558,0.0286925,0.02896,0.029289999999999997,0.029670000000000002,0.03009,0.030488499999999998,0.030886499999999997
2026-06-10,0.028210000000000002,0.0290168,0.029015,0.029152499999999998,0.029380000000000003,0.0297005,0.0300495,0.030447000000000002,0.030831499999999998,0.031222
2026-06-11,0.028123,0.02871,0.028658000000000003,0.028748999999999997,0.028956,0.0292615,0.0295955,0.029986000000000002,0.030372,0.030771000000000003
2026-06-12,0.027756,0.028067500000000002,0.02804,0.0281745,0.028429000000000003,0.028764500000000002,0.029141,0.0295615,0.029980000000000003,0.030369999999999998
2026-06-15,0.02748,0.027729,0.0276905,0.02785,0.028114499999999997,0.028467,0.0288625,0.0293075,0.0296785,0.0301405
2026-06-16,0.02738,0.0276286,0.027511999999999998,0.0276,0.027810500000000002,0.028142999999999998,0.028534999999999998,0.02895,0.029369,0.029773
2026-06-17,0.0275145,0.0277685,0.0276625,0.0277305,0.0279265,0.028224999999999997,0.028576,0.0289735,0.029363999999999998,0.029750000000000002
2026-06-18,0.027578000000000002,0.02786,0.0277702,0.0278455,0.0280205,0.028291,0.028619,0.028993,0.029369999999999997,0.029744000000000003
2026-06-19,0.027919999999999997,0.02834,0.02828,0.02835,0.02854,0.028820000000000002,0.029161000000000003,0.02954,0.02993,0.03031
2026-06-22,0.027671,0.027967,0.027906,0.0280105,0.028222499999999998,0.02852,0.028875,0.029265,0.0296545,0.0300435
2026-06-23,0.02765,0.0278,0.027660499999999998,0.02771,0.0278995,0.02818,0.0285475,0.028937499999999998,0.029322499999999998,0.0297225
2026-06-24,0.027385000000000003,0.027521,0.027354,0.027368999999999997,0.0275305,0.027791999999999997,0.028120500000000003,0.02849,0.028874,0.029249999999999998
2026-06-25,0.027199,0.0272895,0.0271705,0.02724,0.02742,0.027690000000000003,0.0280275,0.028403499999999998,0.0287805,0.02916
2026-06-26,0.02705,0.027145000000000002,0.027031,0.027117,0.027309,0.027592,0.027934,0.028317000000000002,0.028709,0.0290975
2026-06-29,0.027185,0.02733,0.027200000000000002,0.027267,0.027416,0.027685,0.028014,0.02839,0.028769999999999997,0.0291405
2026-06-30,0.026922500000000002,0.027109499999999998,0.02704,0.027137500000000002,0.027344499999999997,0.0276295,0.0279735,0.0283745,0.0287595,0.029142199999999997
2026-07-01,0.026726999999999997,0.0269965,0.0270115,0.02719,0.0274125,0.0277345,0.028105,0.0285075,0.0289095,0.029312
2026-07-02,0.02664,0.0269745,0.02711,0.0273205,0.02762,0.0279625,0.028370000000000003,0.0287995,0.02923,0.02964
2026-07-03,0.026760000000000003,0.02724,0.027411500000000002,0.02762,0.02789,0.028239999999999998,0.02863,0.02904,0.02946,0.02987
2026-07-06,0.026761,0.0272565,0.0274265,0.0276655,0.027961999999999997,0.028319999999999998,0.028729499999999998,0.0291595,0.0295895,0.030005999999999998
2026-07-07,0.027019,0.0276785,0.0279,0.0281605,0.02849,0.028842500000000004,0.029245,0.029665499999999997,0.0300905,0.0305005
2026-07-08,0.027901,0.0288315,0.029075000000000004,0.02928,0.0295525,0.02987,0.0302405,0.030632000000000003,0.031024,0.0314005
2026-07-09,0.027759999999999996,0.028380000000000002,0.02856,0.028817,0.029126500000000003,0.029479,0.029858,0.030270000000000002,0.030672500000000002,0.031071
2026-07-10,0.02789,0.0285,0.028675000000000003,0.02886,0.02913,0.029447,0.029806,0.030191,0.03057,0.030946500000000002
2026-07-13,0.0284855,0.0292835,0.029394999999999998,0.029659,0.029809000000000002,0.030049000000000003,0.030367500000000002,0.030752500000000002,0.031105,0.0314585
2026-07-14,0.028564,0.029331999999999997,0.029435,0.0295575,0.029770500000000002,0.030035500000000003,0.030339,0.0306905,0.031032999999999998,0.0313825
2026-07-15,0.02888,0.029459,0.029517500000000002,0.029626,0.029839,0.030105,0.030427,0.030799,0.03116,0.031522999999999995
2026-07-16,0.028887,0.029649000000000002,0.0297225,0.029793,0.0300265,0.030288,0.030618500000000003,0.030955499999999997,0.03131,0.031659
2026-07-17,0.02913,0.0299635,0.0300075,0.030085,0.030236,0.030455,0.030725,0.031058,0.031385,0.031709
2026-07-20,0.029045,0.029910000000000003,0.030026,0.030154999999999998,0.030341999999999997,0.030588999999999998,0.0308855,0.031232000000000003,0.031579,0.0319175
2026-07-21,0.029075000000000004,0.030032,0.0301705,0.030289999999999997,0.03049,0.030716,0.0310125,0.031336,0.0316875,0.032019
2026-07-22,0.02936,0.0304125,0.030532499999999997,0.0306095,0.03074,0.0309315,0.031169,0.0314645,0.0317655,0.0320695
2026-07-23,0.0296,0.0308625,0.0309455,0.030990000000000004,0.031083,0.0312555,0.031467,0.031744,0.032029,0.0323095
2026-07-24,0.02941,0.0303655,0.030467,0.03056,0.0307065,0.030914999999999998,0.0311735,0.031471,0.031782,0.03209
2026-07-27,0.029078,0.029869500000000004,0.029914999999999997,0.030061499999999998,0.0302025,0.03041,0.030688499999999997,0.031005500000000002,0.0313205,0.03164
2026-07-28,0.028759999999999997,0.029505499999999997,0.029545,0.029719000000000002,0.029828999999999998,0.03007,0.03036,0.030691000000000003,0.031023000000000002,0.0313625
2026-07-29,0.02912,0.0302265,0.0303345,0.030438999999999997,0.030597500000000003,0.03078,0.031056499999999997,0.031339,0.031643500000000005,0.0319565
2026-07-30,0.028796,0.0296395,0.029786999999999998,0.02996,0.030147499999999997,0.030425,0.03074,0.03109,0.031437,0.031781000000000004
2026-07-31,0.02926,0.030296,0.0305,0.030645500000000003,0.030842,0.0311,0.031414,0.03175,0.03209,0.032423
2026-08-03,0.029009999999999998,0.02981,0.0299425,0.0300725,0.03026,0.030511,0.0308235,0.03117,0.031511,0.0318455
2026-08-04,0.028742999999999998,0.0292825,0.0293705,0.029497,0.0297135,0.03,0.030344000000000003,0.0307125,0.0310815,0.0314405
2026-08-05,0.028765,0.029402499999999998,0.029515,0.0296165,0.0298,0.0300925,0.030393500000000004,0.030764999999999997,0.031118,0.031464
2026-08-06,0.028839999999999998,0.029740000000000003,0.029900000000000003,0.030042,0.030218,0.030474,0.030778,0.031120000000000002,0.031457,0.031791
2026-08-07,0.028706,0.029577,0.029754999999999997,0.029881,0.030066000000000002,0.0303345,0.030635,0.030990000000000004,0.031328999999999996,0.0316685
2026-08-10,0.0288605,0.0299865,0.0302165,0.030415,0.030582500000000002,0.03082,0.0311195,0.03145,0.031721,0.03205
2026-08-11,0.028654000000000002,0.029741,0.029963000000000004,0.030081000000000004,0.0302625,0.0305155,0.030813999999999998,0.031147499999999998,0.031483500000000005,0.031814499999999996
2026-08-12,0.028805,0.02979,0.0299865,0.030142500000000003,0.0302855,0.030569000000000002,0.030859,0.031189,0.031484,0.031813
2026-08-13,0.028655,0.0295455,0.029711500000000002,0.029846499999999998,0.030023499999999998,0.030283,0.03058,0.0309005,0.0312505,0.031584
2026-08-14,0.02894,0.0299795,0.030253000000000002,0.030424000000000003,0.030642999999999997,0.030932,0.0312635,0.031624,0.031987999999999996,0.032343000000000004
2026-08-17,0.029034499999999998,0.029987499999999997,0.0302585,0.0304685,0.030752,0.0310495,0.0313545,0.03173,0.032098,0.0324625
2026-08-18,0.0293165,0.0304385,0.030706,0.03088,0.031097,0.0313795,0.031703,0.032061,0.0324165,0.032772
2026-08-19,0.029522499999999997,0.0306425,0.030910000000000003,0.0310825,0.0312935,0.0315565,0.031846,0.0321935,0.032528,0.032863500000000004
2026-08-20,0.02951,0.0305255,0.030776500000000002,0.030973999999999998,0.0312025,0.031460499999999995,0.03177,0.0321105,0.032454000000000004,0.032789
2026-08-21,0.029641,0.030585,0.0308295,0.031009500000000002,0.031219999999999998,0.031473,0.031775000000000005,0.032114,0.032456,0.032787000000000004
2026-08-24,0.0298525,0.030785,0.030941999999999997,0.0310765,0.0312475,0.031483,0.031766,0.032064,0.032395,0.032719
2026-08-25,0.029459,0.030197500000000002,0.030361,0.030520000000000002,0.03072,0.03097,0.031289,0.03162,0.031974,0.0323135
2026-08-26,0.0297385,0.030635500000000003,0.0308475,0.0310195,0.031206499999999998,0.031454,0.0317625,0.0320895,0.032446,0.0327705
2026-08-27,0.029687,0.0306585,0.0309125,0.0310825,0.03132,0.03157,0.0318505,0.032170000000000004,0.0325175,0.032850000000000004
2026-08-28,0.029956999999999998,0.031163,0.031410999999999994,0.031551499999999996,0.031717499999999996,0.0319295,0.0322005,0.032511,0.032829000000000004,0.033143
2026-08-31,0.03013,0.0314045,0.03167,0.03182,0.032010000000000004,0.032240000000000005,0.032519,0.03282,0.0331375,0.033463
