Date,1Y,2Y,3Y,4Y,5Y,6Y,7Y,8Y,9Y,10Y
2015-11-19,,,,,,,,,,
2015-11-20,-0.00014499999999999995,,,,,,,,,
2015-11-23,-4.49999999999999e-05,,,,,,,,,
2015-11-24,9.999999999999994e-05,0.00022999999999999984,,,,,,,,
2015-11-25,-0.00013000000000000002,-0.00017000000000000012,,,,,,,,
2015-11-26,-7.999999999999999e-05,-8.99999999999998e-05,-9.099999999999994e-05,-5.200000000000002e-05,-8.000000000000194e-06,1.2999999999999557e-05,3.199999999999991e-05,4.399999999999977e-05,6.400000000000069e-05,7.899999999999921e-05
2015-11-27,-1.0000000000000026e-05,4.49999999999999e-05,9.99999999999981e-06,-4.999999999999997e-05,8.000000000000194e-06,-2.400000000000015e-05,-6.499999999999995e-05,-7.000000000000062e-05,-7.400000000000028e-05,-9.10000000000008e-05
2015-11-30,0.0,-2.499999999999985e-05,6.500000000000006e-05,9.999999999999999e-05,4.9e-05,7.000000000000018e-05,0.00010500000000000006,0.00012000000000000031,0.0001299999999999999,0.00016000000000000042
2015-12-01,-0.00011999999999999988,-0.0001600000000000002,-0.00019499999999999997,-0.000217,-0.0002490000000000001,-0.0002249999999999995,-0.00023499999999999997,-0.00024399999999999943,-0.00024499999999999956,-0.00021799999999999944
2015-12-02,2.499999999999985e-05,2.0000000000000052e-05,-8.700000000000005e-05,-7.3e-05,-3.899999999999997e-05,-4.100000000000067e-05,-4.0000000000000105e-05,3.199999999999991e-05,7.299999999999928e-05,7.399999999999941e-05
2015-12-03,0.0007050000000000001,0.00119,0.001327,0.001737,0.001915,0.001915,0.001954,0.001882,0.0019510000000000005,0.0018639999999999993
2015-12-04,-2.999999999999997e-05,-0.00015,-1.99999999999994e-06,-0.00016700000000000005,-0.00028299999999999983,-0.0002469999999999998,-0.00023099999999999943,-0.0002180000000000003,-0.00029900000000000065,-0.00021799999999999944
2015-12-07,-7.000000000000002e-05,-0.00014,-0.00019700000000000005,-0.0004190000000000001,-0.0004860000000000003,-0.000536,-0.0006220000000000002,-0.0006550000000000002,-0.0006899999999999996,-0.0007390000000000001
2015-12-08,-3.9999999999999996e-05,-3.9999999999999996e-05,-1.0999999999999996e-05,-3.0999999999999995e-05,-0.00011699999999999992,-0.00011199999999999969,-0.00012100000000000045,-0.0001769999999999992,-0.00019899999999999952,-0.000197000000000001
2015-12-09,-2.999999999999997e-05,-4.999999999999997e-05,-3.9999999999999996e-05,2.0000000000000052e-05,4.80000000000003e-05,-1.0000000000001327e-06,4.0000000000000105e-05,8.599999999999927e-05,0.00010399999999999993,0.0001020000000000014
2015-12-10,0.0,0.0,-4.4000000000000026e-05,1.5999999999999955e-05,5.199999999999996e-05,3.100000000000021e-05,2.1000000000000185e-05,0.00012100000000000045,0.0001499999999999991,0.00013200000000000017
2015-12-11,-9.000000000000002e-05,-0.00021,-0.000196,-0.00030599999999999996,-0.0003160000000000003,-0.00029600000000000026,-0.00033100000000000056,-0.00045899999999999934,-0.0005239999999999993,-0.0005079999999999998
2015-12-14,3.9999999999999996e-05,0.00026,0.000145,0.0002779999999999999,0.00033600000000000036,0.00036899999999999954,0.0003910000000000007,0.0004320000000000001,0.00046199999999999974,0.00046000000000000034
2015-12-15,0.0,0.00017999999999999998,0.000252,0.000312,0.00037899999999999956,0.0004360000000000006,0.0005099999999999992,0.0005499999999999993,0.0005720000000000013,0.000593999999999999
2015-12-16,3.9999999999999996e-05,-0.00011999999999999999,9.899999999999997e-05,0.00016700000000000005,0.00027899999999999973,0.0003409999999999993,0.00032400000000000137,0.0002909999999999996,0.0002659999999999989,0.00026799999999999914
2015-12-17,-2.999999999999997e-05,-9.000000000000002e-05,-0.00014099999999999996,-0.00021699999999999996,-0.0003879999999999999,-0.0004999999999999996,-0.0005550000000000017,-0.000601,-0.0006309999999999996,-0.0006639999999999997
2015-12-18,-2.0000000000000052e-05,-3.9999999999999996e-05,-0.000115,-0.00019500000000000008,-0.00020999999999999968,-0.00024399999999999943,-0.0002819999999999984,-0.0003199999999999991,-0.0003270000000000009,-0.00037899999999999913
2015-12-21,4.0000000000000105e-05,0.00011000000000000002,0.000137,0.00014499999999999995,0.0001380000000000001,0.00014399999999999916,0.00016099999999999882,0.00018099999999999974,0.00014300000000000077,0.00017599999999999907
2015-12-22,6.499999999999995e-05,0.00014,0.000248,0.0002999999999999999,0.00041399999999999987,0.00044500000000000095,0.0004460000000000011,0.00046799999999999967,0.0004859999999999986,0.0004930000000000004
2015-12-23,-1.500000000000004e-05,3.0000000000000024e-05,8.799999999999997e-05,0.00020899999999999998,0.00023800000000000036,0.0002969999999999995,0.00029499999999999926,0.000294,0.0002680000000000009,0.0002699999999999994
2015-12-24,1.1999999999999966e-05,0.0,7.899999999999997e-05,0.00011900000000000018,-4.0000000000000105e-05,-1.1000000000000593e-05,-3.399999999999931e-05,-7.000000000000062e-05,-2.8000000000000247e-05,-4.9999999999980616e-06
2015-12-25,,,-5.199999999999996e-05,-0.00012800000000000008,5.4999999999999494e-05,-3.099999999999978e-05,0.0,2.2000000000000318e-05,1.3000000000000858e-05,0.0
2015-12-28,-1.1999999999999966e-05,2.999999999999997e-05,-5.199999999999996e-05,-0.00017500000000000003,-0.0002899999999999999,-0.0003599999999999992,-0.00042700000000000116,-0.0004989999999999994,-0.0005470000000000006,-0.0005750000000000009
2015-12-29,-2.999999999999997e-05,-5.000000000000002e-05,2.400000000000004e-05,0.00025599999999999993,0.0002650000000000005,0.0003149999999999993,0.0005659999999999997,0.0005539999999999998,0.0006420000000000002,0.0006899999999999979
2015-12-30,0.0,-8.999999999999997e-05,-4.700000000000006e-05,-0.000165,-0.00011000000000000029,-3.899999999999997e-05,-0.00018399999999999927,-8.199999999999961e-05,-8.5e-05,-8.599999999999927e-05
2015-12-31,0.0,1.9999999999999944e-05,3.9999999999999996e-05,2.400000000000015e-05,7.99999999999976e-06,1.899999999999992e-05,2.5000000000000716e-05,3.199999999999991e-05,4.49999999999999e-05,4.5999999999999167e-05
2016-01-01,,,1.0000000000000026e-05,3.500000000000009e-05,-7.99999999999976e-06,0.0,-6.000000000000796e-06,-3.0000000000000512e-05,-5.999999999999929e-05,-5.499999999999776e-05
2016-01-04,-7.500000000000009e-05,-6.999999999999997e-05,-0.00023100000000000003,-0.0002850000000000001,-0.00022000000000000014,-0.00032499999999999977,-0.0004499999999999999,-0.0005049999999999994,-0.0005400000000000005,-0.00046000000000000034
2016-01-05,-0.00010499999999999995,-0.0002899999999999999,-0.000264,-0.00033,-0.0003989999999999996,-0.0003949999999999995,-0.00031400000000000004,-0.0002620000000000001,-0.0002399999999999989,-0.0003449999999999998
2016-01-06,-3.499999999999998e-05,-8.00000000000001e-05,-0.00019,-0.00024799999999999996,-0.00029600000000000026,-0.00030400000000000045,-0.0003259999999999999,-0.0003610000000000002,-0.00035000000000000135,-0.000367000000000001
2016-01-07,-1.500000000000004e-05,3.000000000000008e-05,0.000105,0.00013799999999999988,6.499999999999995e-05,8.699999999999984e-05,0.00010000000000000026,0.0001479999999999997,0.00012399999999999998,0.00012900000000000064
2016-01-08,-3.9999999999999996e-05,0.0,-0.00010999999999999999,-0.00011099999999999999,-2.7999999999999813e-05,-7.299999999999971e-05,-0.00010000000000000026,-0.0001799999999999996,-0.0002009999999999998,-0.00021699999999999844
2016-01-11,0.0,5.999999999999983e-05,2.4999999999999994e-05,4.100000000000002e-05,0.00010800000000000002,0.00011500000000000008,0.00021000000000000012,0.0002900000000000003,0.0003369999999999996,0.0003499999999999979
2016-01-12,-1.500000000000004e-05,-0.0001299999999999999,-5.500000000000001e-05,-7.999999999999999e-05,-0.00011000000000000029,-0.00011000000000000029,-0.0001510000000000001,-0.00018700000000000053,-0.000279999999999999,-0.0003049999999999997
2016-01-13,1.500000000000004e-05,-5.000000000000013e-06,-2.4999999999999984e-05,-5.999999999999994e-05,-0.00018499999999999983,-0.00018199999999999987,-0.00021900000000000044,-0.0003030000000000003,-0.0002650000000000005,-0.00027199999999999967
2016-01-14,2.999999999999997e-05,4.500000000000001e-05,-3.0000000000000024e-05,3.749999999999999e-05,0.00010749999999999996,9.200000000000007e-05,9.700000000000073e-05,0.00020000000000000052,0.0002450000000000004,0.00026299999999999935
2016-01-15,-3.9999999999999996e-05,-6.999999999999997e-05,-8.999999999999999e-05,-0.00016750000000000011,-0.00010549999999999969,-0.00010500000000000006,-0.00015200000000000023,-0.0002180000000000003,-0.00022000000000000058,-0.0002009999999999998
2016-01-18,3.000000000000008e-05,4.9999999999999914e-05,4.25e-05,1.500000000000004e-05,-9.70000000000003e-05,-7.300000000000015e-05,-4.74999999999998e-05,-9.49999999999996e-06,-2.0000000000000052e-05,-3.749999999999934e-05
2016-01-19,-3.500000000000009e-05,-6.999999999999986e-05,-7.249999999999997e-05,-9.39999999999999e-05,-7.300000000000015e-05,-6.0999999999999856e-05,-2.499999999999985e-05,2.5000000000007655e-06,1.0999999999999725e-05,4.49999999999999e-05
2016-01-20,-0.00011499999999999998,-0.00013000000000000012,-0.00017200000000000006,-0.000219,-0.00017199999999999984,-0.00023099999999999987,-0.00037250000000000043,-0.00030500000000000145,-0.000338999999999999,-0.0003775000000000011
2016-01-21,-0.00025199999999999995,-0.00043999999999999985,-0.000488,-0.00047200000000000003,-0.000585,-0.0005600000000000002,-0.0004499999999999999,-0.0005299999999999992,-0.0005070000000000005,-0.0004949999999999989
2016-01-22,2.0000000000000486e-06,6.999999999999975e-05,0.00010000000000000005,7.999999999999998e-05,0.00015999999999999999,0.00019499999999999986,0.00021399999999999978,0.0002249999999999995,0.0002500000000000002,0.00027500000000000094
2016-01-25,-4.0000000000000105e-05,2.0000000000000052e-05,1.1999999999999966e-05,1.3000000000000018e-05,-4.7500000000000016e-05,-7.499999999999955e-05,-9.400000000000033e-05,-8.499999999999914e-05,-0.0001349999999999997,-0.00010000000000000113
2016-01-26,-6.999999999999997e-05,-8.99999999999998e-05,-7.199999999999991e-05,-8.1e-05,-7.999999999999978e-05,-0.00011750000000000042,-0.0001324999999999998,-0.00016400000000000095,-0.00014300000000000077,-0.00019999999999999966
2016-01-27,5.999999999999994e-05,0.0001749999999999998,0.00011699999999999981,8.800000000000001e-05,-0.00010000000000000026,-0.0001250000000000001,-0.00015999999999999999,-0.00021349999999999928,-0.0002569999999999994,-0.0002624999999999997
2016-01-28,-1.500000000000004e-05,-0.00010500000000000006,-0.00010099999999999996,-0.00013000000000000002,-2.649999999999983e-05,-4.74999999999998e-05,-5.7499999999999826e-05,-6.350000000000019e-05,-6.000000000000016e-05,-8.250000000000011e-05
2016-01-29,-0.0002549999999999998,-0.0003499999999999996,-0.00034599999999999985,-0.000408,-0.0004510000000000001,-0.0005,-0.0005120000000000003,-0.0005314999999999999,-0.0005525000000000009,-0.000575
2016-02-01,-1.0000000000000026e-05,1.999999999999962e-05,4.9999999999999914e-05,2.4999999999999957e-05,1.0000000000000026e-05,4.25e-05,2.9500000000000446e-05,6.350000000000019e-05,8.250000000000011e-05,8.000000000000021e-05
2016-02-02,-7.50000000000002e-05,-0.0001299999999999999,-0.000196,-0.000167,-0.000245,-0.0002800000000000001,-0.0002999999999999999,-0.0003110000000000005,-0.0003625,-0.0003500000000000005
2016-02-03,-5.499999999999993e-05,-0.00013999999999999993,-0.00018899999999999993,-0.00020199999999999998,-7.399999999999996e-05,-7.999999999999978e-05,-0.00012450000000000004,-0.00017299999999999954,-9.149999999999957e-05,-0.00014000000000000037
2016-02-04,1.0000000000000026e-05,0.00013999999999999993,0.00019499999999999986,0.00020199999999999998,8.399999999999998e-05,9.149999999999978e-05,0.00017199999999999984,0.00016099999999999969,0.00012400000000000085,0.00016000000000000042
2016-02-05,0.0,-0.00011999999999999988,-1.500000000000004e-05,-2.5999999999999927e-05,7.999999999999978e-06,-1.599999999999974e-05,-2.499999999999985e-05,-6.300000000000056e-05,-0.00011000000000000072,-0.00015500000000000062
2016-02-08,0.00021000000000000012,0.0003399999999999998,6.000000000000016e-05,-1.500000000000004e-05,-0.00011500000000000003,-0.00016800000000000018,-0.0002599999999999998,-0.0002559999999999993,-0.0003519999999999999,-0.00033499999999999936
2016-02-09,-3.000000000000008e-05,-1.9999999999999836e-05,4.9999999999999914e-05,5.099999999999999e-05,0.00015199999999999995,0.00011000000000000007,0.00017499999999999937,0.0001510000000000001,0.00019200000000000033,0.00014199999999999977
2016-02-10,-4.9999999999999914e-05,-5.000000000000013e-05,-4.49999999999999e-05,-2.500000000000001e-05,-9.39999999999999e-05,-5.999999999999994e-05,-0.00012499999999999924,-0.00010999999999999985,-0.00012500000000000098,-0.00012199999999999971
2016-02-11,-8.000000000000021e-05,-1.0000000000000026e-05,-4.100000000000002e-05,-2.999999999999997e-05,5.400000000000001e-05,-4.0000000000000105e-05,-7.000000000000018e-05,-7.000000000000018e-05,3.500000000000031e-05,4.999999999999796e-06
2016-02-12,0.00019000000000000028,0.0002500000000000002,0.0003309999999999999,0.00037,0.00031999999999999986,0.0004500000000000001,0.0003799999999999997,0.0005499999999999997,0.00046500000000000014,0.0004830000000000008
2016-02-15,-9.000000000000002e-05,-9.000000000000002e-05,-9.500000000000003e-05,-0.00018,-0.00026999999999999995,-0.00030000000000000035,-0.00019000000000000006,-0.00034,-0.0003500000000000005,-0.0003430000000000004
2016-02-16,-6.000000000000016e-05,-6.000000000000016e-05,-1.500000000000004e-05,1.4999999999999985e-05,5.000000000000002e-05,8.000000000000021e-05,0.00014200000000000063,0.00014700000000000043,0.00017,0.00020499999999999945
2016-02-17,5.000000000000013e-05,5.000000000000013e-05,2.0000000000000052e-05,7.0000000000000075e-06,1.0000000000000026e-05,-1.2000000000000075e-05,-1.2000000000000725e-05,-8.700000000000027e-05,-9.49999999999996e-05,-2.9999999999999645e-05
2016-02-18,-0.00011000000000000007,-0.00019999999999999987,-0.00013799999999999988,-0.00018499999999999994,-0.00028500000000000004,-0.000353,-0.0004689999999999998,-0.00047500000000000016,-0.0005200000000000005,-0.0006300000000000004
2016-02-19,-4.0000000000000105e-05,1.0000000000000026e-05,1.3999999999999907e-05,2.699999999999995e-05,0.00012999999999999996,0.00013000000000000012,1.0000000000000026e-05,1.1000000000000159e-05,0.0001520000000000011,0.00010999999999999985
2016-02-22,1.0000000000000026e-05,-3.000000000000008e-05,-0.00012600000000000003,-0.00011699999999999997,-0.00013999999999999993,-0.00018800000000000002,-0.00011699999999999992,-0.00011099999999999999,-0.00027700000000000034,-0.0002699999999999994
2016-02-23,1.0000000000000026e-05,7.499999999999911e-06,2.0000000000000052e-05,-1.1999999999999966e-05,-5.499999999999998e-05,-3.6999999999999924e-05,-1.4000000000000123e-05,-3.600000000000001e-05,-2.9999999999999645e-05,-2.9999999999999645e-05
2016-02-24,7.999999999999999e-05,0.0001249999999999999,8.700000000000005e-05,5.199999999999996e-05,9.000000000000002e-05,-2.0000000000000486e-06,-7.000000000000018e-05,-2.900000000000038e-05,-4.0000000000000105e-05,-0.0001299999999999999
2016-02-25,-0.0001200000000000001,-0.00015249999999999986,-0.00016899999999999988,-0.000174,-0.00023300000000000003,-0.00015800000000000015,-0.00011999999999999988,-0.00015999999999999955,-0.00014999999999999996,-7.000000000000062e-05
2016-02-26,-2.9999999999999645e-05,-0.00011000000000000007,-8.800000000000019e-05,-8.300000000000007e-05,-8.7e-05,-6.999999999999975e-05,-1.999999999999962e-05,1.5000000000000256e-05,4.99999999999997e-05,8.000000000000021e-05
2016-02-29,-0.00017000000000000023,-0.00026000000000000003,-0.00034599999999999974,-0.000365,-0.00041,-0.0004100000000000002,-0.0004150000000000002,-0.0004050000000000004,-0.0004099999999999998,-0.0003950000000000004
2016-03-01,7.999999999999999e-05,0.00011000000000000029,9.39999999999999e-05,7.999999999999999e-05,0.00015999999999999999,0.00019500000000000008,0.00023999999999999998,0.00030000000000000035,0.0003369999999999996,0.000366
2016-03-02,5.000000000000013e-05,7.999999999999978e-05,0.00010199999999999988,0.0001600000000000001,0.000185,0.00024700000000000004,0.00032499999999999977,0.0003799999999999997,0.00047100000000000006,0.0004989999999999994
2016-03-03,-0.00015000000000000018,-0.0002500000000000002,-0.00026000000000000003,-0.00029,-0.000335,-0.00037700000000000006,-0.00039999999999999975,-0.0004099999999999998,-0.00042299999999999977,-0.0003949999999999995
2016-03-04,0.00019000000000000028,0.00039000000000000016,0.00033200000000000005,0.00035000000000000005,0.000395,0.000375,0.00051,0.00037300000000000007,0.00036899999999999954,0.0003849999999999999
2016-03-07,1.999999999999962e-05,-0.00014999999999999996,-2.0000000000000486e-06,-4.800000000000019e-05,-0.00011,-7.600000000000011e-05,-0.00019000000000000006,-8.000000000000628e-06,2.300000000000045e-05,2.5000000000000716e-05
2016-03-08,-9.499999999999982e-05,-2.0000000000000052e-05,-0.00013000000000000012,-7.199999999999991e-05,5.75e-05,-8.999999999999894e-06,-6.499999999999995e-05,-0.00016499999999999935,-0.00016199999999999982,-0.0002050000000000012
2016-03-09,5.5000000000000144e-05,0.0002000000000000001,0.0002630000000000002,0.0002999999999999999,0.0002925,0.0003725,0.00039499999999999995,0.0004499999999999999,0.0004299999999999998,0.0004700000000000008
2016-03-10,0.00031999999999999997,0.0005,0.000562,0.0004550000000000001,0.0003800000000000001,0.0003775,0.00046750000000000047,0.00042699999999999986,0.00046999999999999993,0.0004400000000000003
2016-03-11,1.0000000000000026e-05,-0.0001299999999999999,-0.00011500000000000008,-4.500000000000004e-05,-5.800000000000022e-05,-9.999999999999983e-05,-0.0002415000000000004,-0.00020500000000000032,-0.0002500000000000002,-0.00022000000000000058
2016-03-14,1.999999999999962e-05,8.99999999999998e-05,0.000134,0.00018300000000000003,0.0002490000000000001,0.00026499999999999983,0.0002949999999999997,0.000307,0.0003000000000000008,0.0003000000000000008
2016-03-15,1.500000000000004e-05,1.0000000000000026e-05,-7.000000000000062e-06,2.6999999999999992e-05,2.9000000000000054e-05,4.199999999999994e-05,4.40000000000002e-05,4.100000000000024e-05,4.999999999999883e-05,4.99999999999997e-05
2016-03-16,-1.500000000000004e-05,-8.99999999999998e-05,-0.0001739999999999999,-0.00024099999999999995,-0.00031000000000000005,-0.0003619999999999999,-0.0003950000000000004,-0.0004499999999999999,-0.0004909999999999992,-0.0005149999999999998
2016-03-17,-3.999999999999967e-05,-4.0000000000000105e-05,-6.400000000000004e-05,-0.00012200000000000004,-0.00017999999999999998,-0.0002500000000000002,-0.0002699999999999994,-0.0003440000000000001,-0.0003990000000000009,-0.0004320000000000001
2016-03-18,-5.000000000000013e-05,-5.999999999999994e-05,-4.9e-05,-4.7000000000000004e-05,-2.7999999999999976e-05,-1.999999999999962e-05,-8.000000000000021e-05,-5.600000000000006e-05,-4.99999999999997e-05,-7.300000000000102e-05
2016-03-21,2.0000000000000052e-05,9.99999999999981e-06,2.0000000000000052e-05,2.800000000000003e-05,3.2999999999999935e-05,7.799999999999994e-05,0.0001299999999999999,0.00015999999999999999,0.00018000000000000047,0.00021000000000000012
2016-03-22,0.0,2.0000000000000052e-05,3.6999999999999924e-05,5.199999999999996e-05,7.499999999999998e-05,6.199999999999977e-05,6.000000000000016e-05,7.000000000000018e-05,6.499999999999995e-05,5.500000000000123e-05
2016-03-23,-2.0000000000000052e-05,-2.0000000000000052e-05,-3.199999999999991e-05,-5.9999999999999995e-05,-7.499999999999998e-05,-0.00012499999999999968,-0.00015999999999999999,-0.00020199999999999992,-0.0002700000000000003,-0.00026400000000000035
2016-03-24,1.0000000000000026e-05,7.000000000000018e-05,4.49999999999999e-05,6.100000000000002e-05,3.0000000000000024e-05,2.4999999999999632e-05,-1.0000000000000026e-05,-4.80000000000003e-05,-1.4999999999999389e-05,-5.10000000000007e-05
2016-03-25,,-2.5000000000000066e-05,1.0000000000000026e-05,-1.0000000000000243e-06,5.000000000000013e-06,6.750000000000007e-05,7.749999999999988e-05,0.00010000000000000026,0.00010999999999999899,1.7999999999999787e-05
2016-03-28,,1.500000000000004e-05,-4.030000000000006e-05,1.0000000000000243e-06,0.0,-7.250000000000008e-05,-9.749999999999993e-05,-0.0001420000000000002,-0.00012499999999999924,-3.2999999999999176e-05
2016-03-29,,-0.00011000000000000007,-8.409999999999993e-05,-0.000221,-0.000305,-0.0003449999999999998,-0.0003649999999999999,-0.00036300000000000004,-0.0004300000000000007,-0.0003649999999999999
2016-03-30,1.9999999999999836e-05,4.0000000000000105e-05,5.440000000000002e-05,6.999999999999997e-05,6.500000000000001e-05,8.5e-05,0.00010999999999999985,0.00013500000000000014,0.00014700000000000043,0.00019999999999999966
2016-03-31,3.000000000000008e-05,9.99999999999981e-06,0.0,0.0,0.0,9.99999999999981e-06,0.00011000000000000029,5.000000000000013e-05,5.799999999999989e-05,6.000000000000016e-05
2016-04-01,1.2500000000000141e-05,3.000000000000008e-05,0.0,2.0000000000000052e-05,-1.0000000000000026e-05,-3.4999999999999875e-05,-0.00014000000000000037,-9.999999999999983e-05,-0.0001250000000000001,-0.00028500000000000053
2016-04-04,1.7499999999999937e-05,3.000000000000008e-05,4.9999999999999914e-05,2.0000000000000052e-05,1.0999999999999996e-05,2.0000000000000052e-05,2.5000000000000282e-05,1.4999999999999823e-05,1.2000000000000725e-05,1.5000000000000256e-05
2016-04-05,-2.0000000000000052e-05,-6.999999999999997e-05,-0.00010999999999999985,-0.00016800000000000007,-0.00017499999999999997,-0.00023999999999999998,-0.00022000000000000014,-0.0002490000000000005,-0.0003370000000000005,-0.00027699999999999947
2016-04-06,-3.300000000000004e-05,0.0,-1.500000000000004e-05,1.1999999999999966e-05,4.5e-05,0.00011300000000000004,8.99999999999998e-05,0.0001250000000000001,0.0002279999999999999,0.00018099999999999887
2016-04-07,-2.1000000000000185e-05,-9.000000000000024e-05,-0.00011500000000000008,-0.000134,-0.000141,-0.00017300000000000009,-0.00019799999999999983,-0.00018099999999999974,-0.0001979999999999994,-0.00022399999999999937
2016-04-08,1.4000000000000123e-05,-2.499999999999898e-06,-2.0000000000000052e-05,-1.9999999999999944e-05,-4.999999999999999e-05,-2.999999999999997e-05,2.800000000000003e-05,4.0000000000000105e-05,4.0000000000000105e-05,8.000000000000021e-05
2016-04-11,-2.499999999999985e-05,-4.100000000000002e-05,-2.0000000000000052e-05,-1.9000000000000028e-05,9.999999999999986e-06,3.999999999999989e-05,5.599999999999984e-05,9.599999999999973e-05,0.0001399999999999995,0.00014000000000000037
2016-04-12,-1.500000000000004e-05,4.349999999999992e-05,4.500000000000012e-05,0.000169,0.00025,0.00031999999999999997,0.0003740000000000002,0.00041399999999999987,0.0004499999999999999,0.0004800000000000004
2016-04-13,0.0,-3.999999999999989e-05,-1.299999999999999e-05,-7.800000000000005e-05,-0.00011700000000000001,-0.00017,-0.0002409999999999999,-0.00031999999999999954,-0.00036999999999999967,-0.00039500000000000125
2016-04-14,4.9999999999999914e-05,9.15e-05,0.00017910000000000018,0.00016400000000000008,0.00023700000000000001,0.0002500000000000002,0.00031099999999999964,0.00035999999999999964,0.0004000000000000002,0.0004080000000000004
2016-04-15,-2.9999999999999862e-05,-5.1500000000000113e-05,-8.910000000000016e-05,-0.00018599999999999997,-0.00023,-0.0002930000000000001,-0.00030999999999999995,-0.0003349999999999998,-0.00036000000000000094,-0.00037300000000000007
2016-04-18,2.9999999999999862e-05,7.000000000000018e-05,7.999999999999978e-06,9.400000000000001e-05,8.999999999999999e-05,0.00015299999999999992,0.00014000000000000037,0.00016000000000000042,0.00017000000000000088,0.00019499999999999986
2016-04-19,1.5999999999999955e-05,6.499999999999995e-06,0.0,4.5999999999999925e-05,2.500000000000004e-05,6.999999999999997e-05,6.999999999999975e-05,0.00010499999999999919,0.00011999999999999945,0.00012000000000000031
2016-04-20,-5.999999999999929e-06,1.3500000000000057e-05,-1.7000000000000088e-05,-8.799999999999997e-05,5.999999999999997e-05,3.300000000000026e-05,-7.999999999999978e-05,4.0000000000000105e-05,9.000000000000067e-05,4.500000000000077e-05
2016-04-21,3.000000000000008e-05,9.000000000000002e-05,0.00016700000000000005,0.000308,0.000268,0.00035999999999999986,0.0005800000000000002,0.00038000000000000056,0.00046999999999999993,0.00045899999999999934
2016-04-22,-7.999999999999999e-05,-0.0001200000000000001,-0.0001479999999999999,-0.00014100000000000007,-0.00014,-7.300000000000015e-05,-9.000000000000024e-05,-2.0000000000000052e-05,-9.000000000000067e-05,7.099999999999988e-05
2016-04-25,2.9999999999999862e-05,4.9999999999999914e-05,0.00010800000000000002,0.00013100000000000004,0.00018600000000000002,0.0001730000000000002,0.00021499999999999948,0.00028999999999999946,0.0003100000000000004,0.0002700000000000003
2016-04-26,1.0000000000000026e-05,4.0000000000000105e-05,7.899999999999986e-05,0.00017700000000000002,0.000281,0.000307,0.00033500000000000066,0.0003500000000000005,0.0003999999999999993,0.0004400000000000003
2016-04-27,-2.0000000000000052e-05,-3.000000000000008e-05,-4.9e-05,-0.000127,-0.00019099999999999998,-0.00034100000000000016,-0.00017000000000000045,-0.0003600000000000001,-0.0001849999999999994,-0.00041000000000000064
2016-04-28,2.0000000000000052e-05,1.0500000000000093e-05,-3.99999999999988e-06,-5.200000000000002e-05,-0.00016400000000000003,-9.999999999999159e-07,-0.00018500000000000027,-5.000000000000664e-06,-0.0002149999999999999,-0.00014999999999999996
2016-04-29,4.0000000000000105e-05,0.00013949999999999987,0.00020399999999999997,0.00024200000000000003,0.00025499999999999996,0.00021199999999999995,0.00017500000000000024,0.00017700000000000007,0.00014899999999999896,0.0002999999999999999
2016-05-02,4.99999999999997e-05,0.00011000000000000007,5.13e-05,-7.000000000000035e-06,6.400000000000004e-05,1.5999999999999955e-05,0.0,-2.6999999999999247e-05,-2.8999999999998645e-05,-4.0000000000000105e-05
2016-05-03,-6.999999999999975e-05,-0.00018999999999999985,-0.00023859999999999984,-0.000303,-0.00044199999999999996,-0.0004959999999999997,-0.0005499999999999997,-0.0005850000000000005,-0.000615000000000001,-0.0006700000000000005
2016-05-04,-3.000000000000008e-05,-4.0000000000000105e-05,6.96999999999998e-05,-2.9999999999999645e-06,1.5999999999999955e-05,2.3000000000000017e-05,8.000000000000194e-06,-8.000000000000194e-06,2.8000000000000247e-05,3.0000000000000512e-05
2016-05-05,-1.9000000000000137e-05,-0.0001200000000000001,-0.00020239999999999993,-0.00022000000000000003,-0.000304,-0.0003610000000000002,-0.0003480000000000002,-0.0004019999999999996,-0.00046299999999999987,-0.0004799999999999995
2016-05-06,-3.099999999999978e-05,5.000000000000013e-05,-5.000000000000013e-05,2.299999999999991e-05,0.00014600000000000003,0.0001479999999999999,2.849999999999988e-05,0.00014999999999999953,0.00014999999999999996,0.00014199999999999977
2016-05-09,0.0,-7.000000000000018e-05,-6.999999999999997e-05,-0.00013299999999999987,-0.00025,-0.00027999999999999987,-0.0002385,-0.00032999999999999956,-0.00035899999999999994,-0.00036200000000000034
2016-05-10,-1.0000000000000026e-05,0.0,-2.9999999999999645e-06,2.9999999999999645e-06,-4.5e-05,-2.0000000000000052e-05,-2.499999999999985e-05,-7.000000000000018e-05,-6.799999999999948e-05,-6.999999999999975e-05
2016-05-11,2.0000000000000052e-05,-3.000000000000008e-05,-3.700000000000014e-05,9.999999999999918e-06,1.0999999999999996e-05,-2.9000000000000054e-05,2.0000000000000052e-05,2.0000000000000052e-05,4.69999999999993e-05,3.0000000000000512e-05
2016-05-12,2.0000000000000052e-05,7.000000000000018e-05,0.00011000000000000007,0.00010000000000000015,0.000171,0.00022500000000000005,0.00022599999999999964,0.0002660000000000002,0.0002950000000000001,0.00032999999999999956
2016-05-13,-7.500000000000128e-06,-2.0000000000000052e-05,1.0000000000000026e-05,-6.600000000000009e-05,-0.000127,-0.00013599999999999994,-0.00020599999999999959,-0.0002660000000000002,-0.00031999999999999997,-0.0002999999999999999
2016-05-16,1.7499999999999937e-05,6.000000000000016e-05,3.6000000000000225e-05,0.0001240000000000001,0.00015999999999999999,0.00010999999999999996,0.00014899999999999983,0.0002000000000000001,0.0002650000000000005,0.00023699999999999936
2016-05-17,3.000000000000008e-05,3.999999999999989e-05,4.7999999999999866e-05,1.4999999999999823e-05,0.0,1.7000000000000088e-05,2.0000000000000052e-05,2.0000000000000052e-05,-4.100000000000024e-05,-2.6999999999999247e-05
2016-05-18,-5.000000000000013e-06,3.000000000000008e-05,9.099999999999994e-05,0.0001620000000000001,0.00022499999999999997,0.00020300000000000006,0.0002159999999999996,0.0004199999999999998,0.00031599999999999944,0.00045999999999999947
2016-05-19,5.000000000000013e-06,-2.0000000000000052e-05,-6.599999999999987e-05,-8.400000000000004e-05,-5.7999999999999946e-05,-2.0000000000000052e-05,-1.9999999999998318e-06,-0.00022699999999999977,-8.249999999999924e-05,-0.0002469999999999998
2016-05-20,0.0,-1.0000000000000026e-05,9.999999999999159e-07,-1.9999999999999944e-05,-4.950000000000001e-05,-3.6999999999999924e-05,-6.999999999999975e-05,-1.3000000000000424e-05,-6.250000000000006e-05,-3.000000000000398e-06
2016-05-23,-2.0000000000000052e-05,1.0000000000000026e-05,8.299999999999996e-05,2.3999999999999933e-05,9.500000000000014e-06,2.6999999999999897e-05,6.799999999999992e-05,7.300000000000058e-05,0.00012199999999999971,0.0001940000000000006
2016-05-24,-1.0000000000000026e-05,-3.000000000000008e-05,-8.299999999999996e-05,5.000000000000013e-06,2.9999999999999645e-06,2.0000000000000052e-05,7.99999999999976e-06,-2.1000000000000185e-05,-3.199999999999991e-05,-0.00010700000000000032
2016-05-25,-2.9999999999999862e-05,-2.9999999999999862e-05,1.3599999999999897e-05,-0.00010999999999999996,-9.099999999999999e-05,-0.00018000000000000004,-0.00020399999999999975,-0.00016199999999999982,-0.00015999999999999955,-0.0002469999999999998
2016-05-26,-3.000000000000008e-05,-9.000000000000024e-05,-0.00012359999999999997,-6.999999999999997e-05,-0.00016399999999999997,-8.000000000000021e-05,-7.000000000000018e-05,-0.00012399999999999998,-0.00016000000000000042,-9.99999999999994e-05
2016-05-27,-1.0000000000000026e-05,2.0000000000000052e-05,-2.7000000000000114e-05,5.999999999999929e-06,5e-06,-4.9999999999999806e-05,3.4999999999999875e-05,5.3000000000000096e-05,1.5000000000000256e-05,-5.000000000000664e-06
2016-05-30,0.0,2.0000000000000052e-05,1.9000000000000137e-05,3.399999999999996e-05,0.00011,0.00017999999999999993,0.00014000000000000037,0.00016099999999999925,0.0002700000000000003,0.0003049999999999997
2016-05-31,-3.000000000000008e-05,-3.000000000000008e-05,-2.1999999999999884e-05,-4.9999999999999914e-05,-5.8e-05,-0.00015499999999999997,-0.00021000000000000012,-0.00021999999999999928,-0.0002550000000000009,-0.0002699999999999994
2016-06-01,1.0000000000000026e-05,2.0000000000000052e-05,-3.000000000000008e-05,-2.7000000000000006e-05,-1.3000000000000004e-05,-9.00000000000011e-06,-1.5999999999999955e-05,-5.000000000000013e-05,2.7000000000000114e-05,-2.9999999999999645e-05
2016-06-02,4.0000000000000105e-05,2.0000000000000052e-05,4.9999999999999914e-05,7.000000000000062e-06,-5.3e-05,-2.5999999999999873e-05,-4.9e-05,-6.000000000000016e-05,-0.00011499999999999965,-0.00010000000000000026
2016-06-03,-4.0000000000000105e-05,-0.0001200000000000001,-0.00015999999999999977,-0.00017,-0.00023400000000000002,-0.00031499999999999996,-0.00030999999999999995,-0.00039999999999999975,-0.00046200000000000017,-0.0004000000000000002
2016-06-06,0.0,-1.0000000000000026e-05,3.0999999999999995e-05,6.000000000000005e-05,0.000156,0.000223,0.0002099999999999999,0.00028399999999999996,0.00027800000000000004,0.0002500000000000002
2016-06-07,0.0,3.000000000000008e-05,-2.8299999999999983e-05,-7.000000000000008e-05,-9.699999999999999e-05,-0.0001560000000000001,-0.00020800000000000007,-0.0002310000000000003,-0.00022100000000000028,-0.00023000000000000017
2016-06-08,3.000000000000008e-05,6.999999999999997e-05,7.729999999999976e-05,8.999999999999991e-05,6.9e-05,7.800000000000005e-05,8.599999999999992e-05,7.300000000000015e-05,6.300000000000012e-05,2.9999999999999645e-05
2016-06-09,0.0,-1.0000000000000026e-05,-2.0000000000000052e-05,-4.899999999999989e-05,-9.000000000000002e-05,-0.000107,-0.00012399999999999998,-0.00013599999999999984,-0.00017,-0.00019000000000000006
2016-06-10,-2.0000000000000052e-05,0.0,-1.0000000000000026e-05,-2.1000000000000077e-05,-1.999999999999997e-05,-5.299999999999999e-05,-5.899999999999981e-05,-6.000000000000016e-05,-7.499999999999998e-05,-9.099999999999994e-05
2016-06-13,2.500000000000115e-06,0.0,1.0000000000000026e-05,1.0000000000000026e-05,1.5999999999999955e-05,3.9999999999999996e-05,5.699999999999976e-05,7.000000000000018e-05,7.499999999999998e-05,8.5e-05
2016-06-14,-2.2500000000000167e-05,-5.999999999999994e-05,-0.00010999999999999985,-0.0001299999999999999,-9.999999999999999e-05,-0.00010000000000000005,-9.199999999999985e-05,-0.00012000000000000031,-6.400000000000025e-05,-0.00012399999999999998
2016-06-15,-2.9999999999999862e-05,-0.00015999999999999999,-9.500000000000003e-05,-0.00010300000000000001,-0.000176,-0.00013000000000000002,-0.00011000000000000007,-8.99999999999998e-05,-0.0001309999999999996,-0.00011999999999999945
2016-06-16,-1.0000000000000026e-05,3.000000000000008e-05,-4.869999999999983e-05,-7.700000000000003e-05,5.000000000000013e-06,-9.099999999999994e-05,-6.999999999999975e-05,1.299999999999999e-05,7.000000000000062e-06,4.99999999999997e-05
2016-06-17,-8.74999999999999e-05,-0.00015000000000000018,-0.0001763000000000001,-0.00015000000000000018,-0.00015600000000000005,-3.9000000000000026e-05,9.999999999999593e-06,0.0,3.299999999999961e-05,8.000000000000021e-05
2016-06-20,3.249999999999976e-05,8.000000000000021e-05,0.00011999999999999988,0.00014000000000000015,0.00010100000000000007,0.00012999999999999996,0.00014600000000000008,0.00017700000000000007,0.00021500000000000035,0.0002199999999999997
2016-06-21,-5.000000000000013e-06,-1.0000000000000026e-05,2.0000000000000052e-05,4.699999999999995e-05,0.00012999999999999996,7.999999999999999e-05,0.0001240000000000002,9.99999999999994e-05,7.000000000000018e-05,8.99999999999998e-05
2016-06-22,0.0,2.0000000000000052e-05,5.999999999999994e-05,5.3000000000000096e-05,1.0000000000000026e-05,6.999999999999997e-05,0.0001299999999999999,1.0000000000000026e-05,5.9999999999999724e-05,2.0000000000000052e-05
2016-06-23,3.000000000000008e-05,0.00023999999999999976,8.000000000000021e-05,0.00014499999999999995,0.00024799999999999996,0.0003110000000000001,0.0002694999999999998,0.00042000000000000067,0.0004099999999999998,0.00046000000000000034
2016-06-24,-0.00023999999999999998,-0.00027999999999999987,-0.0003700000000000001,-0.00028800000000000006,-0.000338,-0.000521,-0.0006394999999999999,-0.0007000000000000001,-0.0008049999999999997,-0.0009199999999999998
2016-06-27,2.0000000000000052e-05,-4.0000000000000105e-05,-8.199999999999982e-05,-0.00029699999999999996,-0.00040199999999999996,-0.00041999999999999996,-0.0005149999999999998,-0.0006500000000000002,-0.0006550000000000002,-0.0006600000000000004
2016-06-28,-7.400000000000006e-05,-9.999999999999961e-05,-6.799999999999992e-05,-5.000000000000013e-05,-7.700000000000003e-05,-4e-05,-2.5000000000000066e-05,3.000000000000008e-05,-3.600000000000001e-05,4.0000000000000105e-05
2016-06-29,-2.599999999999998e-05,9.999999999999593e-06,-1.0000000000000026e-05,-4.49999999999999e-05,5.6999999999999976e-05,-5.249999999999999e-05,-8.49999999999999e-05,-9.000000000000002e-05,7.800000000000038e-05,1.2999999999999557e-05
2016-06-30,6.999999999999997e-05,2.0000000000000052e-05,4.300000000000007e-05,0.000219,0.00013200000000000006,0.0002025,-3.500000000000009e-05,0.00022999999999999974,0.0001879999999999998,0.00020699999999999972
2016-07-01,-0.00011999999999999966,-0.00022000000000000014,-0.00022230000000000036,-0.000374,-0.00043999999999999996,-0.0005099999999999999,-0.000245,-0.0005499999999999999,-0.0006299999999999999,-0.0006799999999999992
2016-07-04,-0.00011000000000000029,-0.00011999999999999945,-9.820000000000011e-05,-0.00021000000000000012,-0.000245,-0.0002500000000000001,-0.00034,-0.0003529999999999998,-0.0004000000000000002,-0.00037000000000000054
2016-07-05,-3.000000000000008e-05,-6.000000000000016e-05,-3.249999999999954e-05,-0.0001389999999999998,-0.00019300000000000003,-0.00026499999999999994,-0.00027749999999999997,-0.0003020000000000002,-0.00029699999999999996,-0.00032700000000000003
2016-07-06,-1.0000000000000026e-05,3.000000000000008e-05,-1.1000000000000159e-05,4.2999999999999636e-05,2.20000000000001e-05,5.250000000000003e-05,4.2499999999999996e-05,4.700000000000017e-05,4.699999999999995e-05,6.200000000000042e-05
2016-07-07,-2.0000000000000052e-05,-1.0000000000000026e-05,-2.0000000000002655e-06,-3.9999999999996635e-06,-2.400000000000015e-05,-1.4500000000000081e-05,2e-05,5.299999999999999e-05,7.600000000000011e-05,9.49999999999996e-05
2016-07-08,-3.999999999999967e-05,-0.0001900000000000005,-0.00012299999999999985,-0.0001299999999999999,-0.00018000000000000004,-0.00015299999999999992,-0.00012800000000000002,-0.00026499999999999994,-0.00014600000000000008,-0.00031199999999999934
2016-07-11,1.999999999999962e-05,0.00012000000000000031,3.600000000000001e-05,6.999999999999975e-05,0.00015499999999999997,0.00014999999999999996,0.00013800000000000002,0.0002539999999999999,0.00015700000000000024,0.0002869999999999995
2016-07-12,5.000000000000013e-05,0.00022999999999999974,0.00020749999999999979,0.0002000000000000001,0.00026999999999999984,0.00031900000000000006,0.00032300000000000004,0.0004859999999999999,0.0005229999999999998,0.0005650000000000004
2016-07-13,-3.000000000000008e-05,-0.00016999999999999958,-0.00011149999999999962,-0.0001290000000000002,-0.00016499999999999978,-0.0002689999999999999,-0.00030700000000000004,-0.000454,-0.0005135000000000001,-0.0005500000000000006
2016-07-14,6.000000000000016e-05,8.99999999999998e-05,0.00011399999999999995,0.00014900000000000026,0.00013500000000000014,0.0002099999999999999,0.00025600000000000004,0.00025600000000000015,0.00022750000000000027,0.00028699999999999993
2016-07-15,3.000000000000008e-05,0.0001299999999999999,9.999999999999983e-05,0.00015999999999999999,0.00022899999999999982,0.00023999999999999998,0.000278,0.0002999999999999999,0.00038000000000000013,0.00035800000000000025
2016-07-18,-2.0000000000000052e-05,-0.00015999999999999999,-9.999999999999983e-05,-0.00014400000000000003,-0.00020399999999999975,-0.00020799999999999996,-0.00023,-0.0002360000000000001,-0.0002630000000000002,-0.0002549999999999996
2016-07-19,1.0000000000000026e-05,3.000000000000008e-05,4.99999999999997e-05,7.400000000000006e-05,6.599999999999987e-05,5.6999999999999976e-05,9.000000000000002e-05,9.8e-05,0.00010800000000000002,7.999999999999978e-05
2016-07-20,8.000000000000021e-05,8.99999999999998e-05,5.000000000000013e-05,4.49999999999999e-05,7.799999999999994e-05,0.00010300000000000001,8.599999999999998e-05,0.00011899999999999997,9.999999999999983e-05,0.00014999999999999953
2016-07-21,1.0000000000000026e-05,1.0000000000000026e-05,5.000000000000013e-05,5.5000000000000144e-05,3.0999999999999995e-05,2.3000000000000017e-05,6.400000000000004e-05,4.700000000000017e-05,7.600000000000011e-05,0.00010000000000000026
2016-07-22,2.2499999999999517e-05,7.000000000000018e-05,6.000000000000016e-05,6.999999999999975e-05,0.00011999999999999988,0.000107,3.600000000000001e-05,3.700000000000014e-05,-9.000000000000024e-05,-3.099999999999978e-05
2016-07-25,2.750000000000018e-05,4.0000000000000105e-05,-1.1000000000000159e-05,-2.8999999999999946e-05,-4.49999999999999e-05,-6.600000000000003e-05,-8.9e-05,-0.000116,-1.599999999999952e-05,-0.00011899999999999975
2016-07-26,0.0,0.0,-1.899999999999992e-05,-2.6999999999999897e-05,-3.999999999999989e-05,-2.599999999999998e-05,1.2999999999999882e-05,1.899999999999992e-05,4.999999999999796e-06,4.999999999999796e-06
2016-07-27,-2.0000000000000052e-05,-7.000000000000018e-05,-0.0001240000000000004,-0.00021100000000000003,-0.0002590000000000001,-0.000369,-0.0003799999999999999,-0.0004500000000000001,-0.0004009999999999999,-0.00043500000000000006
2016-07-28,2.0000000000000052e-05,1.0000000000000026e-05,2.3500000000000083e-05,0.000147,7.59999999999999e-05,0.00010599999999999997,3.0000000000000024e-05,4.0000000000000105e-05,-7.400000000000028e-05,-6.000000000000016e-05
2016-07-29,-1.0000000000000026e-05,-1.3500000000000057e-05,7.500000000000128e-06,-0.0001200000000000001,-0.00013699999999999975,-0.000147,-0.00018,-0.00023000000000000017,-0.00023999999999999998,-0.0002899999999999999
2016-08-01,-5.00000000000023e-06,2.3500000000000083e-05,4.699999999999973e-05,6.100000000000007e-05,0.00011999999999999966,9.000000000000002e-05,0.00010999999999999999,0.00014000000000000015,0.00013850000000000017,0.00013000000000000034
2016-08-02,7.50000000000002e-05,0.0001299999999999999,0.00017600000000000016,0.0002460000000000001,0.0002950000000000001,0.000376,0.000437,0.000477,0.0005499999999999999,0.0005699999999999998
2016-08-03,0.0,1.0000000000000026e-05,-2.29999999999998e-05,-6.700000000000022e-05,-0.00010499999999999984,-3.650000000000002e-05,-5.700000000000003e-05,-8.099999999999991e-05,-9.750000000000036e-05,-0.00011999999999999988
2016-08-04,-6.999999999999997e-05,-0.00017,-0.0001879999999999998,-0.00020899999999999977,-0.00022999999999999995,-0.0003494999999999999,-0.000399,-0.00041600000000000014,-0.0004459999999999998,-0.00044700000000000035
2016-08-05,0.0,4.0000000000000105e-05,7.199999999999958e-05,0.00010499999999999984,0.0001569999999999998,0.00017299999999999987,0.00018899999999999999,0.00024300000000000016,0.00029200000000000016,0.000294
2016-08-08,-2.9999999999999645e-05,-1.0000000000000026e-05,-5.099999999999983e-05,-7.899999999999986e-05,-5.999999999999994e-05,-6.499999999999985e-05,-2.9e-05,-3.300000000000026e-05,-5.999999999999929e-06,-3.199999999999991e-05
2016-08-09,-2.0000000000000052e-05,-8.000000000000021e-05,-4.7999999999999866e-05,-3.700000000000014e-05,-0.00012199999999999993,-0.0001240000000000001,-0.00010199999999999999,-0.00015999999999999999,-0.00030000000000000014,-0.0001950000000000003
2016-08-10,-4.5000000000000335e-05,-0.00010999999999999985,-0.0001420000000000002,-0.00017999999999999982,-0.00023500000000000018,-0.00019400000000000005,-0.000289,-0.0002899999999999999,-0.00022499999999999994,-0.0002999999999999995
2016-08-11,3.500000000000031e-05,0.00022000000000000014,0.00010500000000000006,0.0001699999999999998,0.0003600000000000001,0.0002500000000000001,0.00026000000000000003,0.00035000000000000005,0.00017999999999999982,0.00036999999999999967
2016-08-12,-2.5000000000000282e-05,-8.000000000000021e-05,-1.0000000000000026e-05,-7.400000000000006e-05,-0.00017,-0.00014499999999999995,-9.75e-05,-0.00022000000000000014,-5.649999999999969e-05,-0.0002354999999999996
2016-08-15,3.000000000000008e-05,4.0000000000000105e-05,0.00011399999999999995,0.00016700000000000005,0.00015999999999999999,0.0002049999999999999,0.00017749999999999998,0.00023700000000000001,0.0002714999999999996,0.00028549999999999973
2016-08-16,3.999999999999967e-05,5.000000000000013e-05,5.600000000000006e-05,8.400000000000009e-05,7.999999999999999e-05,0.00016700000000000005,0.00018700000000000005,0.0002410000000000001,0.0002590000000000001,0.0002700000000000003
2016-08-17,-7.499999999999694e-06,1.0000000000000026e-05,-4.999999999999796e-06,-1.0999999999999942e-05,-2.5000000000000066e-05,-6.900000000000005e-05,-0.00010200000000000004,-0.00014999999999999996,-0.00014649999999999993,-0.00012000000000000031
2016-08-18,-7.499999999999694e-06,-5.000000000000013e-05,-7.440000000000007e-05,-5.600000000000006e-05,-9.500000000000003e-05,-0.00013100000000000004,-0.000116,-0.00015800000000000015,-0.0002165000000000001,-0.0002700000000000003
2016-08-19,4.99999999999997e-05,0.00013999999999999993,0.0001571999999999997,0.00015499999999999997,0.00021600000000000005,0.00021700000000000002,0.00025600000000000004,0.00030500000000000015,0.0003640000000000002,0.00037750000000000023
2016-08-22,-1.5000000000000256e-05,-5.05000000000002e-05,-2.7999999999998512e-06,-9.499999999999982e-05,-0.00017350000000000004,-0.0002339999999999999,-0.000308,-0.00033500000000000023,-0.00038999999999999994,-0.0004274999999999995
2016-08-23,2.500000000000332e-06,-1.4499999999999756e-05,-3.3399999999999836e-05,1.0000000000000026e-05,3.650000000000029e-05,9.99999999999981e-06,-2.6999999999999992e-05,-6.999999999999986e-05,-5.250000000000003e-05,-9.800000000000043e-05
2016-08-24,4.25e-05,7.499999999999998e-05,0.00011339999999999983,7.099999999999988e-05,6.0999999999999856e-05,6.000000000000005e-05,6.2e-05,3.9999999999999996e-05,7.499999999999911e-06,3.800000000000027e-05
2016-08-25,2.9999999999999862e-05,6.999999999999997e-05,4.0000000000000105e-05,6.899999999999983e-05,7.000000000000018e-05,7.999999999999999e-05,8.299999999999998e-05,0.00011000000000000007,8.550000000000007e-05,9.99999999999994e-05
2016-08-26,-2.0000000000000052e-05,0.0,0.00022999999999999995,4.0000000000000105e-05,4.899999999999978e-05,0.0002340000000000001,1.699999999999998e-05,5.999999999999994e-05,2.9500000000000012e-05,7.000000000000018e-05
2016-08-29,-3.999999999999989e-05,-0.00010999999999999964,-0.00026000000000000003,-7.999999999999999e-05,-0.00013900000000000002,-0.0002880000000000001,-0.00011199999999999997,-0.00011000000000000007,-5.199999999999996e-05,-0.00015999999999999955
2016-08-30,-1.0000000000000026e-05,-3.000000000000008e-05,-4.500000000000012e-05,-4.0000000000000105e-05,-1.500000000000004e-05,-8.600000000000003e-05,-6e-05,-0.00013199999999999985,-0.00017000000000000023,-0.00013000000000000034
2016-08-31,-3.000000000000008e-05,-3.000000000000008e-05,-5.000000000000013e-06,-2.9999999999999645e-05,5.5000000000000144e-05,0.00010000000000000015,0.000145,0.00017199999999999995,0.0002220000000000002,0.00027999999999999987
2016-09-01,-1.0999999999999725e-05,-6.000000000000016e-05,-6.910000000000011e-05,9.99999999999981e-06,-2.0000000000000052e-05,-2.0000000000000052e-05,-4.500000000000001e-06,0.0,1.0000000000000026e-05,0.0
2016-09-02,-1.899999999999992e-05,-7.000000000000018e-05,2.910000000000022e-05,1.9999999999999836e-05,7.50000000000002e-05,0.00010000000000000005,0.00011450000000000002,0.00013999999999999993,0.00015799999999999972,0.00018000000000000004
2016-09-05,-3.000000000000008e-05,3.000000000000008e-05,-8.74999999999999e-05,-8.499999999999979e-05,-0.0001250000000000001,-0.00013000000000000002,-0.00013500000000000003,-0.00011749999999999998,-0.0001529999999999995,-0.00014999999999999996
2016-09-06,-0.00012000000000000031,-0.00023999999999999976,-0.0002525000000000001,-0.0002949999999999999,-0.0004000000000000002,-0.0003799999999999999,-0.00038,-0.0004224999999999999,-0.00038500000000000036,-0.0004299999999999998
2016-09-07,-1.0000000000000026e-05,4.0000000000000105e-05,-2.699999999999968e-05,-6.000000000000016e-05,-1.9999999999999836e-05,-7.000000000000018e-05,-7.300000000000001e-05,-7.6e-05,-6.499999999999995e-05,-5.000000000000013e-05
2016-09-08,8.000000000000021e-05,0.0001799999999999996,0.00022949999999999967,0.0002800000000000001,0.00035999999999999986,0.00035000000000000005,0.00048550000000000004,0.0004459999999999999,0.0005049999999999998,0.0005500000000000001
2016-09-09,3.000000000000008e-05,0.00012000000000000031,9.259999999999997e-05,0.00017999999999999982,0.0002475000000000001,0.00039999999999999996,0.0003675,0.0005300000000000001,0.000582,0.0006299999999999999
2016-09-12,2.0000000000000052e-05,-5.000000000000013e-05,6.239999999999978e-05,0.00010000000000000005,0.00010249999999999994,0.00013000000000000007,0.000165,0.0001739999999999999,0.0001280000000000005,8.99999999999998e-05
2016-09-13,3.000000000000008e-05,2.0000000000000052e-05,5.2500000000000246e-05,9.000000000000002e-05,0.00015999999999999999,0.00018999999999999998,0.000255,0.00020600000000000002,0.00022999999999999974,0.0003100000000000004
2016-09-14,-8.000000000000021e-05,-0.00017,-0.00015499999999999997,-0.00022999999999999995,-0.00027999999999999987,-0.00026999999999999995,-0.00035749999999999996,-0.00027999999999999987,-0.0003070000000000004,-0.00034900000000000035
2016-09-15,5.00000000000023e-06,8.99999999999998e-05,5.199999999999996e-05,9.999999999999983e-05,0.0001299999999999999,8.999999999999997e-05,0.00013749999999999993,0.00010999999999999985,0.00011000000000000029,0.0001330000000000003
2016-09-16,-2.5000000000000282e-05,-7.999999999999978e-05,-0.00012499999999999968,-0.00015999999999999977,-0.00015999999999999999,-0.000138,-0.00018000000000000004,-0.00019399999999999995,-0.00021300000000000008,-0.00014400000000000003
2016-09-19,2.0000000000000052e-05,3.999999999999967e-05,8.99999999999998e-05,0.00010999999999999985,0.0001250000000000001,0.00013000000000000002,9.000000000000013e-05,0.0001339999999999998,0.00014000000000000037,3.000000000000008e-05
2016-09-20,-3.000000000000008e-05,-3.999999999999967e-05,-0.00010900000000000016,-0.0001299999999999999,-0.0001690000000000001,-0.00020900000000000004,-0.00021700000000000007,-0.00027499999999999985,-0.000294,-0.00026999999999999984
2016-09-21,4.0000000000000105e-05,3.999999999999967e-05,7.700000000000025e-05,7.000000000000018e-05,0.00010399999999999993,0.00013200000000000006,0.00015700000000000002,0.00017000000000000023,0.00019399999999999973,2.9999999999999645e-05
2016-09-22,-5.250000000000003e-05,-6.999999999999975e-05,-0.00020050000000000016,-0.0002700000000000003,-0.00039100000000000007,-0.000518,-0.000595,-0.0006675000000000001,-0.000735,-0.0006200000000000003
2016-09-23,1.2499999999999924e-05,-1.0000000000000026e-05,4.0199999999999785e-05,2.0000000000000052e-05,1.0000000000001327e-06,2.999999999999856e-06,-3.2500000000000004e-05,1.2499999999999924e-05,5.000000000000013e-06,-2.999999999999921e-05
2016-09-26,-2.249999999999995e-05,-3.999999999999967e-05,-5.719999999999987e-05,-0.00010999999999999985,-0.00013000000000000012,-0.00016949999999999984,-0.00011750000000000001,-0.0001699999999999999,-0.00019000000000000028,-0.00019750000000000063
2016-09-27,7.250000000000008e-05,3.999999999999967e-05,-2.499999999999898e-06,1.0000000000000026e-05,1.0000000000000026e-05,2.3499999999999866e-05,-1.4999999999999985e-05,-3.000000000000008e-05,-2.9999999999999645e-05,-3.249999999999954e-05
2016-09-28,-3.000000000000008e-05,-1.0000000000000026e-05,1.0000000000000026e-05,1.4999999999999823e-05,1.0000000000000026e-05,-3.399999999999996e-05,-4.0000000000000024e-05,-6.000000000000005e-05,-5.000000000000013e-05,4.99999999999997e-05
2016-09-29,6.000000000000016e-05,0.0,2.0000000000000052e-05,5.499999999999993e-05,-4.9999999999999914e-05,0.00010000000000000005,6.000000000000002e-05,0.00010000000000000005,1.0000000000000026e-05,-2.0000000000000052e-05
2016-09-30,2.0000000000000052e-05,0.00011999999999999988,0.00010999999999999985,5.999999999999994e-05,0.0002499999999999998,0.00010999999999999996,0.00011999999999999999,0.00010999999999999996,0.00019749999999999998,0.00012000000000000031
2016-10-03,1.0000000000000026e-05,6.000000000000016e-05,6.000000000000016e-05,0.00010000000000000005,5.000000000000013e-05,0.00010999999999999996,0.00019,0.00017000000000000012,0.00017250000000000013,0.0002199999999999997
2016-10-04,3.999999999999967e-05,7.000000000000018e-05,7.000000000000018e-05,3.000000000000008e-05,0.0001200000000000001,0.0001600000000000001,0.00015000000000000004,0.0002099999999999999,0.0002899999999999999,0.0003200000000000004
2016-10-05,-4.25e-05,-6.000000000000016e-05,5.9999999999999724e-05,0.00021999999999999993,0.00018000000000000004,0.0002349999999999999,0.000325,0.00039000000000000016,0.00042699999999999986,0.0003799999999999997
2016-10-06,1.2500000000000358e-05,5.000000000000013e-05,1.2499999999999924e-05,3.4000000000000176e-05,7.999999999999988e-05,9.500000000000003e-05,6.999999999999997e-05,4.800000000000008e-05,4.30000000000005e-05,5.3000000000000096e-05
2016-10-07,1.999999999999962e-05,5.000000000000013e-05,9.000000000000002e-05,0.000116,0.00014000000000000004,0.00015499999999999997,0.00018100000000000006,0.00017699999999999986,0.00016249999999999988,0.00017700000000000007
2016-10-10,4.0000000000000105e-05,6.999999999999975e-05,0.00010750000000000017,0.00014999999999999996,0.000205,0.000255,0.0003039999999999999,0.0003649999999999999,0.0003874999999999998,0.00046500000000000014
2016-10-11,-3.000000000000008e-05,-5.000000000000013e-05,-2.1000000000000185e-05,-6.500000000000017e-05,-5.5000000000000036e-05,-9.5e-05,-0.00014100000000000007,-0.00017,-0.00017500000000000024,-0.0002180000000000003
2016-10-12,-5.00000000000023e-06,3.000000000000008e-05,5.1000000000000264e-05,8.5e-05,-2.0000000000000052e-05,0.00012900000000000002,0.00017100000000000014,0.00018000000000000004,0.0001780000000000002,0.00016299999999999995
2016-10-13,1.5000000000000256e-05,3.000000000000008e-05,-4.0000000000000105e-05,-4.9999999999999914e-05,2.0000000000000052e-05,-0.00013600000000000003,-0.00017,-0.00019050000000000013,-0.0002230000000000001,-0.00024999999999999935
2016-10-14,-1.0000000000000026e-05,5.999999999999994e-05,0.00015329999999999988,0.00014000000000000015,0.0001600000000000001,0.00016500000000000003,0.00014749999999999984,0.0002015000000000003,0.00020749999999999979,0.0003499999999999996
2016-10-17,-5.00000000000023e-06,-4.0000000000000105e-05,-4.1299999999999974e-05,-5.000000000000013e-05,-0.00011750000000000009,-8.300000000000001e-05,-1.7499999999999937e-05,-1.7000000000000088e-05,-2.7499999999999747e-05,-9.30000000000002e-05
2016-10-18,-2.4999999999999415e-05,-4.9999999999999914e-05,-7.300000000000015e-05,-7.999999999999999e-05,-7.249999999999986e-05,-0.00011,-0.00015999999999999999,-0.0002040000000000002,-0.00021000000000000012,-0.00023699999999999936
2016-10-19,0.0,3.000000000000008e-05,1.7000000000000088e-05,2.0000000000000052e-05,4.399999999999988e-05,2.4999999999999998e-05,2.0000000000000052e-05,-6.999999999999628e-06,-7.499999999999694e-06,9.999999999999593e-06
2016-10-20,-2.750000000000018e-05,1.0000000000000026e-05,-2.20000000000001e-05,-2.0000000000000052e-05,-4.399999999999988e-05,-7.500000000000001e-05,-0.00011249999999999997,-0.00015300000000000014,-0.0001525000000000003,-0.00021000000000000012
2016-10-21,1.7500000000000154e-05,2.9999999999999862e-05,8.200000000000026e-05,6.999999999999997e-05,6.7e-05,7.9e-05,6.249999999999984e-05,6.500000000000017e-05,0.0,3.000000000000008e-05
2016-10-24,1.4999999999999823e-05,5.000000000000013e-05,6.149999999999992e-05,7.000000000000018e-05,8.699999999999995e-05,0.000108,0.00010500000000000006,0.00014499999999999973,0.00018500000000000027,0.00017399999999999924
2016-10-25,2.499999999999985e-05,4.9999999999999914e-05,7.999999999999999e-05,3.999999999999989e-05,0.00010599999999999997,8.300000000000004e-05,4.49999999999999e-05,1.0000000000000026e-05,7.449999999999991e-05,3.600000000000044e-05
2016-10-26,2.0000000000000052e-05,5.000000000000013e-05,0.00012449999999999983,0.00023999999999999998,0.00026000000000000003,0.00031,0.00039500000000000017,0.0004400000000000003,0.0004054999999999996,0.00042500000000000003
2016-10-27,3.000000000000008e-05,0.00010999999999999985,0.0001537000000000001,0.00030000000000000003,0.0003,0.00042999999999999994,0.0005,0.0005299999999999997,0.0006000000000000003,0.0006050000000000005
2016-10-28,3.999999999999989e-05,5.999999999999994e-05,7.130000000000005e-05,1.9999999999999944e-05,3.0000000000000024e-05,1.7499999999999937e-05,1.4999999999999823e-05,1.0000000000000026e-05,-3.249999999999954e-05,-5.0000000000000565e-05
2016-10-31,-1.0000000000000026e-05,1.0000000000000026e-05,8.399999999999987e-06,-4.7999999999999974e-05,-2.600000000000001e-05,-6.550000000000002e-05,-7.599999999999968e-05,-6.000000000000016e-05,-6.250000000000092e-05,-2.9999999999999645e-05
2016-11-01,2.0000000000000052e-05,0.0,7.459999999999997e-05,8.799999999999997e-05,4.0999999999999994e-05,4.800000000000008e-05,0.00017599999999999994,0.00016000000000000042,9.000000000000067e-05,0.00014000000000000037
2016-11-02,0.0,-1.0000000000000026e-05,-0.00010899999999999994,-0.00011399999999999995,-7e-05,-7.999999999999999e-05,-0.00023000000000000017,-0.0001900000000000005,-0.00014999999999999996,-0.00020000000000000052
2016-11-03,1.500000000000004e-05,0.00010000000000000005,0.00014400000000000003,0.00018399999999999997,0.000225,0.00023999999999999998,0.00026000000000000025,0.00025500000000000045,0.0003099999999999995,0.0002999999999999999
2016-11-04,1.0000000000000026e-05,-3.999999999999989e-05,-8.200000000000004e-05,-9.000000000000007e-05,-0.000137,-0.0001299999999999999,-0.00011500000000000008,-0.00016500000000000022,-0.0001349999999999997,-0.00015999999999999955
2016-11-07,-2.500000000000115e-06,3.000000000000008e-05,9.540000000000004e-05,5.299999999999999e-05,0.00013199999999999998,0.00010749999999999996,0.00011500000000000008,0.00015999999999999999,8.5e-05,0.00015999999999999955
2016-11-08,3.500000000000009e-05,0.00010000000000000005,3.4599999999999865e-05,0.00013700000000000008,0.00011000000000000002,0.00015250000000000007,0.00022999999999999974,0.00018999999999999963,0.0002199999999999997,0.0002500000000000002
2016-11-09,1.2499999999999924e-05,0.00013999999999999972,6.950000000000012e-05,0.00019,0.000405,0.0005399999999999999,0.00033000000000000043,0.0006199999999999999,0.0006300000000000004,0.0006499999999999995
2016-11-10,0.0,-7.999999999999999e-05,0.00022750000000000005,0.0002625,0.0002099999999999999,0.00023999999999999998,0.00049,0.0003500000000000005,0.0004000000000000002,0.00033000000000000043
2016-11-11,4.0000000000000105e-05,0.00014000000000000015,0.00021749999999999992,0.00027749999999999997,0.00034000000000000024,0.00030999999999999995,0.0002999999999999995,0.00028999999999999946,0.00028999999999999946,0.00033000000000000043
2016-11-14,-4.9999999999999914e-05,0.0,6.25e-05,7.999999999999999e-05,7.999999999999978e-05,0.0001500000000000004,0.00012000000000000031,0.00013000000000000077,0.00010999999999999985,6.999999999999888e-05
2016-11-15,-2.0000000000000052e-05,-4.0000000000000105e-05,-4.500000000000001e-05,-3.999999999999994e-05,-3.000000000000008e-05,-6.800000000000035e-05,-3.000000000000008e-05,-6.000000000000016e-05,-2.9999999999999645e-05,-2.9999999999999645e-05
2016-11-16,-2.0000000000000052e-05,-5.999999999999994e-05,-1.399999999999996e-05,9.999999999999972e-06,-2.9999999999999645e-05,-1.1999999999999858e-05,0.0,-6.000000000000016e-05,-5.4999999999999494e-05,-9.99999999999994e-05
2016-11-17,-3.000000000000008e-05,0.0,-0.00010300000000000012,-9.8e-05,-5.000000000000013e-05,-6.000000000000016e-05,-8.5e-05,-4.0000000000000105e-05,-4.500000000000077e-05,4.99999999999997e-05
2016-11-18,-2.0000000000000052e-05,-8.000000000000021e-05,-7.799999999999994e-05,-0.000132,-0.00010000000000000005,-8.300000000000017e-05,-4.5000000000000335e-05,-5.699999999999976e-05,-6.000000000000016e-05,-8.99999999999998e-05
2016-11-21,-1.9999999999999836e-05,-4.99999999999997e-05,-2.0299999999999897e-05,-3.999999999999997e-05,-6.500000000000017e-05,-7.199999999999958e-05,-6.000000000000016e-05,-4.2999999999999636e-05,-6.999999999999975e-05,-8.99999999999998e-05
2016-11-22,0.0,2.0000000000000052e-05,-0.0001024,-0.000131,-0.0002149999999999998,-0.0002350000000000004,-0.00026199999999999965,-0.0002580000000000004,-0.000279999999999999,-0.00024400000000000116
2016-11-23,1.0000000000000026e-05,-3.000000000000008e-05,-3.0900000000000155e-05,1.1000000000000001e-05,1.0000000000000026e-05,1.0000000000000026e-05,8.200000000000004e-05,3.799999999999984e-05,-4.0000000000000105e-05,-5.999999999999062e-06
2016-11-24,-3.750000000000021e-05,-6.999999999999997e-05,-9.639999999999996e-05,-0.00016,-0.00014000000000000004,-0.00010249999999999973,-0.00011999999999999988,-9.999999999999593e-06,0.00014999999999999996,0.00012000000000000031
2016-11-25,2.750000000000018e-05,-1.0000000000000026e-05,2.0000000000000052e-05,3.500000000000001e-05,6.999999999999997e-05,2.1499999999999818e-05,3.000000000000008e-05,-2.0000000000000052e-05,-5.0000000000000565e-05,-7.400000000000115e-05
2016-11-28,-5.500000000000036e-05,-8.000000000000021e-05,-0.00015999999999999999,-0.00017500000000000003,-0.0002049999999999999,-0.000219,-0.00022250000000000004,-0.0002500000000000002,-0.00027999999999999987,-0.00023099999999999857
2016-11-29,-1.4999999999999389e-05,-0.00010999999999999964,-3.000000000000008e-05,-3.9999999999999996e-05,-0.0002050000000000001,-5.9999999999999724e-05,-7.750000000000031e-05,-3.0000000000000512e-05,-4.99999999999997e-05,-0.00011500000000000139
2016-11-30,4.99999999999997e-05,0.00014999999999999974,9.15e-05,0.00012000000000000002,0.0003799999999999999,0.00036999999999999967,0.0004100000000000002,0.0005000000000000004,0.0005799999999999989,0.0007300000000000006
2016-12-01,4.9999999999999914e-05,0.00014000000000000015,0.0002385000000000001,0.00047000000000000004,0.0005200000000000003,0.0006300000000000004,0.0007699999999999994,0.0007600000000000003,0.0008600000000000005,0.0008224999999999994
2016-12-02,-3.999999999999989e-05,-0.00013000000000000012,-0.00013310000000000004,-0.00042500000000000003,-0.0004400000000000002,-0.0005900000000000002,-0.0006799999999999992,-0.0007699999999999999,-0.00081,-0.0008624999999999987
2016-12-05,-1.0000000000000026e-05,3.000000000000008e-05,0.00010109999999999991,0.000255,0.0001600000000000001,0.00023999999999999976,0.0002649999999999996,0.00037999999999999926,0.00019999999999999966,0.0003799999999999984
2016-12-06,3.000000000000008e-05,0.00011149999999999984,9.230000000000002e-05,0.00024450000000000003,0.00043999999999999985,0.00046999999999999993,0.0004549999999999997,0.00045000000000000075,0.0006300000000000004,0.0005000000000000004
2016-12-07,9.99999999999981e-06,-6.399999999999982e-05,-2.0299999999999897e-05,-7.450000000000002e-05,-9.000000000000002e-05,-0.00011999999999999945,-0.0001399999999999995,-0.00017,-0.0001799999999999996,-0.00019999999999999966
2016-12-08,-8.999999999999959e-05,-0.0001175000000000002,-0.00014999999999999996,-0.0001195,-0.00010999999999999985,-5.000000000000013e-05,2.0000000000000052e-05,8.99999999999998e-05,0.00012000000000000031,0.00018000000000000047
2016-12-09,9.999999999999593e-06,-3.999999999999989e-05,-0.0001200000000000001,-0.0001305,-0.00015000000000000018,-0.00010999999999999985,-4.99999999999997e-05,-9.999999999999593e-06,4.99999999999997e-05,7.999999999999934e-05
2016-12-12,0.0,4.9999999999999914e-05,0.00017999999999999993,0.000225,0.00031999999999999997,0.0003399999999999996,0.0003599999999999992,0.00038999999999999885,0.00038999999999999885,0.0004000000000000002
2016-12-13,0.0,-2.0000000000000052e-05,-8.999999999999991e-05,-0.000145,-0.0002099999999999999,-0.0002499999999999998,-0.00029999999999999905,-0.0003699999999999988,-0.0004099999999999989,-0.00042000000000000023
2016-12-14,0.0,-4.9999999999999914e-05,-0.00011999999999999988,-0.0002,-0.00027000000000000006,-0.00033,-0.00038000000000000056,-0.0004000000000000002,-0.00041000000000000064,-0.0004400000000000003
2016-12-15,2.0000000000000052e-05,3.000000000000008e-05,7.259999999999981e-05,0.00017,0.00021000000000000012,0.0002899999999999999,0.00033,0.00036999999999999967,0.000380000000000001,0.00041000000000000064
2016-12-16,3.000000000000008e-05,4.9999999999999914e-05,2.9900000000000022e-05,-2.0000000000000005e-05,-3.000000000000008e-05,-8.99999999999998e-05,-0.0001299999999999999,-0.00015999999999999955,-0.00017000000000000088,-0.00019000000000000006
2016-12-19,0.0,2.0000000000000052e-05,-0.00010959999999999995,-0.000205,-0.00028,-0.0003650000000000003,-0.00039000000000000016,-0.00046000000000000034,-0.00049,-0.000550000000000001
2016-12-20,2.499999999999898e-06,-1.349999999999984e-05,7.279999999999993e-05,0.000125,0.0001600000000000001,0.0002049999999999999,0.00018000000000000004,0.00021000000000000012,0.00021000000000000012,0.00023000000000000017
2016-12-21,1.7500000000000154e-05,5.3499999999999945e-05,3.2500000000000085e-05,-3e-05,-7.000000000000018e-05,-0.00010999999999999942,-9.000000000000024e-05,-0.00013000000000000077,-0.00014999999999999996,-0.00015999999999999955
2016-12-22,1.7499999999999937e-05,7.999999999999999e-05,0.00012179999999999992,0.00015,0.00017,0.00016999999999999958,0.00018000000000000004,0.00021000000000000012,0.00023999999999999976,0.00023999999999999976
2016-12-23,2.499999999999898e-06,2.0000000000000052e-05,0.0,-7e-05,-0.00011999999999999988,-0.00013999999999999993,-0.0002000000000000001,-0.0001799999999999996,-0.0002199999999999997,-0.00023999999999999976
2016-12-26,,-2.0000000000000052e-05,-7.50000000000002e-06,,,,,,,
2016-12-27,-1.9999999999999836e-05,-5.000000000000013e-05,-0.00011450000000000002,-0.00019999999999999998,-0.00028,-0.0002599999999999998,-0.00017499999999999937,-0.00016499999999999935,-0.0001349999999999997,-0.00015999999999999955
2016-12-28,-5.000000000000013e-05,-1.0000000000000026e-05,-7.99999999999987e-06,7e-05,0.00014999999999999996,0.00010999999999999985,2.499999999999985e-05,-2.5000000000000716e-05,-5.500000000000036e-05,-4.0000000000000105e-05
2016-12-29,-2.0000000000000052e-05,-9.000000000000002e-05,-9.999999999999994e-05,-0.00013000000000000002,-0.00017,-0.00021999999999999993,-0.0002700000000000003,-0.0002999999999999999,-0.00032999999999999956,-0.00032999999999999956
2016-12-30,1.0000000000000026e-05,-5.000000000000013e-06,2.9999999999999862e-05,9.999999999999999e-06,-1.0000000000000026e-05,1.0000000000000026e-05,5.000000000000013e-05,6.999999999999975e-05,0.00010000000000000026,0.00012499999999999924
2017-01-02,-6.999999999999975e-05,-0.00019499999999999986,-0.0002149999999999999,-0.00017,-0.00010999999999999996,-9.000000000000002e-05,-7.000000000000018e-05,-4.99999999999997e-05,-3.0000000000000512e-05,5.000000000000664e-06
2017-01-03,5.000000000000013e-05,0.0001674999999999999,0.00021079999999999992,0.0002425,0.00019999999999999998,0.00022999999999999974,0.0002945000000000005,0.0002700000000000003,0.0002950000000000001,0.00029999999999999905
2017-01-04,-2.0000000000000052e-05,2.0000000000000486e-06,4.67e-05,6.250000000000001e-05,0.00011000000000000007,0.00011000000000000029,7.549999999999961e-05,0.00011999999999999945,0.00012499999999999924,0.0001299999999999999
2017-01-05,-5.000000000000013e-05,-2.800000000000003e-05,-4.570000000000008e-05,-5.000000000000013e-06,0.0,-3.000000000000008e-05,-8.99999999999998e-05,-0.0001299999999999999,-0.0001474999999999992,-0.0001999999999999988
2017-01-06,-1.0000000000000026e-05,6.849999999999998e-05,0.00020070000000000005,0.00021,0.00022999999999999984,0.0002899999999999999,0.00035000000000000005,0.0004000000000000002,0.0004074999999999999,0.000449999999999999
2017-01-09,-2.0000000000000052e-05,-6.999999999999997e-05,-0.00014309999999999995,-0.00011999999999999999,-9.999999999999983e-05,-0.00013999999999999993,-0.00018000000000000047,-0.00021000000000000012,-0.00023000000000000017,-0.00023999999999999976
2017-01-10,-5.000000000000013e-05,-4.0000000000000105e-05,-2.249999999999995e-05,-1.9999999999999998e-05,-2.0000000000000052e-05,-1.4999999999999823e-05,-1.0000000000000026e-05,0.0,9.999999999999593e-06,9.999999999999593e-06
2017-01-11,-6.999999999999975e-05,-0.00013999999999999993,-0.0001719,-0.00021,-0.00026999999999999995,-0.00030500000000000015,-0.00032999999999999956,-0.00036999999999999967,-0.00037999999999999926,-0.00038999999999999885
2017-01-12,9.999999999999593e-06,3.000000000000008e-05,2.4000000000000583e-06,-1.999999999999997e-05,-4.0000000000000105e-05,-3.999999999999989e-05,-3.000000000000008e-05,-2.0000000000000052e-05,-9.999999999999593e-06,4.999999999998929e-06
2017-01-13,0.0,5.000000000000013e-05,1.8299999999999957e-05,9.749999999999998e-05,9.000000000000002e-05,0.00011000000000000007,0.00012000000000000031,0.00015999999999999955,0.00017999999999999874,0.00019500000000000073
2017-01-16,-3.999999999999967e-05,-9.000000000000024e-05,-5.250000000000003e-05,-0.00010750000000000001,-6.499999999999995e-05,-4.49999999999999e-05,-1.0000000000000026e-05,1.5000000000000256e-05,3.0000000000000512e-05,3.999999999999924e-05
2017-01-17,1.0000000000000026e-05,4.0000000000000105e-05,3.190000000000007e-05,6.550000000000002e-05,4.500000000000001e-05,4.999999999999796e-06,-4.0000000000000105e-05,-8.5e-05,-0.00011000000000000072,-0.00011999999999999858
2017-01-18,1.0000000000000026e-05,5.000000000000013e-05,0.00013989999999999988,0.00017449999999999999,0.00026000000000000003,0.00030999999999999995,0.00031249999999999984,0.00032999999999999956,0.00033250000000000033,0.00033999999999999916
2017-01-19,2.499999999999985e-05,6.999999999999975e-05,0.00010250000000000005,0.000175,0.00021999999999999993,0.0002500000000000002,0.0003049999999999997,0.00033000000000000043,0.0003575000000000002,0.00038000000000000013
2017-01-20,3.4999999999999875e-05,0.00011000000000000007,0.0001958,0.00019500000000000002,0.00021999999999999993,0.00026000000000000025,0.0003024999999999998,0.0003100000000000004,0.00033000000000000043,0.0003400000000000009
2017-01-23,-3.000000000000008e-05,-0.0001200000000000001,-0.00021830000000000005,-0.00028000000000000003,-0.00034500000000000004,-0.0003950000000000004,-0.0004399999999999994,-0.0004400000000000003,-0.00047499999999999973,-0.0005150000000000007
2017-01-24,0.0,5.000000000000013e-05,0.00011999999999999999,0.00019,0.000245,0.00030500000000000015,0.00034,0.0003600000000000001,0.0003949999999999995,0.0004349999999999996
2017-01-25,4.0000000000000105e-05,0.00013000000000000012,0.00021450000000000006,0.00033,0.00042500000000000003,0.00046999999999999993,0.00049,0.0004899999999999991,0.0004999999999999996,0.0004999999999999996
2017-01-26,1.0000000000000026e-05,4.9999999999999914e-05,0.00010299999999999996,0.00011000000000000007,0.00014500000000000016,0.00013999999999999993,0.00014000000000000037,0.00014000000000000037,0.0001299999999999999,0.00012000000000000031
2017-01-27,3.000000000000008e-05,4.0000000000000105e-05,1.5100000000000042e-05,-1.0000000000000026e-05,-3.000000000000008e-05,-4.0000000000000105e-05,-7.000000000000062e-05,-8.99999999999998e-05,-0.00010999999999999985,-0.00012000000000000031
2017-01-30,-2.0000000000000052e-05,-7.000000000000018e-05,-4.010000000000005e-05,-5.000000000000002e-05,-4.25e-05,-2.9999999999999645e-05,-2.0000000000000052e-05,0.0,1.000000000000046e-05,-9.999999999999593e-06
2017-01-31,0.0,-4.9999999999999914e-05,-4.25e-05,-5.000000000000002e-05,-5.750000000000004e-05,-5.000000000000013e-05,-2.9999999999999645e-05,-4.0000000000000105e-05,-6.000000000000016e-05,-3.0000000000000512e-05
2017-02-01,1.0000000000000026e-05,0.00010300000000000001,9.000000000000002e-05,0.00011500000000000008,0.0001200000000000001,0.00014500000000000016,0.0001749999999999998,0.00019500000000000073,0.00023500000000000083,0.0002199999999999997
2017-02-02,-1.0000000000000026e-05,-5.3499999999999945e-05,-0.00012560000000000002,-0.00015250000000000007,-0.00023000000000000017,-0.0002650000000000005,-0.0002950000000000001,-0.00031500000000000104,-0.00034500000000000156,-0.0003499999999999979
2017-02-03,-1.0000000000000026e-05,-2.9500000000000012e-05,-6.540000000000007e-05,-7.250000000000003e-05,-5.9999999999999724e-05,-7.999999999999978e-05,-8.99999999999998e-05,-8.99999999999998e-05,-8.99999999999998e-05,-9.000000000000154e-05
2017-02-06,5.000000000000013e-05,0.0,-8.469999999999984e-05,-0.00017999999999999998,-0.00026000000000000025,-0.00027999999999999987,-0.00027999999999999987,-0.0002699999999999994,-0.0002699999999999994,-0.0002599999999999998
2017-02-07,4.0000000000000105e-05,9.000000000000002e-05,9.469999999999986e-05,7.999999999999999e-05,0.00010000000000000005,8.000000000000021e-05,5.4999999999999494e-05,3.0000000000000512e-05,2.7499999999999747e-05,1.4999999999999389e-05
2017-02-08,0.0,-9.700000000000008e-05,-0.00019110000000000004,-0.000255,-0.00035000000000000005,-0.00041250000000000054,-0.0004549999999999997,-0.0005075000000000001,-0.0005475000000000002,-0.0005649999999999995
2017-02-09,2.0000000000000052e-05,9.700000000000008e-05,0.00015710000000000008,0.00016500000000000003,0.00018000000000000026,0.00017250000000000034,0.00014999999999999996,0.00015749999999999965,0.00015000000000000083,0.00014000000000000037
2017-02-10,0.0,1.0000000000000026e-05,4.0400000000000006e-05,2.999999999999997e-05,3.999999999999967e-05,6.999999999999975e-05,0.00012000000000000031,0.00014999999999999996,0.00019000000000000006,0.0002199999999999997
2017-02-13,1.6999999999999654e-05,4.99999999999997e-05,5.160000000000006e-05,0.00011999999999999999,0.00015000000000000018,0.0001799999999999996,0.0001899999999999992,0.00021000000000000012,0.0002599999999999998,0.00022000000000000058
2017-02-14,-1.9499999999999552e-05,4.0000000000000105e-05,8.790000000000002e-05,0.00012000000000000004,0.00014999999999999996,0.00018000000000000047,0.00023000000000000017,0.000255,0.00024499999999999956,0.0003049999999999997
2017-02-15,1.2499999999999924e-05,-1.0000000000000026e-05,-1.620000000000007e-05,-5.5000000000000036e-05,-6.999999999999997e-05,-8.000000000000021e-05,-8.99999999999998e-05,-9.49999999999996e-05,-9.49999999999996e-05,-9.250000000000057e-05
2017-02-16,1.0000000000000026e-05,-4.0000000000000105e-05,-5.869999999999996e-05,-0.000105,-0.00015999999999999999,-0.00020999999999999968,-0.0002699999999999994,-0.0003100000000000004,-0.00034,-0.00034249999999999906
2017-02-17,-2.0000000000000052e-05,-9.999999999999983e-05,-0.0001824,-0.00017,-0.00014999999999999996,-0.00015999999999999999,-0.00017000000000000045,-0.00017,-0.00018000000000000047,-0.00021000000000000098
2017-02-20,2.0000000000000052e-05,2.5500000000000132e-05,3.240000000000003e-05,0.0,0.0,0.0,1.0000000000000026e-05,0.0,0.0,2.0000000000000052e-05
2017-02-21,-3.000000000000008e-05,-2.5500000000000132e-05,-1.7000000000000088e-05,-9.999999999999972e-06,1.0000000000000026e-05,4.99999999999997e-05,6.000000000000016e-05,8.99999999999998e-05,0.00011000000000000072,0.0001225000000000002
2017-02-22,2.0000000000000052e-05,3.000000000000008e-05,5.6999999999999976e-05,0.0,-5.000000000000013e-05,-8.99999999999998e-05,-0.00011000000000000029,-0.0001299999999999999,-0.00014999999999999996,-0.0001724999999999999
2017-02-23,-6.000000000000016e-05,-0.00011000000000000007,-0.00023859999999999994,-0.00022,-0.00023999999999999998,-0.0002850000000000001,-0.0002900000000000003,-0.0003100000000000004,-0.00032000000000000084,-0.00031999999999999997
2017-02-24,4.0000000000000105e-05,-6.000000000000016e-05,-7.199999999999991e-05,-9e-05,-0.00011999999999999999,-0.0001550000000000002,-0.00021999999999999928,-0.0002599999999999998,-0.0002900000000000003,-0.00032999999999999956
2017-02-27,-3.500000000000031e-05,1.0000000000000026e-05,2.3099999999999857e-05,1.4999999999999999e-05,2.0000000000000052e-05,3.000000000000008e-05,2.9999999999999645e-05,4.0000000000000105e-05,3.5000000000001176e-05,4.99999999999997e-05
2017-02-28,-2.499999999999985e-05,-4.9999999999999914e-05,-6.249999999999984e-05,-0.00013499999999999997,-0.00018000000000000004,-0.00018999999999999985,-0.00017,-0.00016000000000000042,-0.00014000000000000037,-0.0001250000000000001
2017-03-01,-1.0000000000000026e-05,3.999999999999989e-05,0.00010499999999999984,0.00018499999999999997,0.00023000000000000006,0.00027000000000000006,0.00030000000000000035,0.00034,0.0003549999999999994,0.0003849999999999999
2017-03-02,2.0000000000000052e-05,0.00013000000000000012,0.00023840000000000005,0.000325,0.00039000000000000016,0.0004199999999999998,0.00043999999999999985,0.0004000000000000002,0.00042000000000000023,0.00042000000000000023
2017-03-03,0.0001349999999999997,0.00027000000000000006,0.0003657,0.00042999999999999994,0.0004999999999999998,0.00051,0.00045999999999999947,0.0004800000000000004,0.00046000000000000034,0.00046000000000000034
2017-03-06,1.0000000000000026e-05,4.0000000000000105e-05,5.089999999999999e-05,1.2500000000000033e-05,-1.500000000000004e-05,-3.000000000000008e-05,-4.0000000000000105e-05,-6.999999999999975e-05,-8.5e-05,-0.00010500000000000093
2017-03-07,-3.000000000000008e-05,-0.00010000000000000026,-0.00014,-0.00013000000000000002,-0.0001575000000000001,-0.00016500000000000022,-0.0001299999999999999,-0.00012000000000000031,-0.00011499999999999965,-0.00010999999999999985
2017-03-08,5.00000000000023e-06,8.000000000000021e-05,0.00011289999999999998,0.00019750000000000008,0.0002525000000000001,0.0002750000000000005,0.00028000000000000073,0.000279999999999999,0.00028999999999999946,0.000295000000000001
2017-03-09,1.0000000000000026e-05,0.0002099999999999999,0.000388,0.0005600000000000001,0.0006399999999999999,0.0007000000000000001,0.0006899999999999996,0.000700000000000001,0.0006949999999999994,0.00068
2017-03-10,7.999999999999999e-05,0.00018000000000000004,0.00038909999999999997,0.00047999999999999996,0.0005800000000000002,0.0005700000000000002,0.0005699999999999993,0.0005199999999999996,0.0004950000000000006,0.000449999999999999
2017-03-13,-6.999999999999997e-05,-0.00010999999999999996,-0.0002345,-0.0002000000000000001,-0.00019000000000000006,-0.00016000000000000042,-0.0001499999999999991,-0.00012999999999999904,-0.0001399999999999995,-0.0001349999999999997
2017-03-14,-3.749999999999977e-05,-9.999999999999994e-05,-9.730000000000001e-05,-0.00023000000000000017,-0.00027999999999999987,-0.0002699999999999994,-0.0002500000000000002,-0.0002500000000000002,-0.0002700000000000003,-0.00026400000000000035
2017-03-15,7.499999999999694e-06,-4.0000000000000105e-05,-0.00012639999999999998,-0.0001699999999999998,-0.0002000000000000001,-0.00025000000000000066,-0.00027999999999999987,-0.0003100000000000004,-0.00031999999999999997,-0.0003510000000000006
2017-03-16,-9.999999999999593e-06,2.0000000000000052e-05,5.7e-05,0.00011000000000000007,0.00018000000000000004,0.00022000000000000014,0.00023750000000000073,0.00028249999999999977,0.0003099999999999995,0.00031000000000000125
2017-03-17,6.999999999999975e-05,9.249999999999992e-05,9.75e-05,2.249999999999995e-05,-7.000000000000018e-05,-9.250000000000057e-05,-0.00010750000000000082,-0.0001449999999999993,-0.00015999999999999955,-0.0001749999999999998
2017-03-20,1.4000000000000123e-05,5.750000000000004e-05,7.210000000000002e-05,9.749999999999993e-05,0.00010000000000000026,9.250000000000057e-05,8.99999999999998e-05,8.249999999999924e-05,4.99999999999997e-05,4.49999999999999e-05
2017-03-21,2.899999999999973e-05,7.999999999999999e-05,4.739999999999996e-05,0.00013000000000000012,0.00012999999999999947,0.0001299999999999999,0.00014000000000000037,9.000000000000067e-05,7.000000000000062e-05,4.99999999999997e-05
2017-03-22,-6.29999999999999e-05,-0.00011999999999999999,-0.0001158,-0.0002099999999999999,-0.0002599999999999998,-0.0002899999999999999,-0.0003500000000000005,-0.0003100000000000004,-0.0003400000000000009,-0.00033000000000000043
2017-03-23,1.4000000000000123e-05,6.000000000000005e-05,6.430000000000005e-05,8.99999999999998e-05,0.00011000000000000029,9.000000000000024e-05,0.00010000000000000026,8.99999999999998e-05,0.00011000000000000072,0.00011000000000000072
2017-03-24,-2.150000000000025e-05,-5.000000000000002e-05,-1.380000000000001e-05,-3.899999999999997e-05,-1.0000000000000026e-05,-2.0000000000000052e-05,-4.0000000000000105e-05,-6.999999999999975e-05,-7.000000000000062e-05,-9.000000000000154e-05
2017-03-27,-1.2499999999999924e-05,-7.000000000000008e-05,-0.00012660000000000001,-0.00014100000000000007,-0.0002000000000000001,-0.00021000000000000012,-0.00021000000000000012,-0.00021000000000000012,-0.0002599999999999998,-0.0002599999999999981
2017-03-28,-3.199999999999991e-05,-0.00010000000000000005,-0.0001763,-0.00011000000000000007,-0.00010000000000000026,-9.000000000000024e-05,-0.00010000000000000026,-6.000000000000016e-05,-4.0000000000000105e-05,-3.0000000000000512e-05
2017-03-29,-7.799999999999994e-05,-0.00014999999999999996,-0.00018759999999999998,-0.00034999999999999983,-0.00041399999999999987,-0.000392,-0.0003599999999999992,-0.0003499999999999996,-0.00029999999999999905,-0.00027999999999999987
2017-03-30,-3.249999999999998e-05,-9.000000000000002e-05,-0.00014980000000000006,-0.00013000000000000012,-0.00014599999999999986,-0.0001780000000000002,-0.00016000000000000042,-0.00014999999999999996,-0.00012000000000000031,-0.0001299999999999999
2017-03-31,-2.0000000000000052e-05,-1.0000000000000026e-05,5.979999999999999e-05,-1.9999999999999836e-05,-1.500000000000004e-05,-2.9999999999999645e-05,-9.999999999999593e-06,0.0,-1.000000000000046e-05,2.9999999999999645e-05
2017-04-03,-5.750000000000026e-05,-0.00014999999999999996,-0.00026329999999999995,-0.00023000000000000006,-0.000245,-0.00023999999999999976,-0.0002900000000000003,-0.00027999999999999987,-0.00023999999999999976,-0.0002500000000000002
2017-04-04,0.0,-1.0000000000000026e-05,-5.0699999999999986e-05,-5.9999999999999995e-05,-4.0000000000000105e-05,-1.0000000000000026e-05,-2.9999999999999645e-05,-4.0000000000000105e-05,-6.999999999999975e-05,-6.000000000000016e-05
2017-04-05,-1.9999999999998318e-06,-3.999999999999989e-05,2.3999999999999933e-05,-2.0000000000000052e-05,-3.999999999999989e-05,-4.0000000000000105e-05,2.0000000000000052e-05,2.0000000000000052e-05,3.999999999999924e-05,5.0000000000000565e-05
2017-04-06,1.899999999999992e-05,5.999999999999994e-05,7.000000000000008e-05,5.9999999999999995e-05,4.9999999999999914e-05,3.000000000000008e-05,2.0000000000000052e-05,2.0000000000000052e-05,0.0,0.0
2017-04-07,-1.7000000000000088e-05,-3.999999999999989e-05,-0.00010000000000000005,-8.999999999999991e-05,-6.999999999999997e-05,-9.000000000000024e-05,-0.00011000000000000029,-0.00012000000000000031,-5.999999999999929e-05,-7.000000000000062e-05
2017-04-10,0.0,-8.000000000000021e-05,-8.999999999999991e-05,-0.00016000000000000007,-0.00019000000000000006,-0.00019000000000000006,-0.00018000000000000004,-0.00017,-0.00022000000000000058,-0.00023000000000000017
2017-04-11,-2.499999999999898e-06,-1.0000000000000026e-05,-6.000000000000005e-05,-9.999999999999999e-06,5.000000000000013e-05,4.0000000000000105e-05,2.9999999999999645e-05,-2.0000000000000052e-05,2.0000000000000052e-05,4.0000000000000105e-05
2017-04-12,2.750000000000018e-05,8.000000000000021e-05,5.400000000000001e-05,5.000000000000002e-05,-1.0000000000000026e-05,-2.0000000000000052e-05,-4.99999999999997e-05,-1.000000000000046e-05,-8.99999999999998e-05,-0.00012499999999999924
2017-04-13,-3.000000000000008e-05,-5.000000000000013e-05,-7.400000000000006e-05,-0.00013000000000000002,-0.00018000000000000004,-0.0002000000000000001,-0.0001684999999999998,-0.00023999999999999976,-0.00023000000000000017,-0.00020500000000000032
2017-04-14,,,,4.999999999999998e-05,6.999999999999997e-05,,4.74999999999998e-05,,,
2017-04-17,,1.0000000000000026e-05,-2.3000000000000017e-06,-3.9999999999999996e-05,-6.999999999999997e-05,,-9.000000000000327e-06,,0.0,
2017-04-18,,-3.000000000000008e-05,-4.769999999999991e-05,-7.999999999999999e-05,-9.000000000000002e-05,,-0.00019999999999999966,,-0.0001799999999999996,
2017-04-19,0.0,1.0000000000000026e-05,7.999999999999988e-05,0.00013000000000000002,0.00017,0.00018999999999999963,0.00018999999999999963,0.00024999999999999935,0.00019999999999999966,0.00023999999999999976
2017-04-20,3.000000000000008e-05,0.00014000000000000015,0.0001600000000000001,0.00025,0.0002999999999999999,0.00034000000000000046,0.00037000000000000054,0.0003500000000000005,0.0004000000000000002,0.0003899999999999997
2017-04-21,4.0000000000000105e-05,2.0000000000000052e-05,0.00014999999999999996,0.00015999999999999999,0.00021999999999999993,0.0002499999999999998,0.0002699999999999994,0.0002900000000000003,0.0002900000000000003,0.00027999999999999987
2017-04-24,-3.000000000000008e-05,3.000000000000008e-05,0.00013739999999999998,0.00022000000000000003,0.0002000000000000001,0.00022000000000000014,0.00022000000000000058,0.00024000000000000063,0.0002349999999999991,0.0002700000000000003
2017-04-25,3.000000000000008e-05,0.00013999999999999972,0.00022260000000000002,0.00028,0.0003870000000000002,0.0004249999999999996,0.00046999999999999993,0.00047999999999999866,0.000498000000000001,0.0005000000000000004
2017-04-26,-2.0000000000000052e-05,-0.00011000000000000007,-6.67e-05,-0.00013000000000000002,-0.00011699999999999992,-0.0001250000000000001,-0.00013000000000000077,-0.0001799999999999996,-0.00010300000000000066,-0.00010500000000000093
2017-04-27,-8.99999999999998e-05,-0.0001299999999999999,-0.0003233,-0.00033,-0.0004000000000000002,-0.0003899999999999997,-0.0004499999999999999,-0.00037999999999999926,-0.0004099999999999998,-0.0004349999999999996
2017-04-28,1.0000000000000026e-05,0.00010000000000000026,0.00017049999999999997,0.00011999999999999999,9.000000000000002e-05,8.000000000000021e-05,0.00017000000000000088,0.0001499999999999991,0.00014000000000000037,0.00018000000000000134
2017-05-01,,-4.0000000000000105e-05,-7.15e-05,-2.9999999999999862e-05,-2.0000000000000052e-05,,-2.0000000000000052e-05,,,
2017-05-02,-9.999999999999983e-05,-6.999999999999997e-05,-5.170000000000001e-05,5.999999999999983e-05,0.0001200000000000001,0.00011999999999999988,0.00010999999999999985,8.99999999999998e-05,7.999999999999934e-05,4.99999999999997e-05
2017-05-03,-6.000000000000016e-05,-6.000000000000016e-05,2.7000000000000114e-06,-5.999999999999983e-05,-4.0000000000000105e-05,-6.999999999999975e-05,-7.500000000000041e-05,-8.000000000000021e-05,-7.999999999999934e-05,-8.99999999999998e-05
2017-05-04,0.00018000000000000004,0.0002899999999999999,0.00028,0.0003699999999999999,0.00030999999999999995,0.0003479999999999998,0.00041500000000000044,0.00042000000000000023,0.00043599999999999976,0.0005099999999999983
2017-05-05,2.9999999999999645e-05,-1.9999999999999836e-05,0.00011000000000000002,9.000000000000002e-05,0.00016500000000000022,0.00018199999999999987,0.00014999999999999996,0.00020000000000000052,0.00021399999999999978,0.0002199999999999997
2017-05-08,1.0000000000000026e-05,6.999999999999997e-05,2.4999999999999998e-05,-2.0000000000000052e-05,-3.500000000000031e-05,-4.99999999999997e-05,-5.3000000000000096e-05,-6.000000000000016e-05,-6.000000000000016e-05,-6.999999999999888e-05
2017-05-09,-1.0000000000000026e-05,-4.0000000000000105e-05,-7.500000000000002e-05,-5.499999999999993e-05,-4.49999999999999e-05,-4.0000000000000105e-05,-1.1999999999999858e-05,0.0,2.0000000000000052e-05,2.9999999999998778e-05
2017-05-10,-2.249999999999995e-05,-1.0000000000000026e-05,0.0,-3.500000000000009e-05,-2.5000000000000282e-05,-2.599999999999998e-05,-5.500000000000036e-05,-6.999999999999975e-05,-6.499999999999995e-05,-8.699999999999854e-05
2017-05-11,-1.749999999999972e-05,-4.9999999999999914e-05,-5.9999999999999995e-05,-3.000000000000008e-05,-8.99999999999998e-05,-9.299999999999977e-05,-8.099999999999948e-05,-8.000000000000021e-05,-9.500000000000047e-05,-0.00012300000000000158
2017-05-12,-5.000000000000013e-05,-0.00010999999999999985,-0.00018999999999999998,-0.00019999999999999987,-0.00017,-0.00022100000000000028,-0.00025900000000000055,-0.0002700000000000003,-0.00031999999999999997,-0.0003099999999999978
2017-05-15,0.0,0.0,-3.099999999999967e-06,1.500000000000004e-05,2.0000000000000052e-05,0.00010000000000000026,0.0001399999999999995,0.00017,0.00021000000000000012,0.0002399999999999989
2017-05-16,2.4499999999999782e-05,8.99999999999998e-05,7.689999999999992e-05,0.00013500000000000003,0.00015999999999999999,0.0001399999999999995,0.00011000000000000072,0.0001299999999999999,0.00014000000000000037,0.0001499999999999991
2017-05-17,-3.449999999999981e-05,-0.00017999999999999982,-0.0002386,-0.00035000000000000005,-0.0004649999999999999,-0.0004869999999999996,-0.00042900000000000056,-0.00047999999999999866,-0.00049,-0.0004999999999999987
2017-05-18,2.0000000000000052e-05,1.0000000000000026e-05,9.480000000000003e-05,1.0000000000000026e-05,-5.000000000000013e-06,-4.30000000000005e-05,-7.999999999999934e-05,-9.000000000000067e-05,-0.00010999999999999985,-8.99999999999998e-05
2017-05-19,4.0000000000000105e-05,0.0001299999999999997,0.00010000000000000005,0.00014999999999999996,0.00019000000000000006,0.00021000000000000055,0.0001990000000000004,0.00019999999999999966,0.0002299999999999993,0.00021000000000000012
2017-05-22,1.999999999999962e-05,7.000000000000018e-05,0.00011269999999999997,0.00015999999999999999,0.00019000000000000006,0.00020999999999999968,0.00020999999999999925,0.00023999999999999976,0.00022500000000000037,0.0002199999999999997
2017-05-23,0.0,1.7499999999999937e-05,-1.2000000000000292e-06,7.000000000000008e-05,4.0000000000000105e-05,0.0001020000000000001,6.999999999999975e-05,7.500000000000041e-05,0.00010000000000000026,0.0001250000000000001
2017-05-24,-2.9999999999999645e-05,-7.75000000000001e-05,-3.150000000000001e-05,-6.650000000000004e-05,-2.0000000000000052e-05,-5.2000000000000397e-05,7.500000000000562e-06,1.4999999999999389e-05,2.0000000000000052e-05,2.7499999999999747e-05
2017-05-25,-2.0000000000000052e-05,-6.599999999999987e-05,-0.00010699999999999994,-0.0001535,-0.00016500000000000022,-0.00020999999999999968,-0.00021250000000000002,-0.00021249999999999915,-0.00021750000000000068,-0.00022750000000000027
2017-05-26,-4.99999999999997e-05,-0.00010599999999999997,-0.000129,-0.00019000000000000006,-0.00019999999999999987,-0.00023000000000000017,-0.0002199999999999997,-0.00023749999999999986,-0.00024749999999999946,-0.000255
2017-05-29,-3.000000000000008e-05,-4.300000000000007e-05,-0.00014830000000000008,-0.00010999999999999996,-0.0001249999999999999,-5.499999999999993e-05,-0.0001250000000000001,-0.00014500000000000016,-0.00015250000000000073,-0.00014999999999999996
2017-05-30,9.99999999999699e-07,-2.7000000000000114e-05,-4.5699999999999864e-05,-5.599999999999995e-05,-6.20000000000002e-05,-0.00010799999999999959,-7.000000000000062e-05,-5.7000000000000627e-05,-5.2499999999999596e-05,-4.6000000000000034e-05
2017-05-31,9.000000000000327e-06,1.2000000000000075e-05,-3.910000000000014e-05,4.499999999999947e-06,-5.499999999999863e-06,1.0499999999999659e-05,3.800000000000071e-05,6.899999999999962e-05,8.99999999999998e-05,9.55000000000001e-05
2017-06-01,-7.500000000000128e-06,2.9999999999999645e-06,5.960000000000004e-05,5.650000000000002e-05,9.24999999999997e-05,8.200000000000004e-05,7.699999999999981e-05,7.800000000000081e-05,8.000000000000021e-05,9.05000000000003e-05
2017-06-02,2.0000000000000052e-05,-1.299999999999999e-05,-5.000000000000664e-07,-8.999999999999997e-05,-0.00012499999999999968,-0.00012450000000000004,-0.00012000000000000031,-0.00012750000000000088,-0.0001344999999999992,-0.00012500000000000098
2017-06-05,7.500000000000128e-06,3.500000000000009e-05,2.5000000000000066e-05,3.9499999999999984e-05,3.4500000000000025e-05,4.700000000000017e-05,3.5999999999999574e-05,3.250000000000128e-05,3.899999999999997e-05,4.6000000000000034e-05
2017-06-06,9.999999999999593e-06,-6.4999999999997785e-06,-0.00010020000000000005,-9.449999999999997e-05,-0.0001250000000000001,-0.00013350000000000037,-0.00015099999999999923,-0.00016000000000000042,-0.00015949999999999992,-0.00018099999999999887
2017-06-07,-4.99999999999997e-05,-9.350000000000027e-05,-3.0499999999999928e-05,-3.650000000000002e-05,-2.400000000000015e-05,-6.749999999999985e-05,-6.600000000000009e-05,-6.999999999999975e-05,-6.000000000000016e-05,-6.000000000000016e-05
2017-06-08,-3.100000000000021e-05,-4.6000000000000034e-05,-8.120000000000002e-05,-4.6000000000000034e-05,-2.5499999999999915e-05,-1.0999999999999725e-05,-1.4000000000000123e-05,-2.0000000000000052e-05,-3.0000000000000512e-05,-3.0000000000000512e-05
2017-06-09,-4.300000000000007e-05,-8.399999999999987e-05,-2.3099999999999965e-05,-8.7e-05,-5.000000000000013e-05,-4.0000000000000105e-05,-4.0000000000000105e-05,-1.000000000000046e-05,-1.2999999999999123e-05,0.0
2017-06-12,-4.6000000000000034e-05,-3.999999999999989e-05,-0.00011500000000000008,-8.049999999999999e-05,-0.000129,-0.00011500000000000008,-0.00011999999999999988,-0.0001250000000000001,-0.00012100000000000045,-0.00014000000000000037
2017-06-13,-1.4000000000000123e-05,2.6999999999999897e-05,4.340000000000008e-05,0.0001,0.00013900000000000002,0.00014500000000000016,0.00015999999999999999,0.00017,0.00016400000000000008,0.00020500000000000032
2017-06-14,-2.599999999999998e-05,-0.00012199999999999993,-6.820000000000003e-05,-0.00024,-0.00030999999999999973,-0.00034000000000000046,-0.00035249999999999995,-0.00037749999999999936,-0.00037250000000000043,-0.000405
2017-06-15,3.000000000000008e-05,0.0001249999999999999,0.00014780000000000001,0.0002675,0.00035649999999999983,0.00037100000000000024,0.0003725,0.00037249999999999957,0.00037250000000000043,0.00038000000000000013
2017-06-16,0.0,-1.0000000000000026e-05,-9.469999999999986e-05,-5.649999999999999e-05,-8.849999999999982e-05,-9.500000000000003e-05,-8.250000000000011e-05,-7.500000000000041e-05,-6.400000000000069e-05,-6.500000000000082e-05
2017-06-19,0.0,8.500000000000044e-06,8.669999999999988e-05,1.9500000000000013e-05,6.199999999999977e-05,5.400000000000023e-05,6.849999999999998e-05,6.500000000000082e-05,4.9500000000000065e-05,4.500000000000077e-05
2017-06-20,-3.4999999999999875e-05,-9.350000000000005e-05,-0.0001321,-0.00013800000000000002,-0.0001749999999999998,-0.00016500000000000022,-0.000196,-0.00020600000000000045,-0.0002034999999999997,-0.0002199999999999997
2017-06-21,2.499999999999985e-05,7.000000000000018e-05,9.210000000000002e-05,0.00011750000000000001,0.00011500000000000008,8.900000000000054e-05,4.74999999999998e-05,3.5000000000008982e-06,-3.449999999999981e-05,-5.4999999999999494e-05
2017-06-22,-1.4999999999999823e-05,-1.500000000000004e-05,-3.000000000000008e-05,-8.000000000000002e-05,-0.0001200000000000001,-0.0001345000000000005,-0.0001374999999999996,-0.00014750000000000093,-0.00014950000000000033,-0.00015500000000000062
2017-06-23,4.999999999999796e-06,2.9999999999999862e-05,0.00014590000000000013,9.999999999999999e-05,0.00010099999999999996,0.00010150000000000003,8.99999999999998e-05,0.00010000000000000026,0.00010199999999999966,8.5e-05
2017-06-26,1.5999999999999955e-05,4.500000000000012e-05,-1.5900000000000115e-05,4.199999999999999e-05,2.9500000000000012e-05,9.000000000000327e-06,1.9999999999998318e-06,2.499999999999898e-06,-8.99999999999946e-06,-1.5000000000000256e-05
2017-06-27,9.600000000000017e-05,0.00034,0.00045250000000000005,0.00072,0.0008395000000000002,0.0009149999999999996,0.0009279999999999996,0.0009525000000000002,0.0009564999999999999,0.000975000000000001
2017-06-28,-2.3000000000000017e-05,-0.00010500000000000006,4.0400000000000006e-05,-0.00013699999999999997,-0.00011700000000000035,-0.00010299999999999979,-6.699999999999935e-05,-6.400000000000069e-05,-8.549999999999964e-05,-3.0000000000000512e-05
2017-06-29,7.100000000000032e-05,0.0001749999999999998,0.00020649999999999998,0.0003849999999999998,0.00046200000000000017,0.000523,0.0005869999999999998,0.0006000000000000007,0.0006599999999999991,0.0006299999999999986
2017-06-30,3.4999999999999875e-05,0.00013500000000000014,0.0001586,0.0001715,0.00017,0.0001749999999999998,0.00015499999999999976,0.00020899999999999998,0.00020300000000000006,0.00021000000000000012
2017-07-03,-1.4999999999999823e-05,-1.500000000000004e-05,1.0000000000000006e-06,-3.1499999999999844e-05,-3.4999999999999875e-05,7.500000000000562e-06,0.0001045000000000013,8.5e-05,0.00015199999999999936,0.00011000000000000072
2017-07-04,-5.000000000000013e-05,-8.5e-05,-9.900000000000001e-05,-2.9500000000000012e-05,2.0000000000000052e-05,4.149999999999987e-05,3.5499999999999074e-05,6.999999999999975e-05,3.8000000000001574e-05,9.65000000000011e-05
2017-07-05,0.0,5.000000000000013e-06,-1.7000000000000007e-06,3.499999999999814e-06,-5.00000000000023e-06,1.6499999999999154e-05,9.999999999999593e-06,-2.449999999999935e-05,-2.2000000000001185e-05,-1.1500000000001093e-05
2017-07-06,4.0000000000000105e-05,0.0001600000000000002,0.0003167,0.000446,0.0005549999999999999,0.0005945000000000004,0.0006250000000000006,0.0006594999999999995,0.0006870000000000001,0.0006750000000000003
2017-07-07,5.499999999999863e-06,-5.000000000000013e-06,-6.99999999999998e-06,-1.0000000000000026e-05,5.00000000000023e-06,3.500000000000031e-05,4.500000000000077e-05,8.99999999999998e-05,8.5e-05,0.00010000000000000113
2017-07-10,-7.500000000000128e-06,-2.0000000000000052e-05,-9.400000000000001e-05,-0.00012499999999999968,-0.00013000000000000034,-0.00019499999999999986,-0.00022500000000000124,-0.0002649999999999996,-0.0002950000000000001,-0.00032000000000000084
2017-07-11,1.0000000000000026e-05,3.000000000000008e-05,2.4599999999999975e-05,3.999999999999989e-05,-1.4999999999999823e-05,2.9999999999999645e-05,1.000000000000046e-05,1.4999999999999389e-05,0.0,-9.999999999999593e-06
2017-07-12,-2.8500000000000313e-05,-7.400000000000028e-05,-6.509999999999997e-05,-0.00011549999999999993,-0.00010749999999999996,-0.00016350000000000045,-0.00018000000000000047,-0.0002199999999999997,-0.00024000000000000063,-0.00023500000000000083
2017-07-13,-1.9499999999999552e-05,9.00000000000011e-06,-8.66e-05,5.049999999999998e-05,4.74999999999998e-05,5.3500000000000596e-05,4.99999999999997e-05,6.499999999999995e-05,8.500000000000174e-05,8.5e-05
2017-07-14,-5.000000000000664e-07,1.6000000000000172e-05,0.00017309999999999998,7.499999999999998e-05,0.00010500000000000006,0.00010000000000000026,0.00010000000000000026,8.5e-05,6.499999999999909e-05,4.49999999999999e-05
2017-07-17,-3.199999999999991e-05,-6.600000000000009e-05,-0.00015949999999999997,-9.500000000000003e-05,-0.0001004999999999999,-0.00010999999999999985,-9.6999999999999e-05,-9.24999999999997e-05,-8.5e-05,-7.500000000000041e-05
2017-07-18,-2.750000000000018e-05,-6.500000000000017e-05,-7.46e-05,-0.00010000000000000005,-0.00011749999999999998,-0.00011500000000000052,-0.0001280000000000005,-0.00014750000000000093,-0.0001499999999999991,-0.0001449999999999993
2017-07-19,-2.0000000000000052e-05,-9.499999999999982e-05,-8.389999999999999e-05,-0.00016600000000000013,-0.00019300000000000003,-0.00020500000000000032,-0.00019499999999999986,-0.0001899999999999992,-0.00019000000000000093,-0.00019500000000000073
2017-07-20,-2.499999999999985e-05,-4.500000000000012e-05,-2.200000000000002e-05,-3.8999999999999755e-05,-3.300000000000004e-05,-1.5000000000000256e-05,-4.0000000000000105e-05,0.0,-1.4999999999999389e-05,3.500000000000031e-05
2017-07-21,-1.5000000000000256e-05,-7.999999999999999e-05,-0.00018,-0.00021199999999999995,-0.0002500000000000002,-0.0002299999999999993,-0.00020500000000000032,-0.00021000000000000012,-0.00015500000000000062,-0.00017
2017-07-24,5.00000000000023e-06,-1.500000000000004e-05,-3.999999999999994e-05,-1.1000000000000159e-05,1.5999999999999955e-05,1.5000000000000256e-05,9.999999999999593e-06,2.0000000000000052e-05,1.5000000000001124e-05,2.650000000000048e-05
2017-07-25,1.4999999999999823e-05,6.000000000000016e-05,9.12e-05,0.00020800000000000007,0.0002580000000000004,0.0003199999999999991,0.00037500000000000033,0.0003999999999999993,0.0004199999999999985,0.00043849999999999965
2017-07-26,-1.0500000000000093e-05,-2.5000000000000066e-05,-3.57e-05,-2.5000000000000066e-05,-1.4999999999999823e-05,-2.9999999999999645e-05,-4.74999999999998e-05,-2.9999999999999645e-05,-4.2499999999999136e-05,-4.2499999999999136e-05
2017-07-27,2.050000000000012e-05,-1.500000000000004e-05,1.4499999999999973e-05,-7.749999999999988e-05,-0.00010000000000000026,-0.00012000000000000031,-9.24999999999997e-05,-0.00011499999999999965,-0.00011749999999999955,-0.00011750000000000128
2017-07-28,5.00000000000023e-06,3.500000000000009e-05,5.000000000000002e-05,5.6999999999999976e-05,5.000000000000013e-05,0.00010000000000000026,0.0001799999999999996,0.00014000000000000037,0.0001899999999999992,0.00017
2017-07-31,1.4499999999999756e-05,1.500000000000004e-05,4.199999999999999e-05,5.049999999999998e-05,9.000000000000024e-05,7.300000000000015e-05,4.000000000000531e-06,5.699999999999976e-05,3.500000000000031e-05,3.8000000000001574e-05
2017-08-01,-2.9500000000000012e-05,-9.000000000000024e-05,-0.00020200000000000003,-0.00027500000000000007,-0.0003500000000000005,-0.0004000000000000002,-0.00042000000000000023,-0.0004720000000000002,-0.0004949999999999989,-0.0005100000000000018
2017-08-02,-2.4999999999994645e-06,-1.0000000000000026e-05,4.199999999999999e-05,-2.4999999999999957e-05,-4.9e-05,-6.000000000000016e-05,-6.350000000000019e-05,-5.799999999999989e-05,-5.500000000000123e-05,-5.7999999999999025e-05
2017-08-03,7.499999999999694e-06,0.0,-0.00010879999999999999,-3.9999999999999996e-05,-7.099999999999988e-05,-9.99999999999994e-05,-0.00014550000000000066,-0.00016199999999999982,-0.00019499999999999986,-0.00021200000000000038
2017-08-04,1.4999999999999823e-05,4.0000000000000105e-05,7.680000000000002e-05,4.449999999999994e-05,4.49999999999999e-05,7.699999999999981e-05,8.000000000000021e-05,8.499999999999914e-05,0.00012499999999999924,0.00011199999999999925
2017-08-07,9.49999999999996e-06,0.0,-1.600000000000001e-05,-3.8500000000000014e-05,-3.4999999999999875e-05,-7.000000000000018e-05,-7.499999999999955e-05,-8.000000000000021e-05,-0.00011499999999999878,-8.999999999999807e-05
2017-08-08,1.0500000000000093e-05,4.300000000000007e-05,-5.5999999999999735e-06,6.800000000000013e-05,3.999999999999967e-05,7.000000000000018e-05,5.0000000000000565e-05,5.500000000000123e-05,0.00010999999999999985,0.00011249999999999975
2017-08-09,-3.000000000000008e-05,-9.299999999999998e-05,-3.950000000000004e-05,-0.00022750000000000016,-0.00021699999999999975,-0.00028600000000000023,-0.0002790000000000006,-0.0002900000000000003,-0.0003605000000000006,-0.0003780000000000016
2017-08-10,-3.000000000000008e-05,-5.5499999999999994e-05,-0.00021869999999999995,-7.249999999999986e-05,-0.00011099999999999999,-0.00012899999999999934,-0.00011099999999999999,-0.00015499999999999976,-0.00015449999999999926,-0.0001444999999999988
2017-08-11,-3.049999999999971e-05,-7.949999999999993e-05,-1.4200000000000128e-05,-0.00013900000000000002,-0.00014749999999999984,-0.00014500000000000016,-0.00020499999999999945,-0.00017,-0.00018500000000000114,-0.00019500000000000073
2017-08-14,-4.500000000000164e-06,5.000000000000013e-06,5.9000000000000025e-05,9.249999999999992e-05,0.00012549999999999996,0.00014999999999999996,0.0001849999999999994,0.00019499999999999986,0.00022000000000000058,0.0002199999999999997
2017-08-15,1.0999999999999725e-05,6.499999999999974e-05,9.950000000000009e-05,0.00013000000000000002,0.00014999999999999996,0.00013699999999999997,0.0001540000000000005,0.00016299999999999908,0.00016700000000000048,0.00017299999999999954
2017-08-16,1.4000000000000123e-05,2.0000000000000052e-05,-0.00010520000000000006,3.2500000000000085e-05,3.000000000000008e-05,6.799999999999948e-05,6.599999999999922e-05,7.700000000000068e-05,6.800000000000035e-05,9.70000000000016e-05
2017-08-17,-1.0000000000000026e-05,-3.4999999999999875e-05,-1.5499999999999997e-05,-0.000125,-0.00015700000000000002,-0.00020499999999999945,-0.00021000000000000012,-0.00023499999999999997,-0.00019500000000000073,-0.000255
2017-08-18,0.0,9.99999999999981e-06,3.620000000000001e-05,5.000000000000013e-06,3.399999999999974e-05,4.399999999999977e-05,1.000000000000046e-05,1.000000000000046e-05,-3.499999999999944e-05,0.0
2017-08-21,-2.0000000000000052e-05,-5.9999999999999724e-05,-7.999999999999988e-05,-0.00014550000000000012,-0.00016699999999999983,-0.00017399999999999968,-0.00016799999999999975,-0.00015200000000000023,-0.00014999999999999996,-0.0001510000000000001
2017-08-22,-1.4000000000000123e-05,-2.0000000000000052e-05,-2.0000000000000052e-05,1.0500000000000093e-05,-9.00000000000011e-06,1.4999999999999823e-05,2.9999999999999645e-05,-3.000000000000398e-06,2.499999999999898e-05,1.9999999999999185e-05
2017-08-23,6.000000000000796e-06,5.000000000000013e-06,-4.500000000000001e-05,-9.450000000000007e-05,-0.00013949999999999987,-0.0001795000000000004,-0.0001805000000000001,-0.00015499999999999976,-0.00019149999999999983,-0.000168999999999999
2017-08-24,-2.000000000000699e-06,-5.000000000000013e-06,2.999999999999997e-05,2.45e-05,5.3499999999999945e-05,5.950000000000009e-05,7.050000000000025e-05,7.900000000000008e-05,0.00010450000000000043,0.00010899999999999972
2017-08-25,1.0000000000000026e-05,1.0000000000000026e-05,8.750000000000001e-05,2.0000000000000486e-06,-2.5000000000000066e-05,-1.1999999999999424e-05,-1.1999999999999858e-05,-1.899999999999992e-05,-1.3000000000000858e-05,-1.899999999999992e-05
2017-08-28,-1.4999999999999823e-05,-3.000000000000008e-05,-4.5999999999999925e-05,-5.000000000000002e-05,-6.000000000000016e-05,-4.30000000000005e-05,-7.500000000000562e-06,7.500000000000562e-06,-9.999999999999593e-06,2.249999999999995e-05
2017-08-29,-9.000000000000327e-06,-5.999999999999994e-05,-0.00015650000000000006,-0.000152,-0.0002099999999999999,-0.000258,-0.0002984999999999993,-0.0003215000000000006,-0.00028999999999999946,-0.0003175000000000001
2017-08-30,4.000000000000097e-06,1.0000000000000026e-05,0.0,3.399999999999996e-05,7.300000000000015e-05,7.799999999999994e-05,6.600000000000009e-05,7.900000000000008e-05,6.399999999999982e-05,4.99999999999997e-05
2017-08-31,-9.999999999999593e-06,-2.5000000000000066e-05,-4.819999999999998e-05,-2.3999999999999987e-05,7.000000000000062e-06,-1.0000000000000026e-05,2.0000000000002655e-06,2.0000000000002655e-06,-2.0000000000000052e-05,0.0
2017-09-01,-1.0000000000000026e-05,5.000000000000013e-06,2.8200000000000035e-05,2.0000000000000052e-05,1.0000000000000026e-05,4.0000000000000105e-05,5.7999999999999025e-05,7.799999999999908e-05,0.00012850000000000014,0.00012250000000000108
2017-09-04,0.0,-3.000000000000008e-05,-5.000000000000002e-05,-0.00010000000000000005,-0.00011000000000000007,-8.5e-05,-0.00010999999999999985,-0.00010500000000000006,-9.750000000000036e-05,-9.750000000000036e-05
2017-09-05,-4.0000000000000105e-05,-0.00014499999999999995,-0.00025600000000000004,-0.00022999999999999998,-0.00019500000000000008,-0.00035000000000000005,-0.0003499999999999996,-0.0003600000000000001,-0.00038000000000000013,-0.00037400000000000107
2017-09-06,3.000000000000008e-05,0.0001249999999999999,0.00029600000000000004,0.00026000000000000003,0.00016600000000000013,0.0002660000000000002,0.00028749999999999956,0.00027950000000000023,0.00031500000000000104,0.00027450000000000044
2017-09-07,-3.500000000000031e-05,-0.00010000000000000005,-0.00026210000000000014,-0.00016900000000000002,-0.00012100000000000001,-0.00011099999999999999,-0.00012749999999999914,-0.0001244999999999996,-0.00016000000000000042,-0.0001355000000000002
2017-09-08,5.00000000000023e-06,5.499999999999993e-05,9.210000000000012e-05,5.250000000000003e-05,6.999999999999975e-05,7.000000000000018e-05,0.00010999999999999899,6.850000000000085e-05,0.00010499999999999919,8.5e-05
2017-09-11,4.999999999999796e-06,-1.4999999999999823e-05,6.370000000000008e-05,8.649999999999996e-05,0.0001020000000000001,9.49999999999996e-05,8.000000000000021e-05,0.000126499999999999,8.200000000000048e-05,0.0001399999999999995
2017-09-12,2.5000000000000282e-05,9.500000000000003e-05,0.00015629999999999984,0.0002615,0.00033,0.0004100000000000002,0.0004330000000000002,0.00046699999999999953,0.0004929999999999995,0.0005000000000000004
2017-09-13,1.0000000000000026e-05,1.500000000000004e-05,-3.209999999999997e-05,-1.650000000000002e-05,-2.099999999999975e-05,-2.0000000000000052e-05,-3.300000000000004e-05,-3.799999999999897e-05,-2.8999999999999512e-05,-4.49999999999999e-05
2017-09-14,1.0000000000000026e-05,5.899999999999981e-05,0.00017599999999999994,0.0001270000000000001,0.00016949999999999995,0.00016500000000000022,0.00017,0.00016599999999999948,0.0001590000000000003,0.0001749999999999998
2017-09-15,2.8000000000000247e-05,7.100000000000032e-05,0.0001307000000000001,0.00019799999999999993,0.0001895,0.00019999999999999966,0.00021000000000000012,0.0001904999999999997,0.0001799999999999996,0.00017
2017-09-18,5.999999999999495e-06,2.499999999999985e-05,4.540000000000002e-05,8.999999999999991e-05,0.00013500000000000014,0.00013500000000000014,0.00016499999999999935,0.00019450000000000023,0.00019000000000000006,0.00017799999999999934
2017-09-19,1.0000000000001327e-06,-1.4999999999999823e-05,-4.0000000000000105e-05,-5.499999999999993e-05,-9.45000000000004e-05,-5.499999999999993e-05,-6.999999999999975e-05,-9.399999999999947e-05,-6.999999999999975e-05,-6.999999999999888e-05
2017-09-20,1.0000000000000026e-05,-1.0000000000000026e-05,-8.259999999999995e-05,-3.499999999999998e-05,-3.049999999999971e-05,-6.950000000000012e-05,-8.99999999999998e-05,-9.449999999999997e-05,-0.00010999999999999985,-0.00011800000000000005
2017-09-21,-5.00000000000023e-06,3.8999999999999755e-05,0.00013969999999999998,0.00015099999999999998,0.0001799999999999996,0.00021950000000000008,0.00020500000000000032,0.00019849999999999902,0.0001849999999999994,0.00015500000000000062
2017-09-22,2.0000000000000052e-05,2.099999999999997e-05,0.00012130000000000002,2.9000000000000054e-05,1.0000000000000026e-05,-3.000000000000008e-05,-4.0000000000000105e-05,-4.99999999999997e-05,-6.499999999999995e-05,-3.500000000000204e-05
2017-09-25,-3.000000000000008e-05,-9.499999999999982e-05,-0.00025840000000000005,-0.00026000000000000014,-0.0002999999999999999,-0.00032949999999999993,-0.00034,-0.00033500000000000023,-0.00032499999999999977,-0.0003544999999999989
2017-09-26,0.0,4.500000000000012e-05,4.0000000000000105e-05,4.050000000000017e-05,6.950000000000012e-05,4.99999999999997e-05,5.949999999999966e-05,5.500000000000123e-05,3.799999999999984e-05,8.400000000000074e-05
2017-09-27,1.1999999999999858e-05,6.999999999999975e-05,0.00014639999999999998,0.0002394999999999999,0.0002984999999999997,0.0003765000000000001,0.0004110000000000008,0.00044049999999999905,0.00044950000000000025,0.00047550000000000023
2017-09-28,-1.9999999999998318e-06,1.0000000000000026e-05,4.8999999999999565e-06,2.9999999999999862e-05,2.2000000000000318e-05,3.300000000000048e-05,4.99999999999997e-05,6.450000000000032e-05,9.750000000000036e-05,6.999999999999888e-05
2017-09-29,5.00000000000023e-06,5.000000000000013e-06,1.380000000000001e-05,-1.4999999999999823e-06,2.499999999999898e-06,-9.49999999999996e-06,-2.0000000000000052e-05,-4.0000000000000105e-05,-9.999999999999593e-06,-2.9999999999998778e-05
2017-10-02,4.999999999999796e-06,-2.6999999999999897e-05,-5.099999999999961e-06,-3.899999999999997e-05,-5.250000000000003e-05,-4.050000000000017e-05,-2.0499999999999685e-05,-2.9999999999999645e-05,-4.60000000000009e-05,-4.5000000000001636e-05
2017-10-03,-1.0000000000000026e-05,-1.3000000000000208e-05,-2.0000000000000052e-05,2.0000000000000486e-06,3.500000000000031e-06,3.399999999999974e-05,3.449999999999894e-05,7.249999999999965e-05,7.099999999999988e-05,9.550000000000183e-05
2017-10-04,0.0,0.0,0.0,-4.649999999999999e-05,-3.300000000000004e-05,-4.9e-05,-5.949999999999966e-05,-6.750000000000072e-05,-5.999999999999929e-05,-6.550000000000132e-05
2017-10-05,1.0000000000000026e-05,9.00000000000011e-06,1.4300000000000022e-05,2.7000000000000006e-05,-2.099999999999975e-05,-5.099999999999983e-05,-6.000000000000016e-05,-9.19999999999992e-05,-0.00012000000000000118,-0.0001299999999999999
2017-10-06,1.0000000000000026e-05,3.600000000000001e-05,9.569999999999994e-05,9.299999999999998e-05,0.00011099999999999999,0.00010800000000000002,0.0001299999999999999,0.00014700000000000043,0.00010999999999999985,0.00015500000000000062
2017-10-09,-3.4999999999999875e-05,-8.600000000000014e-05,-0.00010999999999999996,-0.00012100000000000001,-0.00010099999999999996,-0.00013200000000000017,-0.00016499999999999935,-0.00018000000000000047,-0.00017849999999999984,-0.00023450000000000033
2017-10-10,4.999999999999796e-06,6.000000000000363e-06,-8.239999999999994e-05,1.0000000000000243e-06,-2.9500000000000446e-05,-9.49999999999996e-06,4.999999999999796e-06,4.999999999999796e-06,1.400000000000099e-05,1.4500000000000624e-05
2017-10-11,1.5000000000000256e-05,4.99999999999997e-05,0.00014239999999999994,0.00013000000000000002,0.00017500000000000024,0.00019950000000000002,0.00017500000000000068,0.00018500000000000027,0.00020449999999999895,0.00021499999999999818
2017-10-12,-1.9000000000000353e-05,-3.999999999999989e-05,-0.00010509999999999995,-0.00013000000000000002,-0.00017,-0.00019499999999999986,-0.00017350000000000004,-0.00019750000000000063,-0.00017849999999999984,-0.0001894999999999987
2017-10-13,-2.5999999999999548e-05,-0.00010000000000000005,-0.0001499,-0.00018999999999999996,-0.0002149999999999999,-0.00023250000000000007,-0.00026150000000000045,-0.00024249999999999966,-0.00027149999999999917,-0.000250499999999999
2017-10-16,-1.7999999999999787e-05,-7.999999999999999e-05,-4.500000000000012e-05,-0.00015999999999999999,-0.0002049999999999999,-0.00022199999999999998,-0.0002444999999999999,-0.0002500000000000002,-0.0002550000000000009,-0.0002975000000000009
2017-10-17,-2.0000000000002655e-06,2.0000000000000052e-05,-4.9999999999999914e-05,-2.999999999999997e-05,-2.3000000000000017e-05,-3.549999999999994e-05,-4.9500000000000065e-05,-6.999999999999975e-05,-8.99999999999998e-05,-8.65000000000015e-05
2017-10-18,0.0,2.0000000000000052e-05,7.999999999999999e-05,0.00015799999999999994,0.00019899999999999996,0.00023999999999999976,0.00024399999999999943,0.0002450000000000004,0.0002650000000000005,0.0002725000000000019
2017-10-19,-5.00000000000023e-06,-1.0000000000000026e-05,1.0000000000000026e-05,6.999999999999953e-06,9.49999999999996e-06,-1.0000000000000026e-05,5.500000000000296e-06,5.499999999999429e-06,0.0,6.499999999999562e-06
2017-10-20,9.000000000000327e-06,6.999999999999997e-05,0.00017,0.0002530000000000001,0.0002899999999999999,0.00037500000000000033,0.0004070000000000011,0.0004369999999999999,0.00046799999999999967,0.00047050000000000043
2017-10-23,-4.000000000000097e-06,-4.500000000000012e-05,-0.00012609999999999998,-0.00015799999999999994,-0.00013100000000000004,-0.0001550000000000002,-0.00018750000000000103,-0.000196,-0.00016799999999999975,-0.00020550000000000082
2017-10-24,2.0000000000000052e-05,7.50000000000002e-05,0.0001521,0.00019999999999999998,0.00024550000000000006,0.0002500000000000002,0.00030950000000000075,0.00032250000000000074,0.0002655000000000001,0.00033799999999999976
2017-10-25,9.999999999999593e-06,3.000000000000008e-05,6.679999999999994e-05,0.00010000000000000005,0.00010000000000000026,0.00010999999999999985,7.549999999999918e-05,9.650000000000023e-05,8.950000000000104e-05,8.200000000000048e-05
2017-10-26,-4.99999999999997e-05,-0.00017500000000000024,-0.0002729999999999999,-0.00035500000000000017,-0.0004245000000000004,-0.00044550000000000015,-0.00041550000000000007,-0.0004330000000000002,-0.00041050000000000114,-0.0004325000000000006
2017-10-27,-2.0000000000000052e-05,-5.000000000000013e-05,-9.980000000000004e-05,-0.00013499999999999992,-0.0001535,-0.00016950000000000038,-0.00018699999999999967,-0.00018750000000000017,-0.00018700000000000053,-0.0001694999999999995
2017-10-30,0.0,-2.0000000000000052e-05,-5.170000000000012e-05,-5.000000000000002e-05,-9.699999999999986e-05,-0.00012499999999999924,-0.00013200000000000017,-0.00015499999999999976,-0.0001574999999999988,-0.00018799999999999893
2017-10-31,2.0000000000002655e-06,1.0000000000000026e-05,-1.9499999999999878e-05,-2.1499999999999926e-05,-2.3999999999999933e-05,-6.300000000000056e-05,-7.650000000000018e-05,-8.400000000000074e-05,-8.500000000000087e-05,-9.500000000000133e-05
2017-11-01,-2.0000000000002655e-06,8.000000000000194e-06,6.720000000000001e-05,3.149999999999995e-05,6.900000000000027e-05,0.00010300000000000023,0.00011099999999999999,0.00010950000000000022,0.00010700000000000032,0.0001250000000000001
2017-11-02,0.0,-2.3000000000000017e-05,-4.7100000000000115e-05,-1.4000000000000015e-05,-3.100000000000021e-05,-3.399999999999974e-05,-3.099999999999978e-05,-5.5499999999999994e-05,-4.60000000000009e-05,-5.999999999999929e-05
2017-11-03,0.0,0.0,-9.600000000000017e-06,-6.000000000000037e-06,-1.4000000000000123e-05,-1.0000000000001327e-06,-4.4000000000000636e-05,-2.499999999999985e-05,-3.599999999999871e-05,-2.000000000000092e-05
2017-11-06,-1.0000000000000026e-05,-5.950000000000009e-05,2.70000000000012e-06,-0.00013999999999999993,-0.00017500000000000003,-0.00021250000000000045,-0.00021999999999999884,-0.00022250000000000048,-0.00023750000000000073,-0.00025249999999999925
2017-11-07,4.000000000000097e-06,4.500000000000164e-06,-8.700000000000005e-05,-1.4499999999999973e-05,-3.000000000000008e-05,-4.249999999999957e-05,-3.500000000000031e-05,-5.750000000000026e-05,-5.2499999999999596e-05,-5.750000000000026e-05
2017-11-08,-9.000000000000327e-06,-4.999999999999796e-06,-1.4999999999999931e-05,-5.500000000000025e-06,3.000000000000008e-05,1.0000000000000026e-05,5.500000000000036e-05,4.500000000000077e-05,6.499999999999909e-05,4.99999999999997e-05
2017-11-09,1.5000000000000256e-05,3.999999999999967e-05,8.9e-05,0.00012999999999999996,0.00014750000000000006,0.00021450000000000028,0.0001999999999999988,0.00024499999999999956,0.0002495000000000006,0.0002944999999999996
2017-11-10,0.0,3.000000000000008e-05,9.099999999999994e-05,0.00017349999999999993,0.00022599999999999986,0.00026549999999999924,0.00028500000000000053,0.00031750000000000094,0.00032050000000000047,0.00033550000000000073
2017-11-13,0.0,2.0000000000000052e-05,4.0000000000000105e-05,2.6500000000000048e-05,4.199999999999994e-05,4.0000000000000105e-05,4.55000000000004e-05,4.749999999999893e-05,5.750000000000026e-05,4.55000000000004e-05
2017-11-14,0.0,-5.00000000000023e-06,-5.000000000000002e-05,-9.499999999999992e-05,-0.00013049999999999997,-0.00014999999999999996,-0.00015050000000000046,-0.0001749999999999998,-0.00019750000000000063,-0.00020300000000000006
2017-11-15,1.0000000000000026e-05,2.0000000000000052e-05,-5.730000000000004e-05,-5.5000000000000036e-05,-8.499999999999957e-05,-0.00011449999999999958,-0.00014999999999999996,-0.00015999999999999955,-0.00021000000000000012,-0.0001760000000000008
2017-11-16,7.500000000000128e-06,5.000000000000013e-06,7.83e-05,3.9999999999999996e-05,3.4999999999999875e-05,2.9500000000000012e-05,4.999999999999796e-06,-2.0000000000000052e-05,8.000000000000194e-06,-2.1000000000000185e-05
2017-11-17,-4.500000000000164e-06,-7.499999999999911e-06,-7.150000000000006e-05,-2.0000000000000052e-05,-4.0000000000000105e-05,-7.499999999999998e-05,-5.4999999999999494e-05,-5.4999999999999494e-05,-4.2999999999999636e-05,-7.799999999999994e-05
2017-11-20,7.000000000000062e-06,3.249999999999998e-05,9.050000000000009e-05,4.0000000000000105e-05,3.500000000000031e-05,6.499999999999995e-05,4.99999999999997e-05,4.4999999999999034e-05,1.4999999999999389e-05,3.250000000000128e-05
2017-11-21,0.0,-2.0000000000000052e-05,-3.000000000000008e-05,-6.250000000000006e-05,-7.25000000000003e-05,-0.00010500000000000006,-0.0001449999999999993,-0.00017,-0.0001849999999999994,-0.00019450000000000023
2017-11-22,1.0000000000000026e-05,6.000000000000016e-05,3.360000000000006e-05,9.500000000000003e-05,8.249999999999989e-05,6.849999999999955e-05,5.999999999999929e-05,2.9999999999999645e-05,1.4999999999999389e-05,-2.050000000000142e-05
2017-11-23,1.0000000000000026e-05,7.999999999999978e-06,6.639999999999999e-05,2.7499999999999855e-05,2.499999999999985e-05,1.5000000000006328e-06,-1.9999999999999185e-05,-4.0000000000000105e-05,-3.749999999999934e-05,-7.499999999999868e-05
2017-11-24,0.0,2.6999999999999897e-05,6.7e-05,7.050000000000003e-05,9.500000000000003e-05,9.499999999999916e-05,0.00010499999999999919,0.00013000000000000077,0.00012549999999999974,0.0001449999999999993
2017-11-27,0.0,-2.9999999999999862e-05,-3.1300000000000056e-05,-0.00011049999999999992,-0.00015999999999999955,-0.00016499999999999935,-0.0001749999999999998,-0.00018000000000000047,-0.00018800000000000067,-0.00019500000000000073
2017-11-28,-1.0000000000000026e-05,1.500000000000004e-05,-7.760000000000004e-05,3.999999999999989e-05,5.9999999999999724e-05,6.000000000000016e-05,6.000000000000016e-05,5.500000000000036e-05,6.000000000000016e-05,5.500000000000123e-05
2017-11-29,0.0,4.9999999999999914e-05,0.00019190000000000006,0.0002050000000000001,0.0002500000000000002,0.0002875,0.00031999999999999997,0.00032499999999999977,0.00031999999999999997,0.00037500000000000033
2017-11-30,3.000000000000008e-05,0.0,5.000000000000002e-05,-4.500000000000012e-05,-7.000000000000018e-05,-9.750000000000036e-05,-9.000000000000067e-05,-0.00010000000000000026,-8.99999999999998e-05,-0.00016000000000000042
2017-12-01,-1.7999999999999787e-05,-6.499999999999995e-05,-0.000223,-0.00017799999999999988,-0.00023050000000000024,-0.000255,-0.00033499999999999936,-0.0004000000000000002,-0.0004110000000000008,-0.0003849999999999999
2017-12-04,1.4999999999997654e-06,5.000000000000013e-06,5.299999999999999e-05,2.799999999999992e-05,7.600000000000055e-05,9.05000000000003e-05,0.0001305000000000004,0.00020050000000000016,0.0001910000000000002,0.00015000000000000083
2017-12-05,-2.500000000000332e-06,-5.000000000000013e-05,-0.00016109999999999996,-0.00011049999999999992,-0.00016550000000000028,-0.0001755000000000003,-0.00016550000000000072,-0.00018549999999999903,-0.000194999999999999,-0.00018000000000000134
2017-12-06,-3.099999999999978e-05,-2.7000000000000114e-05,3.0300000000000032e-05,-3.950000000000004e-05,-4.0000000000000105e-05,-5.5499999999999994e-05,-6.000000000000016e-05,-5.550000000000086e-05,-8.000000000000021e-05,-5.999999999999929e-05
2017-12-07,0.0,1.0000000000000026e-05,-5.10000000000007e-06,6.000000000000005e-05,5.000000000000013e-05,6.550000000000002e-05,6.450000000000032e-05,7.050000000000025e-05,9.55000000000001e-05,9.950000000000063e-05
2017-12-08,-1.9999999999998318e-06,2.20000000000001e-05,-2.9999999999999645e-06,9.999999999999994e-05,0.00014999999999999996,0.00014000000000000037,0.0001355000000000002,0.0001299999999999999,0.00011999999999999945,0.00010099999999999866
2017-12-11,-8.000000000000194e-06,0.0,7.629999999999996e-05,-3.4999999999999875e-05,-5.499999999999993e-05,-4.0000000000000105e-05,-6.499999999999995e-05,-8.99999999999998e-05,-0.00010049999999999903,-0.00010549999999999969
2017-12-12,2.499999999999985e-05,5.000000000000013e-05,9.500000000000068e-06,9.499999999999992e-05,0.00011999999999999988,0.00011999999999999988,0.0001299999999999999,0.0001399999999999995,0.0001499999999999991,0.0001749999999999998
2017-12-13,-2.7999999999999813e-05,-3.900000000000019e-05,-7.50000000000002e-06,-5.5000000000000036e-05,-5.000000000000013e-05,-3.999999999999967e-05,-3.500000000000031e-05,-2.8999999999999512e-05,-2.499999999999985e-05,-4.99999999999997e-05
2017-12-14,5.999999999999929e-06,9.00000000000011e-06,6.0599999999999955e-05,1.500000000000004e-05,-1.4999999999999823e-05,-3.500000000000031e-05,-8.5e-05,-0.0001010000000000004,-0.00012499999999999924,-0.00010500000000000093
2017-12-15,-8.000000000000194e-06,0.0,-5.000000000000013e-06,8.500000000000044e-06,1.1499999999999792e-05,-1.1500000000000225e-05,-2.499999999999898e-06,-2.549999999999948e-05,-2.5000000000000716e-05,-8.850000000000004e-05
2017-12-18,1.5000000000000256e-05,2.0000000000000052e-05,7.499999999999998e-05,5.1500000000000005e-05,6.849999999999998e-05,7.150000000000038e-05,7.750000000000031e-05,7.050000000000025e-05,6.000000000000016e-05,7.350000000000065e-05
2017-12-19,-5.00000000000023e-06,0.00010000000000000005,0.00016000000000000004,0.00031000000000000005,0.0004050000000000004,0.00044099999999999955,0.0004899999999999991,0.0004949999999999998,0.0005300000000000001,0.0005500000000000001
2017-12-20,3.300000000000048e-05,9.499999999999982e-05,0.000211,0.00021149999999999988,0.00020649999999999965,0.0002490000000000001,0.00022500000000000124,0.0002249999999999995,0.00019749999999999976,0.00020249999999999956
2017-12-21,1.549999999999989e-05,5.999999999999994e-05,8.649999999999999e-05,0.000196,0.00021849999999999994,0.00018500000000000027,0.00017499999999999894,0.00019050000000000056,0.00016000000000000042,0.00014750000000000006
2017-12-22,1.6499999999999588e-05,6.500000000000017e-05,0.0001525,0.00010250000000000016,9.000000000000024e-05,0.0001299999999999999,0.0001250000000000001,0.00011199999999999925,8.250000000000011e-05,8.000000000000021e-05
2017-12-25,,,-1.5000000000000005e-05,,,,,,,
2017-12-26,,,-1.2299999999999994e-05,,,,,,,
2017-12-27,,,-7.8e-05,,,,,,,
2017-12-28,1.7000000000000088e-05,5.5000000000000144e-05,0.00011530000000000001,0.0001339999999999998,0.00016500000000000022,0.00019749999999999976,0.00023199999999999957,0.0002710000000000004,0.000269000000000001,0.0002900000000000003
2017-12-29,1.0500000000000093e-05,3.249999999999998e-05,5.999999999999998e-05,5.999999999999994e-05,3.000000000000008e-05,2.249999999999995e-05,7.500000000000562e-06,2.4999999999990308e-06,1.7500000000000154e-05,1.2500000000000358e-05
2018-01-01,,,-9.999999999999986e-06,,,,,,,
2018-01-02,-7.500000000000562e-06,-5.5000000000000795e-06,-6e-05,-2.9999999999999862e-05,2.499999999999985e-05,7.000000000000062e-05,0.0001510000000000001,0.0001749999999999998,0.00021249999999999915,0.0002449999999999987
2018-01-03,2.0000000000000052e-05,-1.4999999999999823e-05,-3.9999999999999996e-05,-0.00014500000000000016,-0.00021000000000000012,-0.00021500000000000078,-0.0002185000000000008,-0.00023000000000000017,-0.00020650000000000009,-0.00022749999999999854
2018-01-04,1.8500000000000287e-05,1.7999999999999787e-05,9.999999999999999e-06,3.000000000000008e-05,4.0000000000000105e-05,2.0000000000000052e-05,-3.499999999999944e-05,-3.249999999999954e-05,-6.599999999999922e-05,-7.000000000000062e-05
2018-01-05,-3.500000000000031e-06,-2.9999999999999645e-06,-3.29e-05,5.000000000000013e-06,2.499999999999985e-05,3.0000000000000512e-05,3.749999999999934e-05,4.25e-05,4.8999999999999565e-05,4.99999999999997e-05
2018-01-08,-8.50000000000026e-06,-5.600000000000006e-05,-9.769999999999999e-05,-8.200000000000004e-05,-9.999999999999983e-05,-8.5e-05,-9.24999999999997e-05,-0.00010649999999999982,-0.00010899999999999972,-0.00010299999999999893
2018-01-09,2.0000000000002655e-06,4.40000000000002e-05,0.00012059999999999999,0.00011200000000000012,0.00014999999999999996,0.00016799999999999975,0.00019800000000000026,0.00022900000000000004,0.00024000000000000063,0.0002649999999999996
2018-01-10,-5.999999999999929e-06,2.499999999999985e-05,0.0001049,0.00010099999999999996,0.00014500000000000016,0.00017200000000000028,0.00018449999999999977,0.0001874999999999993,0.0001910000000000002,0.00019699999999999926
2018-01-11,3.249999999999998e-05,0.00019499999999999986,0.00031509999999999996,0.000433,0.00046500000000000014,0.00046500000000000014,0.0004574999999999996,0.0004450000000000001,0.0004094999999999984,0.000392
2018-01-12,1.0000000000000026e-05,3.500000000000009e-05,9.510000000000009e-05,9.600000000000017e-05,0.00010500000000000006,8.99999999999998e-05,7.500000000000041e-05,4.25e-05,6.749999999999985e-05,-5.999999999999062e-06
2018-01-15,-1.5000000000000256e-05,2.0000000000000052e-05,5.489999999999987e-05,8.5e-05,8.99999999999998e-05,0.00010499999999999919,0.00011000000000000072,0.00013500000000000057,0.00010699999999999946,0.0001449999999999993
2018-01-16,1.0000000000000026e-05,0.0,-0.00012499999999999995,-8.5e-05,-8.049999999999984e-05,-0.0001549999999999989,-0.00017000000000000088,-0.00019700000000000013,-0.00022749999999999854,-0.0002675000000000004
2018-01-17,-4.0000000000000105e-05,-7.499999999999998e-05,-4.999999999999959e-06,-9.250000000000013e-05,-0.00013450000000000007,-9.500000000000133e-05,-8.5e-05,-7.300000000000015e-05,-4.55000000000004e-05,-2.9500000000000012e-05
2018-01-18,-2.0000000000000052e-05,-1.0000000000000026e-05,0.0,6.799999999999992e-05,0.00010249999999999973,0.0001490000000000007,0.00018149999999999937,0.00017200000000000028,0.0001910000000000002,0.00018899999999999993
2018-01-19,-2.9999999999999645e-05,-5.5000000000000144e-05,-6.500000000000001e-05,-5.5499999999999994e-05,-3.249999999999998e-05,-2.3999999999999716e-05,-8.999999999998592e-06,2.550000000000035e-05,2.999999999999531e-06,6.049999999999979e-05
2018-01-22,5.999999999999495e-06,6.000000000000146e-06,2.500000000000001e-05,1.4999999999999823e-05,3.500000000000031e-05,4.0000000000000105e-05,2.749999999999888e-05,4.749999999999893e-05,6.399999999999982e-05,3.250000000000128e-05
2018-01-23,-8.99999999999946e-06,2.599999999999998e-05,-1.0000000000000026e-05,2.0000000000000052e-05,7.499999999999694e-06,4.999999999999796e-06,5.000000000000664e-06,-2.499999999999898e-05,-2.9999999999998778e-05,-4.0000000000000105e-05
2018-01-24,2.9999999999999645e-06,2.9999999999999645e-06,3.9999999999999996e-05,8.350000000000024e-05,0.00010550000000000012,0.00012899999999999977,0.0001429999999999999,0.0001299999999999999,0.00013499999999999797,0.0001499999999999991
2018-01-25,-2.0000000000000052e-05,5.6999999999999976e-05,0.0001254,0.0003015000000000001,0.0003719999999999995,0.00035599999999999955,0.0002969999999999995,0.00024999999999999935,0.00021500000000000165,0.0001349999999999997
2018-01-26,1.0000000000000026e-05,5.950000000000009e-05,0.00021520000000000003,0.00022499999999999994,0.00026450000000000085,0.00028750000000000043,0.0003005000000000004,0.0002594999999999993,0.00018199999999999987,0.00015749999999999965
2018-01-29,0.0,2.800000000000003e-05,0.00010939999999999995,0.00015999999999999955,0.0002754999999999997,0.00036749999999999977,0.0004195000000000006,0.0004955000000000011,0.000563000000000001,0.0005975000000000008
2018-01-30,-1.1000000000000159e-05,-8.500000000000044e-06,-0.00010499999999999995,-6.000000000000016e-05,-7.750000000000031e-05,-6.000000000000016e-05,-4.500000000000077e-05,-3.749999999999934e-05,-3.900000000000084e-05,-3.4999999999998574e-05
2018-01-31,-1.4000000000000123e-05,-5.100000000000005e-05,3.629999999999996e-05,-9.999999999999593e-06,1.2500000000000358e-05,0.0,0.0,-2.5000000000007655e-06,-1.4000000000000123e-05,-1.5500000000001624e-05
2018-02-01,-9.99999999999699e-07,-3.000000000000008e-05,-9.729999999999993e-05,1.7500000000000154e-05,4.99999999999997e-05,8.99999999999998e-05,0.00014250000000000113,0.00019500000000000073,0.00024799999999999996,0.00026299999999999935
2018-02-02,9.99999999999699e-07,5.400000000000001e-05,0.00015099999999999988,9.500000000000003e-05,0.00013750000000000047,0.0002450000000000013,0.0001724999999999999,0.00021499999999999818,0.0002449999999999987,0.0002475000000000012
2018-02-05,-1.4999999999999823e-05,-7.35e-05,-9.499999999999992e-05,-0.00014250000000000027,-0.0002230000000000001,-0.0002765000000000007,-0.00014850000000000106,-0.0001499999999999991,-0.00014750000000000006,-0.0001499999999999991
2018-02-06,-1.0000000000000026e-05,-3.8000000000000056e-05,-0.00010999999999999996,-0.00015499999999999976,-0.00014950000000000033,-0.00020549999999999995,-0.00022650000000000014,-0.00024249999999999966,-0.00027749999999999823,-0.00025000000000000196
2018-02-07,3.4999999999999875e-05,8.250000000000011e-05,0.00014999999999999996,0.00018999999999999963,0.00019499999999999986,0.00024200000000000003,0.0002475000000000003,0.0002500000000000002,0.00026999999999999767,0.0002575000000000008
2018-02-08,-4.999999999999796e-06,-7.999999999999978e-06,-3.9999999999999996e-05,4.450000000000027e-05,4.200000000000037e-05,-5.500000000000296e-06,6.250000000000006e-05,9.249999999999883e-05,0.00010000000000000113,0.00011199999999999925
2018-02-09,0.0,-3.6999999999999924e-05,-2.5000000000000066e-05,-6.950000000000012e-05,-2.2000000000000318e-05,6.049999999999979e-05,3.0000000000000512e-05,1.7500000000000154e-05,3.500000000000031e-05,3.0500000000001012e-05
2018-02-12,4.999999999999796e-06,-1.0000000000000026e-05,2.0000000000000052e-05,9.500000000000003e-05,0.00020000000000000052,0.0002850000000000014,0.0003349999999999985,0.0003475000000000006,0.00037500000000000033,0.00039000000000000146
2018-02-13,5.00000000000023e-06,1.0000000000001327e-06,-5.5000000000000036e-05,-7.000000000000018e-05,-0.00010500000000000006,-0.00016250000000000032,-0.00015249999999999986,-9.250000000000057e-05,-0.00012499999999999838,-0.00010500000000000266
2018-02-14,1.4999999999999823e-05,5.849999999999996e-05,8.549999999999996e-05,9.500000000000003e-05,9.49999999999996e-05,0.0001374999999999996,0.00012750000000000088,0.00011750000000000128,0.00013699999999999823,0.00013500000000000144
2018-02-15,2.599999999999998e-05,5.049999999999998e-05,7.200000000000002e-05,0.00012000000000000031,0.00012850000000000014,0.0001299999999999999,0.0001399999999999995,0.00010999999999999899,0.00012299999999999985,9.99999999999994e-05
2018-02-16,1.1500000000000225e-05,-3.500000000000009e-05,-0.00011499999999999998,-0.00021500000000000035,-0.00031400000000000004,-0.00037499999999999947,-0.0004299999999999998,-0.0004294999999999993,-0.0004430000000000007,-0.0004574999999999996
2018-02-19,1.2499999999999924e-05,5.000000000000013e-05,0.00010749999999999996,0.00011000000000000029,0.0001454999999999998,0.00015499999999999976,0.00018750000000000017,0.00020899999999999912,0.00020200000000000252,0.0002420000000000009
2018-02-20,2.500000000000332e-06,2.9999999999999645e-06,0.0,-2.5000000000000282e-05,-2.9999999999999645e-05,-3.0000000000000512e-05,-2.7499999999999747e-05,-2.449999999999848e-05,-1.5500000000001624e-05,-3.250000000000128e-05
2018-02-21,2.2499999999999517e-05,-7.999999999999978e-06,-1.2500000000000033e-05,-2.0000000000000052e-05,-6.000000000000016e-05,-8.99999999999998e-05,-0.00012000000000000031,-0.00016250000000000119,-0.0001744999999999993,-0.0001744999999999993
2018-02-22,5.500000000000036e-05,6.29999999999999e-05,2.0000000000000052e-05,2.5000000000000282e-05,3.500000000000031e-05,3.250000000000041e-05,1.2500000000000358e-05,2.5000000000000716e-05,9.999999999999593e-06,1.5999999999998654e-05
2018-02-23,1.0000000000000026e-05,-4.299999999999985e-05,-0.00011749999999999998,-0.00017500000000000024,-0.00027200000000000054,-0.0003290000000000003,-0.0003525000000000004,-0.00038100000000000113,-0.00038900000000000046,-0.0004189999999999975
2018-02-26,0.0,2.9999999999999862e-05,7.000000000000008e-05,3.000000000000008e-05,4.200000000000037e-05,5.150000000000033e-05,3.500000000000031e-05,2.3499999999999216e-05,1.0000000000001327e-05,1.5499999999998154e-05
2018-02-27,-3.500000000000031e-05,-1.0000000000000026e-05,1.0000000000000026e-05,4.0000000000000105e-05,0.00010500000000000006,9.49999999999996e-05,0.00011949999999999981,0.00012500000000000185,0.00012999999999999817,0.00012750000000000088
2018-02-28,-1.4999999999999823e-05,-5.199999999999996e-05,-6.500000000000006e-05,-0.00010999999999999985,-0.00019999999999999966,-0.0001899999999999992,-0.00019450000000000023,-0.00019249999999999996,-0.00019049999999999796,-0.00020300000000000006
2018-03-01,-2.0000000000000052e-05,-4.6000000000000034e-05,-6.250000000000006e-05,-3.000000000000008e-05,0.0,-2.0000000000000052e-05,-4.749999999999893e-05,-6.0000000000001025e-05,-8.300000000000148e-05,-6.199999999999956e-05
2018-03-02,-1.4999999999997654e-06,2.400000000000015e-05,4.500000000000055e-06,1.0000000000000026e-05,-1.000000000000046e-05,0.0,7.499999999998827e-06,2.000000000000092e-05,3.0499999999999278e-05,6.749999999999812e-05
2018-03-05,-1.1500000000000659e-05,3.99999999999988e-06,1.299999999999999e-05,2.349999999999965e-05,3.0000000000000512e-05,5.749999999999939e-05,8.450000000000037e-05,0.00010749999999999822,0.00012300000000000158,8.500000000000174e-05
2018-03-06,-1.9999999999998318e-06,1.7499999999999937e-05,7.000000000000008e-05,8.65000000000002e-05,0.0001824999999999995,0.0001559999999999999,0.00013599999999999984,0.00011500000000000225,0.00012249999999999935,0.00011499999999999878
2018-03-07,-1.1999999999999424e-05,-2.7499999999999964e-05,-2.5000000000000066e-05,-8.99999999999998e-05,-0.0001724999999999999,-0.00018399999999999927,-0.00023049999999999893,-0.000255,-0.00027250000000000017,-0.0002654999999999984
2018-03-08,-2.599999999999998e-05,-3.000000000000008e-05,-6.01e-05,-2.1000000000000185e-05,-7.499999999999955e-05,-8.500000000000087e-05,-7.500000000000128e-05,-9.250000000000057e-05,-0.00012150000000000008,-0.0001520000000000011
2018-03-09,7.999999999999327e-06,1.850000000000007e-05,7.81e-05,3.549999999999994e-05,4.49999999999999e-05,7.550000000000091e-05,6.950000000000012e-05,9.750000000000036e-05,0.00011150000000000049,0.00011249999999999975
2018-03-12,-2.099999999999975e-05,-5.3499999999999945e-05,-0.00011700000000000002,-0.00010449999999999956,-0.00011000000000000072,-0.00011750000000000042,-9.19999999999992e-05,-9.49999999999996e-05,-8.799999999999954e-05,-7.500000000000041e-05
2018-03-13,1.0000000000001327e-06,-3.500000000000009e-05,-6.0999999999999965e-05,-7.000000000000018e-05,-3.499999999999944e-05,-5.0000000000000565e-05,-5.9500000000000525e-05,-6.0500000000001525e-05,-6.100000000000029e-05,-5.3999999999998494e-05
2018-03-14,0.0,-6.999999999999975e-05,-0.000145,-0.00014999999999999996,-0.0001940000000000006,-0.00021149999999999988,-0.0002279999999999999,-0.0002465000000000002,-0.0002610000000000008,-0.00027000000000000114
2018-03-15,-1.0000000000000026e-05,-5.700000000000019e-05,-7.949999999999998e-05,-0.00011000000000000029,-0.00013100000000000004,-0.00014099999999999963,-0.0001984999999999999,-0.00022299999999999924,-0.00021050000000000062,-0.00021599999999999918
2018-03-16,-2.0000000000000052e-05,-5.400000000000023e-05,-1.8000000000000058e-05,-5.499999999999993e-05,-4.99999999999997e-05,-5.2499999999999596e-05,-1.650000000000002e-05,1.5000000000001124e-05,5.000000000005e-07,2.4999999999990308e-06
2018-03-19,-1.0000000000000026e-05,4.600000000000025e-05,4.5000000000000064e-05,6.499999999999995e-05,8.99999999999998e-05,8.249999999999924e-05,8.499999999999914e-05,5.4999999999999494e-05,4.99999999999997e-05,3.450000000000154e-05
2018-03-20,0.0,5.000000000000013e-06,2.7499999999999964e-05,6.000000000000016e-05,8.100000000000034e-05,8.399999999999987e-05,9.950000000000063e-05,0.00011249999999999975,0.00012000000000000031,0.0001329999999999977
2018-03-21,1.5999999999999955e-05,1.9999999999998318e-06,5.499999999999993e-05,9.999999999999983e-05,9.900000000000013e-05,0.00012600000000000024,0.00010550000000000056,9.49999999999996e-05,9.750000000000036e-05,0.00010000000000000113
2018-03-22,-1.0000000000001327e-06,-8.499999999999979e-05,-0.00020499999999999994,-0.00029699999999999996,-0.0003424999999999999,-0.000405,-0.0003949999999999995,-0.00039299999999999925,-0.00039299999999999925,-0.00040500000000000085
2018-03-23,5.00000000000023e-06,1.299999999999999e-05,3.0000000000000024e-05,3.700000000000014e-05,5.799999999999989e-05,6.499999999999995e-05,4.4999999999999034e-05,4.5499999999998667e-05,4.2499999999999136e-05,4.2999999999999636e-05
2018-03-26,4.000000000000097e-06,-1.0000000000000026e-05,-2.3800000000000036e-05,-1.9499999999999986e-05,4.500000000000164e-06,-4.19999999999995e-05,-4.99999999999997e-05,-4.99999999999997e-05,-3.199999999999904e-05,-5.7999999999999025e-05
2018-03-27,-8.000000000000194e-06,-3.900000000000019e-05,-0.00010119999999999997,-0.00016050000000000005,-0.00026749999999999994,-0.00024300000000000016,-0.0002149999999999999,-0.00024499999999999956,-0.000256000000000001,-0.0002299999999999993
2018-03-28,8.999999999999894e-06,9.00000000000011e-06,-1.750000000000002e-05,-5.699999999999976e-05,-4.500000000000164e-06,3.149999999999941e-05,-2.9999999999999645e-05,9.999999999999593e-06,2.1000000000000185e-05,0.0
2018-03-29,1.1000000000000159e-05,1.0000000000000026e-05,-1.999999999999997e-05,-2.050000000000012e-05,-0.00010099999999999996,-0.00013149999999999967,-0.00010500000000000093,-0.00010999999999999985,-0.0001349999999999997,-0.00010500000000000093
2018-03-30,,,,,,,,,1.2999999999999123e-05,
2018-04-02,,,2.5000000000000066e-06,,,,,,,
2018-04-03,,,3.499999999999998e-05,,,,,,-5.9000000000000025e-05,
2018-04-04,4.000000000000097e-06,-2.9999999999999645e-06,-2.1300000000000003e-05,-1.4000000000000123e-05,-2.7000000000000548e-05,-2.499999999999985e-05,-3.5000000000001176e-05,-3.499999999999944e-05,-4.099999999999937e-05,-3.0000000000000512e-05
2018-04-05,2.9999999999999645e-06,4.9999999999999914e-05,0.00010629999999999995,0.00014899999999999983,0.00017500000000000024,0.00017,0.00019500000000000073,0.00019800000000000026,0.00020199999999999906,0.00021749999999999894
2018-04-06,-2.9999999999999645e-06,-5.000000000000013e-06,-6.999999999999997e-05,-0.00010999999999999942,-0.00014999999999999996,-0.00016299999999999908,-0.00019999999999999966,-0.00021300000000000052,-0.00021099999999999765,-0.00022749999999999854
2018-04-09,0.0,1.5999999999999955e-05,4.500000000000001e-05,2.4999999999999415e-05,1.9499999999999986e-05,1.249999999999949e-05,2.499999999999898e-05,2.550000000000035e-05,1.0999999999998858e-05,1.7500000000000154e-05
2018-04-10,1.0000000000000026e-05,5.900000000000024e-05,7.38e-05,5.500000000000036e-05,3.549999999999994e-05,1.8500000000000287e-05,-9.999999999999593e-06,-3.3499999999999676e-05,-3.500000000000031e-05,-6.250000000000179e-05
2018-04-11,1.4000000000000123e-05,2.0000000000000052e-05,-3.880000000000002e-05,-1.0000000000000026e-05,-1.0000000000000026e-05,-2.3000000000001318e-05,-3.799999999999897e-05,-4.19999999999995e-05,-5.999999999999929e-05,-2.9999999999998778e-05
2018-04-12,-9.000000000000327e-06,-2.3000000000000234e-05,6.199999999999988e-06,3.000000000000008e-05,5.250000000000046e-05,7.000000000000062e-05,9.799999999999913e-05,0.00012199999999999971,0.0001299999999999999,0.0001499999999999991
2018-04-13,0.0,-2.599999999999998e-05,2.5000000000000608e-06,-2.599999999999998e-05,-5.250000000000046e-05,-5.5999999999999626e-05,-4.0000000000000105e-05,-5.3500000000000596e-05,-3.099999999999978e-05,-5.649999999999926e-05
2018-04-16,-4.999999999999796e-06,2.400000000000015e-05,-1.400000000000034e-06,2.7000000000000114e-05,8.300000000000017e-05,0.00011099999999999999,0.00011800000000000005,0.00011149999999999962,0.00011599999999999978,0.00012150000000000008
2018-04-17,2.9999999999999645e-06,-3.900000000000019e-05,-7.730000000000001e-05,-0.00010099999999999996,-0.0001380000000000001,-0.00015500000000000062,-0.00015800000000000015,-0.0001449999999999993,-0.00015500000000000062,-0.00015500000000000062
2018-04-18,-2.0000000000002655e-06,1.0000000000001327e-06,4.600000000000001e-05,6.799999999999992e-05,9.500000000000003e-05,0.00010700000000000032,9.500000000000047e-05,0.00010700000000000032,0.00012900000000000064,0.00010899999999999972
2018-04-19,8.999999999999894e-06,5.100000000000005e-05,0.00015149999999999994,0.00030199999999999975,0.0004199999999999998,0.00046000000000000034,0.0004999999999999996,0.000503,0.0005039999999999992,0.0005310000000000002
2018-04-20,-4.999999999999796e-06,2.0000000000000486e-06,2.0000000000000052e-05,-3.000000000000008e-05,-4.99999999999997e-05,-2.7000000000000114e-05,-4.999999999999796e-06,3.199999999999904e-05,5.9000000000000025e-05,7.500000000000041e-05
2018-04-23,3.2000000000000344e-05,9.499999999999982e-05,0.00011260000000000003,0.0001550000000000002,0.00015499999999999976,0.00017700000000000007,0.00018699999999999967,0.00020300000000000006,0.00019300000000000046,0.00019000000000000093
2018-04-24,2.999999999999531e-06,1.4499999999999973e-05,1.4899999999999983e-05,-2.5000000000000282e-05,-4.799999999999943e-05,-3.699999999999971e-05,-3.699999999999884e-05,-5.750000000000026e-05,-4.5000000000001636e-05,-5.999999999999929e-05
2018-04-25,5.00000000000023e-06,2.249999999999995e-05,5.000000000000002e-05,0.00010699999999999989,0.00017299999999999954,0.00016899999999999988,0.00015649999999999865,0.00016250000000000119,0.0001360000000000007,0.00015499999999999715
2018-04-26,-1.0000000000000026e-05,-5.199999999999996e-05,-0.00013000000000000002,-0.00017699999999999964,-0.00022500000000000037,-0.00024400000000000116,-0.0002515,-0.00030000000000000165,-0.00027099999999999867,-0.0003199999999999991
2018-04-27,-5.00000000000023e-06,-4.800000000000008e-05,-9.000000000000002e-05,-0.00011999999999999988,-0.00012499999999999924,-0.00017999999999999874,-0.00017499999999999894,-0.00016299999999999995,-0.00018000000000000134,-0.00018199999999999987
2018-04-30,-9.99999999999699e-07,-4.599999999999982e-05,-6.999999999999997e-05,-0.00010000000000000026,-0.0001500000000000004,-0.0001004999999999999,-0.00013000000000000077,-0.00011199999999999925,-0.0001349999999999997,-0.00010299999999999893
2018-05-01,,,,,,,,,1.700000000000139e-05,
2018-05-02,-1.0999999999999725e-05,1.9499999999999986e-05,4.749999999999996e-05,8.000000000000021e-05,0.00011000000000000029,0.00012049999999999995,0.00014500000000000103,0.00014500000000000103,0.00014099999999999877,0.00016700000000000048
2018-05-03,1.999999999999398e-06,-0.00011549999999999993,-0.00020049999999999997,-0.0002769999999999999,-0.0003250000000000002,-0.000367000000000001,-0.0004150000000000013,-0.0003860000000000009,-0.00038900000000000046,-0.000393000000000001
2018-05-04,-4.999999999999796e-06,2.9999999999999862e-05,6.049999999999998e-05,5.699999999999976e-05,4.49999999999999e-05,3.199999999999991e-05,6.500000000000082e-05,3.099999999999978e-05,2.5000000000000716e-05,1.8000000000000654e-05
2018-05-07,7.000000000000495e-06,0.0,-2.7500000000000018e-05,-4.100000000000024e-05,-4.40000000000002e-05,-5.2499999999999596e-05,-6.749999999999985e-05,-6.999999999999975e-05,-8.89999999999988e-05,-6.700000000000109e-05
2018-05-08,-2.000000000000699e-06,4.0000000000000105e-05,9.500000000000003e-05,0.00013100000000000004,0.00018400000000000014,0.00021950000000000008,0.0003024999999999998,0.00032499999999999977,0.00034299999999999956,0.00033500000000000023
2018-05-09,2.5000000000000282e-05,3.199999999999991e-05,3.7499999999999936e-05,5.000000000000013e-05,4.0000000000000105e-05,5.4999999999999494e-05,-3.9999999999996635e-06,-4.999999999999796e-06,-3.0000000000012655e-06,7.000000000000062e-06
2018-05-10,2.0000000000000052e-05,3.0499999999999928e-05,7.50000000000002e-06,1.0000000000000026e-05,-4.999999999999796e-06,-2.199999999999945e-05,-2.600000000000085e-05,-3.7000000000000574e-05,-3.099999999999978e-05,-3.900000000000084e-05
2018-05-11,-5.00000000000023e-06,1.9499999999999986e-05,5.000000000000002e-05,7.000000000000018e-05,0.00010500000000000006,0.00011299999999999939,0.00011700000000000078,0.00012200000000000058,0.00011850000000000055,9.200000000000007e-05
2018-05-14,3.100000000000021e-05,0.00015999999999999999,0.00023500000000000007,0.00029799999999999965,0.0003499999999999996,0.0003630000000000005,0.00037549999999999997,0.00036500000000000074,0.00037749999999999936,0.0003770000000000006
2018-05-15,2.9999999999999645e-06,2.6000000000000198e-05,7.999999999999988e-05,0.00011200000000000055,0.00016000000000000042,0.00020899999999999998,0.0002475000000000003,0.0002849999999999988,0.00032500000000000064,0.00034299999999999956
2018-05-16,1.5999999999999955e-05,-6.45000000000001e-05,-0.00013250000000000002,-0.00016000000000000042,-0.00021000000000000012,-0.00019499999999999986,-0.00019600000000000086,-0.00018699999999999793,-0.00019800000000000026,-0.00015399999999999962
2018-05-17,1.0000000000000026e-05,3.749999999999999e-05,9.000000000000013e-05,0.00016500000000000022,0.00021250000000000002,0.00023000000000000017,0.00022099999999999984,0.00022699999999999804,0.00023300000000000057,0.00021900000000000044
2018-05-18,7.000000000000062e-06,-3.199999999999991e-05,-0.00011250000000000008,-0.0001950000000000003,-0.0003204999999999996,-0.0003880000000000003,-0.0004000000000000002,-0.00042000000000000023,-0.0004330000000000011,-0.00046000000000000034
2018-05-21,-4.500000000000164e-06,-4.299999999999985e-05,-0.00011499999999999998,-0.00018999999999999963,-0.00017200000000000028,-0.00020699999999999972,-0.0001899999999999992,-0.00017999999999999787,-0.00018699999999999967,-0.0001749999999999998
2018-05-22,7.500000000000128e-06,2.3999999999999716e-05,3.749999999999999e-05,5.799999999999989e-05,8.399999999999987e-05,0.00013100000000000004,0.00012999999999999904,0.0001439999999999983,0.00015800000000000015,0.00016799999999999975
2018-05-23,1.299999999999999e-05,-0.00011000000000000007,-0.0002275,-0.00029350000000000036,-0.00033949999999999996,-0.0003434999999999992,-0.00033949999999999866,-0.0003414999999999998,-0.0003449999999999998,-0.0003204999999999996
2018-05-24,-2.7999999999999813e-05,-0.0001079999999999998,-0.0001725,-0.00020949999999999983,-0.00023400000000000027,-0.0002575000000000008,-0.00028550000000000103,-0.0003024999999999998,-0.00030799999999999925,-0.00032249999999999987
2018-05-25,6.399999999999982e-05,-2.400000000000015e-05,-0.000185,-0.00032649999999999997,-0.0003855,-0.0004299999999999998,-0.0004549999999999997,-0.0004549999999999997,-0.0004475000000000017,-0.00044500000000000095
2018-05-28,4.100000000000024e-05,-7.99999999999976e-06,-0.000115,-0.00019900000000000018,-0.00024450000000000036,-0.0002564999999999998,-0.00024050000000000026,-0.0002765000000000007,-0.00026249999999999885,-0.00027149999999999917
2018-05-29,0.00011499999999999965,-7.200000000000023e-05,-0.00021,-0.00039349999999999975,-0.00045549999999999974,-0.00038400000000000066,-0.0003594999999999996,-0.00035849999999999944,-0.00028000000000000073,-0.00029850000000000015
2018-05-30,-7.500000000000128e-06,0.00025200000000000005,0.0004135,0.0005219999999999999,0.0005635000000000002,0.0005200000000000005,0.0005089999999999999,0.0005799999999999998,0.0005050000000000002,0.0005450000000000003
2018-05-31,-3.749999999999977e-05,-2.6999999999999897e-05,1.15e-05,2.7000000000000114e-05,2.1499999999999818e-05,-1.700000000000052e-05,-0.00011399999999999952,-0.00017000000000000088,-0.00017250000000000078,-0.0002199999999999997
2018-06-01,-0.00011999999999999988,-2.8000000000000247e-05,0.00011499999999999999,0.00021000000000000012,0.00025500000000000045,0.00022250000000000048,0.0002829999999999994,0.0002850000000000014,0.0002675000000000004,0.0002649999999999996
2018-06-04,-5.099999999999983e-05,-2.29999999999998e-05,-3.49999999999999e-06,5.1999999999999746e-05,6.899999999999962e-05,0.00012099999999999958,0.0001559999999999999,0.0001849999999999994,0.00019500000000000073,0.00023699999999999936
2018-06-05,1.299999999999999e-05,-4.199999999999994e-05,-0.0001065,-8.099999999999991e-05,-4.99999999999997e-05,-0.00026599999999999974,-0.0001584999999999998,-0.00011900000000000018,-0.0001250000000000001,-0.00012200000000000058
2018-06-06,7.599999999999968e-05,0.00026500000000000004,0.00044620000000000006,0.0006025,0.0005789999999999997,0.0008089999999999998,0.0006545000000000006,0.0006090000000000002,0.0006374999999999992,0.0006000000000000016
2018-06-07,1.2000000000000292e-05,3.999999999999989e-05,0.00013529999999999998,5.400000000000023e-05,0.00012550000000000018,0.0001559999999999999,0.00016499999999999935,0.00017,0.00012950000000000114,0.00017999999999999787
2018-06-08,4.99999999999997e-05,-5.100000000000005e-05,-0.00015650000000000006,-0.00018750000000000017,-0.0002385,-0.00022449999999999987,-0.0001454999999999998,-0.00013250000000000067,-0.00010450000000000043,-0.00012000000000000031
2018-06-11,-4.699999999999973e-05,2.6000000000000198e-05,7.249999999999997e-05,0.00013199999999999974,0.00019399999999999973,0.00018150000000000024,0.00015050000000000046,0.0001525000000000016,0.00015949999999999992,0.00012000000000000031
2018-06-12,-2.3000000000000017e-05,-2.5000000000000066e-05,-6.2999999999999905e-06,-9.499999999999526e-06,-8.99999999999946e-06,-3.199999999999991e-05,-7.500000000000041e-05,-9.750000000000036e-05,-0.00014199999999999977,-0.00012999999999999817
2018-06-13,-3.000000000000008e-05,-4.500000000000012e-05,-7.149999999999995e-05,-9.099999999999994e-05,-0.00012150000000000008,-0.00012000000000000031,-0.00010399999999999993,-0.00011450000000000002,-0.00010549999999999969,-9.200000000000007e-05
2018-06-14,-0.00010500000000000006,-0.0003700000000000001,-0.0004346,-0.0004735000000000002,-0.0004989999999999999,-0.0005205000000000001,-0.0005285000000000003,-0.0004829999999999999,-0.0004895000000000004,-0.00042299999999999977
2018-06-15,-2.5000000000000282e-05,-7.999999999999999e-05,-0.0002001,-0.0002900000000000001,-0.0003525000000000004,-0.0003807000000000003,-0.00036749999999999977,-0.00035700000000000055,-0.00034,-0.00033500000000000023
2018-06-18,1.4000000000000123e-05,-5.000000000000013e-06,-7.500000000000001e-05,-0.00015299999999999992,-0.00017250000000000034,-0.00013129999999999913,-0.0001244999999999996,-0.0001405,-8.299999999999974e-05,-8.000000000000021e-05
2018-06-19,1.5999999999999955e-05,-6.599999999999987e-05,-0.00016630000000000003,-0.00018500000000000005,-0.00023449999999999947,-0.00028250000000000063,-0.0002955000000000006,-0.00027649999999999984,-0.000282000000000001,-0.00028000000000000073
2018-06-20,2.0000000000000052e-05,3.4999999999999875e-05,6.630000000000004e-05,4.7500000000000016e-05,8.749999999999947e-05,0.00010999999999999985,0.00016000000000000042,0.00015399999999999962,0.00016400000000000095,0.00016000000000000042
2018-06-21,2.750000000000018e-05,2.500000000000115e-06,-4.25e-05,-7.75000000000001e-05,-0.00011500000000000008,-0.00014949999999999946,-0.0001755000000000003,-0.00016549999999999898,-0.00018750000000000017,-0.00016049999999999918
2018-06-22,3.499999999999597e-06,2.5499999999999915e-05,6.000000000000005e-05,9.440000000000013e-05,0.00010030000000000065,0.0001294999999999994,0.00010799999999999959,0.0001004999999999999,0.0001355000000000002,9.05000000000003e-05
2018-06-25,-1.1499999999999792e-05,-2.699999999999968e-05,-5.5000000000000036e-05,-6.440000000000005e-05,-4.4800000000000655e-05,-6.499999999999909e-05,-7.249999999999965e-05,-5.0000000000000565e-05,-6.200000000000129e-05,-3.500000000000204e-05
2018-06-26,-3.449999999999981e-05,-6.000000000000363e-06,4.029999999999995e-05,9.999999999999983e-05,0.0001330000000000003,0.00015700000000000002,0.00016950000000000038,0.00013000000000000077,0.00012700000000000038,0.00013500000000000144
2018-06-27,-5.00000000000023e-06,6.000000000000363e-06,-2.7999999999999596e-06,-2.9999999999999862e-05,-5.099999999999983e-05,-7.000000000000062e-05,-6.450000000000032e-05,-6.000000000000016e-05,-7.199999999999915e-05,-0.00010399999999999993
2018-06-28,-1.0000000000000026e-05,-3.000000000000398e-06,5.000000000000013e-06,-7.999999999999978e-06,-1.899999999999992e-05,-4.19999999999995e-05,-5.500000000000036e-05,-7.000000000000062e-05,-8.400000000000074e-05,-9.300000000000107e-05
2018-06-29,1.9999999999998318e-06,-1.1999999999999641e-05,1.0000000000000026e-05,1.5999999999999955e-05,-1.2500000000000358e-05,4.499999999999296e-06,-7.000000000000062e-06,-5.500000000000036e-05,-5.5999999999999626e-05,-6.800000000000035e-05
2018-07-02,-5.499999999999863e-06,-4.300000000000007e-05,-8.5e-05,-9.299999999999998e-05,-7.849999999999958e-05,-3.749999999999934e-05,-2.6999999999999247e-05,1.000000000000046e-05,1.4999999999999389e-05,2.000000000000092e-05
2018-07-03,-1.650000000000002e-05,2.3000000000000017e-05,2.4999999999999957e-05,2.5000000000000066e-05,1.6999999999999654e-05,-6.050000000000066e-05,-8.199999999999961e-05,-9.9000000000001e-05,-0.00012499999999999924,-0.00013299999999999944
2018-07-04,2.1999999999999884e-05,5.499999999999971e-05,0.00012250000000000005,4.49999999999999e-05,9.800000000000043e-05,8.350000000000024e-05,9.599999999999886e-05,7.900000000000094e-05,8.299999999999974e-05,9.799999999999913e-05
2018-07-05,-1.399999999999969e-05,0.0,-1.7500000000000046e-05,3.500000000000009e-05,-2.8000000000000247e-05,-2.499999999999985e-05,-6.999999999999975e-05,-5.800000000000076e-05,-5.799999999999989e-05,-0.00010800000000000046
2018-07-06,-1.0999999999999725e-05,-7.999999999999978e-06,-1.2499999999999979e-05,-1.0000000000000026e-05,-7.000000000000062e-06,-9.999999999999593e-06,-2.499999999999985e-05,-2.199999999999945e-05,-1.7999999999999787e-05,-1.9999999999985307e-06
2018-07-09,-7.000000000000495e-06,1.0000000000000026e-05,9.999999999999972e-06,5.000000000000013e-06,-2.0000000000000052e-05,-1.3000000000000858e-05,1.1000000000000593e-05,1.5000000000000256e-05,7.999999999999327e-06,1.9999999999999185e-05
2018-07-10,0.0,3.300000000000004e-05,5.250000000000003e-05,0.00010900000000000016,0.00015949999999999992,0.00015550000000000026,0.0001694999999999995,0.00015949999999999992,0.000154500000000001,0.00016150000000000019
2018-07-11,-2.999999999999531e-06,9.600000000000233e-06,2.45e-05,5.999999999999929e-06,-3.8499999999999906e-05,-2.9500000000000012e-05,-4.0000000000000105e-05,-3.9499999999999605e-05,-5.0000000000000565e-05,-4.5499999999998667e-05
2018-07-12,-1.700000000000052e-05,-1.5600000000000162e-05,-2.7000000000000006e-05,-2.0000000000000052e-05,-9.99999999999699e-07,-8.000000000000194e-06,-5.999999999999929e-06,-1.5000000000001124e-05,-9.49999999999996e-06,-1.600000000000039e-05
2018-07-13,2.0000000000000052e-05,-9.00000000000011e-06,-3.499999999999998e-05,-7.000000000000018e-05,-0.00010000000000000026,-0.00010499999999999919,-0.00010950000000000022,-8.99999999999998e-05,-6.499999999999995e-05,-7.500000000000041e-05
2018-07-16,0.0,3.500000000000009e-05,6.239999999999997e-05,9.000000000000024e-05,0.00012699999999999994,0.00012199999999999971,0.00013500000000000057,0.00014500000000000103,0.0001299999999999999,0.0001449999999999993
2018-07-17,-5.999999999999929e-06,-1.0000000000000026e-05,-3.24e-05,-5.5000000000000144e-05,-9.699999999999986e-05,-0.00010199999999999966,-0.00010700000000000032,-0.00012199999999999971,-0.00011749999999999955,-0.0001299999999999999
2018-07-18,5.500000000000296e-06,-1.8000000000000004e-05,-1.749999999999999e-05,-4.500000000000012e-05,-3.000000000000008e-05,-3.0000000000000512e-05,-4.2999999999999636e-05,-6.300000000000142e-05,-5.5499999999999994e-05,-5.999999999999929e-05
2018-07-19,-5.000000000000664e-07,7.999999999999978e-06,5.000000000000013e-06,-5.000000000000013e-06,-4.59999999999996e-05,-6.999999999999975e-05,-7.500000000000041e-05,-6.499999999999909e-05,-6.800000000000035e-05,-7.500000000000041e-05
2018-07-20,5.499999999999863e-06,4.0000000000000105e-05,8.749999999999999e-05,0.00016600000000000013,0.00023649999999999973,0.0002804999999999995,0.0002890000000000002,0.0003204999999999996,0.00031950000000000034,0.0003455000000000003
2018-07-23,5.499999999999863e-06,4.7999999999999866e-05,8.790000000000001e-05,0.00012700000000000016,0.00016949999999999995,0.00020850000000000035,0.0002595000000000002,0.00024050000000000026,0.0002449999999999987,0.0002404999999999994
2018-07-24,-4.999999999999796e-06,-7.999999999999978e-06,-3.7899999999999986e-05,-2.7000000000000114e-05,-2.7999999999999813e-05,-8.000000000000021e-05,-0.00011249999999999975,-0.00011600000000000065,-0.0001284999999999984,-0.0001360000000000007
2018-07-25,1.0000000000000026e-05,-7.000000000000062e-06,2.529999999999999e-05,-2.9999999999999645e-06,-2.2000000000000318e-05,1.0999999999999725e-05,-1.8000000000000654e-05,-3.199999999999904e-05,-4.4000000000000636e-05,-4.4999999999998166e-05
2018-07-26,1.9999999999998318e-06,2.20000000000001e-05,5.089999999999999e-05,9.549999999999988e-05,0.00013999999999999993,0.00013000000000000077,0.00015700000000000002,0.00016699999999999875,0.00016400000000000095,0.00017499999999999807
2018-07-27,-1.1999999999999858e-05,1.0000000000000026e-05,2.3000000000000017e-06,1.4999999999999823e-06,-1.4999999999999823e-05,-1.000000000000046e-05,0.0,1.5000000000001124e-05,2.9999999999998778e-05,3.0000000000000512e-05
2018-07-30,3.600000000000001e-05,8.299999999999996e-05,0.00017350000000000002,0.00017500000000000024,0.00019950000000000002,0.0002149999999999999,0.0002199999999999997,0.00023000000000000017,0.0002465000000000002,0.0002500000000000002
2018-07-31,-1.4999999999997654e-06,4.700000000000017e-05,3.8e-05,6.999999999999975e-05,5.5499999999999994e-05,6.399999999999982e-05,5.800000000000076e-05,4.99999999999997e-05,2.650000000000048e-05,0.0
2018-08-01,2.0499999999999685e-05,3.600000000000001e-05,9.8e-05,0.00013500000000000014,0.00018100000000000017,0.0002360000000000001,0.00024199999999999916,0.0002169999999999993,0.00024699999999999896,0.0002360000000000001
2018-08-02,-5.000000000000664e-07,-2.099999999999997e-05,-6.8e-05,-5.000000000000013e-05,-6.400000000000025e-05,-0.00010000000000000026,-7.999999999999934e-05,-3.199999999999991e-05,-7.299999999999841e-05,-2.599999999999998e-05
2018-08-03,5.05000000000002e-05,1.9999999999998318e-06,-6.700000000000002e-05,-0.00016249999999999988,-0.00021699999999999975,-0.00024550000000000006,-0.0002600000000000007,-0.00029049999999999996,-0.000282000000000001,-0.00032249999999999987
2018-08-06,9.49999999999996e-06,-1.299999999999999e-05,-5.6999999999999996e-05,-9.850000000000006e-05,-0.00011500000000000008,-0.0001324999999999998,-0.0001449999999999993,-0.00013949999999999987,-0.00014149999999999927,-0.00014349999999999953
2018-08-07,7.500000000000128e-06,3.799999999999984e-05,8.399999999999998e-05,6.7e-05,7.499999999999998e-05,0.00010000000000000026,0.00010999999999999985,0.00011999999999999945,0.00012749999999999914,0.00014199999999999977
2018-08-08,2.9999999999999645e-06,-3.2999999999999826e-05,-8.999999999999999e-05,-5.200000000000018e-05,-6.300000000000012e-05,-5.3000000000000096e-05,-6.500000000000082e-05,-5.099999999999983e-05,-6.300000000000056e-05,-3.099999999999978e-05
2018-08-09,1.7999999999999787e-05,2.0000000000000486e-06,-2.5000000000000005e-05,-7.519999999999988e-05,-0.00010699999999999989,-0.00013399999999999957,-0.00011999999999999945,-0.0001239999999999991,-0.00010299999999999893,-0.0001255000000000006
2018-08-10,3.2000000000000344e-05,-5.049999999999998e-05,-0.000133,-0.00022329999999999984,-0.0002999999999999999,-0.0003400000000000009,-0.0003625,-0.000380000000000001,-0.0003864999999999997,-0.0003844999999999994
2018-08-13,-1.0000000000000026e-05,-1.5500000000000106e-05,-5.949999999999998e-05,-7.550000000000005e-05,-5.099999999999983e-05,-5.399999999999936e-05,-5.6500000000000127e-05,-6.599999999999922e-05,-6.750000000000072e-05,-7.000000000000062e-05
2018-08-14,-3.700000000000014e-05,-1.6000000000000172e-05,1.2499999999999979e-05,3.000000000000008e-05,3.600000000000001e-05,4.19999999999995e-05,4.900000000000043e-05,7.200000000000002e-05,8.100000000000034e-05,8.5e-05
2018-08-15,-2.3000000000000017e-05,-6.409999999999988e-05,-0.00012999999999999996,-0.00012600000000000003,-0.00013400000000000044,-0.0001399999999999995,-0.00014500000000000016,-0.00016199999999999982,-0.0001510000000000001,-0.0001559999999999999
2018-08-16,0.0,3.0100000000000135e-05,2.999999999999997e-05,8.599999999999992e-05,9.699999999999986e-05,6.099999999999942e-05,6.799999999999948e-05,6.699999999999935e-05,5.7000000000000627e-05,5.6000000000000494e-05
2018-08-17,-6.000000000000363e-06,-2.5000000000000066e-05,-9.9999999999997e-07,-7.249999999999986e-05,-8.299999999999974e-05,-1.3499999999999623e-05,-2.2499999999999083e-05,-5.5999999999999626e-05,-6.800000000000035e-05,-5.500000000000123e-05
2018-08-20,-1.8999999999999486e-05,-1.8000000000000004e-05,-2.800000000000068e-06,1.8499999999999853e-05,1.5999999999999955e-05,-2.0499999999999685e-05,-4.0500000000000605e-05,-9.999999999999593e-06,-1.000000000000046e-05,-2.9999999999998778e-05
2018-08-21,1.7999999999999787e-05,6.400000000000004e-05,5.880000000000002e-05,0.00010400000000000014,0.0001429999999999999,0.00014199999999999977,0.00015499999999999976,0.00014999999999999996,0.00016499999999999935,0.00017199999999999854
2018-08-22,0.0,-8.999999999999894e-06,4.500000000000001e-05,1.9999999999999836e-05,6.000000000000363e-06,1.4999999999997654e-06,-9.999999999999593e-06,-1.5000000000000256e-05,-5.2499999999999596e-05,-2.6999999999999247e-05
2018-08-23,-7.000000000000062e-06,1.5999999999999955e-05,-2.5000000000000066e-06,5.000000000000013e-06,4.999999999999796e-06,3.6500000000000074e-05,4.0000000000000105e-05,3.999999999999924e-05,6.250000000000006e-05,3.500000000000031e-05
2018-08-24,-5.00000000000023e-06,-4.000000000000314e-06,3.2500000000000004e-05,3.629999999999996e-05,4.25e-05,2.249999999999995e-05,-5.000000000005e-07,-2.4999999999990308e-06,-7.499999999998827e-06,-7.500000000000562e-06
2018-08-27,3.000000000000398e-06,4.8500000000000366e-05,6.5e-05,9.620000000000006e-05,0.00013299999999999987,0.00013500000000000057,0.0001705000000000005,0.00019249999999999996,0.00018049999999999837,0.0001975000000000015
2018-08-28,5.999999999999929e-06,-5.000000000000664e-07,1.2500000000000006e-05,8.500000000000044e-06,-2.050000000000012e-05,-2.0000000000002655e-06,5.000000000000664e-06,2.0000000000000052e-05,4.5000000000001636e-05,2.9999999999998778e-05
2018-08-29,1.0000000000000026e-05,3.899999999999997e-05,7.75e-05,0.00011800000000000005,0.00015850000000000022,0.00019249999999999996,0.00018599999999999953,0.0001449999999999993,0.00016099999999999969,0.00015000000000000083
2018-08-30,2.0000000000000052e-05,-2.500000000000115e-06,-7.75e-05,-0.00016399999999999987,-0.00020850000000000035,-0.0002645,-0.00029100000000000046,-0.00028999999999999946,-0.0002955000000000006,-0.00030500000000000145
2018-08-31,-2.7999999999999813e-05,-4.349999999999992e-05,-5.4999999999999995e-05,-5.5000000000000144e-05,-0.00011549999999999928,-0.00012850000000000014,-0.00012000000000000031,-0.0001299999999999999,-0.0001435000000000004,-0.00013599999999999897
2018-09-03,-2.0000000000002655e-06,-6.000000000000146e-06,0.0,-1.8400000000000014e-05,5.499999999999863e-06,9.999999999999593e-06,-7.499999999999694e-06,9.49999999999996e-06,1.2500000000001225e-05,9.999999999992654e-07
2018-09-04,-2.0000000000000052e-05,0.0,2.5000000000000066e-06,5.840000000000012e-05,9.099999999999994e-05,8.700000000000027e-05,0.00011250000000000062,0.0001004999999999999,7.249999999999965e-05,0.00011000000000000072
2018-09-05,1.0000000000000026e-05,3.850000000000034e-05,0.00011999999999999999,0.0001349999999999997,0.00016899999999999988,0.00019300000000000046,0.0001824999999999995,0.0001849999999999994,0.00018950000000000043,0.0001799999999999996
2018-09-06,-4.199999999999994e-05,-3.9500000000000255e-05,-9.38e-05,-8.5e-05,-0.00011000000000000029,-0.00012799999999999964,-0.00013750000000000047,-0.0001399999999999995,-0.00013950000000000073,-0.0001499999999999991
2018-09-07,1.7000000000000088e-05,1.7000000000000088e-05,6.38e-05,9.000000000000002e-05,0.00013999999999999993,0.0001774999999999997,0.00014500000000000016,0.00015449999999999926,0.00017250000000000078,0.00017
2018-09-10,-2.300000000000045e-05,5.000000000000013e-06,1.7500000000000002e-05,3.000000000000008e-05,4.0000000000000105e-05,5.5499999999999994e-05,0.00013500000000000057,0.00015550000000000112,0.00015749999999999792,0.00017
2018-09-11,-2.1999999999999884e-05,-2.800000000000003e-05,3.2500000000000004e-05,8.5e-05,0.00011000000000000029,0.00015999999999999955,0.00015399999999999962,0.0001549999999999989,0.000172000000000002,0.00018199999999999987
2018-09-12,9.000000000000327e-06,-3.0000000000001813e-06,-2.75e-05,-5.499999999999993e-05,-5.000000000000013e-05,-0.00010500000000000006,-8.900000000000054e-05,-8.99999999999998e-05,-9.10000000000008e-05,-0.00011000000000000072
2018-09-13,0.0,1.6000000000000172e-05,4.2499999999999996e-05,5.999999999999994e-05,7.499999999999998e-05,6.350000000000019e-05,4.7000000000001034e-05,3.0000000000000512e-05,1.4000000000000123e-05,2.8000000000000247e-05
2018-09-14,-5.00000000000023e-06,2.8999999999999946e-05,5.500000000000001e-05,6.999999999999997e-05,5.500000000000036e-05,9.30000000000002e-05,0.00011049999999999949,0.0001299999999999999,0.00014750000000000006,0.0001449999999999993
2018-09-17,9.000000000000327e-06,6.550000000000002e-05,8.999999999999998e-05,0.0001200000000000001,0.0001559999999999999,0.00016349999999999958,0.00016750000000000098,0.00015500000000000062,0.0001349999999999997,0.00013250000000000067
2018-09-18,1.1999999999999858e-05,3.850000000000012e-05,3.500000000000001e-05,7.59999999999999e-05,0.00010899999999999972,8.99999999999998e-05,9.49999999999996e-05,0.00010499999999999919,0.00011949999999999981,0.00011249999999999975
2018-09-19,4.999999999999796e-06,2.9999999999999862e-05,7.499999999999998e-05,7.90000000000003e-05,5.499999999999993e-05,0.00011000000000000072,0.00010499999999999919,0.00011000000000000072,8.800000000000127e-05,0.00012000000000000031
2018-09-20,1.0000000000000026e-05,3.950000000000004e-05,0.0,2.499999999999985e-05,-2.2999999999999583e-05,-6.499999999999995e-05,-6.000000000000016e-05,-6.000000000000016e-05,-5.6000000000000494e-05,-7.000000000000062e-05
2018-09-21,9.49999999999996e-06,-1.7499999999999937e-05,1.0000000000000026e-05,-7.499999999999998e-05,-7.499999999999998e-05,-7.000000000000062e-05,-6.999999999999975e-05,-6.750000000000072e-05,-4.4000000000000636e-05,-6.299999999999882e-05
2018-09-24,3.6500000000000074e-05,0.0001805000000000001,0.00026799999999999995,0.00037030000000000006,0.0004379999999999996,0.0004375000000000004,0.0004299999999999998,0.00040250000000000095,0.00036500000000000074,0.00034799999999999935
2018-09-25,7.000000000000062e-06,6.249999999999984e-05,0.00017700000000000007,0.0002247,0.00027999999999999987,0.0003045000000000001,0.00032499999999999977,0.0003199999999999991,0.0003099999999999995,0.00033500000000000023
2018-09-26,1.1999999999999858e-05,-7.999999999999978e-06,-1.0000000000000026e-05,-5.500000000000036e-05,-8.99999999999998e-05,-0.0001010000000000004,-0.00015499999999999976,-0.00016000000000000042,-0.00017,-0.00019000000000000093
2018-09-27,2.5000000000000282e-05,9.299999999999998e-05,0.0001249999999999999,0.0001500000000000004,0.00014400000000000003,0.00011200000000000012,0.0001250000000000001,7.000000000000062e-05,4.099999999999937e-05,1.9999999999999185e-05
2018-09-28,-2.9999999999999645e-06,-9.299999999999998e-05,-0.00019499999999999986,-0.0002700000000000003,-0.0003340000000000001,-0.00033799999999999976,-0.0003599999999999992,-0.00032499999999999977,-0.0003009999999999992,-0.0003033999999999988
2018-10-01,7.99999999999976e-06,0.0,1.500000000000004e-05,1.800000000000022e-05,3.850000000000034e-05,4.2999999999999636e-05,2.9999999999999645e-05,4.100000000000024e-05,7.300000000000015e-05,8.04000000000013e-05
2018-10-02,8.999999999999894e-06,-6.499999999999995e-05,-0.00017000000000000012,-0.00019800000000000026,-0.00025350000000000025,-0.000268,-0.00023749999999999986,-0.00023850000000000086,-0.00026799999999999914,-0.000257000000000002
2018-10-03,-1.399999999999969e-05,0.00010500000000000006,0.00018499999999999994,0.0002500000000000002,0.0003100000000000004,0.0003424999999999999,0.0003600000000000001,0.00036800000000000027,0.0003749999999999986,0.00037050000000000277
2018-10-04,4.999999999999796e-06,9.499999999999992e-05,0.00023500000000000007,0.0003150000000000002,0.00037749999999999936,0.0003950000000000004,0.00038000000000000013,0.00038000000000000013,0.0003770000000000006,0.00037699999999999713
2018-10-05,1.5999999999999955e-05,4.3999999999999985e-05,0.0,0.00016999999999999958,0.00024000000000000063,0.0003099999999999995,0.0003899999999999997,0.0003770000000000006,0.00043799999999999915,0.00040500000000000085
2018-10-08,1.0000000000000026e-05,-2.0000000000000052e-05,3.75000000000001e-05,-0.00013699999999999997,-0.00019450000000000023,-0.0002842999999999995,-0.0002989999999999998,-0.0002670000000000016,-0.00030249999999999895,-0.00026249999999999885
2018-10-09,-5.999999999999929e-06,-3.999999999999989e-06,-4.7500000000000125e-05,-1.3500000000000057e-05,-2.300000000000045e-05,4.629999999999999e-05,2.1000000000000185e-05,2.450000000000195e-05,1.549999999999989e-05,2.499999999999898e-05
2018-10-10,1.4499999999999756e-05,4.0000000000000105e-05,8.999999999999991e-05,9.049999999999987e-05,9.60000000000006e-05,8.549999999999964e-05,8.549999999999964e-05,8.499999999999827e-05,0.00010199999999999966,8.000000000000021e-05
2018-10-11,5.500000000000296e-06,-4.500000000000012e-05,-9.399999999999979e-05,-9.49999999999996e-05,-0.00010749999999999996,-0.0001449999999999993,-0.00015249999999999986,-0.00016049999999999918,-0.00017900000000000034,-0.00016750000000000098
2018-10-12,-1.4999999999999823e-05,-6.000000000000005e-05,-9.600000000000006e-05,-0.00016500000000000022,-0.0001935000000000001,-0.00019550000000000123,-0.00019249999999999996,-0.00019900000000000126,-0.00015500000000000062,-0.00019249999999999996
2018-10-15,-5.00000000000023e-06,-2.5500000000000024e-05,-3.899999999999997e-05,-1.4999999999999823e-05,9.999999999999593e-06,3.550000000000081e-05,5.4999999999999494e-05,0.00010950000000000022,4.1000000000001105e-05,0.0001250000000000001
2018-10-16,-3.799999999999984e-05,-7.749999999999988e-05,-0.00011200000000000001,-0.00015999999999999999,-0.0001799999999999996,-0.00016000000000000042,-0.00018500000000000027,-0.00021199999999999865,-0.00016700000000000048,-0.00020899999999999912
2018-10-17,-8.000000000000194e-06,-9.200000000000007e-05,-0.00016400000000000008,-0.0002000000000000001,-0.00021920000000000056,-0.0002349999999999991,-0.0002429999999999993,-0.00024799999999999996,-0.0002399999999999989,-0.0002459999999999997
2018-10-18,2.8000000000000247e-05,-3.4999999999999875e-05,-6.999999999999997e-05,-0.0001250000000000001,-0.00012329999999999936,-0.00018500000000000114,-0.00017700000000000094,-0.00018500000000000027,-0.00019500000000000073,-0.0001799999999999996
2018-10-19,9.99999999999699e-07,5.999999999999994e-05,9.199999999999996e-05,0.0002400000000000002,0.00032999999999999956,0.0003510000000000006,0.0003250000000000015,0.0002925000000000002,0.0002699999999999994,0.0002649999999999996
2018-10-22,8.000000000000194e-06,2.499999999999985e-05,5.299999999999999e-05,-5.499999999999993e-05,-0.00016249999999999988,-0.00013450000000000007,-0.00011300000000000112,-8.250000000000098e-05,-7.599999999999968e-05,-9.299999999999933e-05
2018-10-23,4.99999999999997e-05,-1.7499999999999937e-05,-8.999999999999991e-05,-0.0001250000000000001,-0.00012549999999999974,-0.00016149999999999932,-0.00020199999999999992,-0.0002199999999999997,-0.00023399999999999983,-0.0002270000000000015
2018-10-24,-1.0999999999999725e-05,-8.050000000000006e-05,-0.000134,-0.0001250000000000001,-0.00015450000000000056,-0.00014250000000000027,-0.00011499999999999965,-0.00010499999999999919,-8.700000000000027e-05,-5.999999999999929e-05
2018-10-25,-7.500000000000128e-06,1.6000000000000172e-05,2.3999999999999987e-05,4.49999999999999e-05,6.300000000000056e-05,3.249999999999954e-05,2.499999999999898e-05,2.9999999999999645e-05,3.200000000000078e-05,-7.500000000000562e-06
2018-10-26,-1.749999999999972e-05,-4.849999999999993e-05,-0.00017999999999999998,-0.00021049999999999975,-0.00028299999999999983,-0.0003049999999999997,-0.00025249999999999925,-0.00027750000000000084,-0.00029450000000000136,-0.0002950000000000001
2018-10-29,-5.00000000000023e-06,3.1499999999999844e-05,0.00012399999999999998,8.550000000000007e-05,0.00011299999999999982,0.0001399999999999995,7.250000000000052e-05,9.500000000000133e-05,8.700000000000027e-05,0.00012000000000000031
2018-10-30,-1.0000000000000026e-05,-1.5999999999999955e-05,-5.999999999999983e-06,-4.0000000000000105e-05,-6.300000000000012e-05,-8.000000000000021e-05,-4.0000000000000105e-05,-7.249999999999965e-05,-7.249999999999965e-05,-7.750000000000118e-05
2018-10-31,8.000000000000194e-06,1.899999999999992e-05,5.199999999999996e-05,9.8e-05,0.00010999999999999985,0.00013000000000000077,9.49999999999996e-05,0.00012249999999999935,0.0001349999999999997,0.00013000000000000164
2018-11-01,7.000000000000062e-06,2.1000000000000185e-05,5.499999999999998e-05,3.199999999999991e-05,5.499999999999993e-05,4.999999999999883e-05,6.000000000000016e-05,6.250000000000006e-05,6.500000000000082e-05,5.4999999999999494e-05
2018-11-02,-1.4000000000000123e-05,-5.000000000000013e-06,-6.499999999999995e-05,7.000000000000062e-06,2.0000000000000052e-05,5.500000000000123e-05,0.00010999999999999985,0.0001349999999999997,0.00016499999999999848,0.0001749999999999998
2018-11-05,-2.599999999999998e-05,-4.0000000000000105e-05,-1.9999999999999944e-05,-2.699999999999968e-05,4.999999999999796e-06,-5.000000000000664e-06,-5.500000000000036e-05,-6.000000000000016e-05,-8.499999999999827e-05,-8.5e-05
2018-11-06,-2.9999999999999645e-06,6.000000000000146e-06,2.4999999999999957e-05,4.499999999999947e-05,4.5000000000000335e-05,5.500000000000036e-05,5.500000000000036e-05,5.250000000000046e-05,6.249999999999832e-05,7.749999999999944e-05
2018-11-07,1.299999999999999e-05,5.9000000000000025e-05,9.299999999999998e-05,8.5e-05,7.499999999999998e-05,8.100000000000034e-05,9.49999999999996e-05,9.349999999999983e-05,9.800000000000086e-05,7.250000000000138e-05
2018-11-08,2.699999999999968e-05,4.0999999999999804e-05,8.200000000000004e-05,7.500000000000041e-05,9.500000000000003e-05,8.99999999999998e-05,8.99999999999998e-05,9.650000000000023e-05,8.950000000000104e-05,9.49999999999996e-05
2018-11-09,-6.999999999999628e-06,-3.350000000000011e-05,-0.00010500000000000006,-0.00016000000000000042,-0.00022000000000000014,-0.00025100000000000035,-0.0002624999999999997,-0.00027749999999999997,-0.00028000000000000073,-0.0002950000000000001
2018-11-12,1.0000000000000026e-05,-1.549999999999989e-05,-6.999999999999997e-05,-9.999999999999983e-05,-0.00011000000000000029,-0.00010999999999999985,-0.00011299999999999939,-0.00011050000000000035,-0.0001299999999999999,-0.00010500000000000093
2018-11-13,1.4999999999999823e-05,3.0499999999999928e-05,1.4999999999999985e-05,3.500000000000031e-05,5.05000000000002e-05,4.25e-05,4.99999999999997e-05,4.049999999999974e-05,5.999999999999929e-05,5.15000000000012e-05
2018-11-14,5.00000000000023e-06,-6.550000000000002e-05,-4.0999999999999967e-05,-9.500000000000025e-05,-0.0001004999999999999,-8.44999999999995e-05,-0.00010449999999999956,-9.99999999999994e-05,-9.49999999999996e-05,-8.649999999999977e-05
2018-11-15,-7.500000000000128e-06,-5.199999999999996e-05,-0.00015200000000000004,-0.00012949999999999984,-0.00019999999999999966,-0.0002729999999999998,-0.00018450000000000064,-0.00019000000000000093,-0.00018450000000000064,-0.00018250000000000037
2018-11-16,7.500000000000128e-06,-1.7499999999999937e-05,3.499999999999998e-05,-3.5500000000000375e-05,-7.000000000000495e-06,6.199999999999956e-05,-1.899999999999992e-05,1.1999999999999858e-05,-8.499999999998092e-06,1.549999999999989e-05
2018-11-19,1.0000000000000026e-05,1.1500000000000008e-05,-1.9999999999999673e-06,8.000000000000411e-06,-1.0500000000000093e-05,-2.7500000000000614e-05,-1.1999999999999858e-05,-1.6999999999998787e-05,1.0999999999998858e-05,-2.8000000000000247e-05
2018-11-20,-3.4000000000000176e-05,-6.29999999999999e-05,-9.5e-05,-7.300000000000015e-05,-5.5499999999999994e-05,-8.94999999999993e-05,-7.950000000000058e-05,-0.00012500000000000098,-0.00013750000000000047,-0.0001449999999999993
2018-11-21,-5.999999999999929e-06,-1.0000000000000026e-05,-3.999999999999989e-06,-4.000000000000097e-06,-6.499999999999562e-06,2.8999999999999512e-05,5.000000000005e-07,2.0000000000000052e-05,2.9500000000000012e-05,3.5499999999999074e-05
2018-11-22,-2.0000000000002655e-06,-1.500000000000199e-06,-1.600000000000001e-05,-1.0999999999999942e-05,-1.1000000000000159e-05,-2.9499999999999145e-05,-2.799999999999938e-05,-2.499999999999898e-05,-4.99999999999997e-05,-3.0499999999999278e-05
2018-11-23,-1.749999999999972e-05,-4.7999999999999866e-05,-9.400000000000001e-05,-0.00011000000000000007,-0.00013999999999999993,-0.00014950000000000033,-0.00016200000000000069,-0.0001724999999999999,-0.0001465000000000008,-0.0001904999999999997
2018-11-26,-1.500000000000199e-06,8.499999999999827e-06,5.900000000000001e-05,6.500000000000017e-05,9.049999999999987e-05,8.5e-05,9.949999999999976e-05,0.00010749999999999909,6.650000000000059e-05,0.00011049999999999949
2018-11-27,-1.1999999999999858e-05,-5.9999999999999724e-05,-8.300000000000001e-05,-8.750000000000012e-05,-0.00011299999999999982,-0.00010000000000000026,-0.00010499999999999919,-0.00010350000000000029,-7.499999999999868e-05,-7.850000000000044e-05
2018-11-28,-3.000000000000398e-06,1.9999999999998318e-06,2.2e-05,-2.249999999999995e-05,3.249999999999998e-05,3.099999999999978e-05,3.199999999999904e-05,3.7500000000001074e-05,3.699999999999884e-05,3.850000000000034e-05
2018-11-29,9.000000000000327e-06,-6.800000000000013e-05,-0.000184,-0.00015499999999999997,-0.00022449999999999987,-0.0002310000000000003,-0.00023199999999999957,-0.00023050000000000067,-0.00021700000000000018,-0.00022149999999999948
2018-11-30,2.7000000000000114e-05,-8.999999999999677e-06,-1.9999999999999998e-05,-4.0000000000000105e-05,-5.000000000000013e-05,-4.99999999999997e-05,-5.5999999999999626e-05,-6.149999999999992e-05,-5.5999999999999626e-05,-4.900000000000043e-05
2018-12-03,2.7999999999999813e-05,1.0000000000000026e-05,4.0999999999999994e-05,-2.499999999999985e-05,-1.4999999999999823e-05,-2.9999999999999645e-05,-3.1000000000000645e-05,-2.4000000000000583e-05,-3.800000000000071e-05,-3.6500000000000074e-05
2018-12-04,1.7000000000000088e-05,-3.500000000000009e-05,-0.000115,-0.0002050000000000001,-0.00027500000000000007,-0.0002890000000000002,-0.00030599999999999985,-0.000353,-0.00037099999999999893,-0.00037799999999999986
2018-12-05,4.949999999999963e-05,0.0001380000000000001,0.00014150000000000002,0.00022499999999999994,0.0002500000000000002,0.0002490000000000001,0.0002329999999999997,0.0002550000000000009,0.000255,0.00025249999999999925
2018-12-06,1.350000000000049e-05,-3.300000000000004e-05,-0.0001175,-8.549999999999986e-05,-7.250000000000052e-05,-0.0001299999999999999,-9.99999999999994e-05,-0.00011500000000000052,-0.00011400000000000039,-0.00012749999999999914
2018-12-07,1.299999999999999e-05,3.300000000000004e-05,9.6e-05,5.499999999999863e-06,-7.499999999999694e-06,2.9999999999999645e-05,-7.999999999999327e-06,2.5000000000007655e-06,1.650000000000002e-05,1.9999999999999185e-05
2018-12-10,1.9999999999998318e-06,6.999999999999628e-06,-3.100000000000002e-05,4.450000000000005e-05,6.499999999999995e-06,6.500000000000082e-05,2.9499999999999145e-05,1.7499999999999287e-05,2.199999999999945e-05,2.5500000000001216e-05
2018-12-11,1.7000000000000088e-05,-9.999999999999593e-06,0.0,-5.6999999999999976e-05,-2.1000000000000185e-05,-5.6500000000000994e-05,5.999999999999929e-06,2.0000000000000052e-05,4.999999999996327e-07,1.4499999999998889e-05
2018-12-12,1.9499999999999986e-05,9.099999999999994e-05,9.1e-05,0.00023249999999999985,0.00028399999999999996,0.0002964999999999999,0.0003075000000000005,0.00032500000000000064,0.00032500000000000064,0.00033000000000000043
2018-12-13,4.000000000000097e-06,-4.100000000000024e-05,-1.0999999999999983e-05,-0.00010649999999999982,-0.00012299999999999985,-0.00011649999999999942,-0.0001405,-0.00014500000000000103,-0.00012249999999999935,-0.00013149999999999967
2018-12-14,0.0,-6.199999999999977e-05,-9.800000000000002e-05,-0.0001495000000000001,-0.0001715000000000002,-0.000183,-0.00016450000000000058,-0.00015249999999999986,-0.00012500000000000098,-0.00012900000000000064
2018-12-17,-9.49999999999996e-06,-1.6000000000000172e-05,-2.599999999999998e-05,1.0000000000000026e-05,3.500000000000031e-05,3.0000000000000512e-05,2.9999999999999645e-05,3.250000000000041e-05,2.499999999999898e-06,1.8000000000000654e-05
2018-12-18,-2.750000000000018e-05,-9.099999999999994e-05,-9.6e-05,-0.00010899999999999994,-0.00011649999999999985,-0.0001305000000000004,-0.0001399999999999995,-0.00016500000000000022,-0.0001749999999999998,-0.00018250000000000037
2018-12-19,-1.0500000000000093e-05,-6.25999999999999e-05,-9.000000000000002e-05,-0.000125,-0.00012850000000000058,-0.00014500000000000016,-0.00015050000000000046,-0.00014999999999999996,-0.00011900000000000018,-0.0001349999999999997
2018-12-20,-2.0000000000000052e-05,-9.40000000000012e-06,-3.700000000000003e-05,-7.900000000000008e-05,-0.00011499999999999965,-0.00010000000000000026,-0.00010249999999999929,-8.80000000000004e-05,-0.00011399999999999952,-0.00010000000000000113
2018-12-21,-1.1000000000000159e-05,-2.400000000000015e-05,-3.399999999999996e-05,-1.6000000000000064e-05,-1.549999999999989e-05,1.2500000000000358e-05,5.5499999999999994e-05,7.550000000000091e-05,9.24999999999997e-05,0.00013500000000000144
2018-12-24,-8.999999999999894e-06,,-3.899999999999992e-05,,,,,,,
2018-12-25,,,0.0,,,,,,,
2018-12-26,,,-9.000000000000002e-05,,,,,,,
2018-12-27,-4.999999999999796e-06,,-6.000000000000005e-05,,,,,,,
2018-12-28,1.899999999999992e-05,9.499999999999743e-06,-5.6999999999999976e-05,-7.75000000000001e-05,-7.550000000000005e-05,-9.749999999999993e-05,-8.000000000000021e-05,-6.499999999999995e-05,-7.250000000000052e-05,-5.999999999999929e-05
2018-12-31,-1.2499999999999924e-05,,-5.299999999999999e-05,,,,,,,
2019-01-01,,,5.000000000000002e-05,,,,,,,
2019-01-02,-7.000000000000062e-06,,-0.0002490000000000001,,,,,,,
2019-01-03,3.750000000000021e-05,4.399999999999977e-05,2.3000000000000017e-05,1.749999999999999e-05,-9.49999999999996e-06,-5.999999999999929e-05,-4.94999999999992e-05,-5.4999999999999494e-05,-2.0000000000000052e-05,-3.499999999999944e-05
2019-01-04,2.949999999999958e-05,0.0001600000000000002,0.000268,0.00033749999999999996,0.0003815000000000001,0.0004274999999999995,0.0004374999999999995,0.000449999999999999,0.0004475,0.00045500000000000054
2019-01-07,2.249999999999995e-05,6.0999999999999856e-05,6.300000000000001e-05,0.00011000000000000007,8.850000000000004e-05,8.250000000000011e-05,7.750000000000031e-05,8.000000000000021e-05,6.749999999999985e-05,8.499999999999827e-05
2019-01-08,4.5000000000000335e-05,0.000134,0.00020400000000000003,0.000205,0.00019199999999999968,0.0001820000000000003,0.0001899999999999992,0.00016700000000000048,0.00016250000000000032,0.0001520000000000011
2019-01-09,4.999999999999796e-06,2.45e-05,0.00042599999999999995,5.499999999999993e-05,7.750000000000031e-05,9.299999999999977e-05,8.250000000000011e-05,9.299999999999933e-05,8.74999999999999e-05,0.0001004999999999999
2019-01-10,-1.4000000000000123e-05,-2.9500000000000012e-05,-0.00046199999999999995,-0.00011200000000000001,-0.00013200000000000017,-0.00014550000000000023,-0.0001330000000000003,-0.0001319999999999993,-0.00011149999999999962,-0.00011249999999999975
2019-01-11,-3.9999999999996635e-06,-2.649999999999983e-05,-2.6000000000000036e-05,-4.299999999999996e-05,-6.699999999999979e-05,-7.949999999999971e-05,-8.799999999999954e-05,-9.30000000000002e-05,-0.0001010000000000004,-0.00010250000000000016
2019-01-14,-3.9000000000000406e-05,-0.00012450000000000026,-0.00018599999999999997,-0.00018999999999999996,-0.00015950000000000035,-0.00013900000000000023,-0.0001275,-9.500000000000047e-05,-9.099999999999994e-05,-8.099999999999948e-05
2019-01-15,-1.7999999999999787e-05,-9.199999999999985e-05,-0.00018800000000000002,-0.00019500000000000008,-0.00022599999999999964,-0.00022099999999999984,-0.00020650000000000009,-0.00020449999999999982,-0.00020500000000000032,-0.0001915000000000007
2019-01-16,1.7500000000000154e-05,8.699999999999984e-05,0.000169,0.00013000000000000007,0.0001299999999999997,0.0001250000000000001,0.00010250000000000016,8.950000000000017e-05,9.35000000000007e-05,9.49999999999996e-05
2019-01-17,5.499999999999863e-06,4.700000000000017e-05,8.599999999999992e-05,0.00012499999999999995,0.00011500000000000008,0.00010500000000000006,0.00011500000000000052,0.00010750000000000082,8.94999999999993e-05,0.00010300000000000066
2019-01-18,2.599999999999998e-05,0.00011099999999999999,0.00016400000000000008,0.0002000000000000001,0.00023999999999999998,0.00022000000000000014,0.00018349999999999964,0.00018199999999999987,0.00020050000000000016,0.00014300000000000077
2019-01-21,1.0000000000001327e-06,-3.99999999999988e-06,2.4999999999999957e-05,-3.000000000000008e-05,-7.250000000000008e-05,-7.450000000000035e-05,-6.800000000000035e-05,-7.000000000000062e-05,-8.250000000000011e-05,-8.65000000000015e-05
2019-01-22,-5.999999999999929e-06,-5.250000000000003e-05,-9.699999999999997e-05,-0.0001330000000000001,-0.00013949999999999987,-0.00015149999999999973,-0.0001584999999999998,-0.00018450000000000064,-0.00021000000000000012,-0.0001849999999999994
2019-01-23,1.9999999999998318e-06,-1.7499999999999937e-05,-7.6e-05,-7.199999999999991e-05,-0.00010300000000000001,-0.00011900000000000018,-0.00014199999999999977,-0.00015599999999999902,-0.00015749999999999965,-0.00017750000000000057
2019-01-24,8.999999999999894e-06,-7.200000000000023e-05,-0.00014399999999999992,-0.00021500000000000002,-0.0002850000000000001,-0.0003275000000000001,-0.0003655000000000004,-0.0003974999999999994,-0.00042049999999999987,-0.0004344999999999991
2019-01-25,0.0,0.00010599999999999997,0.00015999999999999988,0.00022000000000000003,0.00023499999999999997,0.00021500000000000035,0.0001879999999999998,0.0001574999999999988,0.00015449999999999926,0.00015749999999999965
2019-01-28,5.00000000000023e-06,-4.399999999999977e-05,-2.9999999999999862e-05,-4.500000000000001e-05,-3.1999999999999694e-05,-9.000000000000327e-06,-1.249999999999949e-05,2.1000000000000185e-05,1.9000000000000787e-05,1.5000000000000256e-05
2019-01-29,-5.00000000000023e-06,-2.20000000000001e-05,-8.700000000000005e-05,-8.9e-05,-0.00011800000000000005,-0.00013850000000000017,-0.00012000000000000031,-0.0001349999999999997,-0.0001479999999999997,-0.00013000000000000077
2019-01-30,1.2000000000000292e-05,2.0000000000000052e-05,5.5000000000000036e-05,-2.5000000000000066e-06,-3.000000000000008e-05,-7.499999999999955e-05,-0.00010850000000000009,-0.0001324999999999998,-0.00013500000000000057,-0.0001724999999999999
2019-01-31,-3.9000000000000406e-05,-8.699999999999984e-05,-0.00016300000000000006,-0.00029350000000000003,-0.00034749999999999994,-0.00038500000000000036,-0.0004215,-0.00042749999999999993,-0.0004774999999999996,-0.0004634999999999995
2019-02-01,2.7000000000000114e-05,9.999999999999983e-05,0.000129,0.00022500000000000002,0.00026249999999999993,0.0002945000000000005,0.0003250000000000002,0.0003394999999999995,0.0004025000000000001,0.00036599999999999914
2019-02-04,1.4000000000000123e-05,2.20000000000001e-05,8.200000000000004e-05,8.999999999999997e-05,8.5e-05,8.149999999999954e-05,9.500000000000003e-05,9.650000000000023e-05,7.249999999999965e-05,8.500000000000087e-05
2019-02-05,1.5999999999999955e-05,1.8999999999999703e-05,-2.599999999999998e-05,-1.9999999999999998e-05,-3.000000000000008e-05,-4.149999999999987e-05,-6.250000000000006e-05,-8.100000000000034e-05,-7.949999999999971e-05,-8.500000000000087e-05
2019-02-06,2.750000000000018e-05,6.000000000000146e-06,-1.9000000000000028e-05,-2.999999999999997e-05,-3.799999999999984e-05,-4.4499999999999835e-05,-7.250000000000008e-05,-8.5e-05,-8.299999999999974e-05,-9.24999999999997e-05
2019-02-07,2.0499999999999685e-05,-4.9999999999999914e-05,-0.00014099999999999996,-0.0002045,-0.00028450000000000003,-0.0003165000000000004,-0.00032249999999999987,-0.00032949999999999993,-0.0003030000000000003,-0.00031999999999999997
2019-02-08,-1.7999999999999787e-05,-4.300000000000007e-05,-9.000000000000013e-05,-0.0001605,-0.00019250000000000018,-0.00022849999999999997,-0.00027050000000000034,-0.0002655000000000001,-0.0003180000000000006,-0.0002950000000000001
2019-02-11,8.999999999999894e-06,1.5999999999999955e-05,2.5000000000000066e-05,9.800000000000002e-05,0.00015800000000000015,0.000183,0.00023550000000000047,0.00024300000000000016,0.0002660000000000006,0.00027399999999999994
2019-02-12,-2.599999999999998e-05,-3.300000000000004e-05,4.7999999999999974e-05,5.199999999999999e-05,6.749999999999985e-05,6.900000000000005e-05,7.950000000000014e-05,7.900000000000008e-05,8.649999999999977e-05,0.00010600000000000106
2019-02-13,9.000000000000327e-06,5.700000000000019e-05,6.000000000000005e-05,5.4999999999999955e-05,4.9500000000000065e-05,5.250000000000003e-05,2.6499999999999614e-05,1.4499999999999756e-05,1.3499999999999623e-05,-1.000000000000046e-05
2019-02-14,7.99999999999976e-06,3.300000000000004e-05,3.6999999999999924e-05,4.500000000000001e-05,1.500000000000004e-05,-2.4500000000000216e-05,-4.9e-05,-8.149999999999998e-05,-0.00010749999999999909,-0.00011099999999999999
2019-02-15,-1.4999999999999823e-05,-3.540000000000032e-05,-2.499999999999985e-05,-2.249999999999995e-05,0.0,0.0,-1.9499999999999986e-05,-9.999999999999593e-06,4.999999999996327e-07,-3.9999999999996635e-06
2019-02-18,-2.8000000000000247e-05,-4.009999999999973e-05,-1.8000000000000112e-05,-4.45e-05,-3.4999999999999875e-05,-4.999999999999796e-06,2.249999999999995e-05,4.25e-05,3.799999999999984e-05,5.4999999999999494e-05
2019-02-19,-4.700000000000017e-05,-8.750000000000012e-05,-0.00011700000000000002,-7.600000000000003e-05,-7.000000000000018e-05,-7.699999999999981e-05,-7.799999999999994e-05,-8.649999999999977e-05,-9.500000000000047e-05,-9.849999999999963e-05
2019-02-20,2.750000000000018e-05,6.000000000000146e-06,-1.0000000000000026e-05,-5.599999999999999e-05,-0.00011499999999999987,-8.799999999999997e-05,-0.0001544999999999997,-0.00015600000000000076,-0.00017,-0.0001429999999999999
2019-02-21,2.249999999999995e-05,0.0001429999999999999,0.0001740000000000001,0.000234,0.00027500000000000007,0.00023499999999999997,0.0002844999999999996,0.0002650000000000005,0.0002640000000000012,0.00023349999999999933
2019-02-22,2.0000000000000052e-05,-4.0000000000000105e-05,-6.000000000000005e-05,-0.00015999999999999999,-0.00023750000000000008,-0.0002574999999999999,-0.000268,-0.0002685000000000005,-0.0002675000000000004,-0.0002894999999999998
2019-02-25,6.499999999999995e-06,1.800000000000022e-05,6.999999999999953e-06,5.999999999999997e-05,9.749999999999993e-05,9.749999999999993e-05,0.00011200000000000012,0.00011150000000000049,0.00010249999999999929,0.00012950000000000027
2019-02-26,2.6500000000000048e-05,5.3499999999999945e-05,4.800000000000008e-05,1.999999999999997e-05,2.20000000000001e-05,3.3499999999999676e-05,2.650000000000048e-05,4.200000000000037e-05,5.3000000000000096e-05,6.049999999999979e-05
2019-02-27,4.500000000000164e-06,5.750000000000004e-05,0.000125,0.00020750000000000006,0.0002615,0.0002710000000000004,0.0002844999999999996,0.00028499999999999966,0.0002919999999999997,0.00028750000000000043
2019-02-28,3.199999999999991e-05,7.499999999999976e-05,0.00012499999999999995,0.00013749999999999993,0.00017599999999999972,0.00019549999999999993,0.00021149999999999988,0.00022699999999999977,0.00024200000000000003,0.0002749999999999992
2019-03-01,-9.49999999999996e-06,3.000000000000008e-05,5.6000000000000006e-05,4.9e-05,2.750000000000018e-05,4.99999999999997e-05,6.199999999999956e-05,5.099999999999983e-05,6.800000000000035e-05,3.199999999999991e-05
2019-03-04,0.0,-4.0000000000000105e-05,-7.199999999999996e-05,-9.899999999999991e-05,-0.00011450000000000002,-0.00014849999999999976,-0.0001679999999999993,-0.00016400000000000008,-0.00019000000000000006,-0.0001869999999999988
2019-03-05,-3.4999999999999875e-05,-4.99999999999997e-05,-4.3000000000000015e-05,-2.0000000000000052e-05,-3.749999999999999e-05,-2.9500000000000012e-05,-2.8000000000000247e-05,-3.899999999999997e-05,-2.7499999999999747e-05,-3.750000000000021e-05
2019-03-06,-4.80000000000003e-05,-0.00014000000000000015,-0.00019400000000000005,-0.000295,-0.0003105,-0.00033350000000000003,-0.0003575000000000002,-0.00037449999999999983,-0.00038849999999999996,-0.0003870000000000002
2019-03-07,-7.399999999999985e-05,-0.00023700000000000001,-0.00036700000000000003,-0.0004217,-0.0004974999999999999,-0.0005595000000000001,-0.0005809999999999999,-0.0006194999999999998,-0.0006375,-0.0006254999999999993
2019-03-08,-8.000000000000194e-06,4.100000000000002e-05,6.100000000000007e-05,6.669999999999998e-05,3.799999999999995e-05,5.999999999999929e-06,-6.049999999999979e-05,-9.349999999999983e-05,-0.00017400000000000054,-0.0002050000000000012
2019-03-11,1.7500000000000154e-05,3.6000000000000225e-05,-7.000000000000062e-06,4.25e-05,6.349999999999997e-05,6.550000000000002e-05,7.250000000000008e-05,9.099999999999994e-05,0.00010700000000000032,8.99999999999998e-05
2019-03-12,9.49999999999996e-06,-1.0000000000000026e-05,1.4000000000000123e-05,-4.75e-05,-3.6500000000000074e-05,-3.549999999999994e-05,-5.700000000000019e-05,-7.850000000000001e-05,-6.649999999999972e-05,-6.749999999999985e-05
2019-03-13,0.0,0.0,-1.6000000000000172e-05,2.4999999999999998e-05,3.300000000000004e-05,5.000000000000013e-05,8.649999999999977e-05,0.0001004999999999999,0.00010600000000000019,0.00011750000000000042
2019-03-14,-2.0000000000002655e-06,1.999999999999615e-06,3.700000000000014e-05,0.0001005,0.00013000000000000002,0.0001244999999999996,0.00014000000000000037,0.00014349999999999953,0.00015199999999999936,0.00015249999999999986
2019-03-15,5.00000000000023e-06,1.8000000000000438e-05,1.5999999999999955e-05,-3.55e-05,-5.799999999999989e-05,-4.1499999999999653e-05,-5.799999999999989e-05,-5.349999999999973e-05,-4.2999999999999636e-05,-5.4999999999999494e-05
2019-03-18,1.4000000000000123e-05,1.2499999999999708e-05,-2.400000000000004e-05,-4.3499999999999993e-05,-5.95000000000002e-05,-8.000000000000021e-05,-9.70000000000003e-05,-9.549999999999967e-05,-0.00012199999999999971,-0.00011550000000000102
2019-03-19,9.99999999999699e-07,2.499999999999898e-06,4.600000000000014e-05,8.6e-05,0.00011000000000000018,0.00011700000000000013,0.00015750000000000052,0.00015999999999999999,0.00016199999999999982,0.00016050000000000005
2019-03-20,1.4000000000000123e-05,3.900000000000019e-05,1.9999999999999944e-05,-7.1e-06,-6.350000000000008e-05,-5.499999999999993e-05,-9.900000000000056e-05,-0.00011200000000000012,-8.950000000000017e-05,-0.000126499999999999
2019-03-21,5.999999999999929e-06,-6.20000000000002e-05,-9.199999999999996e-05,-0.0001554,-0.0001805,-0.00026000000000000003,-0.0002584999999999996,-0.00028800000000000006,-0.0003024999999999998,-0.00029850000000000015
2019-03-22,-4.999999999999796e-06,-5.699999999999976e-05,-0.00015700000000000002,-0.00019250000000000004,-0.0002585,-0.000304,-0.00038250000000000003,-0.0004199999999999998,-0.00048700000000000045,-0.0005350000000000008
2019-03-25,-2.9999999999999645e-06,-5.499999999999863e-06,-1.2000000000000075e-05,-5.299999999999999e-05,-5.9999999999999995e-05,-8.649999999999999e-05,-0.00011000000000000029,-0.0001315000000000001,-0.00014999999999999996,-0.00014999999999999996
2019-03-26,7.99999999999976e-06,5.5499999999999994e-05,0.0001119999999999999,0.00011550000000000004,0.000134,0.00015249999999999986,0.00016250000000000032,0.00016150000000000019,0.00015850000000000065,0.00016500000000000022
2019-03-27,-0.00011500000000000008,-0.0003700000000000003,-0.000565,-0.000635,-0.0006545,-0.0006724999999999998,-0.0006595000000000001,-0.0006405,-0.0005825000000000006,-0.0006045
2019-03-28,1.800000000000022e-05,7.500000000000041e-05,0.00015300000000000014,0.00021000000000000012,0.0002105,0.0002255,0.00021799999999999988,0.00020949999999999962,0.00018599999999999997,0.00020850000000000035
2019-03-29,1.0000000000000026e-05,2.7499999999999747e-05,6.699999999999979e-05,5.249999999999992e-05,2.600000000000001e-05,4.299999999999996e-05,7.450000000000013e-05,0.00010099999999999996,0.00011699999999999992,0.00015099999999999923
2019-04-01,-1.899999999999992e-05,2.499999999999898e-06,2.1000000000000185e-05,9.250000000000003e-05,0.00015899999999999996,0.00019349999999999988,0.00022749999999999984,0.00025500000000000045,0.0002965000000000003,0.00028850000000000056
2019-04-02,-3.000000000000008e-05,-3.999999999999967e-05,-5.400000000000001e-05,-0.000116,-0.00012999999999999996,-0.0001569999999999998,-0.00015299999999999992,-0.00016150000000000019,-0.00015700000000000002,-0.00017100000000000014
2019-04-03,1.4000000000000123e-05,0.00010999999999999964,0.00013599999999999984,0.000251,0.000325,0.0003904999999999998,0.00039999999999999975,0.00043900000000000015,0.00044349999999999945,0.000477
2019-04-04,-5.500000000000296e-06,-3.999999999999989e-05,-2.499999999999985e-05,-7.000000000000002e-05,-9.499999999999998e-05,-0.0001104999999999997,-0.00013299999999999944,-0.0001550000000000002,-0.0001694999999999995,-0.0001749999999999998
2019-04-05,-2.9999999999999645e-06,0.0,4.699999999999995e-05,1.0000000000000026e-05,1.4999999999999985e-05,3.0499999999999928e-05,7.999999999999978e-05,9.70000000000003e-05,0.00010399999999999993,0.00011549999999999928
2019-04-08,-2.499999999999898e-06,-2.0000000000000052e-05,-6.7e-05,-3.500000000000031e-06,1.6000000000000389e-06,2.0999999999998884e-06,-1.650000000000002e-05,-7.000000000000495e-06,-1.0500000000000093e-05,-2.2499999999999083e-05
2019-04-09,2.9999999999999645e-06,-1.299999999999999e-05,-3.199999999999991e-05,-7.649999999999996e-05,-8.760000000000007e-05,-8.809999999999981e-05,-8.799999999999997e-05,-9.74999999999995e-05,-0.00010000000000000026,-9.24999999999997e-05
2019-04-10,-5.250000000000003e-05,-0.00018100000000000017,-0.00026500000000000026,-0.0002925,-0.0003115,-0.00031150000000000014,-0.00030250000000000003,-0.0002925000000000002,-0.00030299999999999945,-0.00032000000000000084
2019-04-11,1.9499999999999986e-05,7.400000000000028e-05,0.00010300000000000023,0.0001275,0.000155,0.00015799999999999994,0.00014050000000000022,0.00013600000000000027,0.00014500000000000016,0.0001730000000000004
2019-04-12,3.799999999999984e-05,0.0001275,0.00022900000000000004,0.00033749999999999996,0.00038500000000000003,0.00042200000000000007,0.00047199999999999976,0.0004789999999999998,0.0005154999999999995,0.0005310000000000002
2019-04-15,7.500000000000128e-06,2.249999999999995e-05,1.9000000000000137e-05,-2.5000000000000066e-06,3.249999999999998e-05,3.999999999999989e-05,2.900000000000038e-05,4.2999999999999636e-05,6.499999999999562e-06,2.0999999999999318e-05
2019-04-16,-1.4999999999999823e-05,-1.5000000000000256e-05,4.999999999999796e-06,2.3999999999999987e-05,2.999999999999997e-05,5.2500000000000246e-05,6.0999999999999856e-05,6.650000000000059e-05,0.00010850000000000096,8.250000000000011e-05
2019-04-17,2.499999999999898e-06,3.000000000000008e-05,9.000000000000002e-05,0.00011050000000000003,0.0001275,0.0001209999999999998,0.00013999999999999993,0.00013799999999999967,0.0001349999999999997,0.00013750000000000047
2019-04-18,0.0,-5.3000000000000096e-05,-0.0001690000000000001,-0.0002555,-0.0003425,-0.00038599999999999984,-0.00042500000000000046,-0.0004534999999999999,-0.0004894999999999995,-0.0005074999999999993
2019-04-19,,0.0,1.0000000000000026e-05,6.499999999999995e-06,,1.0000000000000026e-05,,3.500000000000031e-06,6.999999999999194e-06,2.4999999999990308e-06
2019-04-22,,,2.0000000000000486e-06,,,,,,,
2019-04-23,,5.000000000000013e-05,9.500000000000003e-05,8.45e-05,,0.00011999999999999988,,0.00012999999999999947,0.00011750000000000042,0.00012100000000000045
2019-04-24,-1.0000000000000026e-05,-7.099999999999988e-05,-0.00017699999999999986,-0.00024000000000000003,-0.00032050000000000004,-0.0003700000000000001,-0.00040050000000000025,-0.0004324999999999993,-0.00047249999999999983,-0.0004540000000000004
2019-04-25,3.000000000000008e-05,6.300000000000012e-05,6.899999999999983e-05,8.850000000000004e-05,0.00010000000000000002,9.000000000000002e-05,0.00012000000000000031,0.00012199999999999971,0.0001499999999999991,0.00012299999999999985
2019-04-26,1.1000000000000159e-05,1.349999999999984e-05,5.999999999999929e-06,-2.599999999999998e-05,-3.9999999999999996e-05,-4.9999999999999914e-05,-6.750000000000029e-05,-7.950000000000014e-05,-0.00010499999999999919,-9.24999999999997e-05
2019-04-29,-8.50000000000026e-06,2.5000000000000066e-05,4.700000000000017e-05,7.249999999999997e-05,8.5e-05,0.00010500000000000006,0.00011250000000000019,0.00012049999999999995,0.00015499999999999976,0.00013549999999999934
2019-04-30,0.0,5.499999999999863e-06,1.500000000000004e-05,3.9999999999999996e-05,4.749999999999996e-05,4.49999999999999e-05,4.49999999999999e-05,4.199999999999994e-05,2.7000000000000114e-05,2.4500000000001083e-05
2019-05-01,,-2.9999999999999645e-06,-7.000000000000062e-06,,,,,,1.1099999999999999e-05,
2019-05-02,-1.3500000000000057e-05,-2.3000000000000017e-05,2.499999999999985e-05,1.9999999999999998e-05,3.250000000000003e-05,4.7500000000000016e-05,6.499999999999995e-05,7.250000000000052e-05,9.18999999999998e-05,0.00010199999999999966
2019-05-03,-8.999999999999894e-06,-1.450000000000019e-05,-2.499999999999985e-05,-5.000000000000013e-06,1.4999999999999985e-05,1.500000000000004e-05,1.4999999999999823e-05,2.4499999999999782e-05,9.49999999999996e-06,2.499999999999985e-05
2019-05-06,-7.000000000000062e-06,-4.25e-05,-8.300000000000017e-05,-8.999999999999997e-05,-0.00011099999999999999,-0.0001445000000000001,-0.00014099999999999963,-0.00014999999999999996,-0.0001824999999999995,-0.00016250000000000032
2019-05-07,-5.000000000000664e-07,-5.7499999999999826e-05,-0.00012600000000000003,-0.00021100000000000003,-0.0002815,-0.00026349999999999995,-0.0003045000000000001,-0.00032800000000000017,-0.00033600000000000036,-0.0003564999999999992
2019-05-08,-1.0500000000000093e-05,0.0,-5.999999999999712e-06,2.7000000000000114e-05,4.99e-05,2.050000000000001e-05,1.0500000000000093e-05,7.500000000000128e-06,4.9e-05,-1.5500000000000756e-05
2019-05-09,-1.399999999999969e-05,-1.999999999999962e-05,2.9999999999997477e-06,-2.000000000000157e-06,2.2599999999999994e-05,3.4999999999999875e-05,4.34999999999997e-05,4.0999999999999804e-05,6.199999999999999e-05,7.900000000000008e-05
2019-05-10,7.000000000000062e-06,2.499999999999898e-06,-1.599999999999974e-05,-8.999999999999894e-06,-3.749999999999999e-05,-2.499999999999985e-05,-2.1999999999999884e-05,5.000000000000664e-07,-4.7999999999999866e-05,-3.9999999999996635e-06
2019-05-13,-3.000000000000008e-05,-6.000000000000016e-05,-6.100000000000029e-05,-0.00013000000000000002,-0.000145,-0.00019499999999999997,-0.00022999999999999995,-0.00025049999999999985,-0.00026000000000000025,-0.0002915000000000001
2019-05-14,-4.0899999999999964e-05,-9.000000000000024e-05,-0.0001249999999999999,-9.000000000000002e-05,-8.999999999999999e-05,-7.75000000000001e-05,-7.35e-05,-8.5e-05,-6.0999999999999856e-05,-4.99999999999997e-05
2019-05-15,-6.41000000000001e-05,-8.699999999999984e-05,-0.00010500000000000006,-0.00010749999999999996,-0.0001475,-0.0001625,-0.000178,-0.0002000000000000001,-0.00020450000000000025,-0.00023850000000000086
2019-05-16,-3.000000000000008e-05,-1.299999999999999e-05,1.9000000000000137e-05,4.25e-05,0.00010999999999999999,0.00013499999999999992,0.0001550000000000002,0.00017500000000000024,0.00015600000000000032,0.0001915000000000007
2019-05-17,-6.699999999999979e-05,-0.00011500000000000008,-0.0001380000000000001,-0.00013999999999999993,-0.000135,-0.00013499999999999992,-0.00015000000000000018,-0.0001550000000000002,-0.00014009999999999977,-0.00015499999999999976
2019-05-20,-2.8000000000000247e-05,0.0,2.599999999999998e-05,3.549999999999994e-05,5.499999999999998e-05,7.999999999999999e-05,0.00011749999999999998,0.00014649999999999993,0.00015559999999999966,0.00017599999999999907
2019-05-21,-1.0000000000000026e-05,2.599999999999998e-05,3.500000000000009e-05,3.949999999999982e-05,5.000000000000002e-05,5.499999999999993e-05,7.449999999999991e-05,7.099999999999988e-05,6.300000000000012e-05,7.200000000000088e-05
2019-05-22,1.5000000000000256e-05,-3.600000000000001e-05,-4.100000000000002e-05,-0.00011549999999999993,-0.00017750000000000003,-0.00018499999999999994,-0.0002009999999999998,-0.0002049999999999999,-0.00019799999999999983,-0.00020850000000000035
2019-05-23,-1.0000000000000026e-05,-4.7499999999999366e-05,-0.00011000000000000029,-0.00012450000000000004,-0.000145,-0.0001675,-0.000196,-0.00022250000000000004,-0.0002695000000000002,-0.00028149999999999963
2019-05-24,4.000000000000097e-06,1.6499999999999588e-05,2.1000000000000185e-05,4.920000000000011e-05,8.200000000000004e-05,6.450000000000005e-05,5.499999999999993e-05,5.499999999999993e-05,6.950000000000012e-05,7.599999999999968e-05
2019-05-27,5.999999999999929e-06,-2.400000000000015e-05,-4.7999999999999866e-05,-5.670000000000002e-05,-8.9e-05,-0.00011700000000000002,-0.0001559999999999999,-0.00018449999999999977,-0.00020600000000000002,-0.0002255
2019-05-28,-2.7000000000000114e-05,-4.74999999999998e-05,-6.700000000000022e-05,-0.00011749999999999998,-0.00013050000000000008,-0.00015,-0.0001445000000000001,-0.00014800000000000013,-0.00014249999999999983,-0.00014500000000000016
2019-05-29,-3.4999999999999875e-05,-5.000000000000013e-05,-3.299999999999961e-05,-8.5e-05,-0.00011549999999999993,-0.00013,-0.00014000000000000004,-0.0001479999999999999,-0.00012950000000000027,-0.0001550000000000002
2019-05-30,-3.300000000000048e-05,-3.4999999999999875e-05,-6.500000000000039e-05,-1.2499999999999924e-05,-1.4499999999999973e-05,-5.000000000000001e-06,1.100000000000005e-05,2.5499999999999915e-05,-4.500000000000164e-06,2.750000000000018e-05
2019-05-31,-6.899999999999962e-05,-0.00011500000000000008,-9.299999999999977e-05,-0.00012450000000000004,-0.00014000000000000004,-0.000165,-0.00019300000000000014,-0.00021350000000000015,-0.00019749999999999976,-0.00022749999999999984
2019-06-03,-8.499999999999827e-06,-1.0000000000000026e-05,-5.3000000000000096e-05,-5.299999999999988e-05,-4.5500000000000076e-05,-4.950000000000001e-05,-6.300000000000001e-05,-6.999999999999975e-05,-0.00010749999999999996,-9.900000000000013e-05
2019-06-04,-1.7500000000000588e-05,-3.000000000000008e-05,-3.600000000000001e-05,-5.1500000000000113e-05,-6.499999999999995e-05,-0.00010099999999999999,-0.0001339999999999999,-0.0001420000000000002,-0.0001565000000000004,-0.00018349999999999964
2019-06-05,-8.499999999999957e-05,-0.00019950000000000002,-0.0003080000000000001,-0.0003284999999999998,-0.0003930000000000001,-0.00037200000000000004,-0.000333,-0.0003194999999999999,-0.0002804999999999995,-0.0002750000000000005
2019-06-06,6.000000000000016e-05,0.00013949999999999987,0.00015400000000000006,0.00012949999999999984,0.00012300000000000006,7.800000000000005e-05,7.250000000000003e-05,4.100000000000002e-05,-2.500000000000332e-06,-2.8000000000000247e-05
2019-06-07,-7.000000000000018e-05,-0.00016949999999999995,-0.00018400000000000014,-0.0002025,-0.0001994999999999998,-0.00019550000000000004,-0.00025,-0.00025599999999999993,-0.00024799999999999974,-0.0002469999999999998
2019-06-10,-4.000000000000097e-06,3.049999999999971e-05,6.700000000000022e-05,8.550000000000007e-05,0.00013349999999999994,0.00019250000000000007,0.0002725,0.0003274999999999999,0.0003780000000000001,0.00041500000000000044
2019-06-11,-9.99999999999699e-07,-2.349999999999965e-05,-4.399999999999977e-05,-5.500000000000036e-05,-8.099999999999991e-05,-0.00010749999999999996,-0.0001325,-0.0001585,-0.00016650000000000042,-0.00018750000000000017
2019-06-12,-4.750000000000023e-05,-9.250000000000013e-05,-0.00010600000000000019,-8.74999999999999e-05,-5.750000000000004e-05,-4.0000000000000105e-05,-1.0000000000000026e-05,-4.000000000000097e-06,-1.9999999999998318e-06,1.7999999999999787e-05
2019-06-13,-2.7499999999999747e-05,-3.749999999999977e-05,-5.199999999999996e-05,-4.050000000000017e-05,-3.650000000000029e-05,-5.5499999999999994e-05,-0.00010149999999999999,-0.00010049999999999979,-0.0001315000000000001,-0.0001334999999999995
2019-06-14,-7.000000000000018e-05,-9.780000000000032e-05,-9.200000000000007e-05,-9.449999999999953e-05,-9.07999999999996e-05,-0.0001095,-0.0001285,-0.0001445000000000001,-0.00015900000000000007,-0.00017450000000000018
2019-06-17,0.0,2.3300000000000404e-05,4.49999999999999e-05,4.0000000000000105e-05,6.229999999999973e-05,9.000000000000002e-05,0.00011,0.00011499999999999998,0.00012600000000000003,0.0001299999999999999
2019-06-18,-0.0003970000000000002,-0.0005254999999999999,-0.0006410000000000001,-0.0006540000000000005,-0.0006955000000000002,-0.0007075,-0.0006715,-0.0006739999999999999,-0.0006549999999999998,-0.0006365000000000001
2019-06-19,-4.799999999999943e-05,8.5e-05,1.800000000000022e-05,0.00023399999999999983,0.0002800000000000003,0.00030449999999999987,0.000281,0.00027649999999999994,0.00027500000000000007,0.00024400000000000008
2019-06-20,-7.100000000000075e-05,-6.250000000000049e-05,5.899999999999959e-05,-9.299999999999977e-05,-0.00011450000000000002,-0.0001119999999999999,-0.00013750000000000004,-0.00014499999999999995,-0.00015250000000000007,-0.00016749999999999968
2019-06-21,6.350000000000019e-05,0.00013750000000000047,0.00022600000000000007,0.00022849999999999997,0.00027000000000000006,0.0002875,0.00031800000000000003,0.0003225,0.0003079999999999999,0.00032499999999999933
2019-06-24,-5.649999999999969e-05,-0.00010150000000000003,-0.0001269999999999995,-0.00015550000000000026,-0.00018999999999999985,-0.00022400000000000002,-0.00024249999999999996,-0.0002475,-0.00025549999999999987,-0.00028499999999999966
2019-06-25,-3.600000000000001e-05,-5.5499999999999994e-05,-4.30000000000005e-05,-8.999999999999937e-05,-0.00013000000000000034,-0.0001584999999999998,-0.00017600000000000005,-0.00020800000000000001,-0.0002245000000000001,-0.00022999999999999995
2019-06-26,1.4999999999999823e-05,5.899999999999959e-05,9.000000000000024e-05,0.0001349999999999997,0.0001749999999999998,0.0001904999999999997,0.00020300000000000006,0.00022399999999999997,0.00021750000000000003,0.00023050000000000002
2019-06-27,-3.4999999999999875e-05,-6.199999999999956e-05,-0.00011200000000000012,-0.0001349999999999997,-0.00018049999999999967,-0.00018599999999999997,-0.0001945,-0.00021299999999999997,-0.00020800000000000007,-0.0002205
2019-06-28,-2.0000000000000052e-05,-8.5e-05,-0.00010299999999999979,-9.750000000000036e-05,-9.95000000000002e-05,-9.449999999999975e-05,-9.199999999999996e-05,-8.400000000000001e-05,-9.599999999999995e-05,-5.9000000000000025e-05
2019-07-01,-7.999999999999978e-05,-0.00011800000000000005,-0.00015999999999999999,-0.00020300000000000006,-0.0002274999999999994,-0.00023499999999999997,-0.00021000000000000012,-0.0001875,-0.0001895,-0.00018550000000000012
2019-07-02,-0.00012200000000000015,-9.200000000000007e-05,-0.00010500000000000006,-0.00010749999999999952,-0.00011300000000000069,-0.00012450000000000026,-0.0001364999999999999,-0.0001415,-0.00012450000000000004,-0.00013049999999999997
2019-07-03,-5.8000000000000326e-05,-6.299999999999969e-05,-7.000000000000018e-05,-9.700000000000073e-05,-0.00012450000000000004,-0.00017100000000000014,-0.0002465000000000002,-0.0002975,-0.00032199999999999997,-0.0003749999999999999
2019-07-04,-2.0499999999999685e-05,-2.5000000000007655e-06,-2.7499999999999747e-05,-8.799999999999954e-05,-0.00013699999999999997,-0.00018749999999999973,-0.00022499999999999972,-0.00027100000000000003,-0.000292,-0.00033299999999999996
2019-07-05,2.5499999999999915e-05,9.950000000000063e-05,0.00018550000000000033,0.0001879999999999998,0.00021199999999999995,0.000258,0.0002874999999999998,0.0003160000000000001,0.0002965,0.000353
2019-07-08,1.4999999999999823e-05,-9.000000000000327e-06,-2.7000000000000548e-05,2.750000000000018e-05,2.8000000000000247e-05,0.0,-1.2499999999999924e-05,-3.500000000000004e-05,-2.7500000000000018e-05,-7.250000000000008e-05
2019-07-09,5.950000000000009e-05,0.00010749999999999996,0.0001519999999999998,0.00017750000000000014,0.00021450000000000028,0.0002400000000000002,0.0002735,0.00029600000000000004,0.000306,0.00032949999999999993
2019-07-10,-2.2499999999999517e-05,-2.499999999999985e-05,6.300000000000056e-05,0.00010999999999999985,0.0001929999999999996,0.00023999999999999976,0.00027149999999999993,0.00030849999999999996,0.00035150000000000003,0.0003629999999999998
2019-07-11,-3.750000000000064e-05,2.249999999999995e-05,5.799999999999946e-05,0.00018499999999999983,0.00023950000000000013,0.0003250000000000002,0.0003850000000000001,0.00043050000000000006,0.00046449999999999985,0.0005050000000000005
2019-07-12,-6.999999999999628e-06,-1.5000000000000256e-05,-2.2999999999999583e-05,-1.0000000000000026e-05,1.0000000000000026e-05,3.999999999999989e-05,7.500000000000001e-05,9.749999999999993e-05,0.00010300000000000001,0.00012999999999999947
2019-07-15,-5.9000000000000025e-05,-0.0001299999999999999,-0.00018100000000000017,-0.00023599999999999966,-0.0002599999999999998,-0.0002849999999999999,-0.000325,-0.0003475,-0.0003749999999999999,-0.00040499999999999954
2019-07-16,-9.35000000000007e-05,-0.00010449999999999956,-0.00011099999999999999,-0.0001290000000000002,-0.00014999999999999996,-0.0001730000000000002,-0.00017600000000000005,-0.00018899999999999999,-0.00021,-0.00020500000000000032
2019-07-17,-6.999999999999888e-05,-9.55000000000001e-05,-0.00014999999999999953,-0.00020799999999999985,-0.00026749999999999994,-0.00029450000000000006,-0.000329,-0.000346,-0.00035000000000000005,-0.0003749999999999997
2019-07-18,7.499999999999694e-06,-5.199999999999996e-05,-9.500000000000047e-05,-0.00012199999999999971,-0.00012750000000000044,-0.00013499999999999992,-0.0001299999999999999,-0.00012400000000000003,-8.5e-05,-0.00010250000000000016
2019-07-19,-7.500000000000041e-05,-0.00014000000000000037,-0.00022099999999999984,-0.00017500000000000024,-0.0001749999999999998,-0.00019249999999999996,-0.00018500000000000027,-0.00017099999999999993,-0.0001679999999999999,-0.00014250000000000005
2019-07-22,-4.2999999999999636e-05,-1.7500000000000154e-05,2.2000000000000318e-05,-4.3500000000000136e-05,-6.999999999999975e-05,-7.949999999999971e-05,-9.949999999999976e-05,-0.00011250000000000008,-0.00013800000000000005,-0.00014499999999999995
2019-07-23,-2.0000000000000052e-05,-3.499999999999944e-05,-2.900000000000038e-05,-4.65000000000001e-05,-5.05000000000002e-05,-4.700000000000017e-05,-4.0499999999999954e-05,-5.299999999999999e-05,-5.3999999999999984e-05,-4.850000000000004e-05
2019-07-24,-4.849999999999993e-05,-4.3500000000000136e-05,-7.599999999999968e-05,-8.5e-05,-8.950000000000017e-05,-0.00013100000000000004,-0.00019500000000000008,-0.0002444999999999999,-0.00027,-0.0003064999999999999
2019-07-25,-3.000000000000398e-06,2.1000000000000185e-05,4.2999999999999636e-05,1.5000000000000256e-05,-1.0000000000000026e-05,-1.2499999999999924e-05,1.3500000000000057e-05,2.1999999999999884e-05,5.5e-05,5.000000000000002e-05
2019-07-26,0.00011150000000000049,0.00016000000000000042,0.00014700000000000043,9.999999999999983e-05,7.699999999999981e-05,3.999999999999967e-05,-8.50000000000026e-06,-2.6999999999999897e-05,-9.800000000000002e-05,-9.500000000000014e-05
2019-07-29,5.05000000000002e-05,7.999999999999327e-06,-2.2000000000000318e-05,-3.549999999999994e-05,-4.34999999999997e-05,-5.9999999999999724e-05,-6.749999999999985e-05,-8.25e-05,-8.499999999999998e-05,-0.00010349999999999997
2019-07-30,1.9499999999999552e-05,3.500000000000031e-05,3.199999999999991e-05,4.199999999999994e-05,2.1499999999999818e-05,2.4499999999999782e-05,1.0000000000000026e-05,1.1999999999999858e-05,-2.1999999999999993e-05,-6.999999999999953e-06
2019-07-31,-0.00010850000000000009,-0.00016600000000000035,-0.0001780000000000002,-0.00023899999999999963,-0.0002899999999999999,-0.0003219999999999998,-0.0003374999999999999,-0.0003645,-0.00036,-0.0003945
2019-08-01,-1.0000000000001327e-06,4.999999999999796e-06,-4.100000000000024e-05,-6.000000000000016e-05,-9.49999999999996e-05,-0.0001324999999999998,-0.00018500000000000027,-0.00020549999999999974,-0.00022500000000000005,-0.000271
2019-08-02,-8.850000000000004e-05,-0.0001250000000000001,-0.00011599999999999978,-0.0001910000000000002,-0.00023250000000000007,-0.0002825000000000002,-0.00032249999999999987,-0.000407,-0.0004625,-0.0005015
2019-08-05,-3.149999999999941e-05,-8.999999999999894e-05,-0.00016500000000000022,-0.00013149999999999967,-0.00013500000000000014,-0.00012550000000000018,-0.00016750000000000011,-0.0001429999999999999,-0.00016449999999999993,-0.0001519999999999999
2019-08-06,-0.00012000000000000031,-8.500000000000087e-05,-4.799999999999943e-05,-9.080000000000026e-05,-0.00010250000000000016,-0.00011450000000000002,-8.250000000000011e-05,-0.00010500000000000006,-9.700000000000008e-05,-0.000116
2019-08-07,-0.0001330000000000003,-0.0002630000000000002,-0.00033100000000000056,-0.00031020000000000006,-0.0003519999999999999,-0.0003774999999999998,-0.0004144999999999995,-0.00042250000000000013,-0.00044700000000000013,-0.0004575000000000002
2019-08-08,-2.2000000000000318e-05,1.650000000000089e-05,2.700000000000098e-05,6.849999999999998e-05,0.00012700000000000038,0.00017649999999999957,0.0002534999999999998,0.000268,0.00031400000000000026,0.0003535000000000001
2019-08-09,-6.499999999999995e-05,-8.85000000000009e-05,-7.300000000000015e-05,-0.00014099999999999963,-0.00015500000000000062,-0.00017199999999999984,-0.00019150000000000026,-0.00017549999999999987,-0.00017750000000000014,-0.00019549999999999993
2019-08-12,-1.9999999999999185e-05,0.0,-1.5000000000000256e-05,1.3499999999999623e-05,0.0,-2.699999999999968e-05,-5.000000000000013e-05,-4.9500000000000065e-05,-8.050000000000006e-05,-7.999999999999999e-05
2019-08-13,9.999999999999593e-06,1.000000000000046e-05,-1.4999999999999389e-05,-2.9999999999999645e-05,-5.4999999999999494e-05,-9.250000000000057e-05,-0.0001299999999999999,-0.00017000000000000045,-0.00020999999999999968,-0.0002149999999999999
2019-08-14,-4.99999999999997e-05,-7.200000000000002e-05,-9.700000000000073e-05,-0.00022000000000000058,-0.0003100000000000004,-0.0004025000000000001,-0.0005049999999999998,-0.0005714999999999995,-0.0006220000000000002,-0.0006880000000000002
2019-08-15,-0.00031999999999999997,-0.0004910000000000001,-0.0005729999999999997,-0.0006449999999999997,-0.0007797999999999998,-0.0008284999999999994,-0.0008755,-0.0009429999999999998,-0.0009860000000000003,-0.0010465000000000001
2019-08-16,-6.000000000000016e-05,-1.1999999999999858e-05,3.799999999999984e-05,4.500000000000077e-05,4.130000000000019e-05,1.4999999999997654e-06,5.500000000000296e-06,-1.000000000000046e-05,-4.0999999999999804e-05,-3.299999999999961e-05
2019-08-19,0.0001250000000000001,0.00020499999999999945,0.0002390000000000005,0.00030999999999999864,0.00040349999999999935,0.0004945000000000001,0.0005824999999999997,0.0006545000000000001,0.0007540000000000003,0.0007924999999999998
2019-08-20,-6.550000000000045e-05,-9.299999999999933e-05,-0.00015400000000000136,-0.0001399999999999995,-0.00015999999999999955,-0.0001749999999999998,-0.00020750000000000022,-0.00021000000000000012,-0.00023749999999999986,-0.00022000000000000014
2019-08-21,0.0001805000000000001,0.0002980000000000005,0.0003190000000000007,0.00034100000000000016,0.0003899999999999997,0.00037999999999999926,0.00035700000000000055,0.00033100000000000013,0.00032099999999999924,0.0002900000000000003
2019-08-22,0.0001990000000000004,0.00024499999999999956,0.0003030000000000003,0.0002964999999999999,0.00031999999999999997,0.0003475000000000006,0.00039049999999999935,0.00041649999999999977,0.0004465000000000003,0.0004624999999999998
2019-08-23,-8.899999999999967e-05,-0.00023750000000000073,-0.0002700000000000003,-0.00029249999999999936,-0.0002630000000000002,-0.00028750000000000043,-0.00027749999999999997,-0.00027250000000000017,-0.000255,-0.0002574999999999999
2019-08-26,-3.0000000000000512e-05,-2.3500000000000083e-05,-2.1000000000000185e-05,2.5999999999999114e-05,4.000000000000531e-06,5.500000000000036e-05,3.100000000000021e-05,4.30000000000005e-05,6.100000000000029e-05,6.250000000000006e-05
2019-08-27,-4.25e-05,-7.999999999999934e-05,-0.00012899999999999977,-0.0002144999999999994,-0.00031599999999999944,-0.00037050000000000017,-0.00041299999999999974,-0.00045850000000000014,-0.0005115000000000002,-0.0005380000000000003
2019-08-28,-6.749999999999985e-05,-1.1500000000000225e-05,-8.5e-05,-6.650000000000059e-05,-9.500000000000047e-05,-0.00016299999999999995,-0.00018599999999999953,-0.00021450000000000028,-0.0002844999999999996,-0.0002844999999999996
2019-08-29,-3.4000000000000176e-05,-0.00013549999999999934,-6.299999999999969e-05,-9.49999999999996e-05,-5.0000000000000565e-05,8.000000000000194e-06,5.749999999999939e-05,0.00010450000000000043,0.00015799999999999972,0.00018749999999999973
2019-08-30,-3.5999999999999574e-05,-4.9500000000000065e-05,-0.00012400000000000085,-5.500000000000036e-05,-2.0000000000000052e-05,1.299999999999999e-05,6.000000000000016e-05,7.550000000000005e-05,8.699999999999984e-05,0.00010150000000000003
2019-09-02,-0.00014700000000000043,-0.00013650000000000034,-6.549999999999959e-05,-7.999999999999934e-05,-6.999999999999975e-05,-5.750000000000026e-05,-6.450000000000032e-05,-4.5000000000000335e-05,-1.0000000000000026e-05,-1.0500000000000093e-05
2019-09-03,-1.599999999999952e-05,4.2999999999999636e-05,2.0500000000000553e-05,3.999999999999924e-05,4.99999999999997e-05,2.900000000000038e-05,1.600000000000039e-05,-2.999999999999531e-06,-6.000000000000016e-05,-4.249999999999957e-05
2019-09-04,8.80000000000004e-05,0.00015189999999999995,0.00022599999999999877,0.00019500000000000073,0.00019000000000000006,0.00021600000000000005,0.0002434999999999998,0.0002549999999999996,0.0003160000000000003,0.0003039999999999996
2019-09-05,0.00020199999999999906,0.000254100000000001,0.0002770000000000012,0.0003449999999999998,0.00040000000000000105,0.0005110000000000002,0.0006145000000000005,0.0007080000000000003,0.000778,0.0008750000000000001
2019-09-06,3.799999999999984e-05,-5.000000000000664e-06,-1.1999999999999858e-05,-0.00013000000000000077,-0.00020800000000000072,-0.00028600000000000066,-0.00038300000000000053,-0.00042000000000000023,-0.0004540000000000004,-0.0005299999999999999
2019-09-09,4.900000000000043e-05,8.5e-05,0.00013100000000000004,0.00017000000000000088,0.0002279999999999999,0.00028000000000000073,0.00037699999999999973,0.000402,0.0004480000000000005,0.0004989999999999999
2019-09-10,2.7000000000000114e-05,6.499999999999995e-05,3.799999999999897e-05,0.0001299999999999999,0.00018700000000000053,0.00020999999999999925,0.00023000000000000017,0.0002605000000000003,0.000268,0.0002930000000000001
2019-09-11,2.900000000000038e-05,4.25e-05,4.700000000000017e-05,4.0000000000000105e-05,3.5999999999999574e-05,3.0500000000000145e-05,7.000000000000062e-06,7.499999999999694e-06,1.9499999999999986e-05,1.4999999999999823e-06
2019-09-12,0.0004349999999999996,0.0006825,0.0005220000000000008,0.0007460999999999995,0.0007050000000000003,0.0006695,0.0006034999999999999,0.0005585,0.0005175,0.0004985
2019-09-13,0.0001749999999999998,0.00011299999999999939,0.00033999999999999916,0.00026390000000000007,0.00038949999999999966,0.0004835,0.0005965000000000002,0.0006765000000000002,0.000747,0.0008179999999999999
2019-09-16,8.199999999999961e-05,1.2000000000000725e-05,-4.0000000000000105e-05,-0.0001299999999999999,-0.00020199999999999992,-0.0002660000000000002,-0.0003275000000000001,-0.0003700000000000001,-0.00038500000000000014,-0.00043999999999999996
2019-09-17,-3.199999999999991e-05,-2.499999999999985e-05,-2.3999999999999716e-05,-6.000000000000016e-05,-6.550000000000002e-05,-8.249999999999967e-05,-0.00010999999999999985,-0.00013000000000000012,-0.00016649999999999998,-0.00014999999999999996
2019-09-18,-3.999999999999924e-05,-5.0000000000000565e-05,-4.799999999999943e-05,-0.0001299999999999999,-0.0002000000000000001,-0.0002500000000000002,-0.0002999999999999999,-0.00033,-0.0003619999999999999,-0.0004020000000000001
2019-09-19,5.999999999999929e-05,8.5e-05,9.699999999999986e-05,9.99999999999994e-05,0.00010249999999999973,7.000000000000018e-05,3.799999999999984e-05,0.0,-4.65000000000001e-05,-5.649999999999991e-05
2019-09-20,0.00010500000000000006,0.00012000000000000031,6.499999999999995e-05,6.500000000000082e-05,2.500000000000332e-06,-1.5000000000000256e-05,-4.549999999999997e-05,-7.999999999999978e-05,-7.499999999999976e-05,-0.00011749999999999998
2019-09-23,-0.00016499999999999935,-0.0002580000000000004,-0.0002890000000000002,-0.0003649999999999999,-0.0003880000000000003,-0.0004499999999999999,-0.0004835,-0.000523,-0.0005500000000000001,-0.0005889999999999999
2019-09-24,-7.000000000000062e-05,-6.099999999999942e-05,-0.00010299999999999979,-0.00010000000000000026,-0.00014999999999999996,-0.0001805000000000001,-0.00020899999999999998,-0.00022199999999999998,-0.0002704999999999999,-0.0002949999999999999
2019-09-25,2.499999999999985e-05,6.149999999999992e-05,7.799999999999994e-05,0.00019000000000000006,0.0002729999999999998,0.0003655000000000004,0.00043650000000000026,0.00047999999999999996,0.0004580000000000001,0.0005559999999999996
2019-09-26,-6.999999999999975e-05,-9.349999999999983e-05,9.000000000000327e-06,-6.000000000000016e-05,-4.0000000000000105e-05,-8.000000000000021e-05,-0.00010900000000000059,-0.00013250000000000024,-7.500000000000041e-05,-0.00013849999999999995
2019-09-27,-2.0000000000000052e-05,-7.150000000000038e-05,-0.00011099999999999999,-6.999999999999975e-05,-5.4999999999999494e-05,-1.4999999999999823e-05,2.0000000000000052e-05,5.500000000000036e-05,3.750000000000021e-05,5.700000000000019e-05
2019-09-30,-3.150000000000028e-05,2.249999999999995e-05,2.8999999999999512e-05,3.099999999999978e-05,1.000000000000046e-05,2.8500000000000313e-05,4.250000000000044e-05,4.84999999999995e-05,8.699999999999984e-05,6.949999999999968e-05
2019-10-01,-2.849999999999988e-05,-1.4000000000000123e-05,-2.1000000000000185e-05,2.0000000000000052e-05,-7.000000000000062e-06,-2.0000000000000052e-05,-8.000000000000194e-06,-5.999999999999929e-06,6.850000000000042e-05,2.6000000000000198e-05
2019-10-02,-3.499999999999944e-05,-6.600000000000009e-05,-3.4000000000000176e-05,-3.099999999999978e-05,1.6999999999999654e-05,3.649999999999964e-05,6.499999999999995e-05,8.149999999999998e-05,1.8499999999999853e-05,9.499999999999982e-05
2019-10-03,-7.000000000000062e-05,-9.8e-05,-0.00011899999999999931,-0.00018500000000000027,-0.00020300000000000006,-0.00022499999999999994,-0.0002595000000000002,-0.00028649999999999943,-0.0002440000000000003,-0.00030999999999999995
2019-10-04,-3.499999999999944e-05,-7.199999999999915e-05,-7.800000000000081e-05,-2.0000000000000052e-05,-1.999999999999398e-06,7.000000000000062e-06,1.0000000000000026e-05,3.000000000000008e-05,-2.499999999999985e-05,4.500000000000012e-05
2019-10-07,2.2999999999999583e-05,3.099999999999978e-05,6.100000000000029e-05,7.250000000000052e-05,9.74999999999995e-05,0.00011550000000000015,0.00014500000000000016,0.00016999999999999958,0.00014500000000000016,0.00014999999999999996
2019-10-08,-3.0499999999999278e-05,-4.30000000000005e-05,-7.399999999999941e-05,-6.250000000000092e-05,-7.750000000000031e-05,-8.250000000000011e-05,-8.000000000000021e-05,-0.0001250000000000001,-7.750000000000031e-05,-6.900000000000005e-05
2019-10-09,0.00013649999999999947,0.00021700000000000018,0.0002360000000000001,0.00032000000000000084,0.00038000000000000013,0.00040499999999999954,0.0003830000000000001,0.000402,0.00038250000000000024,0.00038250000000000003
2019-10-10,0.0001910000000000002,0.00028189999999999986,0.0003009999999999992,0.0003899999999999997,0.00041000000000000064,0.0004515000000000001,0.0004945000000000001,0.000546,0.0005669999999999998,0.0005815000000000001
2019-10-11,0.0001299999999999999,8.909999999999994e-05,0.00017700000000000007,0.00015099999999999966,0.0001899999999999992,0.0002335000000000002,0.00027749999999999997,0.0003095000000000001,0.00037300000000000007,0.000381
2019-10-14,5.449999999999986e-05,6.400000000000069e-05,6.800000000000035e-05,3.1499999999999844e-05,-1.749999999999972e-05,-6.999999999999975e-05,-0.00010299999999999979,-0.00014250000000000005,-0.00016499999999999978,-0.00018600000000000002
2019-10-15,5.849999999999996e-05,0.00015700000000000002,0.0001929999999999996,0.0002375000000000003,0.00029049999999999996,0.0003349999999999998,0.0003614999999999996,0.0004110000000000001,0.00037699999999999995,0.000451
2019-10-16,9.05000000000003e-05,0.00016299999999999952,0.00017100000000000014,0.00014999999999999996,0.00015700000000000046,0.00018000000000000004,0.00022400000000000002,0.00022749999999999984,0.00026399999999999986,0.00023300000000000003
2019-10-17,2.6499999999999614e-05,2.8999999999999946e-05,5.500000000000036e-05,-4.999999999999796e-06,-1.9000000000000353e-05,-7.999999999999978e-05,-0.0001569999999999998,-0.00021349999999999993,-0.00020349999999999996,-0.00027400000000000005
2019-10-18,3.249999999999998e-05,6.849999999999998e-05,8.90000000000001e-05,0.0001774999999999997,0.00020899999999999998,0.0002499999999999998,0.00027150000000000004,0.00028299999999999994,0.0002625,0.00029600000000000004
2019-10-21,4.549999999999997e-05,7.449999999999991e-05,0.00014199999999999977,0.00013250000000000024,0.00018000000000000004,0.00024299999999999994,0.0002949999999999999,0.00034100000000000005,0.000378,0.0004239999999999999
2019-10-22,1.2000000000000292e-05,1.800000000000022e-05,-3.000000000000008e-05,-2.499999999999985e-05,-5.649999999999969e-05,-0.00010800000000000024,-0.00013700000000000019,-0.00019400000000000005,-0.000218,-0.00026999999999999995
2019-10-23,-1.5000000000000256e-05,-6.499999999999995e-05,-9.599999999999973e-05,-0.00014950000000000033,-0.00022300000000000054,-0.00025449999999999995,-0.0003129999999999999,-0.0003219999999999999,-0.00035499999999999996,-0.000385
2019-10-24,9.500000000000394e-06,1.2499999999999924e-05,-2.599999999999998e-05,7.000000000000495e-06,4.500000000000164e-06,-1.299999999999999e-05,4.500000000000164e-06,1.0999999999999942e-05,9.000000000000002e-06,2.2000000000000006e-05
2019-10-25,4.049999999999974e-05,0.00014750000000000006,0.00018999999999999963,0.0002574999999999999,0.00030500000000000015,0.0003625000000000002,0.0004135,0.000447,0.0004559999999999999,0.000508
2019-10-28,2.5000000000000282e-05,1.650000000000002e-05,0.00017,0.00011550000000000015,0.00017049999999999964,0.00020600000000000002,0.000214,0.00022400000000000002,0.000238,0.00023749999999999997
2019-10-29,4.49999999999999e-05,1.800000000000022e-05,-0.00010699999999999989,-1.6500000000000455e-05,-3.549999999999994e-05,-8.200000000000004e-05,-0.00011300000000000004,-0.00014400000000000003,-0.000144,-0.00017149999999999989
2019-10-30,7.499999999999694e-06,-9.49999999999996e-06,6.699999999999979e-05,3.500000000000031e-06,2.1000000000000185e-05,4.100000000000024e-05,4.3999999999999985e-05,4.9e-05,4.849999999999999e-05,3.899999999999997e-05
2019-10-31,-7.749999999999988e-05,-0.0001370000000000004,-0.00021299999999999965,-0.00026000000000000025,-0.0003324999999999999,-0.0003715000000000001,-0.0004059999999999999,-0.00042,-0.00046750000000000003,-0.00045350000000000007
2019-11-01,-2.0000000000000052e-05,1.7000000000000088e-05,-3.300000000000048e-05,4.250000000000044e-05,7.649999999999975e-05,0.0001014999999999996,0.00014600000000000008,0.000165,0.000215,0.00021349999999999999
2019-11-04,2.9500000000000012e-05,3.000000000000008e-05,0.00010800000000000046,7.000000000000018e-05,0.00011000000000000029,0.0001550000000000002,0.00019999999999999987,0.00023900000000000006,0.00024000000000000003,0.000291
2019-11-05,6.000000000000016e-05,9.099999999999994e-05,8.199999999999961e-05,0.00015999999999999955,0.00018499999999999983,0.0002050000000000001,0.00022499999999999994,0.00024099999999999995,0.000285,0.00027899999999999984
2019-11-06,1.650000000000002e-05,1.4000000000000123e-05,3.600000000000001e-05,-8.149999999999998e-05,-0.00011249999999999975,-0.00014650000000000015,-0.0001895,-0.00022949999999999994,-0.000245,-0.00027999999999999987
2019-11-07,0.00013399999999999957,0.00024499999999999956,0.0003200000000000004,0.0005765000000000002,0.0006834999999999999,0.0007415000000000002,0.0008045,0.0008495,0.000872,0.0009025000000000001
2019-11-08,5.000000000000013e-05,-1.749999999999972e-05,1.399999999999969e-05,-0.00011300000000000025,-0.00012100000000000001,-0.0001299999999999999,-0.00014349999999999996,-0.000175,-0.000187,-0.00020550000000000017
2019-11-11,-5.899999999999959e-05,-4.700000000000017e-05,-4.6000000000000034e-05,3.000000000000398e-06,1.500000000000004e-05,2.9999999999999862e-05,4.149999999999998e-05,7.6e-05,7.399999999999996e-05,9.750000000000015e-05
2019-11-12,-8.50000000000026e-06,-3.799999999999984e-05,-2.699999999999968e-05,-0.00011500000000000008,-0.00014000000000000015,-0.00014399999999999981,-0.00014199999999999998,-0.00015099999999999998,-0.00014099999999999996,-0.00016449999999999993
2019-11-13,-5.3000000000000096e-05,-8.350000000000024e-05,-0.0001590000000000003,-0.00014349999999999996,-0.00020150000000000007,-0.00023000000000000039,-0.0002735,-0.00031499999999999996,-0.000371,-0.00038250000000000003
2019-11-14,4.549999999999997e-05,1.3500000000000057e-05,-3.500000000000031e-05,-0.00014650000000000036,-0.00021699999999999975,-0.0002654999999999999,-0.0003024999999999999,-0.0003245000000000001,-0.000322,-0.000349
2019-11-15,-1.0000000000001327e-06,2.150000000000025e-05,8.000000000000194e-06,4.0000000000000105e-05,8.84999999999996e-05,7.949999999999993e-05,8.549999999999986e-05,0.00010450000000000005,0.00010800000000000001,0.00011149999999999995
2019-11-18,1.5000000000000256e-05,5.2000000000000397e-05,4.100000000000024e-05,7.499999999999998e-05,4.5000000000000335e-05,5.950000000000009e-05,4.5500000000000184e-05,3.500000000000004e-05,1.7000000000000007e-05,1.9999999999999944e-05
2019-11-19,-1.4000000000000123e-05,-1.0500000000000526e-05,-1.0000000000000026e-05,-2.1999999999999884e-05,-2.3500000000000083e-05,-2.9500000000000012e-05,-1.9500000000000203e-05,-1.850000000000007e-05,-2.500000000000001e-05,-5.000000000000013e-06
2019-11-20,-5.199999999999996e-05,-5.05000000000002e-05,-5.099999999999983e-05,-4.199999999999994e-05,-2.150000000000025e-05,-3.500000000000009e-05,-5.1499999999999897e-05,-5.649999999999991e-05,-5.9999999999999995e-05,-6.69999999999999e-05
2019-11-21,3.199999999999991e-05,9.500000000000003e-05,0.00015999999999999999,0.00015399999999999962,0.00018500000000000027,0.00021300000000000008,0.00020899999999999988,0.00020099999999999995,0.00022200000000000003,0.00018999999999999996
2019-11-22,-2.4999999999999415e-05,-8.99999999999998e-05,-0.00012100000000000001,-0.00015949999999999992,-0.00021300000000000008,-0.0002729999999999998,-0.0003039999999999999,-0.0003180000000000001,-0.00033900000000000005,-0.00034449999999999997
2019-11-25,1.999999999999398e-06,1.1500000000000225e-05,-1.2000000000000292e-05,3.600000000000044e-05,3.799999999999984e-05,6.499999999999974e-05,7.999999999999999e-05,9.700000000000008e-05,0.00010999999999999999,0.00012149999999999997
2019-11-26,-2.499999999999898e-06,-2.650000000000048e-05,-2.8999999999999512e-05,-9.650000000000067e-05,-0.00012999999999999947,-0.00015499999999999976,-0.00017,-0.00018499999999999994,-0.000198,-0.00019500000000000002
2019-11-27,-2.7000000000000114e-05,-2.9999999999999645e-05,-4.30000000000005e-05,-2.999999999999921e-05,-3.000000000000008e-05,-4.849999999999993e-05,-5.5000000000000144e-05,-6.600000000000009e-05,-8.350000000000001e-05,-8.45e-05
2019-11-28,-2.7499999999999747e-05,-1.999999999999962e-05,-1.0000000000000026e-05,4.999999999999796e-06,5.000000000000013e-05,4.849999999999993e-05,6.20000000000002e-05,7.300000000000004e-05,8.850000000000001e-05,0.00010200000000000004
2019-11-29,6.000000000000016e-05,9.499999999999916e-05,0.00014000000000000037,0.00010499999999999962,6.0999999999999856e-05,7.999999999999999e-05,7.799999999999994e-05,8.049999999999995e-05,7.000000000000001e-05,5.399999999999996e-05
2019-12-02,2.1999999999999884e-05,0.00014200000000000063,0.0002279999999999999,0.00034500000000000025,0.0004564999999999999,0.0005325,0.0005874999999999999,0.0006280000000000001,0.00067,0.0007035
2019-12-03,2.999999999999531e-06,-0.00013800000000000054,-0.000268,-0.0003650000000000003,-0.00047349999999999996,-0.0005525,-0.0005889999999999999,-0.0006300000000000001,-0.000659,-0.000682
2019-12-04,-9.999999999999593e-06,1.9000000000000353e-05,7.099999999999988e-05,0.00014500000000000016,0.00020600000000000002,0.000255,0.0002754999999999999,0.0003025000000000001,0.000324,0.000347
2019-12-05,2.9999999999999645e-05,0.00010699999999999989,0.00018500000000000027,0.0001950000000000003,0.00019999999999999987,0.0002099999999999999,0.00020799999999999996,0.000203,0.00019500000000000002,0.00018350000000000007
2019-12-06,1.4999999999999823e-05,1.4999999999999823e-05,2.499999999999985e-05,6.000000000000016e-05,8.200000000000004e-05,7.299999999999993e-05,6.300000000000001e-05,5.4e-05,4.4999999999999955e-05,4.149999999999987e-05
2019-12-09,-2.799999999999938e-05,-6.999999999999975e-05,-7.400000000000028e-05,-0.00013000000000000034,-0.000152,-0.0001529999999999997,-0.00013999999999999993,-0.000138,-0.00014,-0.00013599999999999984
2019-12-10,-5.00000000000023e-06,-2.1999999999999884e-05,-6.199999999999956e-05,-1.0000000000000026e-05,2.9999999999999862e-05,1.999999999999962e-05,4.549999999999997e-05,4.9999999999999996e-05,5.9999999999999995e-05,7.050000000000003e-05
2019-12-11,-1.0999999999999725e-05,-1.7000000000000088e-05,-3.600000000000001e-05,-0.00010500000000000006,-0.0001699999999999998,-0.0001699999999999998,-0.00020549999999999995,-0.000217,-0.0002215,-0.0002295000000000001
2019-12-12,4.3999999999999335e-05,9.39999999999999e-05,0.00014499999999999973,0.00021000000000000012,0.000255,0.000304,0.00030999999999999995,0.000336,0.0003365,0.00035899999999999994
2019-12-13,1.7500000000000588e-05,1.2000000000000292e-05,6.000000000000363e-06,-7.000000000000018e-05,-9.750000000000015e-05,-0.0001470000000000002,-0.00019099999999999987,-0.00023700000000000001,-0.000234,-0.00030849999999999996
2019-12-16,-1.3000000000000424e-05,2.999999999999531e-06,-1.0000000000005664e-06,8.80000000000004e-05,0.00011249999999999997,0.00013100000000000004,0.00018099999999999985,0.000216,0.000216,0.000258
2019-12-17,-6.999999999999628e-06,-8.999999999999894e-06,3.000000000000398e-06,-2.3000000000000017e-05,-2.9999999999999862e-05,-3.799999999999984e-05,-5.39999999999999e-05,-7.5e-05,-8.199999999999999e-05,-9.350000000000005e-05
2019-12-18,-3.250000000000041e-05,4.1500000000000304e-05,0.00010099999999999996,0.0001799999999999996,0.0002645,0.00031499999999999996,0.000354,0.0003865,0.0004105,0.0004315
2019-12-19,4.250000000000044e-05,5.499999999999993e-05,7.499999999999998e-05,8.000000000000021e-05,4.349999999999992e-05,5.000000000000002e-05,4.999999999999997e-05,5.3499999999999945e-05,4.450000000000005e-05,5.800000000000011e-05
2019-12-20,8.299999999999974e-05,3.249999999999998e-05,3.099999999999978e-05,-1.0000000000000026e-05,-2.5499999999999915e-05,-4.500000000000001e-05,-4.999999999999997e-05,-5.999999999999997e-05,-6.749999999999996e-05,-7.450000000000013e-05
2019-12-23,-3.549999999999994e-05,4.999999999999796e-06,1.0000000000001327e-06,5.000000000000013e-05,8.74999999999999e-05,0.00011500000000000008,0.000125,0.000135,0.0001625,0.00015550000000000004
2019-12-24,7.800000000000038e-05,7.500000000000041e-05,5.9999999999999724e-05,,,,,,-5.5000000000000795e-06,
2019-12-25,,,-6.999999999999975e-05,,,,,,,
2019-12-26,,,6.999999999999975e-05,,,,,,,
2019-12-27,1.4499999999999756e-05,2.8999999999999946e-05,2.0000000000000052e-05,1.0000000000000026e-05,-2.499999999999985e-05,-6.350000000000008e-05,-6.9e-05,-8.999999999999997e-05,-7.950000000000004e-05,-9.55000000000001e-05
2019-12-30,2.5000000000000282e-05,9.099999999999994e-05,0.000219,0.0003294999999999997,0.0004199999999999998,0.00048300000000000003,0.000509,0.0005544999999999999,0.00054,0.0005854999999999999
2019-12-31,1.0499999999999659e-05,-4.999999999999796e-06,-2.7999999999999813e-05,,,,,,0.0,
2020-01-01,,,-9.99999999999699e-07,,,,,,,
2020-01-02,-8.499999999999827e-06,-7.900000000000051e-05,-0.00018000000000000047,-0.0002770000000000001,-0.00035499999999999985,-0.0003845000000000001,-0.00039150000000000003,-0.0004069999999999999,-0.00038750000000000004,-0.00042699999999999986
2020-01-03,-6.000000000000016e-05,-0.00014849999999999976,-0.0001969999999999997,-0.0002989999999999998,-0.00035000000000000005,-0.000405,-0.00045,-0.000482,-0.000495,-0.0005184999999999999
2020-01-06,-3.0500000000000145e-05,-2.550000000000035e-05,-7.200000000000002e-05,-5.849999999999996e-05,-8.90000000000001e-05,-9.099999999999994e-05,-8.74999999999999e-05,-7.549999999999999e-05,-8.049999999999984e-05,-6.100000000000007e-05
2020-01-07,-9.49999999999996e-06,-3.199999999999991e-05,-6.300000000000012e-05,-6.499999999999995e-05,-6.650000000000015e-05,-6.899999999999983e-05,-6.100000000000018e-05,-5.500000000000001e-05,-4.700000000000006e-05,-3.899999999999997e-05
2020-01-08,-2.7499999999999747e-05,6.499999999999995e-05,0.0001519999999999998,0.000219,0.00030150000000000034,0.0003399999999999998,0.0003580000000000001,0.0003715,0.000375,0.00039249999999999984
2020-01-09,3.549999999999994e-05,9.15e-05,0.00014999999999999996,0.00016599999999999991,0.00019049999999999991,0.00019500000000000008,0.000176,0.0001755,0.00019499999999999986,0.00017750000000000014
2020-01-10,-7.500000000000128e-06,-6.499999999999562e-06,-2.499999999999985e-05,-1.4999999999999823e-05,-3.150000000000006e-05,-4.0000000000000105e-05,-4.3999999999999985e-05,-5.700000000000003e-05,-8.049999999999984e-05,-9.000000000000002e-05
2020-01-13,6.999999999999975e-05,9.74999999999995e-05,0.00014599999999999986,0.00018499999999999983,0.00021900000000000023,0.000255,0.00029499999999999996,0.00032,0.00032550000000000005,0.00035500000000000006
2020-01-14,-3.4999999999999875e-05,-1.9499999999999986e-05,-1.0999999999999725e-05,-5.000000000000664e-07,-4.000000000000314e-06,-1.500000000000004e-05,-3e-05,-3.9999999999999996e-05,-4.7500000000000016e-05,-5.499999999999993e-05
2020-01-15,-3.549999999999994e-05,-4.2999999999999636e-05,-6.000000000000016e-05,-9.449999999999997e-05,-0.00013999999999999972,-0.00017999999999999993,-0.0001635,-0.00020500000000000005,-0.00017850000000000006,-0.00021799999999999988
2020-01-16,1.9499999999999986e-05,-2.8199999999999927e-05,-8.99999999999998e-05,-0.00013299999999999987,-0.0001510000000000001,-0.00015400000000000017,-0.00019650000000000003,-0.00016999999999999996,-0.00020399999999999997,-0.0001770000000000003
2020-01-17,-1.4000000000000123e-05,-4.300000000000484e-06,0.0,1.9999999999998318e-06,9.999999999999159e-07,1.4000000000000123e-05,-5.000000000000013e-06,1.749999999999999e-05,-8.500000000000044e-06,5.000000000000013e-06
2020-01-20,-8.99999999999946e-06,-7.499999999999694e-06,-5.799999999999816e-06,-5.999999999999929e-06,-1.0000000000000026e-05,-1.9499999999999986e-05,-5.999999999999983e-06,-3.750000000000002e-05,-2.1499999999999926e-05,-4.149999999999987e-05
2020-01-21,1.3499999999999623e-05,1.4000000000000123e-05,-1.9200000000000467e-05,-7.300000000000015e-05,-0.0001299999999999999,-0.00017549999999999987,-0.00021300000000000003,-0.0002445,-0.00027000000000000006,-0.0002930000000000001
2020-01-22,3.0500000000000145e-05,-1.0000000000000026e-05,-5.000000000000013e-05,-8.250000000000011e-05,-7.499999999999998e-05,-9.000000000000024e-05,-9.849999999999995e-05,-0.00010550000000000002,-0.00010300000000000001,-9.8e-05
2020-01-23,9.999999999999593e-06,-6.900000000000005e-05,-0.0001525999999999997,-0.00022749999999999984,-0.00028700000000000015,-0.0003274999999999999,-0.0003325,-0.00034999999999999994,-0.000365,-0.00039499999999999995
2020-01-24,-4.99999999999997e-05,-9.749999999999993e-05,-0.00010490000000000022,-0.00012749999999999958,-0.00017799999999999977,-0.0002025,-0.0002509999999999999,-0.00027250000000000006,-0.00028700000000000004,-0.000285
2020-01-27,-0.0001324999999999998,-0.00018250000000000037,-0.0002524999999999997,-0.0003175000000000001,-0.00038000000000000013,-0.00042500000000000025,-0.00044399999999999995,-0.00046750000000000003,-0.000524,-0.0005475
2020-01-28,-3.749999999999977e-05,3.850000000000034e-05,0.00011999999999999988,0.00019999999999999966,0.00026500000000000004,0.00029600000000000026,0.00034199999999999986,0.0003650000000000001,0.0004070000000000001,0.00043000000000000004
2020-01-29,-5.05000000000002e-05,-0.00011849999999999968,-0.00014999999999999996,-0.00016999999999999958,-0.00016500000000000022,-0.00017100000000000014,-0.00020700000000000015,-0.00022500000000000016,-0.000243,-0.00024
2020-01-30,-8.000000000000021e-05,-0.0001203000000000007,-0.00017,-0.00020000000000000052,-0.00023000000000000017,-0.00023999999999999976,-0.0002589999999999999,-0.00025599999999999993,-0.00024949999999999994,-0.000265
2020-01-31,-3.999999999999967e-05,-0.0001196999999999995,-0.00013999999999999993,-0.00018000000000000004,-0.00020999999999999968,-0.0002400000000000002,-0.00023100000000000009,-0.00024400000000000008,-0.0002655000000000001,-0.00026699999999999993
2020-02-03,0.0,-1.5000000000000256e-05,-2.9999999999999645e-05,-1.0000000000000026e-05,-3.000000000000008e-05,0.0,-2.499999999999985e-05,-4.199999999999994e-05,-4.549999999999997e-05,-5.8e-05
2020-02-04,6.049999999999979e-05,0.00013500000000000014,0.00020499999999999945,0.0002350000000000004,0.0002980000000000001,0.00030500000000000015,0.0003339999999999999,0.0003520000000000001,0.00037549999999999997,0.00037999999999999997
2020-02-05,2.999999999999531e-06,9.24999999999997e-05,0.0001299999999999999,0.00019499999999999986,0.00025200000000000005,0.00028499999999999966,0.0003055000000000002,0.0003324999999999999,0.00034,0.00037949999999999995
2020-02-06,1.700000000000052e-05,-7.499999999999694e-06,-2.499999999999985e-05,-4.49999999999999e-05,-7.000000000000018e-05,-7.749999999999944e-05,-8.150000000000019e-05,-8.649999999999999e-05,-8.5e-05,-9.95e-05
2020-02-07,-1.0000000000000026e-05,-4.49999999999999e-05,-8.000000000000021e-05,-0.00010099999999999996,-0.00010999999999999985,-0.00013750000000000047,-0.00016299999999999973,-0.00017099999999999993,-0.00017699999999999997,-0.00018999999999999998
2020-02-10,-5.000000000000013e-05,-7.000000000000018e-05,-0.00011749999999999955,-0.0001690000000000003,-0.00022999999999999974,-0.0002599999999999998,-0.0002800000000000001,-0.00030499999999999993,-0.00032800000000000006,-0.00035000000000000005
2020-02-11,-5.9000000000000025e-05,-4.40000000000002e-05,1.7500000000000154e-05,5.000000000000013e-05,9.299999999999977e-05,0.0001225000000000002,0.00016249999999999988,0.0001699999999999998,0.00019700000000000002,0.000196
2020-02-12,-5.9000000000000025e-05,-9.99999999999699e-07,-2.500000000000332e-06,2.499999999999985e-05,3.699999999999971e-05,4.249999999999957e-05,3.4500000000000025e-05,4.40000000000002e-05,3.500000000000009e-05,5.400000000000001e-05
2020-02-13,-1.9999999999998318e-06,-6.000000000000016e-05,-5.7499999999999826e-05,-7.999999999999978e-05,-0.00010999999999999942,-0.00012499999999999968,-0.00014449999999999988,-0.00015700000000000002,-0.000161,-0.00017250000000000002
2020-02-14,-4.5000000000000335e-05,-6.499999999999995e-05,-9.999999999999983e-05,-0.00012000000000000031,-0.00013000000000000034,-0.00012249999999999978,-0.00011999999999999988,-0.00011450000000000002,-0.00011099999999999999,-0.00011499999999999992
2020-02-17,2.0000000000000052e-05,-1.5000000000000256e-05,-2.0000000000000052e-05,-2.0000000000000052e-05,-2.0499999999999685e-05,-2.2500000000000384e-05,-2.7000000000000114e-05,-2.750000000000018e-05,-1.7500000000000154e-05,-2.250000000000006e-05
2020-02-18,-2.499999999999985e-05,-3.299999999999961e-05,-4.900000000000043e-05,-4.0000000000000105e-05,-4.450000000000027e-05,-6.0999999999999856e-05,-7.550000000000005e-05,-9.000000000000002e-05,-0.00011249999999999975,-0.00011999999999999999
2020-02-19,5.950000000000009e-05,6.550000000000002e-05,3.4000000000000176e-05,-2.9999999999999645e-05,-6.600000000000009e-05,-8.799999999999997e-05,-9.900000000000013e-05,-0.00011499999999999987,-0.00012700000000000038,-0.00013000000000000002
2020-02-20,-1.450000000000019e-05,3.499999999999597e-06,0.0,-3.1699999999999524e-05,-5.9000000000000025e-05,-0.00012100000000000001,-0.0001559999999999999,-0.00018500000000000027,-0.00020549999999999974,-0.00022999999999999984
2020-02-21,1.9000000000000353e-05,3.500000000000031e-05,6.500000000000039e-05,9.179999999999952e-05,0.00012779999999999996,0.00015240000000000002,0.0001416999999999998,0.0001152000000000002,6.349999999999997e-05,7.049999999999982e-05
2020-02-24,-8.699999999999984e-05,-0.00015600000000000032,-0.00020750000000000022,-0.00025509999999999986,-0.00032280000000000026,-0.0003524000000000001,-0.0003676999999999999,-0.0003752,-0.0003584999999999999,-0.00040550000000000004
2020-02-25,-6.750000000000029e-05,-0.00013500000000000014,-0.00016299999999999995,-0.0001299999999999999,-0.00011749999999999955,-0.00011249999999999975,-0.00013199999999999974,-0.0001299999999999999,-0.00013000000000000012,-0.00012649999999999988
2020-02-26,-0.00010950000000000066,-4.69999999999993e-05,2.0499999999999685e-05,4.99999999999997e-05,6.749999999999985e-05,0.00012299999999999985,0.00016649999999999998,0.00019499999999999986,0.00019250000000000018,0.00022649999999999992
2020-02-27,-4.999999999996327e-07,-2.4000000000000583e-05,-4.49999999999999e-05,-7.499999999999998e-05,-6.999999999999975e-05,-0.00012550000000000018,-0.00011299999999999982,-0.00014199999999999977,-0.00013850000000000017,-0.0001544999999999999
2020-02-28,-0.00017949999999999997,-0.00022900000000000004,-0.0002249999999999995,-0.00023199999999999957,-0.00023000000000000017,-0.0002400000000000002,-0.0003055000000000002,-0.00032800000000000017,-0.0003774999999999998,-0.0003905
2020-03-02,-0.00032499999999999977,-0.00036999999999999967,-0.000380000000000001,-0.0003580000000000007,-0.00034000000000000046,-0.0003099999999999995,-0.00027700000000000034,-0.000258,-0.00023400000000000027,-0.00022500000000000037
2020-03-03,-0.00014999999999999996,-0.00010000000000000026,-7.899999999999921e-05,-7.999999999999934e-05,-8.199999999999961e-05,-7.000000000000018e-05,-3.4000000000000176e-05,-3.4999999999999875e-05,-4.699999999999973e-05,-4.499999999999947e-05
2020-03-04,-4.49999999999999e-05,-0.0001250000000000001,-0.0001559999999999999,-0.00014500000000000016,-0.0001429999999999999,-0.0001299999999999999,-0.0001454999999999998,-0.00013699999999999997,-0.00011300000000000025,-0.00012000000000000031
2020-03-05,0.00010499999999999919,0.00015500000000000062,0.00010999999999999985,5.4999999999999494e-05,-1.0000000000001327e-06,-5.0000000000000565e-05,-8.000000000000021e-05,-9.099999999999994e-05,-8.699999999999984e-05,-0.0001275
2020-03-06,5.0000000000000565e-05,8.000000000000021e-05,7.599999999999968e-05,5.500000000000036e-05,4.100000000000024e-05,0.0,-6.349999999999975e-05,-0.00013900000000000023,-0.00021300000000000008,-0.00023749999999999986
2020-03-09,-0.00017399999999999968,-0.00025900000000000055,-0.00029600000000000026,-0.00028999999999999946,-0.0002900000000000003,-0.0003375000000000001,-0.00038000000000000056,-0.0004324999999999997,-0.0005599999999999997,-0.000575
2020-03-10,-5.999999999999929e-06,7.900000000000008e-05,0.00020500000000000032,0.00033499999999999936,0.00048200000000000066,0.0005675000000000007,0.000576000000000001,0.0006044999999999996,0.0006109999999999996,0.0006410000000000001
2020-03-11,-0.00014500000000000016,-0.0001899999999999992,-0.00019200000000000033,-0.0001749999999999998,-0.00017700000000000007,-0.00013400000000000044,-7.900000000000051e-05,-8.699999999999984e-05,-4.59999999999996e-05,-9.89999999999997e-05
2020-03-12,0.0003049999999999997,0.00042999999999999896,0.0004270000000000003,0.0005063999999999997,0.0005049999999999998,0.0003240000000000005,0.0002842000000000001,0.0002631999999999999,0.00031249999999999984,0.00011049999999999949
2020-03-13,0.0005599999999999997,0.0007025,0.0008174999999999997,0.0008795999999999999,0.000997,0.0012504999999999999,0.0013138,0.0013698,0.0013325,0.0015325
2020-03-16,7.300000000000015e-05,5.000000000000664e-06,3.950000000000047e-05,0.00011400000000000039,0.00018299999999999957,0.00021449999999999985,0.0002710000000000002,0.00030900000000000025,0.0003129999999999999,0.00029
2020-03-17,1.1999999999999858e-05,8.749999999999947e-05,0.0001454999999999998,6.000000000000016e-05,6.000000000000016e-05,0.00011500000000000008,0.00010399999999999993,0.00012399999999999976,0.000138,0.00011999999999999999
2020-03-18,0.00033000000000000043,0.0005625000000000001,0.0007025,0.0009399999999999999,0.0012125,0.0013700000000000001,0.0015325,0.0015865000000000002,0.0017585,0.0017125
2020-03-19,0.0003049999999999997,0.0004375000000000004,0.0005675000000000003,0.0005249999999999999,0.0003725,0.000365,0.00039000000000000005,0.0004114999999999999,0.00011649999999999996,0.0004175000000000001
2020-03-20,0.00011750000000000042,-0.00012200000000000058,-0.0003495,-0.00047499999999999973,-0.0006425000000000001,-0.000675,-0.0008325,-0.0009115,-0.000866,-0.0009275
2020-03-23,-2.050000000000012e-05,-6.299999999999969e-05,-8.80000000000004e-05,-0.0001250000000000001,-0.00010249999999999994,-0.00026000000000000003,-0.00023900000000000006,-0.00024349999999999998,-0.000245,-0.0003375
2020-03-24,8.799999999999997e-05,0.00018500000000000027,0.00025500000000000045,0.0002049999999999999,0.00018000000000000004,0.000245,0.0002940000000000001,0.0003565,0.000447,0.00047000000000000004
2020-03-25,0.00015999999999999999,0.00016749999999999968,0.00012499999999999968,0.00026749999999999994,0.0003699999999999999,0.00039750000000000007,0.00040749999999999993,0.00041600000000000003,0.000486,0.00044249999999999986
2020-03-26,-5.250000000000003e-05,-0.0002700000000000003,-0.00039499999999999995,-0.000565,-0.0006975,-0.0007375000000000001,-0.00071,-0.0006915000000000001,-0.0007055,-0.0006289999999999999
2020-03-27,-0.00014449999999999966,-0.00027999999999999943,-0.00038250000000000003,-0.00047250000000000026,-0.0005425,-0.000665,-0.0007325,-0.0007899999999999999,-0.0007524999999999999,-0.0008185
2020-03-30,6.999999999999628e-06,-4.5000000000000335e-05,-0.0001324999999999998,-0.00010899999999999972,-0.00011749999999999998,-0.00018699999999999988,-0.00022949999999999989,-0.00022650000000000014,-0.0002075000000000001,-0.00020599999999999997
2020-03-31,-3.249999999999998e-05,3.749999999999977e-05,0.00010249999999999973,0.00010050000000000033,0.00010250000000000016,0.00019300000000000003,0.00020949999999999983,0.0002115000000000001,0.00018750000000000006,0.00021099999999999995
2020-04-01,0.00013250000000000024,0.00010900000000000016,8.5e-05,5.099999999999983e-05,-1.0000000000000026e-05,-4.6000000000000034e-05,-0.00010000000000000005,-0.00013999999999999993,-0.00013099999999999993,-0.0002
2020-04-02,8.99999999999998e-05,9.699999999999986e-05,6.750000000000029e-05,7.699999999999808e-06,1.4999999999999823e-05,-4.0000000000000105e-05,-2.649999999999983e-05,-1.0000000000000026e-05,-2.5500000000000024e-05,-1.4999999999999985e-05
2020-04-03,-3.750000000000021e-05,-8.099999999999991e-05,-2.3000000000000017e-05,-3.919999999999965e-05,-2.8999999999999946e-05,-8.999999999999894e-06,5.499999999999863e-06,9.999999999999159e-07,-4.500000000000055e-06,1.600000000000001e-05
2020-04-06,0.00022749999999999984,0.00016600000000000035,0.00010800000000000002,0.0001489999999999994,9.900000000000013e-05,0.00014900000000000004,0.00013600000000000005,0.00013650000000000012,0.000161,0.00018150000000000002
2020-04-07,0.00030000000000000035,0.0003939999999999998,0.00047249999999999983,0.0005600000000000002,0.0006349999999999997,0.0006999999999999999,0.0007175,0.0007824999999999999,0.0007520000000000001,0.0007934999999999999
2020-04-08,0.00019000000000000006,8.74999999999999e-05,5.000000000000013e-05,1.7500000000000154e-05,2.750000000000018e-05,-3.999999999999989e-05,-4.500000000000012e-05,-8.199999999999999e-05,-1.9000000000000015e-05,-0.00010300000000000001
2020-04-09,-0.00019000000000000006,-0.00036249999999999954,-0.0004100000000000002,-0.0004425000000000002,-0.0004499999999999999,-0.0004075000000000001,-0.00045049999999999995,-0.00046550000000000004,-0.000486,-0.000498
2020-04-10,-2.0000000000000052e-05,,,,,,,,,
2020-04-14,-0.00011000000000000029,,,,,,,,,
2020-04-15,7.000000000000018e-05,-2.8000000000000247e-05,-5.9999999999999724e-05,-0.00016549999999999985,-0.00023999999999999976,-0.00032949999999999993,-0.00035400000000000015,-0.00039749999999999985,-0.00041600000000000003,-0.00047500000000000005
2020-04-16,0.00011500000000000008,4.30000000000005e-05,-6.100000000000029e-05,-0.00010949999999999979,-0.00017,-0.00017750000000000014,-0.00020549999999999995,-0.00021450000000000028,-0.0002149999999999999,-0.000227
2020-04-17,-1.0000000000000026e-05,3.4999999999999875e-05,6.849999999999998e-05,6.899999999999962e-05,6.900000000000005e-05,6.449999999999989e-05,7.249999999999986e-05,9.800000000000021e-05,7.699999999999981e-05,0.00011300000000000004
2020-04-20,0.00020659999999999993,0.0003049999999999997,0.0003064999999999999,0.00030000000000000035,0.00032099999999999967,0.0003325000000000001,0.0003420000000000001,0.00030900000000000003,0.0003440000000000001,0.000339
2020-04-21,0.0002684,0.0003080000000000001,0.0002279999999999999,0.00017,9.000000000000024e-05,2.0000000000000052e-05,-3.200000000000013e-05,-5.000000000000013e-05,-0.00011299999999999993,-0.00011999999999999999
2020-04-22,0.00041989999999999996,0.00036899999999999997,0.00041799999999999997,0.0004500000000000001,0.0004999999999999998,0.0005449999999999999,0.0005720000000000002,0.0005920000000000001,0.0006609999999999999,0.0006505
2020-04-23,-0.00011989999999999982,-0.00018199999999999987,-0.0002199999999999997,-0.0002099999999999999,-0.00023499999999999975,-0.000255,-0.0002500000000000002,-0.000282,-0.00026900000000000003,-0.0003005
2020-04-24,-0.00042500000000000003,-0.0005100000000000005,-0.0005200000000000005,-0.0005500000000000001,-0.0005060000000000004,-0.0004990000000000001,-0.0004949999999999998,-0.0004689999999999999,-0.0005329999999999998,-0.00045099999999999996
2020-04-27,-0.00011500000000000008,-5.749999999999939e-05,2.2500000000000384e-05,6.999999999999975e-05,8.850000000000004e-05,0.0001290000000000002,0.00011499999999999987,0.0001389999999999998,0.0001879999999999999,0.000161
2020-04-28,-0.00031499999999999974,-0.00030250000000000025,-0.00030999999999999995,-0.00026000000000000025,-0.0002624999999999997,-0.0002500000000000002,-0.0002295000000000001,-0.0002099999999999999,-0.0002140000000000001,-0.00019999999999999998
2020-04-29,-2.900000000000038e-05,-0.00010150000000000003,-0.00011200000000000012,-0.00015499999999999932,-0.00016530000000000017,-0.00018639999999999976,-0.00017539999999999982,-0.0001918,-0.00020799999999999985,-0.00021
2020-04-30,-0.00020600000000000002,-0.00038849999999999996,-0.00041300000000000017,-0.0005342000000000003,-0.0006597,-0.0006735999999999999,-0.0006333000000000003,-0.0006479000000000001,-0.0006520000000000002,-0.0006650000000000001
2020-05-01,1.0000000000000026e-05,2.9999999999999645e-05,,,,,,,3.000000000000008e-05,
2020-05-04,9.000000000000024e-05,9.500000000000003e-05,5.750000000000069e-05,0.00010919999999999984,0.00018130000000000012,0.00019499999999999986,0.00016100000000000012,0.00016970000000000006,0.00017000000000000023,0.00018449999999999999
2020-05-05,-5.00000000000023e-06,-6.000000000000016e-05,-7.250000000000052e-05,-9.99999999999994e-05,-0.00011379999999999984,-0.00011749999999999998,-0.00013529999999999966,-0.0001250000000000001,-0.00015250000000000007,-0.00011999999999999988
2020-05-06,0.00028500000000000053,0.00026300000000000065,0.00027249999999999974,0.0003043999999999994,0.00033609999999999977,0.00032629999999999985,0.0003824999999999996,0.00039230000000000016,0.0004224999999999999,0.00046049999999999997
2020-05-07,9.74999999999995e-05,4.7999999999999866e-05,2.500000000000332e-06,-3.63999999999998e-05,-9.660000000000007e-05,-0.0001238000000000003,-0.00019999999999999966,-0.00023229999999999974,-0.0002580000000000002,-0.0003200000000000002
2020-05-08,-0.0001364999999999999,-6.500000000000039e-05,-3.750000000000021e-05,-8.000000000000194e-06,3.800000000000027e-05,0.00011000000000000029,0.00014499999999999973,0.0001799999999999996,0.0001780000000000002,0.00021700000000000018
2020-05-11,4.9e-05,0.0001240000000000004,0.00013000000000000034,0.00011500000000000008,0.00012450000000000004,5.000000000000013e-05,7.000000000000018e-05,4.9000000000000215e-05,3.749999999999999e-05,1.299999999999999e-05
2020-05-12,6.250000000000006e-05,4.84999999999995e-05,4.999999999999796e-06,-3.000000000000008e-05,-0.00010650000000000026,-0.00011099999999999999,-0.0001910000000000002,-0.00020699999999999994,-0.0002174999999999998,-0.00021149999999999988
2020-05-13,-6.499999999999995e-06,-5.449999999999943e-05,-6.799999999999948e-05,-5.9999999999999724e-05,-4.2999999999999636e-05,-6.899999999999962e-05,-8.90000000000001e-05,-9.449999999999997e-05,-0.00013500000000000014,-0.00014300000000000011
2020-05-14,5.3999999999999795e-05,3.099999999999978e-05,3.299999999999961e-05,-1.1999999999999858e-05,-6.149999999999992e-05,-5.1500000000000764e-05,-5.9999999999999724e-05,-7.950000000000014e-05,-7.999999999999999e-05,-8.550000000000007e-05
2020-05-15,7.100000000000032e-05,0.00010299999999999979,0.0001324999999999998,0.00014199999999999977,0.00016899999999999945,9.650000000000023e-05,0.00013699999999999997,0.00011399999999999995,0.0001299999999999999,4.0000000000000105e-05
2020-05-18,-1.5999999999999955e-05,4.70000000000006e-05,0.00010500000000000006,0.00016500000000000022,0.00019000000000000006,0.000255,0.0002344999999999999,0.00025849999999999983,0.00026250000000000015,0.00030999999999999995
2020-05-19,1.0000000000000026e-05,5.4999999999999494e-05,6.000000000000016e-05,5.000000000000013e-05,4.25e-05,1.4000000000000123e-05,8.000000000000194e-06,2.500000000000115e-06,7.499999999999911e-06,1.0000000000000026e-05
2020-05-20,-5.000000000000013e-05,-4.74999999999998e-05,-3.749999999999977e-05,-3.000000000000008e-05,-3.299999999999961e-05,5.000000000000664e-07,-1.950000000000042e-05,-1.8000000000000004e-05,-5.5000000000000144e-05,-4.0000000000000105e-05
2020-05-21,-7.499999999999998e-05,-0.00010649999999999982,-0.00014500000000000016,-0.00012750000000000044,-0.00013699999999999997,-0.0001445000000000001,-0.00011999999999999945,-0.0001299999999999997,-0.00010499999999999962,-0.00010000000000000005
2020-05-22,-3.000000000000008e-05,-5.00000000000023e-06,1.249999999999949e-05,-1.0500000000000093e-05,1.0000000000000026e-05,2.0000000000000052e-05,1.299999999999999e-05,3.499999999999944e-05,2.4999999999999632e-05,1.0000000000000026e-05
2020-05-25,7.999999999999978e-05,6.400000000000025e-05,1.950000000000042e-05,2.300000000000045e-05,2.0000000000000052e-05,2.500000000000332e-06,-3.5000000000004645e-06,-2.8999999999999512e-05,-3.349999999999989e-05,-4.699999999999973e-05
2020-05-26,9.650000000000023e-05,0.00011499999999999965,0.00017549999999999987,0.00021499999999999948,0.00024999999999999935,0.00028299999999999983,0.0002955000000000002,0.00030900000000000003,0.0003384999999999998,0.0003669999999999999
2020-05-27,-0.00012150000000000008,-7.499999999999955e-05,-5.000000000000013e-05,-2.4999999999999415e-05,-1.249999999999949e-05,-5.000000000000664e-07,5.00000000000023e-06,5.000000000000013e-06,-5.000000000000013e-06,-4.0000000000000105e-05
2020-05-28,1.0000000000000026e-05,-1.5000000000000256e-05,-4.249999999999957e-05,-7.000000000000018e-05,-8.250000000000054e-05,-9.000000000000024e-05,-7.499999999999998e-05,-6.500000000000017e-05,-4.4999999999999684e-05,2.0000000000000052e-05
2020-05-29,-0.00015499999999999976,-0.0001299999999999999,-0.00014000000000000037,-0.00015999999999999999,-0.00019499999999999943,-0.0002000000000000001,-0.00020000000000000052,-0.0002000000000000003,-0.00021000000000000012,-0.00023999999999999998
2020-06-01,-3.249999999999998e-05,2.099999999999975e-05,6.000000000000016e-05,8.5e-05,0.00012999999999999947,0.00017500000000000024,0.00020800000000000029,0.0002650000000000005,0.00027999999999999987,0.0002999999999999999
2020-06-02,-0.0001475000000000005,-0.00010500000000000006,-5.000000000000013e-05,1.0500000000000093e-05,3.7000000000000574e-05,6.649999999999972e-05,7.950000000000014e-05,5.1499999999999897e-05,7.000000000000018e-05,9.000000000000002e-05
2020-06-03,7.100000000000032e-05,0.0001240000000000004,0.00014750000000000006,0.0001694999999999995,0.0002279999999999999,0.00024850000000000046,0.00026749999999999994,0.0002934999999999997,0.000325,0.0003250000000000001
2020-06-04,-5.600000000000006e-05,-4.0000000000000105e-05,2.500000000000332e-06,2.0000000000000052e-05,6.499999999999995e-05,0.00010500000000000006,0.00016499999999999978,0.00020300000000000027,0.00022750000000000005,0.00026499999999999994
2020-06-05,-0.00011000000000000029,-3.500000000000031e-05,-1.0000000000000026e-05,4.0000000000000105e-05,5.000000000000013e-05,0.00010999999999999964,0.00011550000000000015,0.00015700000000000002,0.00018249999999999994,0.00022
2020-06-08,-3.4999999999999875e-05,-9.900000000000013e-05,-0.0001550000000000002,-0.00020999999999999968,-0.0002650000000000005,-0.0003055,-0.0003055,-0.0003194999999999999,-0.000325,-0.00034
2020-06-09,6.800000000000035e-05,0.0001025000000000006,0.0001250000000000001,0.0001399999999999995,0.00016500000000000022,0.00016800000000000018,0.00016600000000000013,0.00016149999999999975,0.00015999999999999999,0.00020849999999999997
2020-06-10,3.199999999999991e-05,3.399999999999931e-05,4.0000000000000105e-05,5.000000000000013e-05,3.199999999999991e-05,-7.500000000000128e-06,-5.5000000000000144e-05,-7.200000000000002e-05,-9.000000000000002e-05,-0.00019749999999999998
2020-06-11,0.0,-0.0001294999999999994,-0.0002350000000000004,-0.0003499999999999996,-0.0004419999999999997,-0.0005200000000000001,-0.0005560000000000003,-0.0005999999999999998,-0.00065,-0.0006410000000000001
2020-06-12,-0.00014000000000000037,-0.00014300000000000033,-0.00015249999999999986,-0.00014249999999999983,-0.00014000000000000037,-0.00013500000000000014,-0.00013149999999999967,-0.00014000000000000037,-0.000134,-0.00013699999999999997
2020-06-15,-3.000000000000008e-05,-1.5000000000000256e-05,-1.2500000000000358e-05,-1.2500000000000358e-05,-9.999999999999593e-06,-2.499999999999985e-05,-5.750000000000026e-05,-7.599999999999968e-05,-9.600000000000017e-05,-0.00010500000000000006
2020-06-16,-1.249999999999949e-05,1.0000000000000026e-05,3.000000000000008e-05,3.4999999999999875e-05,4.549999999999997e-05,6.499999999999995e-05,7.900000000000051e-05,8.59999999999997e-05,0.00010000000000000005,0.00013200000000000017
2020-06-17,-0.00010749999999999996,-0.00011099999999999999,-0.00010500000000000006,-9.500000000000003e-05,-8.550000000000007e-05,-8.5e-05,4.999999999996327e-07,2.0000000000000052e-05,3.200000000000013e-05,2.1999999999999884e-05
2020-06-18,-0.0001297999999999998,-0.00012899999999999934,-0.00011999999999999945,-0.00011999999999999988,-0.00012000000000000031,-0.00012999999999999947,-0.00023050000000000024,-0.000255,-0.00026100000000000016,-0.0002719999999999999
2020-06-19,-5.5200000000000474e-05,-7.600000000000011e-05,-7.750000000000031e-05,-8.499999999999957e-05,-6.000000000000016e-05,-6.500000000000039e-05,-5.9999999999999724e-05,-2.9999999999999645e-05,-7.099999999999988e-05,-3.000000000000008e-05
2020-06-22,-0.00017500000000000024,-0.00019800000000000026,-0.0002174999999999998,-0.00020500000000000032,-0.00021999999999999928,-0.00019450000000000023,-0.00017050000000000008,-0.0001845000000000002,-0.0001458999999999998,-0.00017
2020-06-23,4.0000000000000105e-05,0.0001380000000000001,0.00019499999999999986,0.00018500000000000027,0.00016499999999999935,0.00017450000000000018,0.00020050000000000016,0.00019850000000000033,0.00023439999999999984,0.00021000000000000012
2020-06-24,-8.5e-05,-5.400000000000023e-05,-8.5e-05,-9.000000000000024e-05,-0.00011449999999999958,-0.00011500000000000008,-0.00016000000000000042,-0.00015450000000000056,-0.0001935000000000003,-0.0001600000000000002
2020-06-25,2.8000000000000247e-05,-5.499999999999993e-05,-4.49999999999999e-05,-5.499999999999993e-05,-4.049999999999974e-05,-6.499999999999995e-05,-5.999999999999929e-05,-7.949999999999971e-05,-5.5499999999999994e-05,-8.699999999999984e-05
2020-06-26,-0.00014300000000000033,-0.00011299999999999982,-0.0001250000000000001,-0.00012000000000000031,-0.0001250000000000001,-0.0001395000000000003,-0.00015050000000000003,-0.00015749999999999965,-0.00018949999999999956,-0.00020450000000000025
2020-06-29,-5.000000000000664e-07,4.6000000000000034e-05,5.750000000000026e-05,7.100000000000032e-05,7.349999999999935e-05,6.750000000000029e-05,6.749999999999942e-05,6.799999999999948e-05,7.249999999999965e-05,7.950000000000014e-05
2020-06-30,-0.00011949999999999938,-8.000000000000021e-05,-5.750000000000026e-05,-4.25e-05,-1.3499999999999623e-05,1.1999999999999858e-05,2.7500000000000614e-05,5.600000000000006e-05,5.849999999999996e-05,5.200000000000018e-05
2020-07-01,6.499999999999995e-05,9.200000000000007e-05,0.00013999999999999993,0.00018650000000000003,0.00023499999999999997,0.00026000000000000025,0.00029549999999999976,0.0003100000000000004,0.00034000000000000024,0.0003889999999999998
2020-07-02,-5.8000000000000326e-05,-7.000000000000018e-05,-0.00010999999999999985,-0.00015750000000000052,-0.00020999999999999968,-0.000232,-0.00024050000000000026,-0.00026150000000000045,-0.00026099999999999973,-0.00027499999999999985
2020-07-03,-5.699999999999976e-05,-3.600000000000001e-05,-1.749999999999972e-05,3.000000000000398e-06,2.949999999999958e-05,2.7000000000000114e-05,3.150000000000028e-05,4.80000000000003e-05,4.549999999999997e-05,4.699999999999973e-05
2020-07-06,4.7999999999999866e-05,5.350000000000016e-05,2.349999999999965e-05,1.450000000000019e-05,-9.499999999999526e-06,-1.5000000000000256e-05,-1.5999999999999955e-05,-1.800000000000022e-05,-2.249999999999995e-05,-1.4999999999999823e-05
2020-07-07,4.999999999999796e-06,4.149999999999987e-05,7.150000000000038e-05,7.499999999999998e-05,7.749999999999944e-05,8.249999999999967e-05,4.499999999999947e-05,4.0000000000000105e-05,2.699999999999968e-05,1.899999999999992e-05
2020-07-08,-2.2999999999999583e-05,1.1000000000000159e-05,1.749999999999972e-05,1.4999999999999823e-05,1.2499999999999924e-05,-7.499999999999694e-06,-2.0000000000000052e-05,-4.49999999999999e-05,-4.99999999999997e-05,-7.499999999999998e-05
2020-07-09,-3.600000000000001e-05,-4.25e-05,-7.000000000000018e-05,-9.850000000000006e-05,-0.0001399999999999995,-0.00015999999999999999,-0.00016699999999999961,-0.00018500000000000027,-0.00020000000000000052,-0.00019150000000000005
2020-07-10,-3.899999999999997e-05,-5.750000000000026e-05,-6.499999999999995e-05,-7.650000000000018e-05,-6.499999999999995e-05,-5.000000000000013e-05,-3.799999999999984e-05,-2.0000000000000052e-05,-4.19999999999995e-05,-2.849999999999988e-05
2020-07-13,8.5e-05,0.00016300000000000038,0.00020749999999999979,0.00025500000000000045,0.0002999999999999995,0.00033000000000000043,0.0003499999999999996,0.0003650000000000003,0.00039199999999999977,0.00034
2020-07-14,2.2499999999999517e-05,-5.500000000000296e-06,-3.4999999999999875e-05,-7.499999999999998e-05,-0.00013999999999999993,-0.00017,-0.00021250000000000002,-0.000245,-0.0002679999999999998,-0.00026000000000000003
2020-07-15,-5.2499999999999596e-05,-7.749999999999988e-05,-9.299999999999977e-05,-9.500000000000003e-05,-5.9999999999999724e-05,-9.05000000000003e-05,-5.749999999999939e-05,-6.749999999999985e-05,-4.80000000000003e-05,-5.000000000000013e-05
2020-07-16,-0.00014999999999999996,-0.00011500000000000052,-0.00011700000000000035,-0.0001250000000000001,-0.00016500000000000022,-0.0001324999999999998,-0.00014150000000000013,-0.00011750000000000042,-0.00011999999999999988,-0.00010999999999999985
2020-07-17,3.000000000000008e-05,2.5000000000000282e-05,4.25e-05,8.99999999999998e-05,0.00013849999999999973,0.0001429999999999999,0.0001315000000000001,0.00014200000000000063,0.00016100000000000012,0.00018000000000000004
2020-07-20,0.0,-1.749999999999972e-05,-3.500000000000031e-05,-8.99999999999998e-05,-0.0001334999999999995,-0.00015999999999999999,-0.00016100000000000012,-0.00016950000000000038,-0.00018000000000000004,-0.00018500000000000027
2020-07-21,-6.149999999999992e-05,-6.849999999999998e-05,-8.99999999999998e-05,-9.000000000000024e-05,-8.5e-05,-7.650000000000018e-05,-7.400000000000028e-05,-7.749999999999988e-05,-5.499999999999993e-05,-8.499999999999957e-05
2020-07-22,-3.850000000000034e-05,-6.299999999999969e-05,-7.249999999999965e-05,-9.500000000000047e-05,-0.0001315000000000001,-0.00015299999999999992,-0.00016399999999999965,-0.00018000000000000004,-0.00020900000000000042,-0.00019050000000000013
2020-07-23,-8.249999999999967e-05,-3.099999999999978e-05,1.7500000000000154e-05,3.500000000000031e-05,6.649999999999972e-05,7.950000000000014e-05,7.949999999999971e-05,8.649999999999977e-05,8.400000000000031e-05,0.0001004999999999999
2020-07-24,4.99999999999997e-05,0.00011999999999999945,0.0001399999999999995,0.00018000000000000004,0.00020000000000000052,0.00021250000000000002,0.00021950000000000008,0.00021349999999999971,0.00020999999999999968,0.00022999999999999995
2020-07-27,-4.25e-05,-7.000000000000062e-05,-9.74999999999995e-05,-0.00013500000000000014,-0.00017000000000000045,-0.0002025,-0.00023000000000000017,-0.00024499999999999956,-0.000255,-0.0002900000000000001
2020-07-28,-6.000000000000059e-05,-9.74999999999995e-05,-0.00010500000000000006,-0.00012499999999999924,-0.00013500000000000014,-0.00013999999999999993,-0.00014999999999999996,-0.00015999999999999999,-0.00014999999999999996,-0.00018999999999999963
2020-07-29,-5.4999999999999494e-05,8.499999999999827e-06,4.74999999999998e-05,9.24999999999997e-05,0.00013000000000000034,0.00015749999999999965,0.00018000000000000004,0.00017500000000000024,0.00017,0.00020149999999999986
2020-07-30,-0.0001449999999999993,-0.00019000000000000006,-0.00022750000000000027,-0.0002574999999999999,-0.0002899999999999999,-0.0003024999999999998,-0.00032499999999999977,-0.0003129999999999999,-0.00032999999999999956,-0.0003615000000000003
2020-07-31,-3.500000000000031e-05,0.0,4.0000000000000105e-05,6.749999999999985e-05,8.99999999999998e-05,0.00011240000000000035,0.00016799999999999975,0.00018299999999999957,0.00019999999999999966,0.00026000000000000025
2020-08-03,-5.0000000000000565e-05,1.4000000000000123e-05,3.200000000000078e-05,1.7500000000000154e-05,2.0000000000000052e-05,7.599999999999968e-06,-3.099999999999978e-05,-1.899999999999992e-05,-3.000000000000008e-05,-2.0000000000000052e-05
2020-08-04,-4.99999999999997e-05,-7.499999999999955e-05,-0.00010450000000000043,-0.00014500000000000016,-0.00019749999999999976,-0.00022500000000000037,-0.00022400000000000024,-0.000258,-0.00026999999999999984,-0.00031999999999999997
2020-08-05,4.99999999999997e-05,0.00011699999999999992,0.00016000000000000042,0.000255,0.00032749999999999967,0.0003700000000000001,0.00038199999999999996,0.000402,0.0003870000000000002,0.0004199999999999998
2020-08-06,-1.4999999999999389e-05,-4.6000000000000034e-05,-5.0000000000000565e-05,-0.00010250000000000016,-0.00012549999999999974,-0.00016800000000000018,-0.00020499999999999945,-0.00019000000000000006,-0.00015200000000000023,-0.00018999999999999963
2020-08-07,2.0999999999999318e-05,7.900000000000008e-05,8.5e-05,0.0001275,0.0001454999999999998,0.00018300000000000044,0.00019999999999999922,0.00017500000000000024,0.0001749999999999998,0.0001799999999999996
2020-08-10,-7.099999999999988e-05,-0.00011099999999999999,-0.00011499999999999965,-0.00017,-0.00021000000000000012,-0.00023000000000000017,-0.0002299999999999993,-0.00022500000000000037,-0.00023999999999999933,-0.00022999999999999974
2020-08-11,2.0000000000000052e-05,9.099999999999994e-05,0.00014999999999999996,0.00019999999999999966,0.00026000000000000025,0.00030000000000000035,0.00035199999999999945,0.00036999999999999967,0.0004109999999999995,0.0004299999999999998
2020-08-12,2.499999999999985e-05,8.5e-05,9.149999999999957e-05,0.00011000000000000029,9.350000000000027e-05,0.00010999999999999942,0.00010800000000000046,0.00012000000000000031,0.00012000000000000031,0.0001380000000000001
2020-08-13,-4.999999999999796e-06,7.500000000000041e-05,0.00014349999999999996,0.00018000000000000004,0.0002364999999999993,0.0002700000000000003,0.0003099999999999995,0.00034,0.0003675,0.00038199999999999996
2020-08-14,-1.899999999999992e-05,-4.0000000000000105e-05,-7.499999999999998e-05,-5.9999999999999724e-05,-3.999999999999924e-05,-4.0000000000000105e-05,-6.000000000000016e-05,-5.9999999999999724e-05,-7.850000000000023e-05,-6.999999999999997e-05
2020-08-17,-3.350000000000054e-05,-9.000000000000067e-05,-9.49999999999996e-05,-0.00017000000000000045,-0.0002300000000000006,-0.0002500000000000002,-0.0002474999999999999,-0.00026000000000000025,-0.0002599999999999998,-0.0002800000000000001
2020-08-18,-4.049999999999974e-05,-8.250000000000011e-05,-0.00011750000000000042,-8.99999999999998e-05,-7.999999999999978e-05,-8.999999999999937e-05,-0.00010249999999999973,-0.00011000000000000029,-0.00010999999999999985,-0.00011999999999999988
2020-08-19,-4.69999999999993e-05,-5.500000000000036e-05,-6.999999999999975e-05,-7.999999999999934e-05,-9.000000000000024e-05,-9.000000000000024e-05,-8.000000000000021e-05,-6.999999999999932e-05,-7.000000000000018e-05,-5.000000000000013e-05
2020-08-20,-5.900000000000089e-05,-9.049999999999944e-05,-9.750000000000036e-05,-8.900000000000054e-05,-9.399999999999947e-05,-0.00011000000000000029,-0.0001299999999999999,-0.0001500000000000004,-0.00017,-0.00018000000000000004
2020-08-21,-2.6499999999999614e-05,-5.999999999999929e-05,-7.499999999999955e-05,-8.600000000000014e-05,-9.60000000000006e-05,-8.749999999999947e-05,-7.099999999999988e-05,-6.999999999999975e-05,-5.1000000000000264e-05,-4.74999999999998e-05
2020-08-24,8.499999999999827e-06,1.549999999999989e-05,2.9999999999999645e-05,4.6000000000000034e-05,5.500000000000036e-05,6.049999999999979e-05,5.950000000000009e-05,7.499999999999998e-05,7.099999999999988e-05,7.250000000000008e-05
2020-08-25,6.149999999999992e-05,0.0001324999999999998,0.00018000000000000047,0.00020899999999999998,0.00026500000000000004,0.0002869999999999995,0.0003414999999999998,0.0003749999999999999,0.0003600000000000001,0.00042500000000000003
2020-08-26,4.500000000000077e-05,5.9000000000000025e-05,7.500000000000041e-05,9.750000000000036e-05,9.999999999999983e-05,0.00013000000000000034,0.00012000000000000031,0.0001299999999999999,0.00018000000000000047,0.00014999999999999974
2020-08-27,1.549999999999989e-05,1.0999999999999725e-05,-5.000000000000664e-06,2.499999999999985e-05,6.250000000000006e-05,7.999999999999978e-05,0.00014999999999999953,0.00011000000000000029,0.00020999999999999968,0.00023999999999999998
2020-08-28,-4.450000000000027e-05,-6.000000000000016e-05,-7.750000000000031e-05,-5.250000000000046e-05,-5.250000000000003e-05,-3.000000000000008e-05,-5.000000000000013e-05,1.0000000000000026e-05,-2.9999999999999862e-05,-3.000000000000008e-05
2020-08-31,-2.499999999999985e-05,2.7000000000000114e-05,4.250000000000087e-05,1.000000000000046e-05,1.5000000000000256e-05,2.000000000000699e-06,-2.999999999999921e-05,-3.000000000000008e-05,-6.000000000000016e-05,-5.9999999999999724e-05
2020-09-01,-5.000000000000664e-06,-0.00011200000000000012,-0.00015200000000000023,-0.00016899999999999988,-0.00018500000000000027,-0.0001770000000000005,-0.00016150000000000062,-0.00014100000000000007,-0.00014350000000000018,-0.00013349999999999994
2020-09-02,-0.00013450000000000007,-0.00018449999999999977,-0.00021049999999999975,-0.0002409999999999999,-0.0002899999999999999,-0.0003349999999999998,-0.00034849999999999985,-0.000379,-0.0003864999999999997,-0.0004100000000000002
2020-09-03,-7.599999999999968e-05,-6.050000000000066e-05,-5.250000000000046e-05,-7.000000000000062e-05,-8.000000000000021e-05,-0.00011000000000000029,-0.0001234999999999999,-0.0001299999999999999,-0.00013500000000000014,-0.00016649999999999998
2020-09-04,9.000000000000327e-06,-1.7499999999999287e-05,-7.000000000000062e-06,3.600000000000044e-05,9.349999999999983e-05,0.00016500000000000022,0.00018350000000000007,0.00021000000000000012,0.00022500000000000037,0.00026000000000000003
2020-09-07,-2.650000000000048e-05,-2.249999999999995e-05,-3.199999999999991e-05,-2.0000000000000052e-05,-4.349999999999927e-05,-4.0000000000000105e-05,-5.000000000000013e-05,-5.500000000000036e-05,-5.8000000000000326e-05,-4.500000000000012e-05
2020-09-08,-2.199999999999945e-05,-4.200000000000037e-05,-6.099999999999942e-05,-0.00012600000000000024,-0.00014000000000000037,-0.00021000000000000055,-0.00019999999999999966,-0.00022499999999999994,-0.000232,-0.000255
2020-09-09,2.199999999999945e-05,9.200000000000007e-05,0.00012499999999999924,0.0001749999999999998,0.00020999999999999925,0.0002650000000000005,0.0002699999999999994,0.0002999999999999995,0.00031999999999999997,0.00034000000000000024
2020-09-10,7.250000000000052e-05,0.00010999999999999985,0.00010500000000000006,0.00017000000000000088,0.0001500000000000004,0.00016000000000000042,0.0001550000000000002,0.0001500000000000004,0.00013999999999999993,0.00013000000000000012
2020-09-11,-4.500000000000077e-05,-0.0001299999999999999,-0.00013500000000000057,-0.0002500000000000002,-0.00027999999999999943,-0.0003200000000000004,-0.0003449999999999998,-0.00035499999999999985,-0.0003700000000000001,-0.00038000000000000013
2020-09-14,-5.899999999999916e-05,-5.750000000000026e-05,-4.99999999999997e-05,-1.5000000000000256e-05,2.7499999999999747e-05,2.499999999999985e-05,1.999999999999962e-05,4.999999999999796e-06,7.500000000000562e-06,2.0000000000000052e-05
2020-09-15,0.0,1.5000000000000256e-05,2.499999999999985e-05,2.9999999999999645e-05,1.2500000000000358e-05,-4.999999999999796e-06,5.00000000000023e-06,-1.0000000000000026e-05,-1.7500000000000588e-05,-3.000000000000008e-05
2020-09-16,-6.000000000000016e-05,-4.74999999999998e-05,-2.499999999999985e-05,-1.4999999999999389e-05,2.0000000000000052e-05,1.0000000000000026e-05,-1.999999999999962e-05,-1.999999999999962e-05,-3.4999999999999875e-05,-4.49999999999999e-05
2020-09-17,-2.549999999999948e-05,-6.499999999999995e-05,-0.00010499999999999919,-0.0001250000000000001,-0.00016000000000000042,-0.00012000000000000031,-0.00013500000000000014,-0.00013000000000000034,-0.0001250000000000001,-0.0001330000000000003
2020-09-18,-4.0500000000000605e-05,-2.499999999999985e-05,0.0,2.499999999999985e-05,5.2499999999999596e-05,3.000000000000008e-05,7.000000000000018e-05,8.000000000000021e-05,0.00010000000000000026,9.30000000000002e-05
2020-09-21,-8.000000000000021e-05,-0.00014250000000000027,-0.00016250000000000032,-0.00015499999999999976,-0.00016249999999999945,-0.00015999999999999999,-0.00017000000000000045,-0.00021500000000000035,-0.00018999999999999963,-0.00018499999999999983
2020-09-22,2.0500000000000553e-05,6.499999999999995e-05,8.250000000000011e-05,5.999999999999929e-05,4.49999999999999e-05,6.000000000000016e-05,7.000000000000018e-05,0.00011500000000000008,7.999999999999934e-05,9.999999999999983e-05
2020-09-23,5.949999999999966e-05,5.250000000000046e-05,4.74999999999998e-05,6.000000000000016e-05,4.49999999999999e-05,6.999999999999975e-05,8.000000000000021e-05,8.000000000000021e-05,9.000000000000024e-05,7.999999999999978e-05
2020-09-24,-4.999999999999796e-06,3.499999999999944e-05,7.149999999999952e-05,7.050000000000025e-05,8.250000000000011e-05,5.000000000000013e-05,2.0000000000000052e-05,2.0000000000000052e-05,1.2500000000000358e-05,-2.0000000000000052e-05
2020-09-25,2.4500000000000216e-05,-2.499999999999985e-05,-4.8499999999999065e-05,-7.300000000000015e-05,-9.500000000000047e-05,-0.00011000000000000029,-0.00012000000000000031,-0.0001500000000000004,-0.00016700000000000005,-0.00014999999999999953
2020-09-28,-2.8500000000000747e-05,-3.9999999999996635e-06,-1.8000000000000654e-05,2.499999999999898e-06,2.7000000000000114e-05,3.0000000000000512e-05,3.549999999999994e-05,4.250000000000044e-05,4.44999999999994e-05,4.99999999999997e-05
2020-09-29,-2.5999999999999114e-05,-3.549999999999994e-05,-4.349999999999927e-05,-6.000000000000016e-05,-8.44999999999995e-05,-8.000000000000021e-05,-0.00010350000000000029,-0.00010250000000000016,-0.00011499999999999965,-0.0001299999999999999
2020-09-30,-5.000000000000664e-06,4.9500000000000065e-05,6.099999999999942e-05,8.000000000000021e-05,0.00010549999999999969,8.99999999999998e-05,0.0001280000000000005,0.00013720000000000008,0.00015499999999999976,0.00017
2020-10-01,-1.4999999999999389e-05,-4.0000000000000105e-05,-4.74999999999998e-05,-5.500000000000036e-05,-8.549999999999964e-05,-4.99999999999997e-05,-5.000000000000013e-05,-3.7200000000000254e-05,-2.499999999999985e-05,-2.0000000000000052e-05
2020-10-02,-5.000000000005e-07,-4.49999999999999e-05,-5.500000000000036e-05,-6.499999999999995e-05,-2.0000000000000052e-05,-5.0000000000000565e-05,-4.0000000000000105e-05,-4.49999999999999e-05,-3.449999999999981e-05,-4.99999999999997e-05
2020-10-05,-6.800000000000035e-05,-7.500000000000562e-06,3.250000000000041e-05,6.750000000000072e-05,9.49999999999996e-05,0.00011000000000000072,0.0001250000000000001,0.0001374999999999996,0.00012949999999999984,0.00014999999999999953
2020-10-06,3.350000000000054e-05,-2.499999999999898e-06,2.499999999999898e-06,1.249999999999949e-05,1.000000000000046e-05,2.9999999999999645e-05,2.5000000000000282e-05,2.7500000000000614e-05,2.0000000000000052e-05,3.000000000000008e-05
2020-10-07,-7.900000000000008e-05,-2.9999999999999645e-05,-2.249999999999995e-05,-2.499999999999985e-05,-1.5000000000000256e-05,1.0000000000000026e-05,3.000000000000008e-05,4.0000000000000105e-05,5.9999999999999724e-05,7.000000000000018e-05
2020-10-08,-2.1000000000000185e-05,-6.000000000000016e-05,-8.000000000000021e-05,-8.499999999999914e-05,-0.00010000000000000026,-0.00011000000000000029,-0.00012000000000000031,-0.00012000000000000031,-0.00012249999999999978,-0.0001275
2020-10-09,1.549999999999989e-05,-1.000000000000046e-05,-2.900000000000038e-05,-3.250000000000041e-05,-4.99999999999997e-05,-3.499999999999944e-05,-2.0000000000000052e-05,0.0,1.7000000000000088e-05,1.749999999999972e-05
2020-10-12,-4.999999999996327e-07,-9.999999999999593e-06,-1.0999999999999725e-05,-3.0000000000000512e-05,-3.249999999999954e-05,-6.499999999999995e-05,-8.000000000000021e-05,-0.00010000000000000026,-0.00011950000000000025,-0.00011999999999999988
2020-10-13,-4.999999999999796e-06,-3.750000000000021e-05,-6.999999999999975e-05,-8.5e-05,-0.00010750000000000082,-0.00010999999999999985,-0.00013999999999999993,-0.00014999999999999996,-0.00016750000000000011,-0.00018000000000000004
2020-10-14,-8.100000000000034e-05,-6.499999999999995e-05,-6.750000000000072e-05,-9.24999999999997e-05,-0.00011499999999999965,-0.00013100000000000004,-0.00013999999999999993,-0.00016499999999999978,-0.0001724999999999999,-0.00018000000000000004
2020-10-15,-2.900000000000038e-05,-4.25e-05,-6.649999999999885e-05,-6.499999999999909e-05,-8.99999999999998e-05,-0.00012900000000000064,-0.00014999999999999996,-0.00017,-0.00019499999999999986,-0.00020999999999999968
2020-10-16,-2.9999999999999645e-05,-6.499999999999995e-05,-6.600000000000095e-05,-6.250000000000092e-05,-6.750000000000072e-05,-5.999999999999929e-05,-6.000000000000016e-05,-8.5e-05,-7.099999999999988e-05,-9.000000000000024e-05
2020-10-19,-5.999999999999062e-06,-2.8000000000000247e-05,-3.499999999999944e-05,-6.000000000000016e-05,-5.749999999999939e-05,-5.0000000000000565e-05,-4.74999999999998e-05,-1.0000000000000026e-05,-9.000000000000327e-06,2.0000000000000052e-05
2020-10-20,4.099999999999937e-05,7.049999999999938e-05,0.00012399999999999998,0.0001954999999999995,0.00025600000000000015,0.0002600000000000007,0.00027749999999999997,0.0002950000000000001,0.00032950000000000037,0.00033
2020-10-21,1.950000000000042e-05,3.550000000000081e-05,1.0999999999999725e-05,1.2000000000000725e-05,8.99999999999946e-06,4.99999999999997e-05,8.99999999999998e-05,8.500000000000044e-05,7.049999999999982e-05,7.999999999999978e-05
2020-10-22,-4.500000000001031e-06,9.49999999999996e-06,3.500000000000031e-05,4.49999999999999e-05,7.750000000000031e-05,9.500000000000047e-05,9.000000000000024e-05,0.00010999999999999942,0.00013000000000000034,0.0001500000000000004
2020-10-23,2.1000000000000185e-05,3.249999999999954e-05,3.499999999999944e-05,2.0000000000000052e-05,-1.2500000000000358e-05,-2.5000000000000716e-05,-2.5000000000000282e-05,-2.0000000000000052e-05,-3.000000000000008e-05,-4.0000000000000105e-05
2020-10-26,4.000000000000531e-06,5.000000000000664e-06,0.0,-2.499999999999898e-06,1.000000000000046e-05,2.499999999999898e-06,0.0,0.0,-1.7500000000000154e-05,-1.7500000000000154e-05
2020-10-27,-0.00010450000000000043,-0.00014500000000000016,-0.00019000000000000006,-0.00021250000000000002,-0.00023000000000000017,-0.0002525000000000001,-0.0002749999999999992,-0.00030999999999999995,-0.00030250000000000025,-0.00030250000000000025
2020-10-28,-5.499999999999429e-06,-1.000000000000046e-05,5.000000000000664e-06,-2.499999999999898e-06,-9.999999999999593e-06,0.0,1.0499999999999225e-05,1.5000000000000256e-05,1.0500000000000093e-05,-7.99999999999976e-06
2020-10-29,-9.500000000000047e-05,-7.249999999999965e-05,-7.500000000000041e-05,-5.750000000000026e-05,-4.450000000000027e-05,-4.0000000000000105e-05,-4.999999999996327e-07,-5.00000000000023e-06,4.70000000000006e-05,6.799999999999992e-05
2020-10-30,-6.800000000000035e-05,-6.250000000000006e-05,-5.0000000000000565e-05,-5.6500000000000127e-05,-5.5499999999999994e-05,-2.9999999999999645e-05,-4.0000000000000105e-05,1.0000000000000026e-05,-6.250000000000049e-05,-6.000000000000016e-05
2020-11-02,5.400000000000023e-05,2.249999999999995e-05,1.5000000000001124e-05,-1.0000000000001327e-06,2.9999999999999645e-05,2.9999999999999645e-05,3.0000000000000512e-05,3.500000000000031e-05,8.000000000000021e-05,9.000000000000024e-05
2020-11-03,1.4000000000000123e-05,4.3500000000000136e-05,7.499999999999955e-05,0.00011550000000000015,0.00011400000000000039,0.00013000000000000077,0.00012999999999999904,0.00013500000000000014,0.00014499999999999973,0.00014999999999999996
2020-11-04,-3.0000000000000512e-05,-2.3999999999999716e-05,-3.499999999999944e-05,-6.800000000000035e-05,-9.900000000000013e-05,-0.00012000000000000031,-0.00012999999999999904,-0.0001500000000000004,-0.00015999999999999999,-0.00015999999999999999
2020-11-05,3.0000000000000512e-05,-2.0000000000002655e-06,-2.0000000000000052e-05,-1.849999999999942e-05,-4.999999999999796e-06,-2.9999999999999645e-05,-4.0000000000000105e-05,-5.000000000000013e-05,-6.000000000000016e-05,-7.000000000000018e-05
2020-11-06,-1.000000000000046e-05,-6.500000000000429e-06,-1.5000000000001124e-05,8.499999999999827e-06,0.0,1.9999999999999185e-05,4.99999999999997e-05,9.000000000000024e-05,9.000000000000024e-05,0.0001500000000000004
2020-11-09,0.0001299999999999999,0.0002515,0.00033000000000000043,0.00042000000000000023,0.0005199999999999996,0.0005900000000000002,0.0006399999999999995,0.00067,0.0007200000000000002,0.0006999999999999999
2020-11-10,5.250000000000046e-05,9.500000000000133e-05,0.00014999999999999996,0.0001449999999999993,0.00014750000000000006,0.0001550000000000002,0.0001500000000000004,0.00014999999999999953,0.00015499999999999976,0.0001600000000000002
2020-11-11,-5.499999999999429e-06,1.999999999999398e-06,-3.249999999999954e-05,-6.499999999999995e-05,-0.00010000000000000026,-0.00011500000000000008,-0.00011200000000000012,-0.00012999999999999947,-0.00012499999999999968,-0.0001240000000000002
2020-11-12,-9.000000000000327e-06,-5.7000000000000627e-05,-7.349999999999978e-05,-0.00011899999999999931,-0.0001535,-0.00015499999999999976,-0.0001879999999999998,-0.00020900000000000042,-0.000232,-0.0002509999999999997
2020-11-13,-2.550000000000035e-05,-5.8499999999999525e-05,-7.650000000000018e-05,-6.100000000000029e-05,-4.8999999999999565e-05,-8.000000000000021e-05,-8.5e-05,-7.099999999999988e-05,-8.80000000000004e-05,-8.500000000000044e-05
2020-11-16,-7.499999999999694e-06,8.499999999999827e-06,2.7500000000000614e-05,3.750000000000021e-05,5.4999999999999494e-05,3.500000000000031e-05,2.499999999999985e-05,1.5000000000000256e-05,1.4999999999999823e-05,0.0
2020-11-17,-1.7500000000000154e-05,-2.0000000000000052e-05,-4.500000000000077e-05,-5.750000000000026e-05,-8.99999999999998e-05,-6.499999999999995e-05,-8.99999999999998e-05,-0.00010500000000000006,-0.00010199999999999966,-0.00010999999999999985
2020-11-18,-4.900000000000043e-05,-2.0000000000000052e-05,9.999999999999593e-06,3.600000000000044e-05,6.000000000000016e-05,4.49999999999999e-05,6.499999999999995e-05,6.999999999999975e-05,8.699999999999984e-05,7.999999999999978e-05
2020-11-19,-5.999999999999929e-06,-4.4999999999999034e-05,-8.000000000000021e-05,-9.55000000000001e-05,-0.00011349999999999989,-0.00012000000000000031,-0.00013800000000000054,-0.00014500000000000016,-0.0001749999999999998,-0.00017249999999999948
2020-11-20,-7.499999999999694e-06,-1.5000000000001124e-05,-2.9999999999999645e-05,-6.049999999999979e-05,-8.650000000000064e-05,-0.00010999999999999985,-0.00011699999999999948,-0.00013499999999999927,-0.0001349999999999997,-0.00013750000000000047
2020-11-23,3.799999999999984e-05,5.0000000000000565e-05,6.999999999999975e-05,7.999999999999934e-05,8.900000000000054e-05,7.249999999999965e-05,8.5e-05,8.999999999999937e-05,8.649999999999977e-05,8.500000000000044e-05
2020-11-24,1.4000000000000123e-05,5.5499999999999994e-05,7.250000000000052e-05,9.000000000000067e-05,0.00010099999999999953,0.00013250000000000067,0.0001299999999999999,0.0001299999999999999,0.00014349999999999953,0.0001349999999999997
2020-11-25,1.000000000000046e-05,-4.999999999996327e-07,-7.499999999999694e-06,-2.0000000000000052e-05,-4.99999999999997e-05,-5.500000000000036e-05,-5.499999999999993e-05,-4.99999999999997e-05,-5.999999999999929e-05,-4.99999999999997e-05
2020-11-26,-7.000000000000929e-06,-2.5000000000000716e-05,-4.200000000000124e-05,-6.000000000000016e-05,-6.450000000000032e-05,-7.499999999999955e-05,-0.00010000000000000026,-0.00011999999999999988,-0.00013450000000000007,-0.0001500000000000004
2020-11-27,-1.4999999999997654e-06,9.999999999999593e-06,3.5000000000008982e-06,-4.999999999999796e-06,-1.0500000000000093e-05,-3.0000000000000512e-05,-5.000000000000013e-05,-3.999999999999967e-05,-4.050000000000017e-05,-4.0000000000000105e-05
2020-11-30,-8.499999999999827e-06,-5.499999999998562e-06,1.3499999999999623e-05,1.4999999999999389e-05,2.5000000000000716e-05,3.500000000000031e-05,7.000000000000018e-05,6.499999999999952e-05,6.499999999999995e-05,7.000000000000018e-05
2020-12-01,2.7500000000000614e-05,4.5499999999998667e-05,7.000000000000062e-05,0.0001275,0.00015649999999999952,0.0001899999999999992,0.00019000000000000006,0.0002149999999999999,0.00022999999999999974,0.0002425000000000001
2020-12-02,-1.000000000000046e-05,-1.999999999999398e-06,0.0,-1.7499999999999287e-05,-1.1499999999999358e-05,-1.7499999999999287e-05,1.0000000000000026e-05,5.00000000000023e-06,1.0000000000000026e-05,7.500000000000128e-06
2020-12-03,-4.0000000000000105e-05,-8.299999999999974e-05,-9.900000000000013e-05,-0.00011000000000000072,-0.00013500000000000057,-0.0001225000000000002,-0.00013999999999999993,-0.00013500000000000014,-0.00014999999999999953,-0.00013999999999999993
2020-12-04,-5.2499999999999596e-05,-8.500000000000087e-05,-8.69999999999994e-05,-6.000000000000016e-05,4.000000000000531e-06,-9.999999999999593e-06,2.0000000000000052e-05,2.0000000000000052e-05,4.8999999999999565e-05,5.000000000000013e-05
2020-12-07,-5.250000000000046e-05,-8.000000000000021e-05,-0.00010400000000000079,-0.0001299999999999999,-0.00017399999999999968,-0.00017,-0.0001900000000000005,-0.00019999999999999966,-0.0002289999999999996,-0.00022000000000000058
2020-12-08,-3.999999999999924e-05,-4.2499999999999136e-05,-4.399999999999977e-05,-6.749999999999985e-05,-0.00010500000000000006,-0.00011500000000000052,-0.00012999999999999904,-0.00013500000000000014,-0.00013000000000000034,-0.00015999999999999999
2020-12-09,-5.250000000000133e-05,-3.250000000000041e-05,-3.0000000000000512e-05,-3.0000000000000512e-05,-2.5000000000000716e-05,-2.499999999999985e-05,-2.0000000000000052e-05,-1.5000000000000256e-05,-2.0000000000000052e-05,-4.999999999999796e-06
2020-12-10,2.2500000000000818e-05,1.5000000000000256e-05,1.4000000000000123e-05,2.2500000000000818e-05,3.0000000000000512e-05,2.0000000000000052e-05,-1.2500000000000358e-05,-2.0000000000000052e-05,-3.099999999999978e-05,-4.0000000000000105e-05
2020-12-11,-1.849999999999942e-05,-4.30000000000005e-05,-7.249999999999965e-05,-0.00011750000000000042,-0.00016000000000000042,-0.00018500000000000027,-0.00020250000000000042,-0.00023499999999999997,-0.0002589999999999997,-0.00028499999999999966
2020-12-14,-1.5000000000006328e-06,2.300000000000045e-05,2.5000000000000716e-05,2.4500000000000216e-05,4.74999999999998e-05,4.49999999999999e-05,6.499999999999995e-05,8.000000000000021e-05,9.49999999999996e-05,9.500000000000003e-05
2020-12-15,2.7499999999999747e-05,3.500000000000031e-05,4.4999999999999034e-05,5.799999999999989e-05,4.25e-05,5.0000000000000565e-05,6.000000000000016e-05,3.4999999999999875e-05,3.4999999999999875e-05,4.49999999999999e-05
2020-12-16,6.099999999999942e-05,0.00015200000000000023,0.00019149999999999983,0.00022000000000000058,0.00023999999999999976,0.00027500000000000007,0.0002500000000000002,0.00027500000000000007,0.0002995000000000003,0.00027999999999999987
2020-12-17,5.6500000000000994e-05,1.7999999999999787e-05,2.1000000000000185e-05,2.999999999999531e-06,1.000000000000046e-05,-3.500000000000031e-05,-2.0000000000000052e-05,-2.499999999999985e-05,-3.950000000000004e-05,-2.0000000000000052e-05
2020-12-18,9.999999999999593e-06,3.699999999999971e-05,6.000000000000016e-05,7.699999999999981e-05,4.99999999999997e-05,5.0000000000000565e-05,4.0000000000000105e-05,4.0000000000000105e-05,3.000000000000008e-05,3.000000000000008e-05
2020-12-21,1.000000000000046e-05,1.0499999999999225e-05,-2.499999999999898e-06,-9.999999999999593e-06,0.0,9.999999999999593e-06,1.999999999999962e-05,1.8999999999999486e-05,2.499999999999985e-05,3.000000000000008e-05
2020-12-22,4.999999999998929e-06,4.750000000000067e-05,5.2499999999999596e-05,2.9999999999999645e-05,2.0000000000000052e-05,2.499999999999898e-06,-1.999999999999962e-05,-3.399999999999974e-05,-5.000000000000013e-05,-6.250000000000006e-05
2020-12-23,5.0000000000000565e-05,0.00010000000000000026,0.00014999999999999996,0.0001799999999999996,0.00019000000000000006,0.00020750000000000022,0.0002199999999999997,0.00023499999999999997,0.0002350000000000004,0.000245
2020-12-24,8.499999999999827e-06,0.0,0.0,2.0000000000000052e-05,4.0000000000000105e-05,,3.000000000000008e-05,,4.0000000000000105e-05,2.750000000000018e-05
2020-12-25,0.0,0.0,0.0,0.0,0.0,,0.0,,0.0,0.0
2020-12-28,-3.9999999999996635e-06,-1.000000000000046e-05,-2.9999999999999645e-05,-7.999999999999934e-05,-0.0001299999999999999,,-0.00013599999999999984,,-0.0001500000000000004,-0.00014500000000000016
2020-12-29,-8.450000000000037e-05,-0.00010399999999999906,-0.00012499999999999924,-0.00010999999999999985,-8.99999999999998e-05,-8.000000000000021e-05,-8.400000000000031e-05,-9.399999999999947e-05,-7.999999999999978e-05,-8.5e-05
2020-12-30,-8.49999999999896e-06,-3.1000000000000645e-05,-1.5000000000001124e-05,-7.500000000000562e-06,-5.000000000000664e-06,-1.9999999999999185e-05,0.0,0.0,0.0,1.4999999999999823e-05
2020-12-31,-3.400000000000104e-05,4.999999999999796e-06,0.0,-2.499999999999898e-06,-4.999999999999796e-06,,,,,
2021-01-01,0.0,0.0,,,,,,,,
2021-01-04,-0.00012249999999999935,-0.00023999999999999976,-0.0002599999999999998,-0.0002599999999999998,-0.0002599999999999998,,,,,
2021-01-05,4.0000000000000105e-05,4.49999999999999e-05,3.4000000000000176e-05,6.999999999999975e-05,9.000000000000067e-05,0.0001324999999999998,0.00015999999999999955,0.00018500000000000027,0.00021000000000000012,0.00022999999999999974
2021-01-06,2.4999999999990308e-06,6.499999999999995e-05,9.599999999999973e-05,0.00010000000000000026,0.00012999999999999904,0.00013750000000000047,0.00015999999999999999,0.00016999999999999958,0.00018000000000000004,0.00019000000000000006
2021-01-07,5.250000000000133e-05,4.500000000000077e-05,4.99999999999997e-05,4.99999999999997e-05,7.500000000000041e-05,9.49999999999996e-05,0.00011450000000000002,0.00013000000000000034,0.00014000000000000037,0.00015999999999999999
2021-01-08,9.999999999998725e-06,4.4999999999999034e-05,4.0000000000000105e-05,4.500000000000077e-05,3.500000000000031e-05,2.499999999999985e-05,2.550000000000035e-05,3.4999999999999875e-05,3.999999999999924e-05,2.0000000000000052e-05
2021-01-11,4.0000000000000105e-05,3.7000000000000574e-05,6.500000000000082e-05,0.00010249999999999929,0.0001374999999999996,0.00017,0.00018749999999999973,0.00020500000000000032,0.00021250000000000045,0.00022250000000000004
2021-01-12,9.999999999999593e-06,8.299999999999974e-05,0.0001374999999999996,0.00016750000000000011,0.00020250000000000042,0.00023000000000000017,0.00023650000000000016,0.0002549999999999996,0.0002499999999999998,0.0002704999999999999
2021-01-13,-2.0000000000000052e-05,-9.750000000000036e-05,-0.00015249999999999986,-0.0002249999999999995,-0.00028249999999999977,-0.00034,-0.000379,-0.00043500000000000006,-0.0004525000000000002,-0.0004905
2021-01-14,-7.499999999999868e-05,-8.94999999999993e-05,-0.00011750000000000042,-0.00013000000000000077,-0.00014750000000000093,-0.00014000000000000037,-0.00013750000000000004,-0.00011999999999999988,-0.00012749999999999958,-0.00012249999999999978
2021-01-15,-1.5000000000000256e-05,-2.8000000000000247e-05,-1.3499999999999623e-05,2.0000000000000052e-05,3.500000000000031e-05,5.0000000000000565e-05,6.000000000000016e-05,6.000000000000016e-05,6.750000000000029e-05,7.550000000000005e-05
2021-01-18,2.499999999999898e-06,2.0000000000000052e-05,3.099999999999978e-05,5.750000000000026e-05,7.499999999999955e-05,8.000000000000021e-05,7.249999999999965e-05,7.999999999999978e-05,9.49999999999996e-05,0.00010150000000000003
2021-01-19,4.49999999999999e-05,6.250000000000006e-05,6.999999999999975e-05,5.250000000000046e-05,5.0000000000000565e-05,3.749999999999934e-05,4.0000000000000105e-05,6.000000000000016e-05,4.99999999999997e-05,4.2999999999999636e-05
2021-01-20,-4.999999999999796e-06,0.0,-1.1999999999998123e-06,-2.5000000000007655e-06,-2.499999999999898e-06,1.249999999999949e-05,3.000000000000008e-05,0.0,7.500000000000562e-06,1.2500000000000358e-05
2021-01-21,7.000000000000062e-05,0.00010299999999999979,0.00014120000000000018,0.00016250000000000032,0.00021250000000000002,0.00023750000000000073,0.0002660000000000002,0.00027749999999999997,0.00030199999999999975,0.0003219999999999998
2021-01-22,1.4999999999999389e-05,-1.0500000000000093e-05,-2.9999999999999645e-05,-6.749999999999985e-05,-0.00010000000000000026,-0.00011750000000000042,-0.0001259999999999998,-0.0001275,-0.00013199999999999974,-0.00013999999999999993
2021-01-25,-3.699999999999971e-05,-0.00010000000000000026,-0.00014000000000000037,-0.0001324999999999998,-0.00016000000000000042,-0.0001749999999999998,-0.00020500000000000032,-0.0002000000000000001,-0.00022750000000000027,-0.0002490000000000001
2021-01-26,-2.8000000000000247e-05,2.5000000000000716e-05,6.500000000000082e-05,6.999999999999975e-05,0.00011000000000000072,0.00010500000000000006,0.00015299999999999992,0.00017000000000000045,0.0001749999999999998,0.00020450000000000025
2021-01-27,-7.400000000000028e-05,-0.0001275,-0.00014500000000000103,-0.0001299999999999999,-0.00014500000000000016,-7.999999999999934e-05,-7.799999999999994e-05,-7.000000000000018e-05,-3.749999999999977e-05,-3.249999999999998e-05
2021-01-28,-6.600000000000009e-05,-4.750000000000067e-05,-3.3499999999999676e-05,9.49999999999996e-06,4.099999999999937e-05,2.9999999999998778e-05,4.65000000000001e-05,5.000000000000013e-05,6.749999999999985e-05,8.249999999999967e-05
2021-01-29,3.499999999999944e-05,2.7500000000000614e-05,3.3499999999999676e-05,5.3000000000000096e-05,6.650000000000059e-05,8.750000000000077e-05,9.350000000000027e-05,0.00011999999999999988,0.00013000000000000034,0.00014000000000000015
2021-02-01,3.250000000000128e-05,3.500000000000031e-05,5.500000000000036e-05,4.0000000000000105e-05,4.149999999999987e-05,3.249999999999954e-05,2.999999999999921e-05,3.000000000000008e-05,1.749999999999972e-05,1.0000000000000026e-05
2021-02-02,3.449999999999981e-05,5.099999999999983e-05,6.000000000000016e-05,9.24999999999997e-05,0.00010200000000000053,0.00014000000000000037,0.00014500000000000016,0.00015999999999999955,0.0001724999999999999,0.00018999999999999985
2021-02-03,5.299999999999923e-05,7.149999999999952e-05,9.99999999999994e-05,0.00011499999999999965,0.00017399999999999968,0.00018000000000000004,0.00021500000000000035,0.00022000000000000014,0.0002400000000000002,0.0002400000000000002
2021-02-04,-7.499999999999694e-06,4.999999999999796e-06,1.5000000000000256e-05,3.0000000000000512e-05,3.0000000000000512e-05,4.0000000000000105e-05,6.499999999999995e-05,7.000000000000018e-05,6.999999999999997e-05,9.999999999999983e-05
2021-02-05,6.049999999999979e-05,6.999999999999975e-05,9.819999999999968e-05,8.99999999999998e-05,0.00010999999999999899,0.0001299999999999999,0.0001250000000000001,0.00014999999999999996,0.00017000000000000023,0.00017
2021-02-08,2.4500000000000216e-05,2.5000000000000716e-05,1.8000000000005859e-06,1.2500000000000358e-05,-9.999999999999593e-06,4.999999999999796e-06,9.99999999999699e-07,-5.00000000000023e-06,0.0,-9.99999999999981e-06
2021-02-09,-4.6000000000000034e-05,-5.500000000000036e-05,-6.000000000000016e-05,-5.250000000000046e-05,-4.0000000000000105e-05,-4.499999999999947e-05,-3.099999999999978e-05,-3.499999999999944e-05,-2.5000000000000066e-05,-2.0000000000000052e-05
2021-02-10,1.0999999999999725e-05,9.999999999999593e-06,9.999999999999593e-06,0.0,-4.999999999999796e-06,1.0000000000000026e-05,3.000000000000008e-05,5.4999999999999494e-05,5.9999999999999724e-05,7.999999999999978e-05
2021-02-11,-2.999999999999531e-06,-1.4999999999999389e-05,-3.999999999999924e-05,-4.99999999999997e-05,-6.499999999999995e-05,-0.00010000000000000026,-0.00013000000000000034,-0.0001349999999999997,-0.00016499999999999978,-0.00017
2021-02-12,4.000000000000531e-06,5.4999999999999494e-05,9.74999999999995e-05,0.00011999999999999945,0.00014999999999999996,0.00020499999999999945,0.0002499999999999998,0.0002899999999999999,0.00033,0.00035000000000000016
2021-02-15,3.649999999999921e-05,3.150000000000028e-05,6.250000000000006e-05,0.00016000000000000042,0.00023400000000000027,0.0002650000000000005,0.00029350000000000036,0.00031999999999999997,0.00035749999999999996,0.0003799999999999999
2021-02-16,3.500000000000031e-05,7.850000000000044e-05,0.00010749999999999996,0.0001275,0.00018849999999999943,0.00024249999999999966,0.0002915000000000001,0.00031999999999999997,0.0003625,0.00038750000000000004
2021-02-17,-1.2500000000000358e-05,-4.2999999999999636e-05,-6.499999999999995e-05,-0.00010500000000000006,-0.00014999999999999996,-0.00015999999999999999,-0.00017,-0.00017250000000000013,-0.00019000000000000006,-0.00019749999999999998
2021-02-18,2.7499999999999747e-05,5.8499999999999525e-05,8.74999999999999e-05,0.0001225000000000002,0.00017750000000000057,0.00018250000000000037,0.0001944999999999998,0.00017750000000000014,0.00019499999999999997,0.000205
2021-02-19,3.850000000000034e-05,4.450000000000027e-05,8.99999999999998e-05,0.00015499999999999976,0.00019499999999999943,0.00027499999999999964,0.0003005,0.0003849999999999999,0.0003650000000000001,0.000385
2021-02-22,6.500000000000429e-06,-1.000000000000046e-05,-6.649999999999972e-05,-9.99999999999994e-05,-0.0001724999999999999,-0.00022000000000000014,-0.0002499999999999998,-0.00030999999999999973,-0.0002965,-0.00031999999999999997
2021-02-23,8.49999999999896e-06,4.999999999999796e-06,4.399999999999977e-05,5.999999999999929e-05,0.00010749999999999996,0.00011000000000000029,0.00011150000000000005,0.0001324999999999998,0.00012649999999999998,0.0001225
2021-02-24,-1.8499999999998552e-05,-4.999999999999796e-06,-1.2500000000000358e-05,2.7500000000000614e-05,3.000000000000008e-05,3.000000000000008e-05,2.849999999999988e-05,2.7499999999999964e-05,2.5000000000000066e-06,2.7500000000000004e-05
2021-02-25,0.00015499999999999976,0.00037050000000000017,0.000592500000000001,0.0006824999999999995,0.0007599999999999998,0.0008049999999999999,0.0008749999999999999,0.0008900000000000001,0.0009124999999999999,0.000925
2021-02-26,9.999999999999593e-06,-3.300000000000004e-05,-0.00018000000000000047,-0.0003125000000000003,-0.0004074999999999999,-0.00046750000000000025,-0.0005325,-0.0005725,-0.0005874999999999999,-0.0006450000000000001
2021-03-01,-6.800000000000035e-05,-0.00022000000000000058,-0.00032749999999999967,-0.0004174999999999999,-0.0004824999999999994,-0.0005224999999999995,-0.0005625000000000001,-0.0005874999999999999,-0.0005974999999999999,-0.0006100000000000001
2021-03-02,-8.549999999999964e-05,-8.749999999999904e-05,-0.00010749999999999996,-0.00011999999999999945,-0.00013000000000000034,-0.00013250000000000024,-0.00013999999999999993,-0.00013250000000000024,-0.00013999999999999993,-0.00012999999999999996
2021-03-03,1.3499999999999623e-05,7.799999999999908e-05,0.00015499999999999976,0.0002549999999999996,0.00032999999999999956,0.00039749999999999985,0.00047999999999999996,0.0005225000000000002,0.000578,0.00062
2021-03-04,1.000000000000046e-05,3.200000000000078e-05,1.249999999999949e-05,4.999999999999796e-06,4.0000000000000105e-05,-4.99999999999997e-05,3.350000000000011e-05,3.999999999999989e-05,3.699999999999998e-05,3.400000000000001e-05
2021-03-05,-1.4999999999997654e-06,-2.0000000000000052e-05,0.0,-1.999999999999962e-05,-7.999999999999978e-05,1.999999999999962e-05,-7.35e-05,-6.999999999999997e-05,-6.500000000000001e-05,-6.400000000000004e-05
2021-03-08,3.6500000000000074e-05,8.249999999999924e-05,0.0001255000000000006,0.00020449999999999982,0.0002574999999999999,0.00026250000000000015,0.00027249999999999996,0.0002800000000000001,0.0002825,0.00028250000000000004
2021-03-09,-1.350000000000049e-05,-1.7499999999999287e-05,-3.300000000000004e-05,-7.449999999999991e-05,-8.74999999999999e-05,-0.00011249999999999975,-0.0001355000000000002,-0.00014999999999999996,-0.000191,-0.00019250000000000002
2021-03-10,-2.0000000000000052e-05,-4.49999999999999e-05,-8.250000000000011e-05,-9.000000000000024e-05,-0.00011000000000000029,-0.00014000000000000037,-0.00014699999999999978,-0.00013999999999999993,-0.00016150000000000002,-0.0001945
2021-03-11,-1.899999999999992e-05,-6.000000000000016e-05,-6.499999999999995e-05,-8.149999999999954e-05,-0.0001014999999999996,-6.999999999999975e-05,-6.999999999999997e-05,-9.000000000000024e-05,-5.499999999999993e-05,-4.550000000000001e-05
2021-03-12,2.0000000000000052e-05,4.74999999999998e-05,9.49999999999996e-05,9.900000000000013e-05,0.0001414999999999997,0.00017,0.00022000000000000014,0.0002500000000000002,0.00027499999999999996,0.00032
2021-03-15,-2.599999999999998e-05,-8.74999999999999e-05,-0.00015999999999999955,-0.00015500000000000062,-0.00019000000000000006,-0.00019000000000000006,-0.00020750000000000022,-0.0002000000000000001,-0.0002025,-0.00022750000000000005
2021-03-16,-4.80000000000003e-05,-5.5499999999999994e-05,-5.0000000000000565e-05,-6.299999999999969e-05,-6.999999999999932e-05,-7.499999999999998e-05,-6.949999999999968e-05,-7.999999999999999e-05,-8.5e-05,-7.25e-05
2021-03-17,3.449999999999981e-05,3.6500000000000074e-05,7.750000000000031e-05,0.0001454999999999998,0.00020999999999999925,0.00026000000000000025,0.0003219999999999996,0.0003675,0.00043,0.0004475
2021-03-18,-7.999999999999327e-06,2.9500000000000012e-05,6.000000000000016e-05,8.250000000000011e-05,0.00014249999999999983,0.00016749999999999968,0.00018250000000000015,0.0002025,0.0002175,0.0002599999999999999
2021-03-19,-3.500000000000031e-05,-8.80000000000004e-05,-9.750000000000036e-05,-0.0001349999999999997,-0.00015849999999999935,-0.00016249999999999988,-0.00016500000000000022,-0.00014999999999999996,-0.0001425,-0.00014499999999999995
2021-03-22,-2.9999999999999645e-05,-3.449999999999981e-05,-4.99999999999997e-05,-5.0000000000000565e-05,-7.400000000000028e-05,-9.000000000000024e-05,-8.99999999999998e-05,-0.00010000000000000005,-0.00011750000000000001,-0.00012499999999999995
2021-03-23,0.0,4.500000000000164e-06,-3.0000000000000512e-05,-7.249999999999965e-05,-0.00010999999999999985,-0.00013999999999999993,-0.00019249999999999996,-0.00021999999999999993,-0.00023,-0.00023750000000000003
2021-03-24,-1.2500000000000358e-05,-4.25e-05,-7.999999999999934e-05,-0.00010999999999999985,-0.0001225000000000002,-0.00012249999999999978,-0.0001299999999999999,-0.00013000000000000012,-0.00013999999999999993,-0.00015000000000000001
2021-03-25,5.499999999999429e-06,2.499999999999898e-06,-2.7500000000000614e-05,-6.250000000000006e-05,-9.500000000000003e-05,-0.0001275,-0.00014750000000000006,-0.00017,-0.00017,-0.00018
2021-03-26,-1.799999999999892e-05,-2.0000000000000052e-05,3.250000000000041e-05,0.00010500000000000006,0.00015999999999999999,0.0001799999999999996,0.00022749999999999984,0.0002800000000000001,0.00028,0.00032
2021-03-29,1.3499999999999623e-05,2.9999999999999645e-05,6.499999999999995e-05,9.750000000000036e-05,0.00012850000000000058,0.00016500000000000022,0.0002000000000000001,0.00018000000000000004,0.00020999999999999995,0.00020999999999999998
2021-03-30,-3.500000000000031e-06,6.049999999999979e-05,0.00012000000000000031,0.00013649999999999947,0.00015899999999999942,0.00018500000000000027,0.00018199999999999987,0.0002099999999999999,0.00020000000000000004,0.00019999999999999998
2021-03-31,6.250000000000006e-05,4.450000000000027e-05,4.200000000000037e-05,5.6500000000000127e-05,7.750000000000031e-05,7.250000000000008e-05,6.550000000000002e-05,3.9999999999999996e-05,5.000000000000001e-05,4.0000000000000105e-05
2021-04-01,-4.900000000000043e-05,-7.999999999999934e-05,-0.00013700000000000084,-0.0001755000000000003,-0.00021750000000000025,-0.0002425000000000001,-0.00027749999999999997,-0.00026999999999999995,-0.0003,-0.0003275000000000001
2021-04-02,1.5000000000006328e-06,-7.500000000000562e-06,-4.999999999999796e-06,-1.7499999999999287e-05,0.0,-7.500000000000128e-06,2.500000000000115e-06,,0.0,7.50000000000002e-06
2021-04-06,-1.950000000000042e-05,-9.999999999999593e-06,0.0,2.199999999999945e-05,2.500000000000332e-06,-2.499999999999898e-06,-1.2500000000000141e-05,,-2.0000000000000052e-05,-1.0000000000000026e-05
2021-04-07,-1.6999999999999654e-05,-3.499999999999944e-05,-4.99999999999997e-05,-7.200000000000002e-05,-7.350000000000021e-05,-0.00010000000000000026,-8.649999999999977e-05,-9.749999999999993e-05,-7.999999999999994e-05,-8.999999999999997e-05
2021-04-08,-2.2000000000000318e-05,-3.5000000000001176e-05,-4.99999999999997e-05,-6.000000000000016e-05,-0.00010899999999999972,-7.499999999999998e-05,-8.350000000000024e-05,-9.000000000000024e-05,-0.00011199999999999996,-9.999999999999999e-05
2021-04-09,4.999999999996327e-07,5.6000000000000494e-05,0.00012999999999999904,0.00019249999999999996,0.0002659999999999993,0.00027500000000000007,0.00027250000000000017,0.0002900000000000001,0.00031199999999999994,0.0003
2021-04-12,4.700000000000017e-05,1.950000000000042e-05,1.8000000000000654e-05,1.5000000000000256e-05,3.150000000000071e-05,4.750000000000023e-05,7.499999999999976e-05,9.000000000000002e-05,8.5e-05,0.00010750000000000001
2021-04-13,-2.849999999999988e-05,4.499999999999296e-06,1.1999999999999858e-05,2.499999999999898e-06,2.4999999999994645e-06,-1.7500000000000154e-05,-1.7499999999999937e-05,-1.0000000000000026e-05,-1.5000000000000012e-05,-3.749999999999999e-05
2021-04-14,0.00011949999999999981,0.0001299999999999999,0.00019000000000000006,0.0002624999999999997,0.0002800000000000003,0.00031999999999999997,0.00034500000000000004,0.0003775,0.0004075,0.0004225
2021-04-15,-4.0000000000000105e-05,-6.549999999999959e-05,-0.00017,-0.0002599999999999998,-0.00031999999999999997,-0.00035000000000000005,-0.0003899999999999997,-0.0004450000000000001,-0.0004665,-0.000485
2021-04-16,3.0000000000000512e-05,5.799999999999989e-05,0.00011399999999999952,0.0001500000000000004,0.00020249999999999956,0.0002599999999999998,0.0002899999999999999,0.00031000000000000005,0.0003315,0.000345
2021-04-19,2.9999999999999645e-05,8.74999999999999e-05,0.00013100000000000004,0.00019999999999999966,0.0002500000000000002,0.00023000000000000017,0.00022349999999999996,0.00021750000000000003,0.00020750000000000003,0.00020149999999999996
2021-04-20,-3.4999999999991635e-06,-2.9999999999999645e-05,-8.5e-05,-0.00012499999999999968,-0.00018000000000000004,-0.00018749999999999973,-0.00020849999999999992,-0.00022000000000000003,-0.00025,-0.00024399999999999997
2021-04-21,-6.500000000000429e-06,-1.000000000000046e-05,0.0,-1.7500000000000154e-05,-3.249999999999954e-05,-5.250000000000003e-05,-3.500000000000009e-05,-4.9999999999999914e-05,-3.800000000000001e-05,-3.9999999999999996e-05
2021-04-22,-1.950000000000042e-05,1.2500000000000358e-05,3.0000000000000512e-05,4.0000000000000105e-05,4.99999999999997e-05,4.99999999999997e-05,6.499999999999974e-05,4.9999999999999914e-05,2.8000000000000003e-05,-9.999999999999994e-05
2021-04-23,9.49999999999996e-06,1.3499999999999623e-05,2.9999999999999645e-05,2.9999999999999645e-05,4.74999999999998e-05,6.000000000000016e-05,2.5000000000000066e-05,6.000000000000005e-05,8.000000000000002e-05,0.00024249999999999988
2021-04-26,1.1999999999999858e-05,2.5000000000000716e-05,5.0000000000000565e-05,7.000000000000018e-05,5.6500000000000127e-05,5.000000000000013e-05,5.5000000000000144e-05,5.999999999999994e-05,4.999999999999997e-05,7.50000000000002e-06
2021-04-27,-6.999999999999194e-06,2.9999999999999645e-05,3.799999999999897e-05,4.0000000000000105e-05,5.6000000000000494e-05,4.399999999999977e-05,5.999999999999994e-05,4.9e-05,6.499999999999998e-05,5.600000000000006e-05
2021-04-28,1.4999999999999389e-05,3.899999999999997e-05,8.400000000000074e-05,9.000000000000024e-05,7.999999999999934e-05,0.00014500000000000016,9.000000000000002e-05,0.00010600000000000003,0.00011450000000000002,0.00012200000000000015
2021-04-29,2.0000000000000052e-05,5.699999999999976e-05,0.00011499999999999965,0.00018999999999999963,0.0002620000000000005,0.0002540000000000001,0.0003520000000000001,0.00037299999999999996,0.0004015,0.00042099999999999993
2021-04-30,-4.80000000000003e-05,-7.200000000000002e-05,-9.449999999999997e-05,-0.00012000000000000031,-0.0001420000000000002,-0.0001330000000000001,-0.00013200000000000006,-0.00012800000000000002,-0.00013099999999999993,-0.00011899999999999997
2021-05-03,7.000000000000929e-06,-1.0000000000001327e-06,5.500000000000296e-06,-1.5999999999999955e-05,-7.99999999999976e-06,7.999999999999978e-06,-2.9999999999999645e-06,1.5000000000000012e-05,2.1999999999999884e-05,2.800000000000003e-05
2021-05-04,-1.9000000000000787e-05,-7.499999999999955e-05,-0.00014199999999999977,-0.00015399999999999962,-0.0002000000000000001,-0.00023700000000000001,-0.00028949999999999994,-0.00032199999999999997,-0.0003489999999999999,-0.00037050000000000017
2021-05-05,2.5000000000000716e-05,3.0000000000000512e-05,3.899999999999997e-05,0.0,-1.0500000000000093e-05,-2.099999999999975e-05,3.249999999999998e-05,3.699999999999998e-05,5.6000000000000006e-05,5.250000000000003e-05
2021-05-06,1.4000000000000123e-05,8.49999999999896e-06,3.4000000000000176e-05,2.599999999999998e-05,2.2499999999999517e-05,1.4999999999999389e-05,6.999999999999845e-06,-1.7500000000000046e-05,-3.150000000000001e-05,-1.8000000000000004e-05
2021-05-07,2.0000000000000052e-05,7.450000000000078e-05,7.349999999999978e-05,0.00015899999999999985,0.00016700000000000005,0.00016500000000000043,0.00015150000000000016,0.00016850000000000003,0.00016350000000000002,0.00013600000000000005
2021-05-10,9.999999999992654e-07,-1.950000000000042e-05,-2.1499999999999818e-05,-3.749999999999977e-05,-1.3499999999999623e-05,-2.500000000000115e-06,8.999999999999894e-06,1.9e-05,2.8999999999999946e-05,5.199999999999996e-05
2021-05-11,2.2000000000000318e-05,7.250000000000052e-05,0.00011149999999999962,0.0001724999999999999,0.0002425000000000001,0.00027249999999999996,0.0002925,0.00031,0.0003200000000000001,0.00031900000000000006
2021-05-12,-1.000000000000046e-05,3.2999999999999176e-05,8.74999999999999e-05,0.00017,0.0001969999999999997,0.00019099999999999998,0.00017850000000000006,0.00020149999999999996,0.00019650000000000006,0.0002214999999999997
2021-05-13,-6.999999999999194e-06,1.1999999999999858e-05,3.1000000000000645e-05,4.999999999999796e-06,-2.5999999999999548e-05,-2.5999999999999765e-05,-2.6500000000000048e-05,-6.25e-05,-7.600000000000011e-05,-0.00010999999999999964
2021-05-14,-5.000000000000664e-06,-1.0500000000000093e-05,-1.1000000000000593e-05,-4.40000000000002e-05,-3.700000000000014e-05,-3.000000000000008e-05,-4.6499999999999883e-05,-9.149999999999999e-05,-9.950000000000009e-05,-0.00010850000000000009
2021-05-17,5.000000000000664e-06,2.950000000000088e-05,3.199999999999991e-05,4.900000000000043e-05,4.0999999999999804e-05,4.500000000000012e-05,6.549999999999991e-05,0.00010249999999999998,0.00010900000000000005,0.00010800000000000002
2021-05-18,-9.999999999999593e-06,-8.499999999999827e-06,1.7999999999999787e-05,7.149999999999995e-05,0.00015299999999999992,0.00014749999999999984,0.000169,0.00018250000000000004,0.0001920000000000001,0.0002099999999999999
2021-05-19,3.399999999999931e-05,2.449999999999935e-05,1.0000000000000026e-05,2.849999999999988e-05,-1.299999999999999e-05,1.7499999999999937e-05,-5.000000000000013e-06,-1.2500000000000033e-05,-2.20000000000001e-05,-3.999999999999989e-05
2021-05-20,-7.000000000000062e-06,1.600000000000039e-05,3.500000000000031e-05,0.0,2.599999999999998e-05,1.0000000000001327e-06,-5.000000000000013e-06,-1.5999999999999955e-05,-2.20000000000001e-05,-2.0000000000000052e-05
2021-05-21,8.99999999999946e-06,-6.000000000000016e-05,-0.00010800000000000002,-0.0001749999999999998,-0.0002329999999999997,-0.00022900000000000004,-0.00017299999999999998,-0.00018500000000000002,-0.0001829999999999999,-0.00019749999999999998
2021-05-24,2.0000000000000052e-05,-3.500000000000031e-06,-3.300000000000004e-05,-3.500000000000031e-05,-6.199999999999999e-05,-6.600000000000009e-05,-0.0001119999999999999,-9.150000000000002e-05,-0.00010099999999999996,-9.350000000000005e-05
2021-05-25,1.400000000000099e-05,-1.0500000000000093e-05,-7.399999999999941e-05,-0.00011999999999999988,-0.00016299999999999995,-0.00016100000000000012,-0.00017750000000000003,-0.0001935,-0.00018150000000000002,-0.00018649999999999982
2021-05-26,-5.000000000000664e-06,-2.6999999999999247e-05,-6.499999999999995e-05,-0.00015050000000000003,-0.00020100000000000022,-0.00026599999999999974,-0.0003105000000000001,-0.0003325,-0.000355,-0.00036450000000000024
2021-05-27,2.999999999999531e-06,7.499999999999868e-05,0.0001369999999999991,0.00020899999999999998,0.000258,0.0002984999999999997,0.000304,0.00032649999999999997,0.0003320000000000001,0.00036950000000000025
2021-05-28,-3.199999999999991e-05,-6.199999999999956e-05,-6.199999999999956e-05,-9.149999999999957e-05,-9.799999999999956e-05,-0.00011749999999999977,-9.699999999999986e-05,-0.00011849999999999998,-9.750000000000015e-05,-0.00012750000000000023
2021-05-31,-1.899999999999992e-05,1.0000000000001327e-06,-8.000000000000194e-06,-7.000000000000495e-06,-2.5000000000000282e-05,-4.100000000000024e-05,-2.7000000000000114e-05,9.999999999999999e-06,-1.2999999999999882e-05,-2.099999999999997e-05
2021-06-01,-2.2999999999999583e-05,-2.8999999999999512e-05,-3.500000000000031e-05,-3.4999999999999875e-05,-1.9499999999999986e-05,-3.99999999999988e-06,-1.699999999999987e-05,-3.950000000000001e-05,-3.700000000000003e-05,-9.00000000000011e-06
2021-06-02,-1.600000000000039e-05,-3.899999999999997e-05,-6.199999999999956e-05,-6.399999999999982e-05,-9.55000000000001e-05,-9.599999999999995e-05,-0.00010000000000000005,-0.00010000000000000005,-9.200000000000001e-05,-9.999999999999983e-05
2021-06-03,8.000000000000194e-06,4.399999999999977e-05,6.499999999999995e-05,6.899999999999962e-05,0.00010050000000000033,0.00011499999999999987,0.00014199999999999998,0.00016750000000000006,0.0001899999999999999,0.00019899999999999974
2021-06-04,2.1000000000000185e-05,-3.7000000000000574e-05,-5.400000000000023e-05,-9.99999999999994e-05,-0.0001355000000000002,-0.00015949999999999992,-0.00018000000000000004,-0.00019749999999999998,-0.00021999999999999993,-0.0002419999999999998
2021-06-07,2.8000000000000247e-05,5.099999999999983e-05,3.600000000000044e-05,8.999999999999937e-05,0.0001259999999999998,0.0001355,0.0001405,0.00014499999999999997,0.00015300000000000003,0.00016400000000000008
2021-06-08,-1.9000000000000787e-05,-1.1499999999999358e-05,-4.0000000000000105e-05,-8.049999999999984e-05,-0.0001259999999999998,-0.00014499999999999995,-0.00015749999999999987,-0.000175,-0.00019300000000000003,-0.00020699999999999994
2021-06-09,-2.8999999999999512e-05,-6.550000000000045e-05,-9.000000000000067e-05,-0.00012949999999999984,-0.00013750000000000004,-0.00016850000000000025,-0.00021750000000000025,-0.0002444999999999999,-0.0002525,-0.00026250000000000015
2021-06-10,-2.799999999999938e-05,-4.799999999999943e-05,-6.199999999999956e-05,-5.250000000000046e-05,-5.950000000000009e-05,-5.899999999999959e-05,-4.49999999999999e-05,-4.300000000000018e-05,-3.75e-05,-3.400000000000007e-05
2021-06-11,-2.900000000000038e-05,-3.199999999999991e-05,-2.499999999999985e-05,-5.649999999999969e-05,-8.700000000000027e-05,-8.500000000000044e-05,-9.249999999999992e-05,-0.0001224999999999999,-0.00012000000000000002,-9.749999999999993e-05
2021-06-14,1.4000000000000123e-05,4.5999999999999167e-05,6.900000000000048e-05,0.0001290000000000002,0.0001770000000000005,0.0001935000000000001,0.00022100000000000006,0.00026999999999999995,0.00026849999999999997,0.0002540000000000001
2021-06-15,1.999999999999398e-06,3.7000000000000574e-05,5.349999999999886e-05,7.000000000000018e-05,8.249999999999967e-05,0.00010150000000000003,0.000129,0.00015000000000000001,0.0001715,0.00018099999999999985
2021-06-16,1.1999999999999858e-05,-1.2500000000000358e-05,-2.7499999999999747e-05,-6.499999999999995e-05,-7.499999999999998e-05,-9.49999999999996e-05,-0.00012100000000000001,-0.00014,-0.00014499999999999997,-0.00015099999999999998
2021-06-17,4.700000000000017e-05,8.250000000000098e-05,0.0001465000000000008,0.00015749999999999965,0.00015749999999999965,0.0001324999999999998,7.099999999999988e-05,3.000000000000008e-05,-1.4999999999999985e-05,-4.3999999999999985e-05
2021-06-18,2.5000000000000716e-05,5.999999999999929e-05,8.849999999999917e-05,0.00013750000000000004,0.00011500000000000008,9.000000000000002e-05,6.999999999999997e-05,3.999999999999994e-05,9.499999999999987e-06,-1.9999999999999944e-05
2021-06-21,4.799999999999943e-05,8.5e-05,0.00011500000000000008,0.00013199999999999974,0.00019050000000000013,0.0002099999999999999,0.0002360000000000001,0.000239,0.0002475,0.00026000000000000003
2021-06-22,2.900000000000038e-05,1.7500000000000154e-05,1.0000000000000026e-05,-1.1999999999999858e-05,-4.049999999999974e-05,-3.000000000000008e-05,-9.000000000000002e-06,7.999999999999978e-06,2.6000000000000036e-05,3.0999999999999995e-05
2021-06-23,-1.700000000000052e-05,-9.49999999999996e-06,-3.899999999999997e-05,-5.199999999999996e-05,-5.6500000000000127e-05,-6.999999999999975e-05,-6.700000000000011e-05,-5.700000000000003e-05,-6.000000000000005e-05,-4.9500000000000065e-05
2021-06-24,2.5000000000000716e-05,3.4000000000000176e-05,2.1000000000000185e-05,2.7999999999999813e-05,3.500000000000031e-06,0.0,-2.599999999999998e-05,-2.999999999999997e-05,-4.100000000000002e-05,-5.450000000000008e-05
2021-06-25,-2.7000000000000114e-05,7.000000000000062e-06,6.199999999999999e-05,0.00010400000000000036,0.00015700000000000002,0.0001929999999999998,0.000227,0.00026,0.00028400000000000007,0.000312
2021-06-28,-1.1000000000000593e-05,-1.600000000000039e-05,-4.699999999999973e-05,-8.74999999999999e-05,-0.00012150000000000008,-0.00015299999999999992,-0.00017850000000000006,-0.00022,-0.00023800000000000004,-0.0002459999999999999
2021-06-29,0.0,1.4000000000000123e-05,4.399999999999977e-05,7.449999999999948e-05,0.00011049999999999992,0.00013199999999999996,0.00015950000000000014,0.0001795,0.00019499999999999997,0.0002099999999999999
2021-06-30,-4.100000000000024e-05,-7.500000000000041e-05,-0.00011599999999999978,-0.00016399999999999965,-0.000219,-0.00023800000000000015,-0.00026900000000000014,-0.00026749999999999994,-0.0002779999999999999,-0.00030099999999999984
2021-07-01,0.0,-1.0999999999999725e-05,-1.5000000000000256e-05,-1.299999999999999e-05,-4.000000000000097e-06,6.000000000000146e-06,2.7000000000000114e-05,1.799999999999995e-05,3.499999999999993e-05,5.799999999999989e-05
2021-07-02,-9.999999999999593e-06,-4.80000000000003e-05,-0.0001010000000000004,-0.0001820000000000003,-0.00021600000000000005,-0.0002509999999999999,-0.00028300000000000005,-0.000294,-0.000309,-0.000343
2021-07-05,1.7999999999999787e-05,3.4000000000000176e-05,7.400000000000028e-05,0.0001550000000000002,0.0001870000000000001,0.00021500000000000013,0.00023100000000000009,0.0002485,0.000259,0.00028200000000000013
2021-07-06,-1.3999999999999256e-05,-5.199999999999996e-05,-0.00012799999999999964,-0.00022299999999999967,-0.00030999999999999995,-0.00038000000000000035,-0.0004270000000000001,-0.0004695000000000001,-0.0005,-0.0005190000000000001
2021-07-07,1.0999999999999725e-05,-2.9999999999999645e-05,-7.500000000000041e-05,-0.00011600000000000022,-0.0001709999999999997,-0.00019099999999999976,-0.00022099999999999984,-0.000245,-0.000279,-0.00029
2021-07-08,-2.8000000000000247e-05,-4.999999999999796e-06,7.000000000000062e-06,-2.400000000000015e-05,-4.0000000000000105e-05,-7.399999999999985e-05,-8.299999999999996e-05,-7.900000000000008e-05,-8.099999999999996e-05,-9.999999999999999e-05
2021-07-09,1.599999999999952e-05,3.799999999999984e-05,6.300000000000056e-05,7.100000000000032e-05,9.000000000000024e-05,0.0001259999999999998,0.0001519999999999998,0.0001590000000000003,0.00017999999999999993,0.00019899999999999999
2021-07-12,9.000000000000327e-06,-1.0000000000001327e-06,-1.5000000000000256e-05,8.999999999999894e-06,1.999999999999962e-05,1.6999999999999654e-05,1.0999999999999942e-05,9.99999999999981e-06,0.0,-1.4999999999999823e-06
2021-07-13,1.0999999999999725e-05,3.799999999999984e-05,8.299999999999974e-05,5.000000000000013e-05,5.250000000000003e-05,5.000000000000013e-05,5.999999999999994e-05,6.000000000000005e-05,6.300000000000007e-05,7.999999999999999e-05
2021-07-14,4.000000000000531e-06,-1.4499999999999756e-05,-7.799999999999994e-05,-8.000000000000021e-05,-0.00010249999999999973,-0.00012199999999999971,-0.00014999999999999974,-0.0001600000000000001,-0.00017400000000000006,-0.00019749999999999998
2021-07-15,1.0000000000001327e-06,-1.5000000000006328e-06,-1.4999999999999389e-05,-2.400000000000015e-05,-6.000000000000016e-05,-0.00010000000000000026,-0.000134,-0.00015999999999999999,-0.00018599999999999986,-0.00019700000000000002
2021-07-16,-9.000000000000327e-06,-5.999999999999929e-06,-2.000000000001133e-06,-4.6000000000000034e-05,-5.000000000000013e-05,-6.0999999999999856e-05,-6.600000000000009e-05,-8.299999999999996e-05,-7.800000000000005e-05,-9.3e-05
2021-07-19,-1.4999999999999389e-05,-3.300000000000004e-05,-9.049999999999944e-05,-0.00010749999999999952,-0.00018749999999999973,-0.0002289999999999996,-0.00021799999999999988,-0.00028699999999999993,-0.00026599999999999996,-0.00032900000000000003
2021-07-20,1.1999999999999858e-05,-2.999999999999531e-06,-3.249999999999954e-05,-9.250000000000057e-05,-9.250000000000013e-05,-0.00010000000000000026,-0.0001330000000000003,-8.5e-05,-0.00013400000000000022,-9.200000000000001e-05
2021-07-21,2.3999999999999716e-05,2.0000000000000052e-05,3.099999999999978e-05,9.099999999999994e-05,0.00014899999999999983,0.0001799999999999996,0.0001820000000000003,0.00021399999999999978,0.0002180000000000001,0.00025900000000000006
2021-07-22,-7.399999999999941e-05,-0.0001299999999999999,-0.00014000000000000037,-0.00019099999999999976,-0.00019899999999999952,-0.00023799999999999993,-0.000268,-0.0002989999999999998,-0.0003105,-0.00032100000000000005
2021-07-23,-5.099999999999983e-05,-7.200000000000002e-05,-5.199999999999996e-05,-1.7500000000000154e-05,-1.1000000000000593e-05,5.999999999999929e-06,2.1999999999999884e-05,3.500000000000009e-05,5.849999999999996e-05,6.400000000000004e-05
2021-07-26,-7.000000000000929e-06,2.999999999999531e-06,7.000000000000062e-06,1.2500000000000358e-05,4.100000000000067e-05,6.0999999999999856e-05,7.699999999999981e-05,8.499999999999979e-05,8.800000000000019e-05,7.799999999999994e-05
2021-07-27,-2.2999999999999583e-05,-3.099999999999978e-05,-3.199999999999991e-05,-7.400000000000028e-05,-0.00011000000000000029,-0.00011399999999999952,-0.00013449999999999964,-0.00013900000000000002,-0.00014300000000000011,-0.000138
2021-07-28,-2.7500000000000614e-05,1.5000000000006328e-06,1.7999999999999787e-05,1.899999999999992e-05,2.1999999999999884e-05,1.5999999999999955e-05,3.3499999999999676e-05,2.800000000000003e-05,4.3999999999999985e-05,2.400000000000004e-05
2021-07-29,6.500000000000429e-06,-2.950000000000088e-05,-4.399999999999977e-05,-9.999999999999593e-06,-4.199999999999994e-05,-2.1999999999999884e-05,-2.8999999999999946e-05,-3.899999999999997e-05,-5.499999999999993e-05,-2.800000000000003e-05
2021-07-30,-1.0999999999999725e-05,-2.5999999999999114e-05,-4.900000000000043e-05,-5.199999999999996e-05,-3.250000000000041e-05,-7.150000000000038e-05,-8.000000000000021e-05,-8.200000000000004e-05,-8.599999999999992e-05,-0.00010799999999999991
2021-08-02,-2.7000000000000114e-05,-6.800000000000035e-05,-9.599999999999973e-05,-0.00014550000000000066,-0.00016749999999999968,-0.00018449999999999977,-0.00022199999999999998,-0.00021700000000000018,-0.00026400000000000013,-0.0002500000000000001
2021-08-03,-1.8000000000000654e-05,-2.2999999999999583e-05,-4.0000000000000105e-05,-2.2499999999999083e-05,-3.4999999999999875e-05,-4.049999999999974e-05,-2.2999999999999583e-05,-6.179999999999988e-05,-3.500000000000009e-05,-5.899999999999981e-05
2021-08-04,-3.499999999999944e-05,-3.0000000000012655e-06,-5.999999999999929e-06,-3.0000000000000512e-05,-5.400000000000023e-05,-6.250000000000049e-05,-8.200000000000004e-05,-8.019999999999989e-05,-9.000000000000002e-05,-8.100000000000013e-05
2021-08-05,4.799999999999943e-05,3.850000000000034e-05,3.300000000000004e-05,5.0000000000000565e-05,3.700000000000014e-05,3.000000000000008e-05,1.299999999999999e-05,2.1000000000000185e-05,7.499999999999911e-06,7.000000000000062e-06
2021-08-06,3.099999999999978e-05,6.250000000000006e-05,0.00010099999999999953,0.00016199999999999982,0.00024200000000000003,0.00027300000000000024,0.0003210000000000001,0.0003299999999999998,0.0003715000000000003,0.00036399999999999996
2021-08-09,-1.999999999999398e-06,9.000000000000327e-06,1.9000000000000787e-05,-2.2000000000000318e-05,-5.000000000000013e-05,-6.300000000000012e-05,-8.350000000000024e-05,-9.000000000000002e-05,-0.00010700000000000011,-0.00011500000000000008
2021-08-10,-1.299999999999999e-05,-1.899999999999992e-05,-2.0000000000000052e-05,-9.999999999999593e-06,5.000000000000013e-05,-1.749999999999972e-05,-2.4500000000000216e-05,-2.9999999999999645e-05,-4.0000000000000105e-05,-2.800000000000003e-05
2021-08-11,-2.2999999999999583e-05,-4.6000000000000034e-05,-4.399999999999977e-05,-7.000000000000062e-05,-0.00011950000000000025,-6.550000000000002e-05,-7.600000000000011e-05,-6.000000000000016e-05,-6.79999999999997e-05,-8.799999999999997e-05
2021-08-12,1.599999999999952e-05,2.1000000000000185e-05,3.249999999999954e-05,5.400000000000023e-05,8.550000000000007e-05,4.6000000000000034e-05,5.500000000000036e-05,2.499999999999985e-05,5.3499999999999945e-05,3.000000000000008e-05
2021-08-13,0.0,1.7999999999999787e-05,-4.999999999996327e-07,-1.4000000000000123e-05,-8.59999999999997e-05,-7.300000000000058e-05,-0.00010000000000000026,-0.00010500000000000006,-0.00013750000000000025,-5.400000000000001e-05
2021-08-16,1.4000000000000123e-05,7.000000000000062e-06,9.999999999992654e-07,-9.999999999999593e-06,3.4999999999999875e-05,5.400000000000023e-05,2.0000000000000052e-05,8.099999999999991e-05,2.0000000000000052e-05,2.4999999999999957e-05
2021-08-17,-4.999999999999796e-06,1.1999999999999858e-05,1.5000000000000256e-05,2.1000000000000185e-05,-1.0999999999999725e-05,-1.1499999999999792e-05,3.2000000000000344e-05,-2.499999999999985e-05,3.4000000000000176e-05,-2.5999999999999873e-05
2021-08-18,-1.299999999999999e-05,-2.599999999999998e-05,-4.0000000000000105e-05,-2.1000000000000185e-05,-2.5000000000000282e-05,-3.549999999999994e-05,-2.2000000000000318e-05,-2.599999999999998e-05,-2.400000000000015e-05,-2.400000000000015e-05
2021-08-19,-1.5000000000000256e-05,-1.6999999999999654e-05,-1.6999999999999654e-05,-7.000000000000062e-05,-7.900000000000008e-05,-7.700000000000025e-05,-9.399999999999947e-05,-9.999999999999983e-05,-0.00010099999999999996,-0.00011099999999999999
2021-08-20,1.299999999999999e-05,1.1999999999999858e-05,1.0000000000001327e-06,1.1999999999999858e-05,-1.0000000000000026e-05,-2.0000000000000052e-05,-4.40000000000002e-05,-3.000000000000008e-05,-6.20000000000002e-05,1.0999999999999942e-05
2021-08-23,-1.549999999999989e-05,-1.299999999999999e-05,-9.000000000000327e-06,5.000000000000664e-06,4.49999999999999e-05,3.2000000000000344e-05,4.0000000000000105e-05,5.499999999999993e-05,6.300000000000012e-05,4.500000000000012e-05
2021-08-24,5.500000000000296e-06,-1.0000000000001327e-06,3.5999999999999574e-05,1.7999999999999787e-05,-1.2599999999999764e-05,7.99999999999976e-06,2.699999999999968e-05,-2.0000000000002655e-06,2.0000000000000052e-05,-3.8000000000000056e-05
2021-08-25,1.299999999999999e-05,4.799999999999943e-05,9.150000000000044e-05,0.00016499999999999935,0.0002276000000000001,0.0002899999999999999,0.00034599999999999995,0.0003845000000000003,0.00042250000000000013,0.00045300000000000006
2021-08-26,-2.0000000000002655e-06,3.600000000000044e-05,4.450000000000027e-05,6.000000000000016e-05,9.500000000000003e-05,0.00011000000000000029,0.00011749999999999998,0.00013250000000000002,0.00014249999999999983,0.00014749999999999995
2021-08-27,3.9999999999996635e-06,-1.299999999999999e-05,-3.500000000000031e-05,-2.199999999999945e-05,-3.600000000000044e-05,-3.899999999999997e-05,-5.1499999999999897e-05,-5.9000000000000025e-05,-7.400000000000006e-05,-7.649999999999996e-05
2021-08-30,6.000000000000796e-06,1.0000000000001327e-06,-7.999999999999327e-06,-4.6000000000000034e-05,-8.699999999999984e-05,-0.00010400000000000036,-0.00010899999999999972,-0.00011899999999999997,-0.00012399999999999976,-0.000134
2021-08-31,6.699999999999935e-05,0.00010299999999999979,0.00014399999999999916,0.00019399999999999973,0.0002760000000000002,0.0003129999999999999,0.00035599999999999955,0.00037849999999999993,0.0003929999999999999,0.00043299999999999995
2021-09-01,4.999999999999796e-06,-8.000000000000194e-06,2.0000000000002655e-06,2.150000000000025e-05,6.299999999999969e-05,5.350000000000016e-05,6.200000000000042e-05,8.850000000000004e-05,0.00010800000000000002,0.00010800000000000002
2021-09-02,2.0000000000002655e-06,-1.9999999999999185e-05,-4.099999999999937e-05,-4.750000000000023e-05,-9.849999999999963e-05,-4.6499999999999667e-05,-4.0000000000000105e-05,-2.5000000000000066e-05,-2.4999999999999957e-05,-2.4999999999999984e-05
2021-09-03,7.000000000000062e-06,2.499999999999898e-05,5.7999999999999025e-05,9.099999999999994e-05,0.00019249999999999996,0.0001529999999999995,0.0001789999999999999,0.00018099999999999995,0.00020699999999999994,0.000217
2021-09-06,1.299999999999999e-05,4.4000000000000636e-05,5.800000000000076e-05,3.2000000000000344e-05,4.99999999999997e-05,1.700000000000052e-05,-7.000000000000062e-06,-7.000000000000062e-06,-2.0000000000000052e-05,-3.0000000000000004e-05
2021-09-07,4.19999999999995e-05,9.699999999999986e-05,0.0001579999999999993,0.00023999999999999976,0.00020500000000000032,0.00029299999999999986,0.00032799999999999995,0.00033100000000000013,0.00033800000000000003,0.000348
2021-09-08,2.4000000000000583e-05,2.599999999999998e-05,2.599999999999998e-05,2.8000000000000247e-05,3.000000000000008e-05,2.699999999999968e-05,1.500000000000004e-05,1.8000000000000112e-05,4.2000000000000045e-05,1.699999999999998e-05
2021-09-09,-2.499999999999985e-05,-5.400000000000023e-05,-0.00011399999999999952,-0.00017,-0.000232,-0.00027599999999999977,-0.00030599999999999985,-0.0003170000000000001,-0.00035200000000000005,-0.00035699999999999995
2021-09-10,3.099999999999978e-05,7.600000000000055e-05,0.0001429999999999999,0.00016149999999999975,0.00025200000000000005,0.00024200000000000003,0.00026099999999999995,0.000276,0.000282,0.000292
2021-09-13,1.999999999999398e-06,1.899999999999992e-05,2.599999999999998e-05,2.2500000000000384e-05,2.499999999999985e-05,2.8000000000000247e-05,3.4999999999999875e-05,3.400000000000007e-05,3.9999999999999996e-05,3.8e-05
2021-09-14,-4.999999999998929e-06,-1.2000000000000725e-05,-4.49999999999999e-05,-5.000000000000013e-05,-8.100000000000034e-05,-5.1000000000000264e-05,-0.00010000000000000005,-0.00011999999999999999,-0.000134,-0.000123
2021-09-15,7.000000000000062e-06,3.600000000000044e-05,9.099999999999994e-05,0.0001349999999999997,0.00019099999999999976,0.00019099999999999976,0.0002460000000000001,0.00028,0.000295,0.000308
2021-09-16,1.6999999999998787e-05,6.899999999999962e-05,8.399999999999987e-05,7.600000000000055e-05,4.050000000000017e-05,7.800000000000038e-05,8.700000000000005e-05,7.999999999999988e-05,9.199999999999999e-05,0.00010500000000000006
2021-09-17,-2.199999999999945e-05,2.0000000000002655e-06,5.000000000000013e-05,0.00012399999999999954,0.00019450000000000023,0.00022899999999999982,0.0002509999999999999,0.0002670000000000001,0.00028300000000000005,0.0002679999999999999
2021-09-20,-1.0000000000001327e-06,1.000000000000046e-05,-4.0000000000000105e-05,-9.999999999999983e-05,-0.00010500000000000006,-0.00012699999999999994,-0.000219,-0.00018100000000000006,-0.000272,-0.00023099999999999998
2021-09-21,-1.3999999999999256e-05,-1.299999999999999e-05,-1.999999999999962e-05,0.0,8.000000000000194e-06,-1.0000000000001327e-06,2.9999999999999645e-06,-6.599999999999998e-05,-1.6e-05,-6.7e-05
2021-09-22,4.100000000000024e-05,4.5499999999999534e-05,6.699999999999979e-05,3.999999999999967e-05,-5.3000000000000096e-05,-7.999999999999999e-05,-5.9000000000000025e-05,-9.499999999999992e-05,-0.0001105,-0.00013499999999999997
2021-09-23,8.000000000000194e-06,0.0001485000000000002,0.00025799999999999955,0.00037000000000000054,0.0005249999999999999,0.0005505000000000002,0.0005710000000000001,0.0006609999999999999,0.0005974999999999999,0.0006494999999999999
2021-09-24,2.6999999999999247e-05,2.999999999999531e-06,4.200000000000037e-05,8.999999999999937e-05,0.00013999999999999993,0.00015949999999999992,0.00020200000000000003,0.000171,0.00027800000000000004,0.00025050000000000007
2021-09-27,1.7999999999999787e-05,3.699999999999971e-05,4.8999999999999565e-05,7.900000000000051e-05,5.000000000000013e-05,8.049999999999984e-05,7.299999999999993e-05,0.000139,7.099999999999999e-05,8.949999999999995e-05
2021-09-28,-7.000000000000062e-06,3.600000000000044e-05,8.000000000000021e-05,9.350000000000027e-05,0.00015000000000000018,0.00016149999999999997,0.0002075,0.00016399999999999997,0.00024200000000000003,0.00022750000000000005
2021-09-29,-3.9999999999996635e-06,-1.600000000000039e-05,-5.600000000000006e-05,-4.750000000000067e-05,-0.00010300000000000001,-7.699999999999981e-05,-5.5499999999999994e-05,-5.899999999999997e-05,-0.00011850000000000001,2.9999999999999645e-06
2021-09-30,-3.099999999999978e-05,-4.0000000000000105e-05,-4.049999999999974e-05,-4.59999999999996e-05,-5.900000000000024e-05,-3.600000000000001e-05,-2.2999999999999963e-05,-1.600000000000001e-05,2.249999999999995e-05,-4.299999999999985e-05
2021-10-01,-2.2000000000000318e-05,-7.799999999999908e-05,-0.00010450000000000043,-0.00012899999999999977,-0.00014049999999999978,-0.0001479999999999999,-0.00016800000000000002,-0.00015399999999999998,-0.00011999999999999999,-0.00016500000000000022
2021-10-04,-1.4000000000000123e-05,-2.1000000000000185e-05,-2.9999999999999645e-05,-1.0000000000000026e-05,1.549999999999989e-05,4.7999999999999866e-05,5.499999999999993e-05,6.399999999999998e-05,5.249999999999992e-05,8.200000000000004e-05
2021-10-05,2.199999999999945e-05,6.799999999999948e-05,0.00011949999999999981,0.0001724999999999999,0.00025700000000000007,0.0002590000000000001,0.00023200000000000006,0.000295,0.00027550000000000003,0.0003129999999999999
2021-10-06,2.849999999999988e-05,7.700000000000068e-05,0.00010250000000000016,8.249999999999967e-05,3.8000000000000056e-05,5.599999999999984e-05,0.00011200000000000004,7.000000000000008e-05,0.00011300000000000004,6.100000000000007e-05
2021-10-07,2.0500000000000553e-05,2.1000000000000185e-05,2.9999999999999645e-05,7.000000000000495e-06,-1.4000000000000123e-05,-1.500000000000004e-05,1.999999999999997e-05,3.4999999999999875e-05,2.9000000000000163e-05,2.6000000000000198e-05
2021-10-08,8.80000000000004e-05,0.00016299999999999995,0.00025800000000000085,0.00031499999999999974,0.00038599999999999984,0.0003700000000000001,0.000343,0.0003870000000000001,0.0003579999999999998,0.0003854999999999998
2021-10-11,-1.0000000000001327e-06,0.00012899999999999977,0.00021699999999999975,0.0003159999999999999,0.0003700000000000001,0.000432,0.0004090000000000001,0.0004140000000000001,0.0004119999999999998,0.0004425000000000002
2021-10-12,2.499999999999985e-05,0.00017299999999999998,0.00031249999999999984,0.00029449999999999984,0.00027500000000000007,0.0005415,0.0003004999999999999,0.0004564999999999999,0.00025750000000000035,0.0004274999999999995
2021-10-13,-4.0000000000000105e-05,-6.600000000000009e-05,-9.949999999999976e-05,-0.00010849999999999987,-0.00013999999999999993,-0.0004815,-0.00026249999999999993,-0.0005425,-0.0003675,-0.0006424999999999994
2021-10-14,-8.000000000000021e-05,-0.00025399999999999945,-0.00041700000000000027,-0.0005019999999999998,-0.0006025,-0.00059,-0.00064,-0.000584,-0.0006300000000000001,-0.000585
2021-10-15,1.5000000000000256e-05,0.00017299999999999954,0.0003060000000000003,0.0001749999999999998,0.0002474999999999999,0.00024000000000000003,0.000245,0.0002599999999999999,0.000273,0.00026999999999999984
2021-10-18,0.0001910000000000002,0.0005180000000000002,0.0006169999999999999,0.000735,0.00057,0.00047900000000000004,0.0005275,0.00041700000000000027,0.00029950000000000007,0.00022749999999999984
2021-10-19,-7.000000000000062e-06,8.499999999999393e-06,6.699999999999979e-05,8.799999999999997e-05,0.00018600000000000002,0.00023,0.00018749999999999995,0.00019599999999999978,0.00031649999999999994,0.00028649999999999986
2021-10-20,-0.00011600000000000065,-0.00033049999999999963,-0.0004400000000000003,-0.0003939999999999998,-0.00032600000000000006,-0.00035,-0.0003162,-0.0003089999999999998,-0.00027899999999999995,-0.00024899999999999966
2021-10-21,0.00010600000000000019,0.0003970000000000002,0.0006240000000000002,0.000521,0.00040500000000000003,0.00043,0.00038620000000000006,0.00034500000000000004,0.0003325000000000001,0.0002500000000000002
2021-10-22,-3.699999999999971e-05,-2.750000000000018e-05,-9.999999999999159e-07,7.999999999999978e-06,0.00016500000000000003,0.00015099999999999998,7.299999999999993e-05,8.799999999999997e-05,4.74999999999998e-05,5.4999999999999494e-05
2021-10-25,-4.100000000000024e-05,-0.0001234999999999999,-0.00014999999999999996,-7.800000000000016e-05,-0.00018500000000000002,-0.00017499999999999997,-9.299999999999998e-05,-8.700000000000027e-05,-7.699999999999981e-05,-4.499999999999947e-05
2021-10-26,-1.7999999999999787e-05,2.8999999999999512e-05,4.300000000000007e-05,5.800000000000011e-05,7.6e-05,2.2999999999999963e-05,-1.5999999999999955e-05,-4.0999999999999804e-05,-6.700000000000022e-05,-7.900000000000008e-05
2021-10-27,0.00020599999999999959,0.00034900000000000035,0.00022199999999999976,-2.3999999999999933e-05,-0.00023099999999999998,-0.00034899999999999997,-0.00044400000000000006,-0.0005450000000000001,-0.000616,-0.0006610000000000001
2021-10-28,0.00024200000000000003,0.0004940000000000001,0.0005350000000000003,0.00040899999999999997,0.000405,0.00042500000000000003,0.00044000000000000007,0.0004649999999999999,0.00047000000000000015,0.0004499999999999999
2021-10-29,2.900000000000038e-05,0.0003569999999999997,0.0005499999999999998,0.0006399999999999999,0.000595,0.000549,0.00043000000000000015,0.00039000000000000016,0.00035999999999999964,0.00035499999999999985
2021-11-01,-0.00017100000000000014,-0.0003380000000000002,-0.0003494999999999999,-0.00041099999999999996,-0.00015900000000000007,-0.000134,-5.000000000000013e-05,-6.0999999999999856e-05,-1.8999999999999486e-05,-7.399999999999985e-05
2021-11-02,-0.00022899999999999917,-0.0005869999999999994,-0.0007225,-0.000604,-0.0007819999999999999,-0.000803,-0.000817,-0.0007700000000000003,-0.0007580000000000002,-0.000683
2021-11-03,-7.000000000000062e-05,-0.0001879999999999998,-0.0002530000000000002,0.00010500000000000006,0.00011599999999999995,8.25e-05,7.699999999999992e-05,0.00010300000000000023,2.45e-05,6.449999999999989e-05
2021-11-04,-1.5000000000000256e-05,-0.00029200000000000016,-0.0005019999999999994,-0.000928,-0.0010299999999999999,-0.0009395,-0.0008435,-0.0007970000000000002,-0.0006460000000000001,-0.0006219999999999999
2021-11-05,-1.599999999999952e-05,-8.200000000000048e-05,-0.00015200000000000066,-0.00011000000000000029,-0.00013750000000000025,-0.00021149999999999988,-0.00031650000000000005,-0.000372,-0.000454,-0.0004955000000000001
2021-11-08,4.700000000000017e-05,0.00026500000000000004,0.00039550000000000045,0.0002930000000000003,0.00026750000000000016,0.0002894999999999998,0.00034100000000000005,0.00034449999999999997,0.00039100000000000007,0.000397
2021-11-09,-7.000000000000062e-06,-0.0001250000000000001,-0.0002235000000000006,-0.00019700000000000013,-0.00021999999999999993,-0.00028799999999999984,-0.0003635,-0.00041049999999999995,-0.00045350000000000007,-0.0004869999999999999
2021-11-10,0.00017200000000000028,0.0005840000000000003,0.0008350000000000002,0.0008145000000000001,0.000815,0.0007949999999999999,0.000773,0.0007654999999999999,0.000745,0.0007450000000000001
2021-11-11,4.99999999999997e-05,0.00023499999999999997,0.00042099999999999993,0.00037449999999999994,0.0003829999999999999,0.000354,0.0003395,0.0003225,0.00030999999999999995,0.0002899999999999999
2021-11-12,-0.0001280000000000005,-0.0004360000000000002,-0.0006259999999999998,-0.00045299999999999995,-0.0003799999999999999,-0.000299,-0.00025100000000000003,-0.00019999999999999987,-0.00016199999999999982,-0.00012200000000000015
2021-11-15,-2.2999999999999583e-05,-2.8999999999999946e-05,-6.199999999999999e-05,-3.0000000000001813e-06,4.299999999999996e-05,6.100000000000002e-05,9.099999999999999e-05,9.999999999999994e-05,0.0001119999999999999,0.00012200000000000015
2021-11-16,-8.000000000000194e-06,1.4000000000000123e-05,1.800000000000022e-05,-2.3999999999999933e-05,-1.6000000000000064e-05,-3.8e-05,-1.2499999999999979e-05,-8.499999999999936e-06,2.0000000000000052e-05,3.000000000000008e-05
2021-11-17,-0.00010000000000000026,-0.00016000000000000042,-0.00017700000000000007,-0.00015399999999999984,-0.00017500000000000003,-0.00010499999999999998,-9.749999999999998e-05,-7.050000000000003e-05,-8.000000000000021e-05,-6.250000000000006e-05
2021-11-18,-1.0999999999999725e-05,-7.799999999999951e-05,-7.200000000000002e-05,-8.599999999999992e-05,-4.49999999999999e-05,-0.00011900000000000002,-0.00015000000000000001,-0.00017099999999999993,-0.00017099999999999993,-0.0002000000000000001
2021-11-19,-2.599999999999998e-05,-0.00013500000000000014,-0.00016700000000000005,-0.0003620000000000001,-0.0005265000000000001,-0.0005,-0.0005475,-0.00054,-0.0005814999999999999,-0.0005699999999999998
2021-11-22,5.400000000000023e-05,0.00010300000000000023,0.00012399999999999998,0.00020699999999999994,0.0002539999999999999,0.00028799999999999995,0.0003175000000000001,0.0002999999999999999,0.00034250000000000003,0.00035249999999999973
2021-11-23,6.600000000000009e-05,9.99999999999994e-05,0.00011799999999999962,0.00038500000000000014,0.0005175000000000002,0.0005480000000000001,0.000615,0.0006700000000000001,0.00068,0.0007150000000000001
2021-11-24,-7.200000000000088e-05,-6.399999999999939e-05,9.500000000000394e-06,-5.700000000000019e-05,-6.749999999999996e-05,-4.000000000000001e-05,-1.9999999999999998e-05,3.500000000000031e-06,3.000000000000008e-05,3.4999999999999875e-05
2021-11-25,-2.599999999999998e-05,-6.400000000000025e-05,-0.00011249999999999975,-0.00010599999999999997,-9.750000000000015e-05,-0.000105,-0.00011250000000000002,-0.00013600000000000005,-0.00013000000000000012,-0.0001299999999999999
2021-11-26,-7.199999999999915e-05,-0.0003049999999999997,-0.0005360000000000005,-0.0006389999999999998,-0.0006349999999999998,-0.000677,-0.0007524999999999999,-0.0007435,-0.00078,-0.0007749999999999999
2021-11-29,3.199999999999991e-05,0.00013399999999999957,0.00027300000000000024,0.00027599999999999977,0.00023499999999999997,0.00023599999999999988,0.00028399999999999996,0.00023099999999999998,0.0002549999999999999,0.00027349999999999987
2021-11-30,2.3999999999999716e-05,8.300000000000061e-05,8.799999999999997e-05,3.6000000000000225e-05,-7.500000000000128e-06,-5.599999999999984e-05,-0.00015699999999999997,-0.00014799999999999997,-0.0002549999999999999,-0.0002884999999999999
2021-12-01,1.599999999999952e-05,-1.0000000000000026e-05,-3.700000000000014e-05,7.499999999999976e-05,3.2500000000000194e-05,-2.9999999999999645e-06,2.9999999999999645e-06,-7.7e-05,-5.000000000000002e-05,-0.00011000000000000007
2021-12-02,1.0000000000001327e-06,5.4999999999999494e-05,8.000000000000021e-05,-0.00011699999999999992,-0.00013750000000000025,-0.0001240000000000001,-0.00015999999999999999,-0.000108,-0.00013000000000000002,-7.749999999999988e-05
2021-12-03,-9.999999999999593e-06,-5.1000000000000264e-05,-7.650000000000018e-05,-0.00010099999999999996,-0.00013849999999999995,-0.00019400000000000005,-0.00015999999999999999,-0.000201,-0.00018000000000000004,-0.00020950000000000016
2021-12-06,4.80000000000003e-05,0.00010900000000000059,0.00014550000000000023,6.400000000000004e-05,0.00011400000000000017,9.300000000000009e-05,0.00010100000000000002,9.15e-05,9.900000000000002e-05,4.900000000000011e-05
2021-12-07,3.099999999999978e-05,2.1499999999999818e-05,-6.900000000000005e-05,0.0001494999999999999,0.00018199999999999987,0.0001454999999999999,7.899999999999997e-05,8.099999999999999e-05,1.9000000000000028e-05,9.299999999999998e-05
2021-12-08,1.599999999999952e-05,6.849999999999998e-05,0.00017799999999999977,0.00027000000000000006,0.0002575,0.00030700000000000004,0.00037,0.0003935000000000001,0.000432,0.0003849999999999999
2021-12-09,-3.399999999999931e-05,-0.00012649999999999988,-0.0002264999999999997,-0.0003324999999999999,-0.0003299999999999999,-0.00032750000000000005,-0.00032,-0.00033700000000000006,-0.00034499999999999993,-0.00031999999999999997
2021-12-10,-4.100000000000024e-05,-8.400000000000031e-05,-3.950000000000047e-05,2.0000000000000052e-05,4.9999999999999914e-05,3.000000000000008e-05,1.9999999999999998e-05,2.3999999999999987e-05,6.000000000000037e-06,-1.500000000000004e-05
2021-12-13,-3.799999999999984e-05,-1.0499999999999659e-05,-8.199999999999961e-05,-0.0001420000000000002,-0.00018750000000000017,-0.00023999999999999987,-0.0002699999999999999,-0.000314,-0.0002880000000000001,-0.00031499999999999996
2021-12-14,4.799999999999943e-05,0.00010099999999999996,0.00016799999999999975,0.00013700000000000019,0.00011000000000000007,0.00016249999999999978,0.00015999999999999993,0.00015999999999999999,0.00014,0.0002149999999999999
2021-12-15,5.0000000000000565e-05,0.0001879999999999998,0.00022100000000000028,0.00017999999999999982,0.00019500000000000008,0.00013750000000000014,0.00013000000000000002,0.000192,0.00014499999999999995,0.00013999999999999993
2021-12-16,-0.00014200000000000063,-0.00024099999999999946,-0.00027650000000000027,-8.750000000000012e-05,-0.00010249999999999994,-4.9e-05,5.000000000000013e-06,-3.950000000000001e-05,1.0000000000000243e-06,-5.000000000000013e-06
2021-12-17,-0.00010199999999999966,-0.00016500000000000022,-0.00015150000000000016,-0.00018549999999999968,-0.00013750000000000004,-0.00010000000000000015,-0.00018500000000000005,-0.000195,-0.00016649999999999993,-0.00020699999999999983
2021-12-20,-5.999999999999929e-06,4.9e-05,0.00015700000000000046,6.799999999999992e-05,9.000000000000002e-05,0.00013000000000000012,0.00018000000000000004,0.00028849999999999997,0.00025749999999999997,0.00034199999999999996
2021-12-21,8.899999999999967e-05,0.00015799999999999972,0.00013599999999999984,0.00035500000000000006,0.00045,0.00040899999999999997,0.00053,0.00056,0.00058,0.0006100000000000001
2021-12-22,9.700000000000073e-05,0.00022100000000000028,0.0003150000000000002,0.00026499999999999983,0.00018999999999999996,0.000291,0.00019,0.00012750000000000012,0.00015799999999999994,8.5e-05
2021-12-23,6.299999999999969e-05,0.00011799999999999962,0.00014199999999999977,0.00023000000000000006,0.00030000000000000003,0.000307,0.00037,0.0003815,0.000407,0.00043999999999999985
2021-12-24,3.000000000000398e-06,0.0,1.0000000000000026e-05,0.0,-1.4999999999999985e-05,-1.8000000000000004e-05,1.0000000000000026e-05,-2.5000000000000066e-05,5.000000000000013e-06,2.0000000000000052e-05
2021-12-27,-1.8000000000000654e-05,0.00011500000000000008,0.0002076999999999999,0.00024049999999999994,0.00017999999999999998,0.00014199999999999998,8.49999999999999e-05,8.899999999999989e-05,4.800000000000008e-05,-2.9500000000000012e-05
2021-12-28,0.0,8.5e-05,0.0001273000000000001,4.69e-05,5.4e-05,5.200000000000002e-05,3.799999999999995e-05,3.550000000000016e-05,3.950000000000004e-05,3.950000000000004e-05
2021-12-29,5.800000000000076e-05,3.000000000000008e-05,2.5000000000000066e-05,0.00017260000000000002,0.000306,0.000376,0.00044700000000000024,0.0004955000000000001,0.0005474999999999998,0.0005599999999999997
2021-12-30,-3.500000000000031e-05,1.7999999999999787e-05,7.999999999999978e-06,-2.2500000000000005e-05,-7.999999999999999e-05,-7.899999999999997e-05,-7.999999999999999e-05,-8.000000000000021e-05,-8.699999999999984e-05,-3.999999999999967e-05
2021-12-31,2.0000000000000052e-05,-5.499999999999863e-06,-7.999999999999978e-06,-7.499999999999911e-06,9.999999999999999e-06,9.000000000000002e-06,0.0,0.0,1.1999999999999858e-05,1.0000000000000026e-05
2022-01-03,2.9999999999999645e-05,0.00015749999999999965,0.000245,0.0002799999999999999,0.00028,0.00031800000000000014,0.00034,0.00035000000000000027,0.0003595,0.000366
2022-01-04,1.000000000000046e-05,-5.999999999999929e-05,-6.500000000000017e-05,-2.7000000000000006e-05,-2.999999999999997e-05,-4.80000000000003e-05,-4.0000000000000105e-05,-4.0000000000000105e-05,-4.4499999999999835e-05,-3.600000000000001e-05
2022-01-05,-6.000000000000016e-05,-7.000000000000018e-05,-7.999999999999999e-05,-0.00011549999999999999,-0.00011000000000000002,-8.999999999999991e-05,-6.000000000000016e-05,-3.750000000000021e-05,5.00000000000023e-06,-3.750000000000021e-05
2022-01-06,4.99999999999997e-05,0.0001575000000000001,0.0001950000000000003,0.0002725,0.000248,0.0002630000000000001,0.00027000000000000006,0.0002605000000000003,0.00021299999999999965,0.00023550000000000003
2022-01-07,2.0000000000000052e-05,0.00011049999999999992,0.00018999999999999985,0.00015000000000000001,0.00020949999999999994,0.0001870000000000001,0.00017750000000000014,0.00016449999999999972,0.00014500000000000016,0.00012450000000000048
2022-01-10,3.500000000000031e-05,3.799999999999984e-05,5.5000000000000036e-05,5e-05,0.00011050000000000003,0.00013999999999999972,0.0001324999999999998,0.0001475000000000005,0.0001749999999999998,0.0001454999999999998
2022-01-11,9.49999999999996e-05,0.00017599999999999994,0.00017999999999999993,0.00022000000000000003,0.000192,9.000000000000024e-05,0.00019800000000000026,0.00020499999999999945,7.099999999999988e-05,0.00017499999999999937
2022-01-12,2.2000000000000318e-05,-0.0001020000000000001,-0.00021299999999999997,-0.000255,-0.00031999999999999997,-0.0002000000000000003,-0.00035550000000000013,-0.0003359999999999995,-0.0002239999999999998,-0.0003579999999999998
2022-01-13,-3.800000000000071e-05,-8.5e-05,-9.699999999999997e-05,-0.000185,-0.00019999999999999998,-0.00021399999999999978,-0.00027249999999999996,-0.00033100000000000013,-0.0003649999999999999,-0.00028999999999999946
2022-01-14,0.00011300000000000025,0.00032249999999999987,0.00038999999999999994,0.00047499999999999994,0.00047999999999999985,0.00048400000000000006,0.0005600000000000002,0.0005470000000000002,0.000585,0.0005449999999999999
2022-01-17,5.500000000000036e-05,8.250000000000011e-05,0.00013000000000000002,0.00014000000000000004,0.00019000000000000006,0.00012399999999999998,0.00014999999999999953,0.00015999999999999955,0.0001349999999999997,0.00010499999999999962
2022-01-18,1.299999999999999e-05,3.250000000000041e-05,7.000000000000002e-05,3.499999999999998e-05,6.000000000000016e-05,0.00010599999999999997,0.00012000000000000031,0.00014999999999999996,0.00014599999999999986,0.00020500000000000032
2022-01-19,2.0000000000002655e-06,-9.750000000000036e-05,-0.00011000000000000002,-5.749999999999999e-05,-5.250000000000003e-05,-4.0000000000000105e-05,-6.250000000000006e-05,-7.999999999999978e-05,-6.0999999999999856e-05,-9.24999999999997e-05
2022-01-20,-1.8000000000000654e-05,-2.249999999999995e-05,0.0,-1.3499999999999949e-05,-2.5000000000000066e-05,-0.00010000000000000005,-5.750000000000026e-05,-4.74999999999998e-05,-0.00011000000000000029,-7.750000000000031e-05
2022-01-21,-4.69999999999993e-05,-0.00011349999999999989,-0.00013749999999999993,-0.00016200000000000003,-0.00017750000000000014,-0.0001969999999999999,-0.00022449999999999987,-0.00023000000000000017,-0.00018999999999999963,-0.00023499999999999997
2022-01-24,-1.2000000000000725e-05,-9.149999999999957e-05,-0.0001355000000000001,-0.00016900000000000002,-0.00023499999999999986,-0.0001330000000000001,-0.00020549999999999995,-0.00022250000000000004,-0.00020600000000000002,-0.0002450000000000004
2022-01-25,1.2000000000000725e-05,8.99999999999998e-05,0.00014999999999999996,0.000157,0.0003225,0.00034,0.0002500000000000002,0.0003725,0.00028100000000000043,0.00041000000000000064
2022-01-26,3.799999999999984e-05,0.00011249999999999975,5.3000000000000096e-05,0.00010100000000000002,-1.7499999999999937e-05,0.00011000000000000007,5.9999999999999724e-05,-5.250000000000046e-05,2.4999999999994645e-06,-7.000000000000018e-05
2022-01-27,0.00010999999999999985,0.0003349999999999998,0.00039,0.00034399999999999996,0.00027249999999999996,1.0999999999999942e-05,0.00015999999999999999,0.00010000000000000026,0.00012249999999999978,-2.3500000000000083e-05
2022-01-28,5.3000000000000096e-05,0.00018500000000000027,0.00027,0.00030750000000000005,0.00031250000000000006,0.0003160000000000003,0.00030750000000000005,0.0002800000000000003,0.00022000000000000014,0.0003135
2022-01-31,0.00027700000000000034,0.0006399999999999999,0.0007199999999999999,0.0006825,0.0006699999999999996,0.0006079999999999996,0.0005225000000000004,0.0005299999999999997,0.0004800000000000004,0.0004324999999999997
2022-02-01,2.499999999999898e-05,-1.0000000000000026e-05,1.0000000000000243e-06,0.00011000000000000007,0.00011000000000000029,0.00019800000000000026,0.00015999999999999999,0.00013100000000000004,0.00021000000000000012,0.00017500000000000068
2022-02-02,8.000000000000021e-05,0.00027000000000000006,0.000329,0.0003349999999999998,0.00033000000000000043,0.0002669999999999999,0.00028999999999999946,0.00022900000000000004,0.0001799999999999996,0.0001824999999999995
2022-02-03,0.0006750000000000003,0.0014055,0.00157,0.001435,0.0014099999999999994,0.0012299999999999998,0.0011825000000000004,0.0010975000000000004,0.0009489999999999993,0.0008875000000000003
2022-02-04,0.0004524999999999998,0.0009845000000000001,0.00098,0.0009674999999999996,0.0008400000000000005,0.0008324999999999999,0.0007175000000000003,0.0006999999999999992,0.0006710000000000006,0.0005925000000000001
2022-02-07,3.749999999999977e-05,-0.00012199999999999993,-9.000000000000024e-05,0.00021250000000000002,0.00033000000000000043,0.00033000000000000043,0.0004399999999999994,0.0004600000000000012,0.0004800000000000004,0.0005399999999999988
2022-02-08,-6.499999999999952e-05,0.00014199999999999998,0.0002800000000000003,0.00042000000000000023,0.0005399999999999988,0.0006705000000000001,0.0006600000000000009,0.0006799999999999992,0.0006840000000000006,0.0007500000000000007
2022-02-09,-7.999999999999978e-05,-0.0002900000000000001,-0.0002850000000000001,-0.0004299999999999998,-0.00045999999999999947,-0.0005104999999999997,-0.00045000000000000075,-0.0004475,-0.00046400000000000087,-0.0004499999999999999
2022-02-10,0.0005029999999999995,0.0012,0.0014650000000000002,0.001019,0.0012400000000000007,0.001257499999999999,0.0009699999999999995,0.00117,0.0010100000000000005,0.0009300000000000003
2022-02-11,-7.949999999999971e-05,-0.00015999999999999999,-0.00024399999999999943,0.00020600000000000045,-0.00021000000000000012,-0.00014999999999999996,0.0002500000000000002,-2.9999999999999645e-05,0.00037899999999999913,0.00034
2022-02-14,3.549999999999994e-05,6.600000000000009e-05,1.6999999999999654e-05,-1.2500000000001225e-05,0.00014999999999999996,0.00019000000000000006,0.00010000000000000026,0.0002599999999999998,8.850000000000004e-05,0.0001899999999999992
2022-02-15,-0.00011500000000000008,-0.0002509999999999999,-0.0003290000000000003,-0.0003424999999999999,-0.0003100000000000004,-0.00023899999999999876,-0.00022750000000000027,-0.0001799999999999996,-9.549999999999836e-05,-9.99999999999994e-05
2022-02-16,-0.0001950000000000003,-0.00034500000000000025,-0.0003340000000000001,-0.00029999999999999905,-0.0002999999999999999,-0.0003610000000000002,-0.00033250000000000033,-0.00036000000000000094,-0.00042400000000000077,-0.00040500000000000085
2022-02-17,-0.0001929999999999996,-0.0004099999999999998,-0.00047999999999999996,-0.0004774999999999996,-0.00036749999999999977,-0.00036000000000000094,-0.0003599999999999992,-0.00031999999999999997,-0.0002630000000000011,-0.0002349999999999991
2022-02-18,-6.0999999999999856e-05,-0.00017,-0.00023700000000000023,-0.0003165000000000008,-0.00042250000000000013,-0.00034,-0.00034,-0.00029999999999999905,-0.00027250000000000017,-0.00023749999999999986
2022-02-21,4.99999999999997e-05,0.00011000000000000007,0.0001580000000000006,0.0002440000000000003,0.00031999999999999997,0.0002624999999999997,0.0002900000000000003,0.00024999999999999935,0.00022750000000000114,0.00023250000000000007
2022-02-22,6.400000000000025e-05,0.0003600000000000001,0.00043900000000000015,0.00046000000000000034,0.0004099999999999998,0.00033000000000000043,0.00033749999999999926,0.00032999999999999956,0.0003000000000000008,0.0002649999999999996
2022-02-23,0.00010499999999999962,0.0002574999999999999,0.0003099999999999995,0.0003100000000000004,0.00028750000000000043,0.0003075000000000005,0.00023250000000000007,0.00019000000000000093,0.00015249999999999986,0.0001399999999999995
2022-02-24,-0.0003464999999999996,-0.0005974999999999999,-0.0006090000000000002,-0.0006900000000000005,-0.0006649999999999998,-0.0006100000000000003,-0.0005299999999999992,-0.00046900000000000067,-0.00037500000000000033,-0.0003399999999999983
2022-02-25,9.449999999999953e-05,0.00030099999999999984,0.00038900000000000046,0.0005149999999999998,0.0006074999999999995,0.0006600000000000009,0.0006599999999999991,0.0006790000000000008,0.0006824999999999991,0.0006999999999999992
2022-02-28,-0.0005169999999999997,-0.001321,-0.001516,-0.0015799999999999998,-0.001595,-0.001102500000000001,-0.0012500000000000002,-0.0010950000000000005,-0.00098,-0.0008599999999999997
2022-03-01,-0.0003774999999999998,-0.0011,-0.0016540000000000003,-0.0014450000000000005,-0.001365,-0.0017845,-0.0013699999999999997,-0.001405,-0.0013800000000000002,-0.0013700000000000006
2022-03-02,0.0004115,0.000947,0.00127,0.0009900000000000004,0.0008899999999999993,0.000879,0.0006900000000000005,0.0006699999999999996,0.0006200000000000008,0.0005599999999999997
2022-03-03,0.0002639999999999999,0.000393,0.00019999999999999966,0.0002899999999999999,0.00026150000000000045,0.00012050000000000081,0.00012000000000000031,0.0002900000000000003,0.0003129999999999999,0.0003499999999999996
2022-03-04,-0.00011099999999999999,-0.00042750000000000004,-0.0005339999999999995,-0.00068,-0.0005314999999999999,-0.0002925000000000002,-0.00019000000000000006,-0.0002999999999999999,-0.0003849999999999999,-0.0002599999999999998
2022-03-07,0.00036300000000000004,0.0002875,0.00019399999999999995,0.00032249999999999987,0.0003899999999999997,0.00032999999999999956,0.0002700000000000003,0.00023999999999999976,0.00023949999999999926,0.00014999999999999996
2022-03-08,0.00032799999999999973,0.00059,0.0007000000000000001,0.0007675000000000008,0.0009100000000000002,0.0008320000000000003,0.000979999999999999,0.0009899999999999996,0.0009600000000000008,0.0010500000000000006
2022-03-09,0.0002230000000000001,0.00035899999999999984,0.0003939999999999998,0.0004099999999999998,0.00038000000000000013,0.0005579999999999995,0.0004999999999999996,0.0005400000000000005,0.0006965000000000001,0.0006200000000000008
2022-03-10,0.00042599999999999973,0.0012629999999999998,0.0014889999999999994,0.0012499999999999994,0.0009900000000000004,0.0008999999999999998,0.0008400000000000013,0.0007010000000000002,0.000645999999999999,0.0006149999999999992
2022-03-11,2.300000000000045e-05,0.00014000000000000037,0.0002870000000000008,0.00021000000000000012,0.0002700000000000003,0.00016000000000000042,-0.00011000000000000072,-1.1000000000000593e-05,-0.0001229999999999981,-0.00023250000000000007
2022-03-14,0.00014899999999999983,0.000428,0.00051,0.0007300000000000006,0.0007749999999999988,0.000769999999999999,0.0009600000000000008,0.0008900000000000002,0.0010239999999999989,0.0010775000000000003
2022-03-15,-6.199999999999999e-05,-0.00036300000000000004,-0.00038000000000000013,-0.0003600000000000001,-0.00027500000000000007,-0.00016999999999999828,-0.00024000000000000063,-0.00010999999999999899,-0.00012099999999999958,-0.0001799999999999996
2022-03-16,0.0003054999999999998,0.0004805,0.0002900000000000003,0.0004099999999999998,0.0004400000000000003,0.0003799999999999984,0.00041000000000000064,0.0002499999999999985,0.0001999999999999988,0.00026999999999999767
2022-03-17,-0.0003465,-0.0005774999999999999,-0.00041000000000000064,-0.0004000000000000002,-0.0004099999999999998,-0.0004299999999999981,-0.00042000000000000023,-0.0004199999999999985,-0.0004209999999999995,-0.00042000000000000023
2022-03-18,0.00018150000000000024,0.00011699999999999992,0.00010000000000000026,2.9999999999999645e-05,0.0,-1.899999999999992e-05,0.0,9.999999999999593e-06,-2.8999999999999512e-05,-9.999999999997858e-06
2022-03-21,0.00015149999999999994,0.0005999999999999998,0.0007620000000000005,0.0007099999999999997,0.0007120000000000008,0.000817,0.0008044999999999997,0.0008219999999999998,0.0008490000000000008,0.0008699999999999992
2022-03-22,9.099999999999994e-05,0.00041550000000000007,0.0005179999999999994,0.0005000000000000004,0.00037799999999999813,0.0003189999999999981,0.0003454999999999986,0.0003180000000000006,0.0003234999999999974,0.00028000000000000073
2022-03-23,-6.399999999999982e-05,-0.0002525000000000001,-0.0002980000000000005,-0.00034,-0.0004199999999999985,-0.0003959999999999988,-0.0004899999999999991,-0.000507500000000001,-0.0005424999999999978,-0.0005424999999999996
2022-03-24,0.00018399999999999992,0.0006325000000000002,0.0007920000000000002,0.00081,0.0008299999999999991,0.0007779999999999992,0.0007600000000000003,0.0007375000000000003,0.0007594999999999998,0.0006824999999999991
2022-03-25,0.00026249999999999993,0.0005855000000000001,0.0007260000000000001,0.0008525000000000008,0.0008699999999999992,0.0007410000000000003,0.00068,0.0006300000000000004,0.00047050000000000043,0.00048000000000000126
2022-03-28,0.00018650000000000003,0.00016199999999999982,0.00016700000000000048,7.749999999999944e-05,5.750000000000026e-05,0.00010000000000000113,0.00010000000000000113,0.0001010000000000004,0.00016999999999999828,0.00012999999999999817
2022-03-29,0.00024800000000000007,0.0006600000000000009,0.0008029999999999999,0.000812499999999999,0.0007125000000000013,0.0006699999999999987,0.0006499999999999995,0.0005989999999999988,0.0005599999999999997,0.00051
2022-03-30,0.00024549999999999995,0.0006124999999999985,0.0005629999999999993,0.0005564999999999997,0.00051,0.00046000000000000034,0.0003499999999999979,0.00035000000000000135,0.00016500000000000022,0.0002199999999999997
2022-03-31,-0.00034650000000000013,-0.0008624999999999987,-0.0010529999999999984,-0.0011269999999999978,-0.0011300000000000008,-0.0010410000000000003,-0.0010024999999999982,-0.0009940999999999995,-0.0007474999999999982,-0.0007974999999999996
2022-04-01,3.6500000000000074e-05,7.299999999999928e-05,8.000000000000021e-05,0.00017299999999999954,0.00016000000000000042,0.00012050000000000081,0.00011249999999999975,7.409999999999882e-05,5.149999999999946e-05,-2.4999999999990308e-06
2022-04-04,2.5000000000000066e-06,4.100000000000024e-05,0.00011999999999999858,-6.500000000000082e-05,-0.0001399999999999995,-0.00023950000000000186,-0.00024000000000000063,-0.0002199999999999997,-0.00027749999999999997,-0.00029000000000000206
2022-04-05,0.0002575,0.0006835000000000001,0.0008599999999999997,0.0009399999999999999,0.0010299999999999997,0.0010200000000000018,0.0010499999999999989,0.0010499999999999989,0.0010310000000000007,0.001080000000000001
2022-04-06,2.5000000000000066e-06,-7.500000000000562e-06,3.0000000000000512e-05,1.0000000000001327e-05,0.0,0.00020199999999999906,0.00023000000000000277,0.00029000000000000206,0.00037749999999999936,0.00044000000000000115
2022-04-07,0.0001625,0.00026599999999999974,0.00028000000000000073,0.0003499999999999979,0.00034,0.0002889999999999993,0.0002899999999999986,0.00027999999999999726,0.00032000000000000084,0.0002599999999999998
2022-04-08,0.0004425,0.0009240000000000003,0.0009424999999999989,0.0008400000000000022,0.0007699999999999999,0.0006280000000000001,0.0006699999999999987,0.0006300000000000021,0.0005299999999999992,0.0005299999999999992
2022-04-11,0.00022799999999999999,0.0004300000000000007,0.000507500000000001,0.0006299999999999986,0.0007399999999999993,0.0008780000000000003,0.0008300000000000026,0.0008599999999999979,0.0009669999999999991,0.0009600000000000008
2022-04-12,-0.000196,-0.000530000000000001,-0.0005469999999999989,-0.0004299999999999998,-0.0003199999999999991,-0.0002970000000000004,-0.00018750000000000017,-8.24999999999975e-05,-9.44999999999991e-05,-7.500000000000562e-06
2022-04-13,0.00021100000000000003,9.000000000000067e-05,4.699999999999843e-05,-2.099999999999845e-05,0.0,1.0000000000001327e-05,-2.2500000000001685e-05,-5.250000000000046e-05,-2.2500000000001685e-05,-0.00010250000000000016
2022-04-14,-7.300000000000001e-05,-0.00024499999999999956,-5.999999999999929e-05,0.00021099999999999765,0.0004099999999999989,0.0005000000000000004,0.0006400000000000017,0.0006999999999999975,0.0007875000000000017,0.0009100000000000011
2022-04-15,1.999999999999997e-05,8.499999999999914e-05,5.999999999999929e-05,3.0000000000002247e-05,-2.9999999999998778e-05,0.0,0.0,5.000000000003266e-06,-3.7500000000001074e-05,-9.999999999999593e-06
2022-04-18,0.0,,,,,0.0,,,0.0,
2022-04-19,-9.899999999999998e-05,1.3000000000000858e-05,0.0001299999999999999,0.0002599999999999998,0.0003199999999999991,0.00041799999999999823,0.0005099999999999983,0.0005399999999999971,0.0006324999999999994,0.0006499999999999978
2022-04-20,6.65e-05,-0.0002304999999999998,-0.0003449999999999998,-0.00035000000000000135,-0.00037000000000000054,-0.0005204999999999984,-0.0005499999999999984,-0.0005899999999999985,-0.0007849999999999992,-0.0007099999999999988
2022-04-21,0.0009,0.0014084999999999983,0.0012849999999999997,0.0011699999999999992,0.0011099999999999999,0.0011024999999999993,0.0009399999999999999,0.0009299999999999985,0.0009724999999999994,0.0007999999999999986
2022-04-22,0.0007295000000000001,0.0009410000000000009,0.0008800000000000006,0.000650000000000003,0.00047750000000000223,0.0004030000000000006,0.00038749999999999896,0.00031000000000000125,0.00026299999999999935,0.000279999999999999
2022-04-25,-0.00018899999999999993,-0.000902,-0.001183,-0.001207500000000002,-0.0011775000000000015,-0.0010305000000000002,-0.0009975000000000001,-0.0009299999999999985,-0.0008054999999999972,-0.0008099999999999982
2022-04-26,-2.5500000000000132e-05,-8.99999999999998e-05,-0.0002320000000000013,-9.250000000000057e-05,-0.00015000000000000083,-0.0003199999999999991,-0.00016999999999999828,-0.00019000000000000093,-0.00033500000000000196,-0.00022999999999999757
2022-04-27,-0.00012149999999999986,-0.00034400000000000056,-0.0002899999999999986,-0.00035249999999999865,-0.0002499999999999985,-0.00012299999999999985,-0.00017750000000000057,-0.00010250000000000016,2.5000000000000716e-05,0.0
2022-04-28,0.0006064999999999998,0.0010715000000000013,0.0011224999999999985,0.0010675000000000007,0.0010599999999999984,0.0010704999999999985,0.0010774999999999986,0.0010624999999999992,0.0010425000000000018,0.0010599999999999984
2022-04-29,0.0005225,0.0006849999999999981,0.0006300000000000004,0.0005549999999999982,0.0005100000000000018,0.0004900000000000009,0.00047000000000000167,0.00045500000000000054,0.00051,0.0004449999999999975
2022-05-02,5.000000000000013e-05,-9.249999999999883e-05,2.249999999999995e-05,0.00012000000000000031,0.00021249999999999915,0.0003625,0.0003099999999999978,0.0003599999999999992,0.0004009999999999986,0.0004050000000000026
2022-05-03,0.00021250000000000002,0.0004425000000000002,0.00044000000000000115,0.00032000000000000084,0.00027749999999999997,0.00010749999999999996,0.00013000000000000164,6.499999999999909e-05,-2.1000000000000185e-05,-3.0000000000002247e-05
2022-05-04,-2.1499999999999818e-05,9.999999999999593e-06,-3.0000000000002247e-05,4.0000000000000105e-05,1.9999999999999185e-05,2.9999999999998778e-05,2.5000000000000716e-05,3.0000000000002247e-05,-9.999999999999593e-06,2.5000000000000716e-05
2022-05-05,1.0000000000000026e-05,5.500000000000123e-05,0.00017500000000000154,0.00022750000000000027,0.00033000000000000043,0.0004550000000000023,0.0004849999999999993,0.0005299999999999992,0.0005999999999999998,0.0006250000000000006
2022-05-06,0.00025699999999999985,0.000619999999999999,0.0008150000000000015,0.0009224999999999997,0.0010700000000000015,0.0010830000000000006,0.00102,0.00119,0.0012099999999999993,0.001069999999999998
2022-05-09,-0.00015200000000000023,-0.0006750000000000003,-0.0007275000000000007,-0.00048500000000000106,-0.00041000000000000064,-0.0003140000000000018,-2.5000000000000716e-05,-7.500000000000215e-05,-4.9999999999980616e-06,0.0002300000000000045
2022-05-10,-0.0003259999999999999,-0.0006435,-0.0007125000000000013,-0.0008024999999999994,-0.0007900000000000008,-0.0007414999999999991,-0.0008249999999999993,-0.0008449999999999951,-0.000845000000000002,-0.0008700000000000027
2022-05-11,-0.00020450000000000025,-0.0006390000000000007,-0.0007600000000000003,-0.000762500000000001,-0.00081,-0.0008025000000000029,-0.0007500000000000007,-0.0007600000000000037,-0.000729999999999998,-0.0007099999999999988
2022-05-12,-0.0004329999999999998,-0.0010359999999999996,-0.001259999999999999,-0.0013799999999999993,-0.0013699999999999997,-0.0013879999999999969,-0.0014099999999999998,-0.0013899999999999989,-0.0014200000000000011,-0.0014200000000000011
2022-05-13,0.0002049999999999999,0.0001935000000000001,0.00010999999999999899,0.0002599999999999998,0.00036000000000000094,0.00041849999999999873,0.0005000000000000004,0.0005199999999999996,0.0005800000000000007,0.0006299999999999986
2022-05-16,0.00042500000000000003,0.00042000000000000023,0.00025000000000000196,0.0001499999999999991,-9.000000000000154e-05,-0.0001705000000000005,-0.00010999999999999899,-0.00027950000000000023,-0.00032000000000000084,-0.0002694999999999989
2022-05-17,0.0007109999999999998,0.0009300000000000003,0.0009699999999999986,0.0008300000000000009,0.0009800000000000017,0.0009294999999999998,0.0007249999999999982,0.0009095000000000023,0.0008799999999999988,0.0007750000000000014
2022-05-18,0.00041600000000000057,0.0003460000000000008,0.00032000000000000084,0.0001799999999999996,4.999999999999796e-05,-1.9999999999999185e-05,-6.500000000000082e-05,-0.00016000000000000042,-0.00020999999999999838,-0.0002730000000000024
2022-05-19,0.0002000000000000001,9.649999999999936e-05,2.9999999999998778e-05,-2.9999999999998778e-05,-0.0001399999999999995,-0.00022900000000000004,-0.0003299999999999987,-0.00037000000000000227,-0.0004299999999999998,-0.0005324999999999983
2022-05-20,-0.00015350000000000042,-0.0006099999999999994,-0.0007499999999999989,-0.0006100000000000012,-0.0005999999999999981,-0.0005205000000000001,-0.00034950000000000085,-0.0003999999999999993,-0.00028000000000000247,-0.00015050000000000133
2022-05-23,0.0002245000000000003,0.0006724999999999978,0.0007364999999999993,0.0007200000000000002,0.0007494999999999984,0.000729500000000001,0.000644500000000001,0.0006825000000000008,0.0006000000000000033,0.0005754999999999996
2022-05-24,1.299999999999999e-05,-0.00034249999999999906,-0.0005964999999999998,-0.0005999999999999998,-0.0005194999999999991,-0.00047349999999999996,-0.0005350000000000008,-0.0004924999999999999,-0.00047000000000000167,-0.00046500000000000014
2022-05-25,7.449999999999991e-05,-0.0001305000000000004,-7.500000000000562e-06,4.0000000000000105e-05,7.999999999999848e-05,8.999999999999807e-05,0.00021000000000000012,0.00024000000000000063,0.00024300000000000016,0.00030000000000000165
2022-05-26,-0.0001510000000000001,-4.44999999999994e-05,0.0001475000000000018,0.00017,0.0001899999999999992,0.00027350000000000117,0.00036500000000000074,0.00042000000000000023,0.00047699999999999826,0.0005205000000000001
2022-05-27,0.00013599999999999984,0.0001849999999999994,6.999999999999888e-05,-5.999999999999929e-05,-0.0001499999999999991,-0.00022000000000000144,-0.0002749999999999992,-0.00031000000000000125,-0.00032199999999999937,-0.0003610000000000002
2022-05-30,0.0003684999999999999,0.0007904999999999995,0.0008015000000000001,0.0007400000000000011,0.0006695000000000017,0.0006154999999999997,0.0005499999999999984,0.0005005000000000009,0.0004620000000000006,0.0005355000000000013
2022-05-31,0.0003024999999999998,0.0005340000000000015,0.0005760000000000001,0.0006199999999999973,0.0005899999999999985,0.0007250000000000017,0.0006400000000000017,0.0006499999999999978,0.0007600000000000003,0.0006745000000000015
2022-06-01,0.00033600000000000036,0.0006159999999999985,0.0007124999999999996,0.0006700000000000022,0.0007280000000000012,0.0005294999999999987,0.0005999999999999998,0.0005999999999999998,0.0004860000000000003,0.00045999999999999514
2022-06-02,0.00039599999999999965,0.0005895000000000015,0.000700000000000001,0.00081,0.0007624999999999993,0.0007345000000000025,0.0006799999999999966,0.0006095000000000024,0.0005549999999999999,0.0005405000000000028
2022-06-03,0.0004110000000000008,0.0005699999999999993,0.0006099999999999994,0.0005000000000000004,0.00047000000000000167,0.0004339999999999969,0.00040000000000000105,0.0003799999999999984,0.00037399999999999933,0.0003099999999999978
2022-06-06,0.0002429999999999993,0.00028749999999999956,0.0002320000000000013,0.0002999999999999982,0.0003494999999999991,0.00042500000000000177,0.0003500000000000031,0.0003595000000000022,0.00037500000000000033,0.00046550000000000064
2022-06-07,0.000183,-4.099999999999937e-05,-0.00014550000000000153,-0.0001899999999999992,-0.00013900000000000023,-0.0003070000000000017,-0.0001799999999999996,-0.00016900000000000248,-0.0001999999999999988,-0.00019600000000000173
2022-06-08,0.0002980000000000005,0.0002760000000000002,0.00035299999999999915,0.00040999999999999717,0.0004399999999999994,0.0005145000000000011,0.0004899999999999974,0.00051,0.0005674999999999986,0.0005100000000000035
2022-06-09,0.001071,0.0014799999999999987,0.0013590000000000008,0.0012800000000000034,0.0010895000000000002,0.0010485000000000008,0.0009399999999999999,0.0008695000000000022,0.0007624999999999993,0.000730999999999999
2022-06-10,0.0009479999999999992,0.0011600000000000013,0.001181999999999999,0.001129999999999999,0.0011024999999999993,0.0010970000000000008,0.0009025000000000005,0.0008204999999999983,0.0008219999999999998,0.0007200000000000019
2022-06-13,0.0010270000000000001,0.0021469999999999996,0.0022940000000000044,0.0021475,0.0019974999999999993,0.0018344999999999959,0.0018775000000000007,0.0018294999999999978,0.0017260000000000018,0.0016900000000000005
2022-06-14,0.0017140000000000002,0.002092,0.0019009999999999964,0.001902499999999998,0.0019395000000000003,0.0021125000000000033,0.0021925,0.002284500000000002,0.002436999999999998,0.0024769999999999966
2022-06-15,-0.001206999999999998,-0.0023815000000000017,-0.0023054999999999985,-0.0020599999999999993,-0.0018294999999999978,-0.0027779999999999992,-0.0017625000000000002,-0.0017245000000000003,-0.001745,-0.0016980000000000016
2022-06-16,0.0010169999999999988,0.0008300000000000043,0.0008699999999999992,0.000895,0.000895,0.0017669999999999977,0.0008049999999999967,0.0007500000000000007,0.0006850000000000016,0.000620500000000003
2022-06-17,-0.0005070000000000005,-0.0008200000000000013,-0.0007699999999999999,-0.0008649999999999977,-0.0009750000000000002,-0.0008219999999999998,-0.0008649999999999977,-0.0008899999999999984,-0.0007740000000000039,-0.0008300000000000009
2022-06-20,0.0001410000000000005,0.0006145000000000005,0.0006999999999999992,0.0009499999999999995,0.0009499999999999995,0.0008900000000000019,0.000959999999999999,0.0009719999999999972,0.0008640000000000037,0.0009499999999999995
2022-06-21,-2.999999999999531e-06,5.5499999999996524e-05,3.999999999999837e-05,-1.0000000000003062e-05,0.0001899999999999992,0.00018499999999999767,0.00020999999999999838,0.00019800000000000373,0.00016599999999999948,0.00032249999999999987
2022-06-22,-0.00033600000000000123,-0.0008969999999999985,-0.001072,-0.0011319999999999976,-0.0012700000000000003,-0.0012449999999999961,-0.0012699999999999968,-0.001232500000000001,-0.0012209999999999999,-0.0013324999999999969
2022-06-23,-0.0010784999999999996,-0.0020689999999999997,-0.002727999999999998,-0.002758,-0.002579999999999999,-0.0024700000000000034,-0.0023700000000000006,-0.0023175,-0.002199999999999997,-0.0021300000000000034
2022-06-24,-0.0005265000000000009,-0.0005240000000000002,-0.00014000000000000123,-9.750000000000036e-05,-0.00015500000000000236,-8.000000000000021e-05,7.000000000000062e-05,5.9999999999997555e-05,0.00020199999999999732,0.0002300000000000045
2022-06-27,0.00042500000000000003,0.0011289999999999998,0.0013535000000000005,0.0011574999999999988,0.0012150000000000008,0.0012530000000000006,0.0011474999999999992,0.0011100000000000033,0.0010955000000000027,0.0010199999999999966
2022-06-28,0.000366,0.00040799999999999864,0.00037650000000000183,0.0005700000000000011,0.0006500000000000013,0.0006369999999999987,0.0006125000000000019,0.000729999999999998,0.0007074999999999963,0.0007300000000000015
2022-06-29,-0.0002520000000000005,-0.0007369999999999981,-0.0008809999999999998,-0.0009374999999999974,-0.0009650000000000006,-0.000902,-0.0007775000000000004,-0.0007290000000000005,-0.0006700000000000005,-0.0006099999999999994
2022-06-30,-0.0009939999999999984,-0.0019375,-0.002069000000000003,-0.0020525000000000022,-0.0019850000000000007,-0.0017379999999999965,-0.0019325000000000002,-0.0018710000000000011,-0.0018949999999999974,-0.0018200000000000022
2022-07-01,-0.0010650000000000008,-0.001452499999999999,-0.0015300000000000001,-0.0014599999999999995,-0.0013199999999999983,-0.0015060000000000039,-0.0011800000000000005,-0.0011000000000000003,-0.001079,-0.0009499999999999995
2022-07-04,0.0008290000000000007,0.0012799999999999982,0.0013350000000000029,0.0012299999999999985,0.0011199999999999995,0.0011120000000000019,0.0011099999999999999,0.0010900000000000007,0.0011189999999999985,0.0012549999999999992
2022-07-05,-0.000732,-0.0014099999999999998,-0.0014985000000000016,-0.001344999999999999,-0.001235,-0.0011459999999999977,-0.0011399999999999987,-0.0011189999999999985,-0.0011029999999999998,-0.0012649999999999988
2022-07-06,1.7999999999999787e-05,-0.0003975000000000003,-0.0004899999999999991,-0.00047499999999999973,-0.0004149999999999987,-0.0001020000000000014,-0.00048000000000000126,-0.0004900000000000009,-0.00048699999999999785,-0.0005199999999999996
2022-07-07,0.00083,0.0014500000000000016,0.0014935,0.0013500000000000005,0.001170000000000001,0.0008300000000000009,0.0011099999999999999,0.0010690000000000005,0.00102,0.0010000000000000009
2022-07-08,0.00041449999999999994,-0.00011249999999999975,-0.00018000000000000134,-9.999999999999593e-06,0.00011999999999999858,0.00017199999999999854,0.000279999999999999,0.0003099999999999978,0.0003574999999999967,0.00039000000000000146
2022-07-11,2.700000000000098e-05,-0.00048000000000000126,-0.000700000000000001,-0.0008400000000000022,-0.0007200000000000019,-0.0007300000000000015,-0.0007659999999999993,-0.0006899999999999962,-0.0007074999999999998,-0.0007175000000000029
2022-07-12,-0.0005955000000000005,-0.0008400000000000005,-0.0008299999999999991,-0.000789999999999999,-0.0008599999999999997,-0.0009125000000000001,-0.0009639999999999996,-0.0010100000000000005,-0.0010149999999999985,-0.0011024999999999993
2022-07-13,0.0006529999999999991,0.0006100000000000012,0.0005800000000000007,0.00041000000000000064,0.0001799999999999996,7.249999999999965e-05,4.999999999999796e-05,-7.000000000000062e-05,-0.0001575000000000014,-0.0001899999999999992
2022-07-14,0.000725,0.0006399999999999982,0.0006200000000000008,0.0005299999999999992,0.0006500000000000013,0.00030000000000000165,0.0004500000000000025,0.0005499999999999984,0.0002725000000000019,0.0004299999999999998
2022-07-15,0.00030849999999999975,-9.99999999999994e-05,-0.00025000000000000196,-0.00031000000000000125,-0.0004299999999999998,-0.00010999999999999899,-0.00037500000000000033,-0.0004399999999999994,-0.00017,-0.0003699999999999988
2022-07-18,6.0500000000001525e-05,0.00041000000000000064,0.00048000000000000126,0.0006399999999999999,0.0005800000000000007,0.0005699999999999976,0.0006449999999999997,0.0005299999999999992,0.0005000000000000004,0.0005899999999999968
2022-07-19,0.0008919999999999987,0.0011350000000000006,0.0011400000000000004,0.0009900000000000013,0.000959999999999999,0.000845000000000002,0.0007600000000000003,0.0007500000000000007,0.00068,0.0005900000000000037
2022-07-20,0.00033900000000000076,-0.00013750000000000047,-0.0001799999999999996,-0.00024000000000000063,-0.0002999999999999982,-0.0004049999999999991,-0.0003149999999999993,-0.00033000000000000043,-0.0004300000000000033,-0.0003300000000000039
2022-07-21,0.00044899999999999975,0.0005225000000000004,0.000279999999999999,0.0002500000000000002,0.00021999999999999797,9.99999999999994e-05,-5.000000000001531e-06,-7.000000000000062e-05,-6.999999999999715e-05,-0.00024000000000000063
2022-07-22,-0.0008940000000000007,-0.0018600000000000005,-0.002149999999999999,-0.0021899999999999992,-0.002149999999999999,-0.0020700000000000024,-0.0018899999999999993,-0.0018099999999999991,-0.0016500000000000022,-0.0016299999999999995
2022-07-25,-0.0005659999999999988,-0.0005400000000000005,-0.00046999999999999993,-0.00046000000000000034,-0.0004950000000000006,-0.0003039999999999987,-0.0004299999999999998,-0.00041899999999999923,-0.0004299999999999998,-0.00034
2022-07-26,-0.0003580000000000007,-0.0005050000000000002,-0.0005999999999999998,-0.0007549999999999987,-0.0008850000000000004,-0.0008459999999999995,-0.0008800000000000006,-0.0008410000000000015,-0.000839999999999997,-0.0008699999999999992
2022-07-27,0.0006589999999999999,0.0008250000000000011,0.0008479999999999998,0.0006949999999999977,0.0006900000000000014,0.0005299999999999992,0.0003899999999999997,0.00033000000000000043,0.00023999999999999716,0.0001899999999999992
2022-07-28,-0.000869,-0.0014700000000000008,-0.0014579999999999992,-0.0013799999999999993,-0.001400000000000002,-0.0013699999999999997,-0.0011499999999999982,-0.0011099999999999999,-0.001080000000000001,-0.0009399999999999999
2022-07-29,-9.999999999992654e-07,3.0000000000002247e-05,-4.0000000000000105e-05,-7.000000000000062e-05,-9.999999999997858e-06,5.000000000000143e-05,-0.0001399999999999995,-8.99999999999998e-05,-4.999999999999796e-05,-0.00017
2022-08-01,5.699999999999976e-05,7.099999999999815e-05,5.249999999999873e-05,-2.9999999999998778e-05,-0.00013000000000000164,-0.00016000000000000042,-8.000000000000021e-05,-0.00019000000000000093,-0.0001999999999999988,-0.00015249999999999986
2022-08-02,0.00024300000000000016,0.00043900000000000015,0.0004475000000000017,0.0005600000000000015,0.0005500000000000001,0.0004970000000000009,0.0004399999999999977,0.00044000000000000115,0.0004024999999999966,0.00027500000000000094
2022-08-03,0.0003519999999999999,0.0005500000000000001,0.0006499999999999995,0.0005899999999999985,0.0005999999999999998,0.0005229999999999992,0.0004675000000000009,0.00039000000000000146,0.0003275000000000014,0.00031749999999999834
2022-08-04,-0.00014799999999999883,-0.0002900000000000003,-0.0005000000000000004,-0.0005699999999999993,-0.0006399999999999999,-0.0006500000000000013,-0.0007174999999999994,-0.000590000000000002,-0.0005499999999999984,-0.0006399999999999982
2022-08-05,0.0008129999999999995,0.0013799999999999993,0.0016299999999999995,0.0017199999999999993,0.001720000000000001,0.0017000000000000001,0.0018100000000000008,0.0016300000000000012,0.0015829999999999976,0.0017600000000000011
2022-08-08,7.099999999999988e-05,-0.0003099999999999978,-0.00040000000000000105,-0.00038000000000000013,-0.00040000000000000105,-0.00036299999999999874,-0.00042000000000000023,-0.0004299999999999998,-0.0004129999999999967,-0.0004420000000000014
2022-08-09,0.00025199999999999875,0.000389999999999998,0.00040000000000000105,0.000307,0.00032000000000000084,0.00032300000000000037,0.0003099999999999978,0.0003499999999999996,0.00034,0.0002920000000000006
2022-08-10,6.999999999999888e-05,-0.0002199999999999997,-0.0002199999999999997,-0.0003270000000000009,-0.0002999999999999999,-0.0002700000000000029,-0.0003699999999999988,-0.00024000000000000063,-0.00019500000000000073,-0.00029699999999999865
2022-08-11,2.500000000000245e-05,0.00040000000000000105,0.00034,0.0005100000000000018,0.0004099999999999989,0.0004400000000000029,0.0006700000000000005,0.0005399999999999988,0.0005450000000000003,0.0007369999999999981
2022-08-12,0.00010499999999999919,0.0003999999999999993,0.0004609999999999996,0.0003099999999999995,0.00029000000000000206,0.00016999999999999654,9.999999999999593e-06,1.0000000000003062e-05,-5.000000000000143e-05,-0.00015000000000000083
2022-08-15,-0.0004980000000000002,-0.0006899999999999996,-0.0007910000000000018,-0.0007800000000000012,-0.0008150000000000015,-0.0007999999999999969,-0.0008500000000000001,-0.0008599999999999997,-0.0008799999999999988,-0.0008400000000000005
2022-08-16,0.00011800000000000005,0.0002900000000000003,0.00042000000000000023,0.00036000000000000094,0.0003949999999999995,0.0004074999999999999,0.000449999999999999,0.0004799999999999978,0.0005299999999999992,0.0004900000000000009
2022-08-17,0.0010100000000000005,0.0015700000000000002,0.0015800000000000033,0.0015650000000000004,0.0013700000000000014,0.0012764999999999999,0.001299999999999999,0.0011399999999999987,0.001060000000000002,0.0011199999999999995
2022-08-18,0.0006099999999999994,0.0005699999999999976,0.0004799999999999978,0.00045500000000000054,0.0005499999999999984,0.00047600000000000073,0.00029000000000000206,0.00040000000000000105,0.00035999999999999574,0.0001899999999999992
2022-08-19,0.0006829999999999996,0.0008600000000000031,0.0011999999999999997,0.0012299999999999985,0.0012200000000000023,0.0012199999999999989,0.0012799999999999999,0.0012899999999999995,0.0013199999999999983,0.0013100000000000021
2022-08-22,0.0009370000000000003,0.0014799999999999987,0.0013799999999999993,0.00145,0.0014149999999999996,0.0013930000000000019,0.0013200000000000017,0.00119,0.001120000000000003,0.0011399999999999987
2022-08-23,-3.500000000000031e-05,-0.00017,-0.0001799999999999996,-0.00014999999999999736,-8.500000000000174e-05,-1.3000000000002593e-05,0.00012999999999999817,0.00023000000000000104,0.00029749999999999915,0.00034
2022-08-24,0.0006000000000000016,0.0006999999999999992,0.0007200000000000019,0.0007325000000000005,0.0007000000000000027,0.0007565000000000002,0.0007399999999999976,0.0007099999999999988,0.0007125000000000013,0.0007400000000000011
2022-08-25,-0.0001320000000000019,-0.0005399999999999988,-0.0006899999999999996,-0.0007925000000000015,-0.0007900000000000025,-0.0008265000000000008,-0.0008099999999999982,-0.0007499999999999972,-0.0007300000000000015,-0.0007500000000000007
2022-08-26,0.0010370000000000015,0.0011999999999999997,0.0010899999999999972,0.0013099999999999987,0.0013100000000000021,0.0011660000000000004,0.0011950000000000016,0.0010499999999999989,0.001067499999999999,0.0010599999999999984
2022-08-29,0.0015730000000000015,0.0015300000000000001,0.0015000000000000013,0.0012899999999999995,0.0012600000000000007,0.0013039999999999996,0.0012449999999999996,0.0012899999999999995,0.0012025000000000022,0.0011900000000000036
2022-08-30,0.0008039999999999992,0.0005199999999999996,0.00030000000000000165,0.00017000000000000348,5.9999999999997555e-05,1.0000000000003062e-05,-5.7499999999998525e-05,-0.00010999999999999899,-0.00013000000000000164,-0.0001400000000000047
2022-08-31,0.00033299999999999996,0.00041999999999999676,0.00033999999999999655,0.00025999999999999635,0.00022000000000000144,0.00020749999999999935,0.00015749999999999792,0.00014000000000000123,0.0001400000000000047,0.00014750000000000527
2022-09-01,2.3999999999999716e-05,-0.00021999999999999797,-0.00024999999999999675,-0.00016000000000000042,-8.000000000000021e-05,3.250000000000128e-05,0.00013799999999999923,0.0001999999999999988,0.00026949999999999544,0.0003224999999999964
2022-09-02,-0.00021699999999999844,-0.0006700000000000005,-0.0006999999999999992,-0.0006099999999999994,-0.0007000000000000027,-0.00068,-0.0005080000000000015,-0.0004299999999999998,-0.0005594999999999975,-0.0003549999999999977
2022-09-05,0.0004849999999999993,0.0010400000000000027,0.0012099999999999993,0.001069999999999998,0.00119,0.0011499999999999948,0.0010000000000000009,0.0009399999999999999,0.0011210000000000005,0.0009459999999999989
2022-09-06,7.899999999999921e-05,1.9999999999999185e-05,0.00013999999999999777,0.0002520000000000057,0.0003799999999999984,0.00031000000000000125,0.0003849999999999999,0.0004299999999999998,0.00040899999999999617,0.000388999999999997
2022-09-07,-4.900000000000043e-05,-0.0004625000000000011,-0.000559999999999998,-0.0006345000000000031,-0.0006999999999999958,-0.0006950000000000012,-0.0008824999999999979,-0.0009375000000000008,-0.0009949999999999994,-0.0010399999999999958
2022-09-08,0.0009779999999999997,0.001122500000000002,0.001012499999999996,0.001072500000000004,0.0010999999999999968,0.0011050000000000018,0.0010474999999999998,0.0010075000000000014,0.0009975000000000019,0.0009399999999999999
2022-09-09,0.0004325000000000023,0.00011749999999999955,7.750000000000118e-05,-6.0000000000004494e-05,-0.00013999999999999777,-0.00016000000000000042,-0.00010999999999999899,-0.00010999999999999899,-0.00012749999999999914,-0.00010000000000000286
2022-09-12,0.00027949999999999503,-5.4999999999999494e-05,-0.0002899999999999986,-0.0003374999999999975,-0.0003925000000000005,-0.00047600000000000073,-0.0005399999999999988,-0.0005725000000000036,-0.0006450000000000032,-0.0006499999999999978
2022-09-13,0.0010360000000000022,0.0011775000000000015,0.0012600000000000007,0.0012174999999999998,0.0011424999999999977,0.0010960000000000032,0.0010499999999999989,0.0009925000000000003,0.0009780000000000032,0.0009100000000000011
2022-09-14,0.0004139999999999977,0.0005275000000000002,0.000449999999999999,0.0002699999999999994,0.0001400000000000047,0.0001309999999999957,2.9999999999998778e-05,-1.9999999999999185e-05,-5.5499999999999994e-05,-0.00010000000000000286
2022-09-15,0.0007980000000000001,0.0009224999999999997,0.0007999999999999986,0.0006414999999999997,0.0005199999999999996,0.00036550000000000124,0.0003254999999999994,0.00023949999999999666,0.00018500000000000114,0.00013149999999999967
2022-09-16,3.300000000000525e-05,-0.0002600000000000033,-0.000449999999999999,-0.0003515000000000011,-0.0003500000000000031,-0.0003564999999999992,-0.000335499999999999,-0.0003074999999999953,-0.00025750000000000425,-0.0002915000000000001
2022-09-19,0.0008819999999999939,0.0008799999999999988,0.0007799999999999994,0.0006800000000000035,0.0006400000000000017,0.000618500000000001,0.0005199999999999996,0.00046799999999999967,0.000395000000000003,0.0005000000000000039
2022-09-20,0.0004190000000000027,0.0008599999999999997,0.0011000000000000038,0.0011249999999999975,0.0011600000000000013,0.0011415000000000002,0.0011949999999999981,0.0012099999999999993,0.0012099999999999993,0.0011099999999999964
2022-09-21,0.0005990000000000023,0.0009200000000000007,0.0009399999999999964,0.0007074999999999963,0.0005600000000000015,0.0004400000000000029,0.0003149999999999993,0.00022999999999999757,0.0001500000000000043,4.000000000000184e-05
2022-09-22,0.0002479999999999982,0.0005100000000000035,0.0006600000000000009,0.0008875000000000029,0.0009599999999999956,0.0009599999999999956,0.0008925000000000044,0.0008500000000000001,0.0007599999999999933,0.0007699999999999964
2022-09-23,0.0006595000000000004,0.0013399999999999974,0.0015300000000000001,0.0013699999999999997,0.00119,0.0010730000000000045,0.0010574999999999994,0.0009700000000000056,0.0009350000000000018,0.0008600000000000031
2022-09-26,0.00039050000000000196,0.0008500000000000001,0.0011500000000000017,0.0012700000000000038,0.001452499999999999,0.0018659999999999961,0.001562499999999998,0.0016074999999999944,0.00162,0.0016124999999999994
2022-09-27,0.0002639999999999969,0.00024000000000000063,0.00041999999999999676,0.0006575000000000018,0.0008300000000000009,0.0005835000000000007,0.0011075000000000008,0.0012200000000000023,0.0013225000000000008,0.0014049999999999965
2022-09-28,-0.000725,-0.0012024999999999987,-0.0011499999999999982,-0.0009850000000000032,-0.0009924999999999969,-0.0007750000000000014,-0.0007699999999999999,-0.0007165000000000019,-0.0006600000000000009,-0.0005829999999999967
2022-09-29,-0.0005240000000000002,-0.0008575000000000006,-0.0008499999999999966,-0.0005400000000000023,-0.0001935000000000027,1.6500000000002624e-05,0.00015000000000000083,0.0002589999999999988,0.00036450000000000024,0.000445499999999998
2022-09-30,-9.59999999999954e-05,-0.0003525000000000021,-0.0004400000000000029,-0.0005424999999999978,-0.000666499999999997,-0.0007140000000000028,-0.00068,-0.00068,-0.000676999999999997,-0.0006699999999999935
2022-10-03,-0.001070000000000005,-0.001577499999999999,-0.0018890000000000018,-0.001915500000000004,-0.0019580000000000014,-0.001985999999999998,-0.0019300000000000012,-0.0019199999999999946,-0.0019275000000000021,-0.0019200000000000016
2022-10-04,-0.00043249999999999886,-0.0006500000000000013,-0.0006610000000000019,-0.0007119999999999974,-0.000676000000000003,-0.0006689999999999995,-0.0006950000000000012,-0.0006650000000000024,-0.0006124999999999985,-0.000619999999999999
2022-10-05,0.00033150000000000193,0.0009700000000000021,0.0012899999999999995,0.0013574999999999976,0.001411500000000003,0.0014519999999999984,0.0014225000000000036,0.0014299999999999972,0.001407499999999999,0.001409999999999998
2022-10-06,0.001447999999999998,0.001630000000000003,0.001567500000000003,0.0015000000000000013,0.0014459999999999994,0.001353,0.0013199999999999948,0.0013150000000000002,0.0012525000000000001,0.00119
2022-10-07,0.0007169999999999989,0.0008799999999999954,0.0009925000000000003,0.0011099999999999999,0.0011465000000000017,0.001169,0.001189500000000003,0.0011550000000000067,0.001177499999999998,0.001221499999999997
2022-10-10,0.00041500000000000217,0.00048000000000000126,0.0006700000000000039,0.0007525000000000032,0.0009300000000000003,0.0010370000000000032,0.0011029999999999998,0.0011649999999999994,0.0012225000000000014,0.0013030000000000055
2022-10-11,1.9999999999985307e-06,-0.00042000000000000023,-0.0006250000000000006,-0.0005850000000000022,-0.000559999999999998,-0.00048500000000000626,-0.0004025000000000001,-0.0003300000000000039,-0.0002874999999999961,-0.0002484999999999987
2022-10-12,-0.00024099999999999816,-0.00027249999999999844,-0.0001050000000000044,-0.0002549999999999983,-0.0002700000000000029,-0.00018599999999999173,-0.00017500000000000154,-0.00012250000000000455,-9.50000000000048e-05,-5.350000000000493e-05
2022-10-13,0.0004159999999999997,0.0005124999999999991,0.00030000000000000165,0.0002474999999999977,8.000000000000021e-05,-4.500000000000337e-05,-0.00019249999999999823,-0.0002639999999999934,-0.0003254999999999994,-0.0004294999999999993
2022-10-14,0.0002639999999999969,0.00017500000000000154,0.00016000000000000042,0.0002155000000000004,0.0003065000000000012,0.0003049999999999997,0.0004405000000000034,0.0004464999999999955,0.0004979999999999984,0.0005520000000000039
2022-10-17,-3.799999999999984e-05,-5.000000000001531e-06,-0.0002149999999999999,-0.00022849999999999954,-0.00022400000000000198,-0.0003089999999999968,-0.00046800000000000314,-0.0005764999999999937,-0.0006525000000000003,-0.0007250000000000034
2022-10-18,-8.99999999999998e-05,-0.00034,-0.0003049999999999997,-0.0003720000000000008,-0.0004369999999999999,-0.0004885000000000063,-0.00046299999999999814,-0.00046850000000000364,-0.0004874999999999949,-0.00048250000000000376
2022-10-19,0.0005290000000000017,0.0007499999999999972,0.0008849999999999969,0.0007724999999999989,0.0007194999999999979,0.0007495000000000036,0.0006629999999999969,0.0006374999999999992,0.000612499999999995,0.0005790000000000031
2022-10-20,0.00033300000000000343,0.00047750000000000223,0.0005150000000000016,0.0004050000000000026,0.00030000000000000165,0.00038549999999999696,0.0002899999999999986,0.00034,0.00033500000000000196,0.00032849999999999546
2022-10-21,-0.0006040000000000004,-0.001077500000000002,-0.001129999999999999,-0.0008725000000000017,-0.0006724999999999995,-0.0007225000000000009,-0.0004324999999999954,-0.000392499999999997,-0.0002904999999999991,-0.00020349999999999535
2022-10-24,-0.00011100000000000346,-0.00048000000000000126,-0.0004974999999999979,-0.0007325000000000005,-0.0006975000000000002,-0.0007324999999999936,-0.0009875000000000023,-0.0010300000000000031,-0.0009245000000000017,-0.0009865000000000013
2022-10-25,-0.0005014999999999985,-0.0005399999999999953,-0.0008775000000000033,-0.0009099999999999976,-0.0012174999999999998,-0.0013415000000000024,-0.0012369999999999985,-0.0013074999999999996,-0.0015000000000000013,-0.0015349999999999982
2022-10-26,-0.00023950000000000013,-0.00048000000000000126,-0.0004910000000000019,-0.0004170000000000007,-0.00034,-0.00034099999999999756,-0.00035550000000000165,-0.000332499999999996,-0.00036149999999999724,-0.0003249999999999989
2022-10-27,-0.001010000000000004,-0.0015125,-0.0015589999999999979,-0.0016115000000000018,-0.0016875000000000015,-0.001585000000000003,-0.0015000000000000013,-0.0014215000000000026,-0.0013190000000000007,-0.0012749999999999984
2022-10-28,0.0005830000000000002,0.0013825000000000018,0.0015849999999999996,0.0016510000000000032,0.0017300000000000024,0.0016375,0.0015300000000000001,0.0014414999999999983,0.0013580000000000016,0.0012899999999999995
2022-10-31,0.0008640000000000037,0.0006299999999999951,0.0005250000000000046,0.0004075000000000016,0.00034249999999999906,0.0005149999999999981,0.00040000000000000105,0.00043249999999999886,0.0004674999999999957,0.0004949999999999954
2022-11-01,0.0002449999999999987,0.00012000000000000205,-1.5000000000001124e-05,-5.7500000000005463e-05,-0.00012250000000000108,-0.00022849999999999954,-0.00010000000000000286,-8.549999999999877e-05,-9.74999999999969e-05,-7.499999999999868e-05
2022-11-02,0.0003040000000000022,0.00030000000000000165,0.00021149999999999988,0.00019000000000000267,0.00014000000000000123,4.60000000000009e-05,5.350000000000146e-05,5.8000000000002494e-05,-9.999999999999593e-06,-9.999999999999593e-06
2022-11-03,0.0005919999999999988,0.0008599999999999997,0.0009684999999999971,0.000959999999999999,0.0010299999999999962,0.0010100000000000005,0.0009765000000000017,0.0009549999999999975,0.0008839999999999994,0.0008900000000000019
2022-11-04,0.0005260000000000022,0.00051,0.0004049999999999991,0.0003704999999999993,0.00029000000000000553,0.0002999999999999982,0.0003275000000000014,0.0002599999999999998,0.0004070000000000011,0.0003099999999999978
2022-11-07,0.00029299999999999465,0.00021999999999999797,6.800000000000209e-05,9.950000000000236e-05,0.00018549999999999817,0.00012999999999999817,7.249999999999965e-05,7.700000000000068e-05,2.8000000000000247e-05,7.599999999999968e-05
2022-11-08,-5.999999999999062e-06,-0.0003249999999999989,-0.000453000000000002,-0.0006300000000000021,-0.0007995000000000016,-0.0008199999999999978,-0.0008525000000000026,-0.0008589999999999987,-0.0008715000000000007,-0.000896000000000001
2022-11-09,-0.0003259999999999999,-0.0008649999999999977,-0.0010599999999999984,-0.0011399999999999987,-0.001176,-0.0011999999999999997,-0.0012174999999999998,-0.001238000000000003,-0.0012375000000000025,-0.001222499999999998
2022-11-10,-0.0006429999999999977,-0.0011150000000000014,-0.0012449999999999996,-0.0013874999999999998,-0.0014399999999999968,-0.001469999999999999,-0.001409999999999998,-0.0013799999999999993,-0.0013329999999999974,-0.0012624999999999997
2022-11-11,0.0003574999999999967,0.0006650000000000024,0.0006550000000000028,0.0007674999999999974,0.0008299999999999974,0.0008699999999999992,0.0008299999999999974,0.0008300000000000043,0.0008029999999999982,0.000785000000000001
2022-11-14,0.0002505000000000042,0.00010499999999999746,9.999999999996123e-06,-8.750000000000077e-05,-0.0001449999999999993,-0.0001799999999999996,-0.00018249999999999864,-0.0001725000000000025,-0.0001825000000000021,-0.00019000000000000267
2022-11-15,-0.0004070000000000011,-0.00045500000000000054,-0.00051,-0.0005064999999999965,-0.0005250000000000012,-0.0005474999999999994,-0.000567500000000002,-0.0006049999999999979,-0.0005999999999999964,-0.0006224999999999981
2022-11-16,-1.7000000000003124e-05,-0.00031000000000000125,-0.0003569999999999997,-0.0006059999999999989,-0.0006899999999999996,-0.0007824999999999985,-0.0008299999999999974,-0.0007725000000000024,-0.0008134999999999983,-0.0008494999999999996
2022-11-17,3.100000000000325e-05,0.0002500000000000037,0.0002970000000000021,0.00043999999999999595,0.0004249999999999983,0.0004869999999999944,0.0004825000000000003,0.00040000000000000105,0.0004234999999999968,0.0003819999999999969
2022-11-18,0.00015749999999999792,3.99999999999949e-05,5.9999999999997555e-05,0.00011900000000000105,0.0002249999999999995,0.0001480000000000023,0.00011900000000000105,8.999999999999633e-05,5.500000000002031e-06,3.099999999999978e-05
2022-11-21,-2.2500000000001685e-05,-8.749999999999383e-05,-0.00015000000000000083,-0.0001915000000000007,-0.00026999999999999594,-0.0002579999999999978,-0.0002490000000000027,-0.00026999999999999594,-0.00025299999999999975,-0.0002710000000000004
2022-11-22,-3.499999999999684e-05,-0.00021750000000000588,-0.0002449999999999987,-0.00028499999999999706,-0.00032000000000000084,-0.00032000000000000084,-0.0003474999999999971,-0.00036650000000000224,-0.00037000000000000227,-0.0003899999999999945
2022-11-23,0.0002689999999999984,0.00023500000000000257,0.00016199999999999895,2.6000000000001716e-05,-0.00012999999999999817,-0.00022000000000000144,-0.0002950000000000001,-0.00035349999999999965,-0.00039749999999999855,-0.00046000000000000554
2022-11-24,-0.00011299999999999852,-0.00032999999999999696,-0.000506999999999997,-0.0006285000000000006,-0.0007150000000000038,-0.0007769999999999964,-0.0008000000000000021,-0.000789999999999999,-0.0008225000000000003,-0.0008199999999999978
2022-11-25,0.0002710000000000004,0.0006649999999999989,0.00068,0.0008074999999999957,0.0008550000000000016,0.0008869999999999989,0.0009575,0.0009399999999999964,0.0009324999999999993,0.0009324999999999993
2022-11-28,0.00027299999999999894,0.00018500000000000114,0.0002549999999999948,0.00023650000000000407,0.000279999999999999,0.00029549999999999715,0.00023500000000000257,0.0002475000000000012,0.0002704999999999999,0.0002925000000000011
2022-11-29,-0.0003249999999999989,-0.0004900000000000009,-0.00046500000000000014,-0.000504000000000001,-0.0005199999999999996,-0.0004899999999999974,-0.0003955000000000035,-0.00033000000000000043,-0.00026299999999999935,-0.00022000000000000144
2022-11-30,-8.900000000000227e-05,-0.00015000000000000083,-0.00016999999999999654,-0.00017,-0.00016000000000000042,-0.00016550000000000245,-0.0001694999999999995,-0.00017499999999999807,-0.00018000000000000307,-0.00016599999999999948
2022-12-01,-0.0005234999999999997,-0.0009505,-0.0011459999999999977,-0.0012309999999999995,-0.0012309999999999995,-0.0012369999999999985,-0.0012250000000000004,-0.001232500000000001,-0.0011924999999999956,-0.0011989999999999987
2022-12-02,0.0004545000000000035,0.0008004999999999991,0.0008259999999999969,0.0008209999999999988,0.0007010000000000002,0.0006599999999999974,0.0005725000000000036,0.0005475000000000028,0.0004725000000000007,0.0004399999999999994
2022-12-05,0.00025299999999999975,0.0002699999999999994,0.00030000000000000165,0.00026249999999999885,0.0003499999999999996,0.00034299999999999956,0.0002574999999999973,0.0002475000000000012,0.00024049999999999766,0.00020499999999999685
2022-12-06,-0.0001999999999999988,-0.00044199999999999795,-0.0005350000000000008,-0.0005700000000000011,-0.0005999999999999998,-0.0006429999999999977,-0.0005924999999999993,-0.000623500000000006,-0.0006304999999999991,-0.0006349999999999967
2022-12-07,-0.00011900000000000452,-0.0002380000000000021,-0.0002525000000000027,-0.000223499999999998,-0.00021250000000000088,-0.00020999999999999838,-0.0001460000000000003,-0.00013149999999999967,-0.00010299999999999893,-7.000000000000062e-05
2022-12-08,0.00016000000000000042,0.0002720000000000014,0.0004425000000000054,0.0003860000000000009,0.0004275000000000008,0.00047699999999999826,0.00031849999999999934,0.0003075000000000022,0.0002549999999999983,0.0002474999999999977
2022-12-09,0.0002249999999999995,0.0004129999999999967,0.00036499999999999727,0.0005274999999999967,0.0005499999999999984,0.0005229999999999992,0.0006005000000000038,0.0006000000000000033,0.000612999999999999,0.0005725000000000036
2022-12-12,0.000515000000000005,0.0006600000000000043,0.0007699999999999999,0.0005975000000000008,0.00046500000000000014,0.00042299999999999977,0.00035949999999999524,0.00028349999999999903,0.00020749999999999935,0.00015400000000000136
2022-12-13,-0.0004610000000000031,-0.0006050000000000048,-0.0005000000000000004,-0.00025299999999999975,-0.00010999999999999552,-0.00011499999999999705,-9.999999999999593e-06,4.14999999999964e-05,7.500000000000215e-05,0.00011599999999999458
2022-12-14,0.0001025000000000019,-0.00010249999999999843,-0.0002699999999999994,-0.0003569999999999997,-0.0003860000000000044,-0.0003580000000000007,-0.0003925000000000005,-0.0003574999999999967,-0.0003875000000000024,-0.00040999999999999717
2022-12-15,0.0013094999999999982,0.0018525000000000034,0.0018199999999999987,0.0017800000000000003,0.0018460000000000039,0.0018099999999999991,0.0014475000000000043,0.0014009999999999995,0.0013070000000000026,0.00119
2022-12-16,0.0008920000000000004,0.0009199999999999972,0.0007400000000000011,0.0007300000000000015,0.0005674999999999986,0.0005975000000000008,0.000899999999999998,0.0008239999999999983,0.0008804999999999993,0.0009375000000000008
2022-12-19,0.000279999999999999,0.0002324999999999966,0.00016000000000000042,0.00015099999999999836,0.00018249999999999864,0.00010749999999999996,0.00023250000000000007,0.00026249999999999885,0.00028349999999999903,0.00032000000000000084
2022-12-20,0.000610999999999997,0.0006875000000000006,0.000725,0.0007690000000000023,0.0008074999999999992,0.0009350000000000018,0.0008400000000000005,0.0008775000000000033,0.0009365000000000033,0.0009450000000000014
2022-12-21,0.00035750000000000365,0.0003550000000000081,0.00044999999999999554,0.00047249999999999723,0.0004725000000000007,0.0004170000000000007,0.0004974999999999979,0.0004349999999999979,0.0003904999999999985,0.0004224999999999958
2022-12-22,0.0003625000000000017,0.0003549999999999942,0.00030250000000000415,0.00035750000000000365,0.0004075000000000016,0.0004359999999999954,0.00041500000000000217,0.0004900000000000009,0.0005280000000000007,0.0005000000000000039
2022-12-23,0.00039000000000000146,0.0005600000000000049,0.0006824999999999956,0.0006299999999999986,0.0006024999999999954,0.0005590000000000039,0.0004574999999999996,0.0004050000000000026,0.00035299999999999915,0.0002649999999999979
2022-12-27,0.00034999999999999615,0.0004949999999999954,0.0006470000000000087,0.0007535000000000042,0.000851500000000005,0.000955000000000001,0.001004999999999999,0.0010499999999999954,0.0010980000000000018,0.001172999999999997
2022-12-28,-7.599999999999968e-05,-0.0003249999999999989,-0.00042700000000000377,-0.00041350000000000414,-0.00037150000000000377,-0.0003470000000000001,-0.00031799999999999884,-0.00031749999999999834,-0.00032100000000000184,-0.0003055000000000002
2022-12-29,-0.00018149999999999417,-0.00021900000000000391,-0.0002009999999999998,-0.0003449999999999981,-0.0005199999999999996,-0.0005375000000000033,-0.0005369999999999993,-0.0005425000000000013,-0.0005560000000000009,-0.0005874999999999977
2022-12-30,7.399999999999074e-05,0.00037900000000000433,0.0005409999999999998,0.0007649999999999949,0.001010000000000004,0.0010275000000000006,0.001064999999999993,0.0011060000000000028,0.0011410000000000031,0.0011880000000000016
2023-01-02,-0.0001414999999999958,-0.0005500000000000019,-0.0008400000000000005,-0.001010999999999998,-0.0012100000000000027,-0.0012600000000000007,-0.001285999999999992,-0.0013330000000000009,-0.0013210000000000027,-0.0013680000000000012
2023-01-03,-0.00018800000000000067,-0.00042299999999999977,-0.0005625000000000005,-0.0006659999999999999,-0.0007300000000000015,-0.0007989999999999976,-0.0008510000000000011,-0.0007830000000000024,-0.0008094999999999977,-0.0007799999999999994
2023-01-04,-0.0002720000000000014,-0.0007170000000000024,-0.0009074999999999986,-0.001077500000000002,-0.0011899999999999966,-0.001178000000000002,-0.0011390000000000011,-0.001119999999999996,-0.0010615000000000034,-0.0010000000000000009
2023-01-05,0.00027749999999999997,0.0004025000000000001,0.0005199999999999996,0.0005220000000000016,0.0005324999999999983,0.0005194999999999991,0.0005385000000000008,0.0005074999999999975,0.0004930000000000004,0.0004825000000000003
2023-01-06,2.8500000000000747e-05,-0.00021749999999999547,-0.0005000000000000004,-0.0006074999999999969,-0.0007425000000000001,-0.0007924999999999981,-0.0007950000000000006,-0.0008674999999999967,-0.0008920000000000004,-0.0009025000000000005
2023-01-09,0.00011400000000000299,1.5000000000001124e-05,2.9999999999998778e-05,-2.5000000000025002e-06,0.00010500000000000093,0.00015249999999999986,8.99999999999998e-05,0.0001424999999999968,0.0001449999999999993,0.00016000000000000042
2023-01-10,0.0003224999999999964,0.00023999999999999716,0.00018500000000000114,0.00032000000000000084,0.00040749999999999814,0.00042450000000000127,0.00047499999999999973,0.0004974999999999979,0.0005125000000000025,0.0005150000000000016
2023-01-11,-0.0003599999999999992,-0.000737500000000002,-0.001015000000000002,-0.0011574999999999988,-0.0012724999999999959,-0.0012785000000000019,-0.0012975,-0.0013150000000000002,-0.0013150000000000002,-0.001306500000000002
2023-01-12,-0.0002745000000000039,-0.0004050000000000026,-0.0004599999999999986,-0.0005360000000000052,-0.0005985000000000053,-0.0006689999999999995,-0.0006675000000000014,-0.0006749999999999985,-0.0006824999999999991,-0.0006984999999999977
2023-01-13,0.0004930000000000073,0.0003850000000000034,0.0002950000000000001,0.00021600000000000438,0.00013350000000000514,0.00015050000000000133,0.0001250000000000001,0.00011000000000000246,8.750000000000077e-05,5.4999999999999494e-05
2023-01-16,-0.00019800000000000373,-0.00023050000000000154,-0.00023000000000000104,-0.00017500000000000154,-6.250000000000006e-05,-7.400000000000115e-05,-5.4999999999996024e-05,-1.7500000000000154e-05,0.0,2.9999999999998778e-05
2023-01-17,-0.0005919999999999953,-0.0008219999999999963,-0.0008224999999999968,-0.0008375000000000014,-0.0008850000000000038,-0.0009134999999999976,-0.0008300000000000043,-0.0008249999999999993,-0.0007895000000000055,-0.0007599999999999968
2023-01-18,-0.0001270000000000021,-0.00013999999999999777,-1.2500000000002093e-05,-6.999999999999715e-05,-0.00015749999999999792,-0.00022250000000000394,-0.0003049999999999997,-0.0003550000000000046,-0.0003979999999999956,-0.0004300000000000033
2023-01-19,0.00044199999999999795,0.0005799999999999937,0.0005199999999999996,0.0004975000000000014,0.0005600000000000015,0.0005200000000000031,0.0005425000000000013,0.0005000000000000039,0.00038900000000000046,0.0004349999999999979
2023-01-20,0.00044299999999999895,0.0005625000000000005,0.0006099999999999994,0.000779999999999996,0.0008330000000000004,0.0009300000000000003,0.0008829999999999984,0.0009105000000000016,0.001010999999999998,0.0009600000000000025
2023-01-23,0.000344000000000004,0.0004574999999999996,0.0005575000000000024,0.0004875000000000018,0.0004569999999999991,0.0005039999999999975,0.00047950000000000423,0.0005094999999999961,0.0005425000000000013,0.0005049999999999985
2023-01-24,-0.00016549999999999898,-0.0002099999999999949,-0.00023250000000000007,-0.0001925000000000017,-0.00017000000000000348,-0.0002349999999999991,-0.00020250000000000476,-0.00023049999999999807,-0.00030050000000000215,-0.00024500000000000216
2023-01-25,-7.350000000000412e-05,-0.00023000000000000104,-0.00022500000000000298,-0.0001575000000000014,-0.00011999999999999858,-0.00012650000000000508,-4.749999999999546e-05,-1.4500000000004093e-05,3.550000000000081e-05,1.2500000000002093e-05
2023-01-26,2.8500000000000747e-05,0.00022499999999999604,0.0004299999999999998,0.0003600000000000027,0.00037500000000000033,0.00042750000000000427,0.0003374999999999975,0.00034750000000000406,0.0003425000000000025,0.0003525000000000021
2023-01-27,0.00020749999999999935,0.0002425000000000066,0.00023000000000000104,0.0002695000000000024,0.0002525000000000027,0.0002575000000000008,0.00030900000000000025,0.0002899999999999986,0.00027249999999999844,0.0002899999999999986
2023-01-30,0.00046449999999999964,0.0006824999999999956,0.0007500000000000007,0.0007804999999999965,0.0007949999999999971,0.000789999999999999,0.0007509999999999982,0.000725,0.0007150000000000004,0.0006649999999999989
2023-01-31,0.00010450000000000043,-0.00014000000000000123,-0.0002699999999999994,-0.0003025000000000007,-0.0003224999999999964,-0.0003124999999999968,-0.00028500000000000053,-0.00029499999999999665,-0.0002600000000000033,-0.00024999999999999675
2023-02-01,0.0002360000000000001,0.00010500000000000093,-5.000000000001531e-06,-3.99999999999949e-05,-8.000000000000021e-05,-0.0001070000000000064,-0.00016499999999999848,-0.00016250000000000292,-0.00020249999999999782,-0.00024249999999999966
2023-02-02,-0.000891999999999997,-0.0015999999999999973,-0.0019349999999999958,-0.0021400000000000065,-0.0021125000000000033,-0.0019239999999999952,-0.0021699999999999983,-0.0020799999999999985,-0.0019974999999999993,-0.001975000000000001
2023-02-03,0.0002679999999999974,0.0005149999999999946,0.0006999999999999958,0.0009350000000000018,0.000952500000000002,0.0008060000000000012,0.001115999999999999,0.001060499999999999,0.0009814999999999997,0.0010634999999999985
2023-02-06,0.000344000000000004,0.0008175000000000057,0.0011000000000000003,0.0011460000000000047,0.0011759999999999965,0.0010969999999999938,0.0011565000000000013,0.001174500000000002,0.0012009999999999972,0.0011515000000000032
2023-02-07,0.00029599999999999765,0.0003275000000000014,0.00028000000000000247,0.00034299999999999956,0.0003840000000000024,0.00048100000000000226,0.00034,0.000332499999999996,0.0003190000000000033,0.0002924999999999976
2023-02-08,0.0002015000000000003,-1.9999999999999185e-05,-6.1000000000002025e-05,-0.0001840000000000036,-0.00027249999999999844,-0.0004154999999999992,-0.00020750000000000282,-0.00020999999999999838,-0.00018649999999999917,-0.00017
2023-02-09,0.00020549999999999735,6.499999999999562e-05,-6.899999999999962e-05,-0.00010249999999999843,-0.00015500000000000236,2.3499999999999216e-05,-0.0002699999999999994,-0.0002899999999999986,-0.00033350000000000046,-0.0003599999999999992
2023-02-10,0.0002570000000000003,0.0005900000000000002,0.000619999999999999,0.000559500000000001,0.0005275000000000002,0.0003840000000000024,0.0005180000000000011,0.0004599999999999986,0.00046049999999999564,0.0004860000000000003
2023-02-13,0.00030300000000000465,0.00030000000000000165,0.0003449999999999981,0.00031549999999999634,0.0002375000000000016,0.0002109999999999959,0.00013699999999999823,0.00014000000000000123,9.350000000000677e-05,5.3999999999998494e-05
2023-02-14,0.0003939999999999916,0.0008089999999999972,0.0009250000000000022,0.000954500000000004,0.0009925000000000003,0.0009370000000000038,0.0009100000000000011,0.0008599999999999997,0.0008319999999999959,0.0007999999999999986
2023-02-15,0.0001480000000000023,0.0002009999999999998,4.749999999999893e-05,6.799999999999862e-05,9.499999999999786e-05,0.00016999999999999654,0.00016499999999999848,0.00021749999999999894,0.000279999999999999,0.0003075000000000022
2023-02-16,7.499999999999868e-05,5.9999999999997555e-05,0.00027749999999999997,0.00018499999999999767,8.500000000000174e-05,7.599999999999968e-05,4.200000000000037e-05,2.7500000000003216e-05,1.5000000000001124e-05,-1.7500000000003624e-05
2023-02-17,0.00013700000000000517,-3.999999999999837e-05,-0.00010249999999999843,-7.000000000000062e-05,-8.000000000000021e-05,-0.00019399999999999973,-0.00018699999999999967,-0.0002149999999999999,-0.0002510000000000012,-0.0002649999999999979
2023-02-20,2.5999999999998247e-05,0.00015750000000000486,0.0001999999999999988,0.00025000000000000716,0.00031000000000000125,0.0003400000000000035,0.00033000000000000043,0.0002999999999999947,0.00029100000000000306,0.00027500000000000094
2023-02-21,0.00044399999999999995,0.0005624999999999936,0.0006615000000000024,0.0006499999999999978,0.0006499999999999978,0.0007024999999999983,0.0007000000000000027,0.0007000000000000062,0.0006999999999999958,0.0006999999999999992
2023-02-22,-0.00021100000000000285,-0.0001974999999999963,-0.0001840000000000036,-0.00010399999999999993,-3.0000000000002247e-05,-3.250000000000475e-05,2.9999999999998778e-05,6.799999999999515e-05,8.750000000000077e-05,0.00011400000000000299
2023-02-23,-2.8500000000000747e-05,-3.749999999999587e-05,-8.99999999999998e-05,-0.0001260000000000011,-0.00016000000000000042,-0.00020299999999999485,-0.00023999999999999716,-0.00022799999999999557,-0.0002444999999999982,-0.00025400000000000075
2023-02-24,0.0006625000000000034,0.0011349999999999971,0.0011400000000000021,0.0009230000000000002,0.0007500000000000007,0.0006880000000000011,0.0006809999999999941,0.0006189999999999946,0.0005744999999999986,0.0005700000000000011
2023-02-27,0.00023899999999999616,0.0005199999999999996,0.0005199999999999996,0.0005345000000000003,0.0005800000000000041,0.0005175000000000041,0.0005515000000000034,0.0006010000000000043,0.0006175,0.0005899999999999933
2023-02-28,0.00044850000000000445,0.000559999999999998,0.0005824999999999997,0.0005799999999999972,0.0005124999999999991,0.0005904999999999938,0.0004949999999999954,0.00044249999999999845,0.0004569999999999991,0.00043000000000000677
2023-03-01,0.0005000000000000004,0.0006275000000000031,0.0006175,0.0006675000000000014,0.0007674999999999974,0.0007144999999999999,0.0006700000000000039,0.0006349999999999967,0.0005810000000000051,0.0005749999999999991
2023-03-02,0.00046349999999999864,0.00022749999999999854,0.0002124999999999974,0.00024500000000000216,0.00027749999999999997,0.00033500000000000196,0.0003405000000000005,0.0003825000000000009,0.0004045000000000021,0.0004175000000000012
2023-03-03,-4.200000000000037e-05,-0.0003374999999999975,-0.0003974999999999951,-0.0003650000000000042,-0.0003850000000000034,-0.00042500000000000177,-0.0003980000000000025,-0.00046500000000000014,-0.0005050000000000054,-0.0005225000000000021
2023-03-06,0.0004699999999999982,0.0005549999999999999,0.0004119999999999957,0.00032000000000000084,0.0002765000000000059,0.00018649999999999917,0.00016000000000000042,0.00013500000000000317,6.500000000000256e-05,7.499999999999868e-05
2023-03-07,0.0005510000000000029,0.00016449999999999798,-6.599999999999662e-05,-0.0003049999999999997,-0.0004989999999999994,-0.00046399999999999914,-0.0005474999999999994,-0.0005625000000000005,-0.0005474999999999994,-0.0005850000000000022
2023-03-08,0.0003219999999999959,0.00033049999999999746,0.00017149999999999804,0.00011250000000000149,1.9999999999999185e-05,-1.0000000000003062e-05,-0.0001465000000000008,-0.0002500000000000002,-0.0002600000000000033,-0.0003099999999999978
2023-03-09,-0.0003199999999999939,-0.0005299999999999958,-0.0004699999999999982,-0.0004725000000000007,-0.0003949999999999995,-0.0006069999999999964,-0.00024349999999999372,-0.0001475000000000018,-0.00012899999999999717,-7.000000000000062e-05
2023-03-10,-0.0009764999999999982,-0.0014704999999999996,-0.0014684999999999976,-0.0014380000000000018,-0.0013350000000000029,-0.001118000000000001,-0.0013000000000000095,-0.0012864999999999994,-0.0011985000000000016,-0.0012169999999999993
2023-03-13,-0.002750500000000003,-0.0024380000000000027,-0.0015539999999999998,-0.001362000000000002,-0.00145,-0.0013999999999999985,-0.0012174999999999964,-0.0012334999999999985,-0.0012124999999999983,-0.0011029999999999998
2023-03-14,-0.0007430000000000006,0.0005409999999999998,0.0006600000000000009,0.0007500000000000076,0.0009600000000000025,0.001125000000000001,0.0008550000000000016,0.0009700000000000021,0.0009359999999999993,0.0008650000000000012
2023-03-15,-0.0013260000000000008,-0.0021274999999999974,-0.0017850000000000019,-0.001345000000000006,-0.0012650000000000022,-0.0007570000000000042,-0.0010749999999999996,-0.0010025,-0.0011410000000000031,-0.0010100000000000005
2023-03-16,-0.00034849999999999465,-0.00011000000000000593,-1.2499999999998623e-05,-0.0002139999999999989,-6.749999999999812e-05,-0.0004549999999999936,0.00016750000000000098,0.0001504999999999944,0.0003849999999999999,0.0003949999999999995
2023-03-17,-0.0003515000000000046,-0.0011924999999999991,-0.0015224999999999995,-0.0013109999999999962,-0.0012400000000000015,-0.0015580000000000038,-0.0011549999999999998,-0.0010354999999999982,-0.0009774999999999992,-0.0009724999999999977
2023-03-20,-0.0001419999999999963,-0.0005049999999999985,-0.00047000000000000167,-0.00032800000000000537,-0.00016750000000000098,0.0002139999999999989,-0.00013250000000000414,-0.00013999999999999777,-0.00014749999999999833,-0.00017750000000000057
2023-03-21,0.0010249999999999981,0.0013900000000000023,0.0013125000000000012,0.0012080000000000007,0.0011000000000000003,0.001021000000000001,0.0009949999999999994,0.0009274999999999978,0.0008699999999999992,0.0008749999999999973
2023-03-22,0.0014235000000000012,0.0010999999999999968,0.0008624999999999952,0.0007000000000000062,0.0006050000000000014,0.00048000000000000126,0.00048000000000000126,0.00040000000000000105,0.00037000000000000227,0.00032000000000000084
2023-03-23,-0.0002149999999999999,-0.001004999999999999,-0.0012449999999999961,-0.0012000000000000031,-0.0011949999999999981,-0.00102,-0.0010299999999999962,-0.0009499999999999995,-0.0008740000000000032,-0.0008149999999999998
2023-03-24,-0.0006275000000000031,-0.0009100000000000011,-0.0008850000000000004,-0.0007400000000000011,-0.0006950000000000012,-0.0005699999999999976,-0.0005400000000000023,-0.000449999999999999,-0.00041099999999999817,-0.000389999999999998
2023-03-27,0.0002909999999999996,0.0005700000000000011,0.0006500000000000013,0.0006180000000000005,0.0007750000000000014,0.0006899999999999996,0.0007600000000000003,0.0007174999999999994,0.0007000000000000027,0.0007349999999999961
2023-03-28,0.0003814999999999999,0.0005500000000000019,0.0005499999999999949,0.00042199999999999876,0.00028249999999999803,0.0004349999999999979,0.00031499999999999584,0.0003249999999999989,0.00034999999999999615,0.0003615000000000007
2023-03-29,0.00016499999999999848,0.0003099999999999978,0.0002549999999999983,0.00023999999999999716,0.0001874999999999967,7.000000000000062e-05,0.0002050000000000038,0.00012000000000000205,0.0001449999999999993,0.00018850000000000117
2023-03-30,0.0008350000000000024,0.0009274999999999978,0.0008275000000000018,0.0007250000000000034,0.0006950000000000012,0.0004900000000000009,0.00041749999999999773,0.00044249999999999845,0.00037000000000000227,0.0002700000000000029
2023-03-31,-5.4499999999998994e-05,-0.0002474999999999977,-0.00032749999999999446,-0.0004200000000000037,-0.0005450000000000003,-0.0005850000000000022,-0.0005749999999999991,-0.0005924999999999993,-0.0006225000000000015,-0.0006250000000000006
2023-04-03,-7.999999999999674e-05,-0.0003599999999999992,-0.00041250000000000314,-0.00047349999999999476,-0.0003449999999999981,-0.0003125000000000003,-0.00045249999999999804,-0.0004850000000000028,-0.0004024999999999966,-0.0005175000000000006
2023-04-04,-0.00033800000000000496,-0.0005900000000000002,-0.0006775000000000045,-0.0006415000000000032,-0.0005374999999999998,-0.0004299999999999998,-0.00033000000000000043,-0.00015749999999999792,-0.00017000000000000348,-5.000000000001531e-06
2023-04-05,-0.0004415000000000044,-0.0007725000000000024,-0.0008774999999999963,-0.0006619999999999994,-0.00068,-0.0006049999999999979,-0.0006085000000000014,-0.00068,-0.0007300000000000015,-0.000727499999999999
2023-04-06,0.00019150000000000417,0.0001825000000000021,0.00022749999999999854,0.00018199999999999814,0.00016249999999999945,8.750000000000077e-05,0.0001570000000000009,0.00013100000000000264,0.00012000000000000205,0.00011450000000000002
2023-04-11,,,,,,,,,,
2023-04-12,0.0008024999999999977,0.0007549999999999987,0.0007120000000000043,0.000672500000000003,0.0007000000000000027,0.0006899999999999996,0.0005749999999999991,0.0005300000000000027,0.0005174999999999971,0.000499999999999997
2023-04-13,8.400000000000074e-05,-0.00014749999999999486,-0.00019950000000000523,-0.00016100000000000836,-0.00027500000000000094,-0.00020000000000000226,-0.0001375000000000022,-0.00011249999999999802,-8.99999999999998e-05,-6.749999999999812e-05
2023-04-14,0.0004359999999999989,0.0007049999999999973,0.0007474999999999982,0.0006260000000000016,0.0005924999999999993,0.0004900000000000009,0.0004900000000000043,0.00046500000000000014,0.0004375000000000004,0.00041000000000000064
2023-04-17,0.00039000000000000146,0.0003275000000000014,0.0003425000000000025,0.00038749999999999896,0.00046000000000000554,0.00044249999999999845,0.0004449999999999975,0.0004949999999999954,0.0005000000000000004,0.0005124999999999991
2023-04-18,7.999999999999674e-05,0.0003799999999999984,0.0004000000000000045,0.0003525000000000056,0.000387499999999992,0.00037750000000000283,0.00030749999999999875,0.000227500000000002,0.00020249999999999782,5.000000000000143e-05
2023-04-19,0.00048000000000000126,0.0004924999999999999,0.0004099999999999937,0.000449999999999999,0.0003150000000000028,0.00030000000000000165,0.00035750000000000365,0.0003099999999999943,0.00028750000000000303,0.0004824999999999968
2023-04-20,-0.00014999999999999736,-0.0005699999999999941,-0.0005834999999999937,-0.0005675000000000055,-0.00047499999999999626,-0.00043750000000000733,-0.00048000000000000473,-0.00042749999999999386,-0.000395000000000003,-0.0004949999999999989
2023-04-21,7.999999999999674e-05,0.00018999999999999573,0.00015849999999999892,0.0001475000000000018,0.00020749999999999935,0.00024750000000000466,0.00021250000000000088,0.00025249999999999925,0.00025500000000000175,0.0002375000000000016
2023-04-24,0.0006099999999999994,0.0005924999999999958,0.0005800000000000041,0.0005549999999999999,0.0004574999999999996,0.0003799999999999984,0.0004375000000000004,0.0003599999999999992,0.0003249999999999989,0.0003474999999999971
2023-04-25,-0.000559999999999998,-0.000942499999999992,-0.0010650000000000034,-0.0011469999999999952,-0.0011475000000000027,-0.0015424999999999987,-0.0011150000000000014,-0.001072499999999997,-0.0010474999999999964,-0.0010124999999999995
2023-04-26,-5.9999999999997555e-05,-0.00011000000000000593,-0.0001250000000000001,-3.550000000000081e-05,3.750000000000281e-05,0.0005049999999999985,0.00017500000000000154,0.00020749999999999935,0.00026999999999999594,0.00033250000000000293
2023-04-27,-0.00021800000000000291,-7.750000000000118e-05,9.999999999996123e-06,9.750000000000036e-05,0.0001749999999999946,0.00020750000000000282,0.00022000000000000144,0.00023250000000000007,0.0002249999999999995,0.00020999999999999838
2023-04-28,-0.00024199999999999916,-0.0007949999999999971,-0.0009874999999999953,-0.0010900000000000007,-0.0011274999999999966,-0.001080000000000001,-0.0011649999999999994,-0.001117500000000004,-0.0011274999999999966,-0.001112499999999999
2023-05-02,-0.0003424999999999956,-0.0005474999999999994,-0.0005725000000000036,-0.0005824999999999997,-0.0006075000000000004,-0.0006300000000000021,-0.0004950000000000024,-0.00047499999999999626,-0.00045500000000000054,-0.00047000000000000167
2023-05-03,0.0002624999999999919,0.00016750000000000098,4.000000000000531e-05,-1.7500000000000154e-05,-7.750000000000118e-05,-2.5000000000000716e-05,-0.00014749999999999833,-0.00018500000000000114,-0.00017500000000000154,-0.00017750000000000057
2023-05-04,-0.0006799999999999931,-0.001224999999999997,-0.001193500000000007,-0.001067499999999999,-0.0009249999999999987,-0.0007750000000000014,-0.0006599999999999974,-0.000556499999999998,-0.00047499999999999973,-0.00036749999999999977
2023-05-05,-3.0000000000002247e-05,0.00046500000000000014,0.0005835000000000007,0.0006494999999999973,0.0007050000000000008,0.0006200000000000025,0.0007034999999999993,0.0006964999999999957,0.0007050000000000008,0.0006600000000000009
2023-05-08,0.00032999999999999696,0.00040749999999999814,0.0004305000000000003,0.0004030000000000006,0.00041500000000000217,0.0003280000000000019,0.0003439999999999971,0.0003140000000000018,0.0002575000000000008,0.00030649999999999775
2023-05-09,0.00010000000000000286,0.00020499999999999685,0.00018599999999999867,0.00017399999999999707,0.00016000000000000042,0.00028199999999999753,0.00019500000000000073,0.0002260000000000005,0.00031000000000000125,0.000227500000000002
2023-05-10,-0.0001460000000000003,-0.0005524999999999974,-0.0006369999999999987,-0.0006014999999999944,-0.0005750000000000026,-0.000667499999999998,-0.0005649999999999995,-0.0005524999999999974,-0.0006050000000000048,-0.0005240000000000002
2023-05-11,-4.300000000000137e-05,-0.0003594999999999987,-0.00047699999999999826,-0.0004925000000000034,-0.0005310000000000002,-0.0004625000000000011,-0.0005509999999999994,-0.0005800000000000041,-0.0005149999999999981,-0.0005949999999999983
2023-05-12,0.00037500000000000033,0.0006419999999999967,0.0006999999999999992,0.0005900000000000002,0.0005759999999999967,0.0005299999999999992,0.0005259999999999987,0.0005350000000000008,0.00046399999999999914,0.0004630000000000016
2023-05-15,5.2999999999997494e-05,-5.9999999999997555e-05,-8.500000000000174e-05,1.5000000000001124e-05,4.000000000000184e-05,9.500000000000133e-05,8.000000000000021e-05,8.500000000000174e-05,0.00012100000000000305,0.000166999999999997
2023-05-16,0.00016599999999999948,0.0004860000000000003,0.0005525000000000044,0.0005725000000000001,0.000567500000000002,0.00045500000000000054,0.0005250000000000012,0.0004949999999999954,0.00046249999999999417,0.0004349999999999979
2023-05-17,0.0002550000000000052,0.0005264999999999923,0.0005199999999999996,0.000333499999999997,0.0002025000000000013,0.00024000000000000063,3.500000000000031e-05,-4.999999999994592e-06,-6.249999999999659e-05,-0.00010500000000000093
2023-05-18,0.00023000000000000104,0.0004775000000000057,0.0007249999999999965,0.0008190000000000003,0.0009075000000000021,0.000899999999999998,0.0009799999999999982,0.0010254999999999986,0.0010350000000000012,0.0010420000000000013
2023-05-19,0.0001399999999999943,0.00012999999999999817,9.750000000000036e-05,9.25000000000023e-05,2.4999999999955613e-06,-3.999999999999837e-05,-6.499999999999909e-05,-9.550000000000183e-05,-0.0001025000000000019,-0.00011399999999999952
2023-05-22,0.00012000000000000205,0.00026249999999999885,0.00026249999999999885,0.00022049999999999847,0.00017500000000000154,5.4999999999999494e-05,0.00018000000000000307,0.00016000000000000042,0.00015249999999999986,0.00015949999999999992
2023-05-23,0.0001759999999999956,0.00018050000000000704,0.00022500000000000298,0.00015600000000000336,0.00014999999999999736,0.0002375000000000016,0.00014249999999999333,0.00014250000000000373,0.00013749999999999873,0.0001400000000000047
2023-05-24,0.00028800000000001047,0.0004894999999999969,0.0004050000000000026,0.0004009999999999986,0.00039250000000000396,0.0003125000000000003,0.00027750000000000344,0.00019999999999999532,0.00015249999999999986,0.0001774999999999971
2023-05-25,0.0002859999999999946,0.0004474999999999965,0.0005404999999999993,0.00046700000000000214,0.0004175000000000012,0.00042500000000000177,0.0003970000000000015,0.00042750000000000427,0.00044249999999999845,0.00034999999999999615
2023-05-26,3.999999999999837e-05,0.00021000000000000185,0.00016200000000000242,0.0001779999999999976,0.00012499999999999317,9.999999999999593e-05,7.299999999999668e-05,7.000000000000062e-05,5.050000000000193e-05,8.100000000000468e-05
2023-05-29,-3.799999999999637e-05,-0.0004330000000000028,-0.0005470000000000058,-0.000677999999999998,-0.0007449999999999957,-0.000794000000000003,-0.0008109999999999992,-0.0008500000000000001,-0.0008680000000000007,-0.0009110000000000021
2023-05-30,-0.0005320000000000047,-0.0010319999999999982,-0.0011579999999999993,-0.0011234999999999995,-0.0010949999999999988,-0.0010484999999999974,-0.0010539999999999994,-0.001017500000000001,-0.0009899999999999978,-0.0009699999999999986
2023-05-31,-0.0004159999999999997,-0.0006275000000000031,-0.0006424999999999972,-0.0006035000000000033,-0.0005750000000000026,-0.0006274999999999996,-0.0004280000000000013,-0.00041250000000000314,-0.0003730000000000018,-0.0003449999999999981
2023-06-01,-0.0002314999999999956,-0.0002575000000000008,-0.00028500000000000053,-0.00035249999999999865,-0.00037749999999999936,-0.0002939999999999991,-0.00040699999999999764,-0.00038749999999999896,-0.000392,-0.00035750000000000365
2023-06-02,0.00033149999999999846,0.0006550000000000028,0.0007074999999999998,0.0006999999999999958,0.0006899999999999996,0.0006539999999999983,0.000505000000000002,0.00047499999999999973,0.00043500000000000483,0.0003725000000000013
2023-06-05,0.00029599999999999765,0.0004974999999999979,0.0005874999999999977,0.0005725000000000036,0.0004875000000000018,0.0005225000000000021,0.0005674999999999986,0.0005250000000000012,0.0005724999999999966,0.0005620000000000035
2023-06-06,-0.0003459999999999991,-0.0004699999999999982,-0.0005474999999999994,-0.0004924999999999999,-0.0003720000000000008,-0.00042000000000000023,-0.00032050000000000134,-0.0003075000000000022,-0.000334499999999998,-0.0002395000000000036
2023-06-07,0.0003860000000000044,0.0007650000000000018,0.0009124999999999966,0.0008324999999999999,0.0008195000000000008,0.0008050000000000002,0.0007594999999999998,0.0008050000000000036,0.0008169999999999983,0.0007925000000000015
2023-06-08,-2.0000000000006124e-05,-0.0003374999999999975,-0.0004574999999999996,-0.00044099999999999695,-0.00047750000000000223,-0.0005250000000000046,-0.0004590000000000011,-0.0005175000000000041,-0.0004725000000000007,-0.00046800000000000314
2023-06-09,-4.699999999999843e-05,0.0,-1.5000000000001124e-05,-4.400000000000237e-05,-0.00011999999999999858,-0.00013999999999999777,-0.0002524999999999958,-0.0002574999999999973,-0.000337500000000001,-0.0004044999999999986
2023-06-12,-0.00010299999999999893,-9.750000000000036e-05,-0.00011499999999999705,-0.00013250000000000067,-9.699999999999986e-05,-3.499999999999684e-05,-2.4000000000003185e-05,-1.5000000000001124e-05,7.500000000000562e-06,5.7999999999999025e-05
2023-06-13,0.0004299999999999998,0.0006949999999999942,0.0007740000000000039,0.0007204999999999989,0.000669999999999997,0.0005525000000000009,0.0005185000000000016,0.00047000000000000167,0.0003849999999999999,0.0003595000000000022
2023-06-14,0.0001409999999999953,0.0003500000000000031,0.0004035000000000011,0.0004170000000000007,0.00033199999999999896,0.0003049999999999997,0.00028549999999999756,0.0002685000000000014,0.00024250000000000313,0.0001899999999999992
2023-06-15,0.0005590000000000039,0.0008200000000000013,0.0008400000000000005,0.000779999999999996,0.0007074999999999998,0.0006349999999999967,0.0005550000000000034,0.0004789999999999968,0.00046249999999999764,0.00038449999999999596
2023-06-16,9.10000000000008e-05,5.2499999999996994e-05,-3.750000000000281e-05,-6.999999999999368e-05,-9.249999999999536e-05,-0.0001424999999999968,-0.000175000000000005,-0.00019249999999999823,-0.00023749999999999813,-0.0002444999999999982
2023-06-19,0.0005389999999999978,0.0005050000000000054,0.0005099999999999966,0.00047499999999999626,0.0004574999999999996,0.0004899999999999974,0.0004625000000000011,0.00047249999999999723,0.0004900000000000009,0.0005000000000000039
2023-06-20,1.0000000000003062e-05,-0.00043500000000000483,-0.0006449999999999997,-0.0007949999999999971,-0.0009185000000000026,-0.0009575,-0.0010069999999999975,-0.0010375000000000002,-0.0010550000000000039,-0.0010795000000000006
2023-06-21,0.00016999999999999654,0.0003300000000000039,0.00037199999999999733,0.0004880000000000023,0.0004009999999999986,0.0002899999999999986,0.0004694999999999977,0.0003625000000000017,0.000337500000000001,0.0004244999999999978
2023-06-22,0.0004870000000000013,0.0007249999999999965,0.0007250000000000034,0.0006594999999999934,0.0008000000000000021,0.000842500000000003,0.000615000000000001,0.0006910000000000006,0.0006600000000000043,0.0005310000000000002
2023-06-23,-0.00032599999999999296,-0.0007749999999999979,-0.001007000000000001,-0.001114999999999998,-0.001131,-0.0011425000000000012,-0.0011610000000000023,-0.0011490000000000042,-0.0011525000000000007,-0.001165999999999997
2023-06-26,-0.00017850000000000504,-0.00029000000000000553,-0.00036800000000000027,-0.0004129999999999967,-0.0004730000000000012,-0.00047000000000000167,-0.0004254999999999988,-0.0004544999999999966,-0.0004500000000000025,-0.00040000000000000105
2023-06-27,0.0002499999999999933,0.0005225000000000091,0.0006350000000000036,0.0007484999999999992,0.0006165000000000059,0.0005600000000000015,0.0005940000000000008,0.0004814999999999958,0.00046249999999999764,0.00046749999999999917
2023-06-28,-9.499999999999093e-05,-0.00022250000000000048,-0.0003070000000000017,-0.0003820000000000004,-0.0004225000000000062,-0.0003840000000000024,-0.00037749999999999936,-0.0003519999999999947,-0.0003449999999999981,-0.0003275000000000014
2023-06-29,0.0001424999999999968,0.0007369999999999946,0.0009149999999999991,0.0009090000000000001,0.0010525000000000048,0.0010989999999999993,0.0009249999999999987,0.0009729999999999982,0.0009425000000000024,0.0008650000000000012
2023-06-30,-1.9999999999999185e-05,-7.000000000000062e-06,-4.499999999999643e-05,-8.950000000000624e-05,-0.00016950000000000298,-0.0002649999999999944,-0.00028399999999999953,-0.00019800000000000026,-0.0002035000000000023,-0.0002920000000000006
2023-07-03,0.0003599999999999992,0.0005500000000000019,0.0006524999999999934,0.0006295000000000051,0.0006169999999999995,0.000559999999999998,0.0006110000000000004,0.0004585000000000006,0.00042400000000000077,0.0004819999999999998
2023-07-04,-0.00036599999999999827,-0.00043500000000000483,-0.00029249999999999415,-0.00021749999999999547,-9.499999999999786e-05,9.999999999996123e-06,2.9999999999960614e-06,9.699999999999986e-05,0.00015949999999999645,0.0001799999999999996
2023-07-05,2.5999999999998247e-05,-4.499999999999643e-05,-8.750000000000424e-05,2.7499999999992808e-05,5.4999999999999494e-05,8.000000000000368e-05,0.00021250000000000435,0.00020999999999999838,0.0002500000000000037,0.00028749999999999956
2023-07-06,0.0003500000000000031,0.0007875000000000035,0.0011374999999999996,0.0011935000000000001,0.001390499999999996,0.0014269999999999977,0.0014325000000000032,0.0014899999999999983,0.0014700000000000026,0.0014475000000000009
2023-07-07,2.3000000000002185e-05,-0.00037750000000000283,-0.0005069999999999936,-0.00028600000000000153,-0.0002879999999999966,-0.00018299999999999567,-8.000000000000368e-05,-0.00012999999999999817,-9.70000000000068e-05,8.199999999999874e-05
2023-07-10,8.899999999999186e-05,0.0002400000000000041,0.00029699999999999865,0.00021750000000000241,0.0002055000000000043,0.0001234999999999986,0.00010199999999999793,0.00014000000000000123,0.0001270000000000021,-4.4999999999975615e-06
2023-07-11,8.099999999999774e-05,0.00013499999999999623,3.500000000000031e-05,-1.4999999999994185e-05,-7.550000000000612e-05,-1.7499999999996685e-05,-4.699999999999843e-05,-3.249999999999781e-05,-1.9999999999999185e-05,-1.7500000000003624e-05
2023-07-12,-0.00020299999999999485,-0.0007349999999999995,-0.0008800000000000058,-0.0009150000000000061,-0.000895,-0.0009200000000000041,-0.0009025000000000005,-0.000898999999999997,-0.0008900000000000019,-0.0008699999999999958
2023-07-13,-0.0003655000000000047,-0.0008050000000000002,-0.0009724999999999942,-0.0010270000000000001,-0.0009949999999999959,-0.0009475000000000039,-0.0010034999999999974,-0.0009710000000000031,-0.0009174999999999947,-0.0008899999999999984
2023-07-14,0.0002055000000000043,0.0004940000000000014,0.0005374999999999963,0.0005794999999999967,0.0005210000000000006,0.0004075000000000051,0.00047599999999999726,0.00044999999999999554,0.0003999999999999976,0.00036899999999999433
2023-07-17,3.0000000000002247e-05,-0.00013900000000000023,-0.0002294999999999936,-0.0003199999999999939,-0.00037349999999999883,-0.0003500000000000031,-0.0003949999999999995,-0.0004024999999999966,-0.00041149999999999867,-0.00036899999999999433
2023-07-18,-0.0003970000000000015,-0.0008400000000000005,-0.0009495000000000059,-0.0009629999999999986,-0.0009200000000000041,-0.0008799999999999988,-0.0009104999999999981,-0.0009250000000000022,-0.000900999999999999,-0.0009180000000000021
2023-07-19,-4.699999999999843e-05,0.00012000000000000205,0.0001815000000000011,0.0003104999999999983,0.00032999999999999696,0.00032999999999999696,0.00047699999999999826,0.0004399999999999994,0.0004674999999999957,0.0005579999999999995
2023-07-20,0.00020399999999999585,0.0005500000000000019,0.0006374999999999992,0.0005849999999999952,0.0006925000000000056,0.000732500000000004,0.0006254999999999976,0.0007575000000000012,0.0007300000000000015,0.0005974999999999973
2023-07-21,0.0,-0.00021750000000000935,-0.0002500000000000002,-0.0001724999999999921,-0.00020749999999999935,-0.0002124999999999974,-0.00016249999999999598,-0.0002375000000000016,-0.00023749999999999813,-0.0001774999999999971
2023-07-24,-0.00018999999999999573,-0.0005574999999999955,-0.0005160000000000026,-0.0005525000000000044,-0.0004950000000000024,-0.0004400000000000029,-0.000452000000000001,-0.0003699999999999988,-0.0003300000000000039,-0.00035750000000000365
2023-07-25,-0.00016000000000000042,-3.700000000000231e-05,-4.399999999999543e-05,-0.0001250000000000001,-0.0001275000000000026,-0.00012000000000000205,-0.00014250000000000027,-0.00012049999999999908,-0.00011999999999999858,-0.00015749999999999445
2023-07-26,0.00023000000000000104,0.0006620000000000029,0.0007300000000000015,0.0007720000000000019,0.0006575000000000053,0.0006300000000000056,0.0005990000000000058,0.0005304999999999997,0.0004900000000000043,0.0005249999999999977
2023-07-27,-0.00023999999999999716,-0.0005299999999999958,-0.0005275000000000071,-0.0004369999999999999,-0.00028000000000000247,-0.0002600000000000033,-0.0002065000000000053,-0.00012000000000000205,-6.0000000000004494e-05,-8.000000000000021e-05
2023-07-28,-0.00018400000000001054,-0.00024700000000000416,-0.00018249999999999517,-0.0001500000000000043,-0.00016000000000000042,-8.000000000000368e-05,1.2500000000002093e-05,-4.999999999994592e-06,0.0,9.000000000000327e-05
2023-07-31,-0.0001359999999999903,-0.0002730000000000024,-0.00023999999999999716,-0.0002294999999999936,-0.0001799999999999996,-0.0001949999999999938,-0.0001725000000000025,-0.00016500000000000195,-0.0001449999999999993,-0.0001500000000000043
2023-08-01,5.9999999999990616e-05,0.00016000000000000042,0.0002124999999999974,0.00038199999999999346,0.000502499999999996,0.0005674999999999986,0.0006275000000000031,0.0006500000000000013,0.0007025000000000052,0.0007300000000000015
2023-08-02,-0.0002099999999999949,-0.00036249999999999477,-0.00035750000000000365,-0.0003324999999999925,-0.00035249999999999865,-0.0002750000000000044,-0.00030500000000000665,-0.00023950000000000013,-0.00025750000000000425,-0.00021999999999999797
2023-08-03,2.1500000000000685e-05,0.00015249999999999986,0.0002750000000000044,0.0004299999999999929,0.0005950000000000052,0.0005925000000000027,0.0006375000000000061,0.0006619999999999994,0.000677500000000001,0.0006824999999999956
2023-08-04,8.049999999999724e-05,0.00012999999999999817,5.9999999999997555e-05,-7.999999999999674e-05,-0.00017000000000000348,-0.0002400000000000041,-0.0002775000000000069,-0.0003175000000000053,-0.0003475000000000006,-0.00041749999999999426
2023-08-07,5.6500000000000994e-05,-0.00010500000000000093,-3.999999999999837e-05,0.00011300000000000199,0.00016499999999999848,0.0002950000000000036,0.0003475000000000075,0.00037000000000000227,0.00042249999999999927,0.0004949999999999954
2023-08-08,-0.0003300000000000039,-0.0004525000000000015,-0.0006350000000000036,-0.0007650000000000018,-0.0009074999999999986,-0.0009725000000000011,-0.001017500000000001,-0.0010924999999999997,-0.0011325000000000016,-0.001187500000000001
2023-08-09,9.150000000000824e-05,0.00013749999999999873,0.0002050000000000038,0.0002119999999999969,0.00017750000000000404,0.0001495000000000038,0.00018249999999999864,0.00019750000000000323,0.00020000000000000226,0.000228500000000003
2023-08-10,0.00010799999999999699,0.00023000000000000104,0.0002689999999999984,0.00022500000000000298,0.0003125000000000003,0.0003480000000000011,0.00025999999999999635,0.0002924999999999976,0.00025249999999999925,0.00023899999999999963
2023-08-11,0.0001495000000000038,0.000559999999999998,0.0007035000000000027,0.0007949999999999971,0.0008249999999999993,0.0008400000000000005,0.0009149999999999991,0.0008820000000000008,0.0009375000000000008,0.0009499999999999995
2023-08-14,0.00029649999999999815,0.00018200000000000854,0.0001444999999999988,0.00010250000000000536,7.249999999999618e-05,2.9999999999995308e-05,2.500000000009439e-06,1.0500000000003562e-05,-1.9999999999999185e-05,-3.899999999999737e-05
2023-08-15,5.5999999999993555e-05,0.000337999999999998,0.0004305000000000003,0.0004924999999999999,0.0005199999999999996,0.0005560000000000009,0.0005474999999999924,0.0005549999999999999,0.0005674999999999986,0.0005689999999999931
2023-08-16,5.7000000000001494e-05,-0.0001840000000000036,-0.0002474999999999977,-0.00028250000000000497,-0.00030000000000000165,-0.0003259999999999999,-0.00029399999999999565,-0.00026650000000000285,-0.0002489999999999992,-0.0002324999999999966
2023-08-17,-8.099999999999774e-05,7.900000000000268e-05,0.00020749999999999935,0.00029749999999999915,0.0003500000000000031,0.0003949999999999995,0.0004564999999999986,0.0004564999999999986,0.0004515000000000005,0.0004824999999999968
2023-08-18,-0.00023100000000000204,-0.0005520000000000039,-0.0006685000000000024,-0.0006410000000000027,-0.0007199999999999984,-0.0007450000000000026,-0.0006984999999999977,-0.0008125000000000007,-0.0007600000000000037,-0.0006974999999999967
2023-08-21,0.00019600000000000173,0.00047699999999999826,0.0005710000000000021,0.0005530000000000049,0.0006449999999999997,0.00068,0.0005859999999999962,0.0007175000000000029,0.00068,0.0006190000000000015
2023-08-22,-8.099999999999774e-05,-0.00023999999999999716,-0.00033400000000000096,-0.0004269999999999968,-0.0004849999999999993,-0.0005149999999999946,-0.0005275000000000002,-0.0005485000000000004,-0.0005350000000000008,-0.0005614999999999995
2023-08-23,-0.0005520000000000039,-0.0010900000000000007,-0.0013810000000000003,-0.001292500000000002,-0.0013700000000000032,-0.0013950000000000004,-0.0012679999999999983,-0.001289000000000002,-0.0012649999999999953,-0.001245000000000003
2023-08-24,-5.7999999999995555e-05,3.0000000000002247e-05,0.00018699999999999967,0.00010550000000000143,0.0002050000000000038,0.00022499999999999604,0.0001229999999999981,0.0001725000000000025,0.0001355000000000002,0.00016000000000000042
2023-08-25,0.000343000000000003,0.0006050000000000014,0.0006579999999999989,0.0006359999999999977,0.0005349999999999938,0.0004750000000000032,0.0004974999999999979,0.0003774999999999959,0.0003329999999999965,0.00037600000000000133
2023-08-28,9.699999999999293e-05,0.00010249999999999843,5.000000000000143e-05,-1.1500000000004562e-05,5.0000000000050004e-06,4.9999999999980616e-06,-5.2499999999996994e-05,8.000000000001062e-06,2.6499999999998747e-05,-6.300000000000056e-05
2023-08-29,-0.00014999999999999736,-0.0002549999999999983,-0.0003799999999999984,-0.00043749999999999345,-0.0004900000000000043,-0.0005199999999999996,-0.0005799999999999972,-0.0005804999999999977,-0.0005799999999999972,-0.0005879999999999982
2023-08-30,0.00028299999999999853,0.0002674999999999969,0.0002699999999999994,0.00027299999999999547,0.00028500000000000747,0.00026500000000000135,0.00034,0.00034,0.0003249999999999989,0.00033500000000000196
2023-08-31,-0.0004930000000000004,-0.0010350000000000012,-0.0010900000000000076,-0.0010939999999999978,-0.0010975000000000013,-0.0010000000000000009,-0.00102,-0.0009800000000000017,-0.0009424999999999989,-0.000905000000000003
2023-09-01,-0.00016900000000000248,0.00017500000000000154,0.00034000000000000696,0.0005080000000000015,0.0005604999999999985,0.0005999999999999964,0.0007399999999999976,0.0007190000000000009,0.0007624999999999993,0.000837499999999998
2023-09-04,0.0002400000000000041,0.0002500000000000002,0.0002999999999999947,0.00028800000000000353,0.0003949999999999995,0.00038200000000000733,0.0003065000000000012,0.0003359999999999995,0.0003280000000000019,0.0002515000000000017
2023-09-05,-0.0001485000000000028,-5.000000000000143e-05,-1.7499999999996685e-05,6.999999999999368e-05,0.00012199999999999711,0.00014899999999999636,0.00018599999999999867,0.00022749999999999854,0.0002494999999999997,0.0002684999999999979
2023-09-06,0.00015750000000000486,0.00041000000000000064,0.0004375000000000004,0.0004330000000000028,0.0003799999999999984,0.0003589999999999982,0.0003275000000000014,0.00026700000000000335,0.00022599999999999704,0.00022250000000000048
2023-09-07,-5.000000000000143e-05,-0.0002349999999999991,-0.00028500000000000053,-0.00033299999999999996,-0.0003374999999999975,-0.0003424999999999956,-0.0003425000000000025,-0.0003244999999999984,-0.0003234999999999974,-0.00034999999999999615
2023-09-08,0.00010500000000000093,4.499999999999643e-05,3.0000000000002247e-05,5.4999999999999494e-05,4.749999999999893e-05,6.249999999999312e-05,3.250000000000475e-05,1.9999999999999185e-05,1.9999999999999185e-05,2.4999999999955613e-06
2023-09-11,0.00016499999999999848,0.00017000000000000348,0.00018499999999999767,0.00015500000000000236,0.00017600000000000254,0.00019500000000000767,0.0001974999999999963,0.00021999999999999797,0.00022500000000000298,0.0002425000000000066
2023-09-12,0.00016000000000000042,0.00033500000000000196,0.00033199999999999896,0.0003060000000000007,0.00026400000000000035,0.0002449999999999952,0.0001994999999999983,0.00017000000000000348,0.00014999999999999736,9.599999999999193e-05
2023-09-13,0.00036999999999999533,0.000334999999999995,0.0002980000000000066,0.00022149999999999948,0.00014999999999999736,-2.9999999999995308e-05,3.800000000000331e-05,4.999999999991123e-06,-1.9999999999999185e-05,-2.5999999999998247e-05
2023-09-14,0.00016000000000000042,-0.00025999999999999635,-0.00048000000000000126,-0.0005775000000000016,-0.0006449999999999997,-0.0005100000000000035,-0.0005824999999999997,-0.0005704999999999946,-0.0005374999999999963,-0.0005435000000000023
2023-09-15,0.0003100000000000047,0.0004349999999999979,0.000449999999999999,0.0005299999999999958,0.0006425000000000042,0.0006099999999999994,0.0006449999999999997,0.0006755000000000025,0.0006549999999999959,0.0007085000000000008
2023-09-18,0.0002400000000000041,0.00036699999999999927,0.0004099999999999937,0.00041000000000000064,0.00033249999999999946,0.00032999999999999696,0.00033500000000000196,0.00029449999999999615,0.00027749999999999997,0.0003065000000000012
2023-09-19,0.0,0.00019800000000000373,0.0002950000000000036,0.0002620000000000053,0.0002679999999999974,0.0002600000000000033,0.0002474999999999977,0.0002620000000000053,0.0002899999999999986,0.00022849999999999954
2023-09-20,-0.00014000000000000123,-0.00029000000000000553,-0.00033500000000000196,-0.00031799999999999884,-0.00029799999999999965,-0.0003300000000000039,-0.00032000000000000084,-0.00030050000000000215,-0.00032999999999999696,-0.0003049999999999997
2023-09-21,3.999999999999143e-05,9.50000000000048e-05,0.0002149999999999999,0.00027899999999999453,0.00032000000000000084,0.00039000000000000146,0.000393499999999998,0.00038399999999999546,0.0004119999999999957,0.0004299999999999998
2023-09-22,8.750000000000424e-05,-3.999999999999837e-05,-9.899999999999493e-05,-8.299999999999974e-05,-8.249999999999924e-05,-3.0000000000002247e-05,-3.349999999999881e-05,2.4500000000003685e-05,4.799999999999943e-05,2.2500000000001685e-05
2023-09-25,9.449999999999736e-05,-0.00011000000000000593,-6.1000000000005494e-05,5.4999999999999494e-05,0.00020249999999999435,0.00026700000000000335,0.0003990000000000035,0.00046049999999999564,0.0005310000000000037,0.0006245000000000001
2023-09-26,-0.00016449999999999798,-1.9999999999999185e-05,9.500000000002562e-06,5.350000000000493e-05,8.650000000000324e-05,9.10000000000008e-05,9.949999999999543e-05,8.500000000000174e-05,7.900000000000268e-05,9.399999999999686e-05
2023-09-27,0.00025999999999999635,0.00016200000000000242,0.00018349999999999617,0.0002664999999999959,0.00031549999999999634,0.0003620000000000012,0.0003160000000000038,0.0003300000000000039,0.00033199999999999896,0.00029000000000000553
2023-09-28,0.00011900000000000105,0.00048050000000000176,0.0006580000000000058,0.0007430000000000006,0.0007955000000000045,0.0008799999999999988,0.0008294999999999969,0.0009149999999999991,0.000897999999999996,0.0008190000000000003
2023-09-29,-0.00023999999999999716,-0.0006545000000000023,-0.000789999999999999,-0.0008840000000000028,-0.0009257000000000015,-0.0009619999999999976,-0.0008239999999999983,-0.0008650000000000047,-0.0008150000000000032,-0.0007125000000000048
2023-10-02,9.35000000000033e-05,0.00024149999999999866,0.0003189999999999929,0.00042299999999999977,0.0005082000000000003,0.0005920000000000022,0.0006349999999999967,0.0006845000000000045,0.0007185000000000039,0.0008375000000000049
2023-10-03,-7.000000000000062e-05,-3.549999999999387e-05,9.10000000000008e-05,0.00016700000000000048,0.0002559999999999993,0.0002999999999999947,0.00037500000000000033,0.0004364999999999994,0.00046800000000000314,0.000444999999999994
2023-10-04,-0.00010000000000000286,-0.00024900000000000616,-0.0002859999999999946,-0.00026249999999999885,-0.00026099999999999735,-0.00026249999999999885,-0.0003019999999999967,-0.0003259999999999999,-0.0003140000000000018,-0.0003449999999999981
2023-10-05,-0.00020499999999999685,-0.0004149999999999987,-0.00046750000000000264,-0.0005355000000000013,-0.0005874999999999977,-0.0005900000000000002,-0.0005705000000000016,-0.0005700000000000011,-0.0005724999999999966,-0.0005700000000000011
2023-10-06,-8.550000000000224e-05,-8.400000000000074e-05,-4.250000000000087e-05,5.0000000000050004e-06,5.2499999999996994e-05,0.00017450000000000104,0.00011049999999999949,0.0001439999999999983,0.00028099999999999653,0.00018000000000000654
2023-10-09,-0.00026099999999999735,-0.000724499999999996,-0.0008724999999999983,-0.0009209999999999982,-0.0009395000000000028,-0.001011999999999999,-0.0009379999999999944,-0.0009389999999999954,-0.0010360000000000022,-0.0009450000000000014
2023-10-10,-6.0000000000060005e-06,0.00013599999999999723,0.00013250000000000067,0.0001749999999999946,0.00016950000000000298,9.750000000000036e-05,7.799999999999474e-05,4.149999999999987e-05,4.9999999999980616e-06,4.9999999999980616e-06
2023-10-11,0.00013749999999999873,0.0002575000000000008,0.0002129999999999979,4.500000000000337e-05,-9.999999999999593e-05,-0.00022849999999999954,-0.000338999999999999,-0.00042800000000000477,-0.0005199999999999996,-0.0005840000000000012
2023-10-12,0.00025000000000000716,0.0005249999999999977,0.0005705000000000016,0.0005500000000000019,0.0005149999999999946,0.0005659999999999971,0.0005625000000000005,0.0005664999999999976,0.0005950000000000052,0.0006540000000000018
2023-10-13,-7.750000000000812e-05,-0.0001475000000000018,-0.00018549999999999817,-0.00023700000000000804,-0.00027499999999999747,-0.00037500000000000033,-0.0003650000000000042,-0.00038349999999999496,-0.0004635000000000056,-0.00044500000000000095
2023-10-16,-8.24999999999923e-05,1.0000000000003062e-05,6.799999999999862e-05,0.00017500000000000154,0.0002694999999999989,0.0003300000000000039,0.0003685000000000077,0.00041150000000000214,0.0004735000000000017,0.000449999999999999
2023-10-17,0.00034,0.0006429999999999977,0.0007389999999999966,0.0007650000000000018,0.0007904999999999995,0.000779999999999996,0.000774999999999991,0.0007714999999999944,0.0007399999999999976,0.0007549999999999987
2023-10-18,0.00012699999999999517,0.00010950000000000543,0.00019000000000000267,0.00018699999999999967,0.00016000000000000042,0.00021000000000000185,0.00023000000000000104,0.0002484999999999987,0.0002950000000000036,0.000396500000000001
2023-10-19,-0.00014100000000000223,-0.00012050000000000255,-3.999999999999837e-05,-5.999999999999062e-06,7.050000000000112e-05,0.00010199999999999793,0.00012500000000000705,0.00013450000000000267,0.00016500000000000542,4.850000000000687e-05
2023-10-20,-0.00036599999999999827,-0.0005070000000000005,-0.0005500000000000019,-0.00044650000000000245,-0.0003655000000000047,-0.0002909999999999996,-0.00026500000000000135,-0.0002035000000000023,-0.00017000000000000348,-0.00011750000000000649
2023-10-23,5.5000000000055005e-06,-9.249999999999536e-05,-0.00013799999999999923,-0.00016849999999999504,-0.00020499999999999685,-0.0002559999999999993,-0.00026249999999999885,-0.00029399999999999565,-0.0003249999999999989,-0.0003109999999999988
2023-10-24,-0.00023100000000000204,-0.000402500000000007,-0.0005165000000000031,-0.0005360000000000018,-0.0005254999999999982,-0.0005269999999999997,-0.00046750000000000264,-0.0004574999999999996,-0.00048000000000000126,-0.0004395000000000024
2023-10-25,-3.0000000000030003e-06,9.499999999999786e-05,0.00017250000000000598,0.00023999999999999716,0.00033049999999999746,0.00046199999999999714,0.0004299999999999998,0.00046249999999999764,0.0005900000000000002,0.0005129999999999996
2023-10-26,-0.00026099999999999735,-0.0006549999999999959,-0.0007330000000000045,-0.0006754999999999955,-0.0006700000000000039,-0.0006950000000000012,-0.0005799999999999972,-0.0005479999999999999,-0.0005850000000000022,-0.0004539999999999961
2023-10-27,-0.00018050000000000704,-0.00037000000000000227,-0.0004180000000000017,-0.00038749999999999896,-0.000334999999999995,-0.0002499999999999933,-0.0002500000000000002,-0.0002119999999999969,-0.00017000000000000348,-0.0002909999999999996
2023-10-30,-0.00012999999999999817,-0.00018750000000000017,-0.00015199999999999936,-0.00017500000000000154,-0.00017050000000000398,-0.00013500000000000317,-0.0001500000000000043,-0.0001300000000000051,-9.699999999999986e-05,-4.000000000000531e-05
2023-10-31,-0.00012799999999999617,-0.00016599999999999948,-0.0001475000000000018,-0.00015900000000000636,-0.00016949999999999604,-0.00019000000000000267,-0.00015449999999999492,-0.00018999999999999573,-0.00016299999999999648,-0.00017999999999999267
2023-11-01,-0.0002319999999999961,-0.0005339999999999928,-0.0006634999999999974,-0.0006589999999999999,-0.0006350000000000036,-0.0006399999999999947,-0.0006355000000000041,-0.0005915000000000017,-0.0006250000000000006,-0.0005600000000000049
2023-11-02,-8.000000000000368e-05,-9.000000000000674e-05,-0.00012899999999999717,-0.0002319999999999961,-0.0003239999999999979,-0.00035400000000000015,-0.0004544999999999966,-0.0005184999999999981,-0.0005500000000000019,-0.0005944999999999978
2023-11-03,-0.00014999999999999736,-0.0003024999999999972,-0.0005050000000000054,-0.0005849999999999952,-0.0005909999999999978,-0.0006660000000000034,-0.000675500000000006,-0.0007099999999999988,-0.0007049999999999973,-0.0007855000000000015
2023-11-06,0.00014000000000000123,0.0003275000000000014,0.0005300000000000027,0.000612499999999995,0.0006224999999999946,0.000620000000000006,0.0006730000000000035,0.0006995000000000022,0.0006875000000000006,0.0007549999999999987
2023-11-07,-8.350000000000024e-05,-0.00011400000000000299,-0.00017199999999999854,-0.0002725000000000019,-0.00036249999999999477,-0.0004300000000000033,-0.0005229999999999992,-0.000561500000000003,-0.0006374999999999992,-0.0007214999999999999
2023-11-08,6.0499999999998055e-05,7.200000000000262e-05,3.399999999999931e-05,-5.7999999999995555e-05,-0.00016499999999999848,-0.0002300000000000045,-0.00032000000000000084,-0.0003980000000000025,-0.0004275000000000008,-0.00046299999999999814
2023-11-09,-7.700000000000068e-05,-5.2999999999997494e-05,-5.000000000000143e-05,1.0999999999997123e-05,6.899999999999615e-05,0.00013250000000000414,0.00020249999999999782,0.0002475000000000012,0.0002574999999999973,0.00028199999999999753
2023-11-10,0.00029399999999999565,0.00047499999999999626,0.0005530000000000049,0.0005920000000000022,0.000616000000000002,0.0005875000000000012,0.0005475000000000063,0.0005199999999999996,0.0005100000000000035,0.0005100000000000035
2023-11-13,0.00012000000000000899,0.0001250000000000001,0.00014000000000000123,0.00011500000000000399,7.000000000000062e-05,3.500000000000031e-05,1.9999999999992246e-05,2.5000000000025002e-06,-5.4999999999999494e-05,-3.600000000000131e-05
2023-11-14,-0.00037600000000000133,-0.0007969999999999991,-0.0009300000000000072,-0.0009930000000000078,-0.0010350000000000012,-0.0010375000000000037,-0.0010409999999999968,-0.0010425000000000018,-0.0009850000000000032,-0.0010389999999999983
2023-11-15,1.9999999999950613e-06,0.00013649999999999773,0.0001500000000000043,0.00017299999999999954,0.0002149999999999999,0.00024350000000000066,0.000281,0.0003065000000000012,0.00032000000000000084,0.00042249999999999927
2023-11-16,-0.00034,-0.0005220000000000016,-0.0005409999999999998,-0.0005584999999999965,-0.0005420000000000008,-0.0005409999999999998,-0.0004944999999999984,-0.0004740000000000022,-0.00048499999999999585,-0.0004585000000000006
2023-11-17,0.00013499999999999623,0.00018750000000000017,0.00015899999999999942,0.00016850000000000198,0.00014200000000000323,0.00012999999999999817,5.4499999999995524e-05,3.0000000000002247e-05,6.999999999999368e-05,-1.1500000000001093e-05
2023-11-20,9.40000000000038e-05,0.00017800000000000454,0.00015199999999999936,0.00015300000000000036,0.00012999999999999817,0.00010000000000000286,8.300000000000321e-05,5.9999999999997555e-05,-4.999999999994592e-06,4.9999999999980616e-06
2023-11-21,-4.900000000000043e-05,-0.00022800000000000598,-0.00028199999999999753,-0.0003280000000000019,-0.00035299999999999915,-0.0003499999999999996,-0.00032049999999999787,-0.0003149999999999993,-0.00029749999999999915,-0.0003099999999999978
2023-11-22,0.00019000000000000267,0.0004325000000000023,0.0004114999999999952,0.0003475000000000006,0.0002869999999999956,0.00025999999999999635,0.00014250000000000027,9.500000000000133e-05,9.249999999999536e-05,-3.200000000000078e-05
2023-11-23,8.84999999999983e-05,0.00023250000000000354,0.0003405000000000005,0.0004149999999999987,0.0004770000000000052,0.00047300000000000467,0.0005459999999999979,0.0005450000000000003,0.0005070000000000005,0.0005819999999999992
2023-11-24,8.99999999999998e-05,0.00018999999999999573,0.00020799999999999985,0.0001974999999999963,0.00018399999999999667,0.00017700000000000007,0.00018699999999999967,0.00019749999999999976,0.00017299999999999954,0.00021000000000000532
2023-11-27,-0.0005070000000000005,-0.0008324999999999999,-0.0009380000000000013,-0.0009601999999999979,-0.000958999999999998,-0.0009270000000000007,-0.000905000000000003,-0.0008925000000000009,-0.0008300000000000009,-0.0008300000000000043
2023-11-28,-0.00044149999999999745,-0.0006599999999999939,-0.0007299999999999945,-0.0006938000000000014,-0.0006495000000000008,-0.0005954999999999988,-0.0005979999999999978,-0.0005499999999999984,-0.0005249999999999977,-0.0005350000000000008
2023-11-29,-0.0003444999999999976,-0.0007200000000000054,-0.0006650000000000024,-0.0006359999999999942,-0.0006165000000000025,-0.0006075000000000004,-0.000560999999999999,-0.0005525000000000009,-0.0005450000000000003,-0.0005739999999999981
2023-11-30,-0.00028900000000000453,-0.00023949999999999666,-0.00013799999999999923,-3.750000000000281e-05,6.500000000000256e-05,8.000000000000021e-05,0.00011849999999999708,0.00011749999999999608,0.00011800000000000005,0.00013900000000000023
2023-12-01,-0.0011865,-0.0014279999999999987,-0.001409500000000001,-0.0012575000000000017,-0.0012250000000000004,-0.001129000000000005,-0.0010664999999999945,-0.0009909999999999988,-0.0009460000000000024,-0.0008369999999999975
2023-12-04,-0.0002899999999999986,-0.00026500000000000135,-4.749999999999893e-05,-8.249999999999924e-05,-4.949999999999746e-05,-6.0999999999998555e-05,-0.00011049999999999949,-0.00014749999999999833,-0.000166999999999997,-0.0002735000000000029
2023-12-05,-0.0004349999999999979,-0.000726000000000001,-0.0008710000000000002,-0.0009274999999999978,-0.0009425000000000024,-0.000959999999999999,-0.0010000000000000009,-0.001022000000000002,-0.0010499999999999989,-0.0010310000000000007
2023-12-06,3.299999999999831e-05,3.099999999999978e-05,-4.900000000000043e-05,-0.00011000000000000246,-0.00021599999999999744,-0.00029499999999999665,-0.00031849999999999934,-0.00035450000000000065,-0.00038000000000000186,-0.00045199999999999754
2023-12-07,-9.40000000000038e-05,-0.0001559999999999999,-0.00024000000000000063,-0.0002675000000000004,-0.00028600000000000153,-0.0002540000000000042,-0.00022900000000000698,-0.0001999999999999988,-0.00019000000000000267,-0.00010900000000000146
2023-12-08,0.000341000000000001,0.0006059999999999989,0.000674000000000001,0.0007095000000000018,0.0007329999999999975,0.0007265000000000015,0.0007470000000000011,0.000737500000000002,0.0006775000000000045,0.0007275000000000025
2023-12-11,0.0002070000000000058,0.0002025000000000013,0.00017599999999999907,0.00012300000000000158,0.00010950000000000196,0.00011549999999999755,9.000000000000327e-05,5.7500000000001994e-05,0.00014250000000000027,7.749999999999771e-05
2023-12-12,-2.4500000000003685e-05,4.499999999999643e-05,-4.9999999999980616e-06,-0.00013000000000000164,-0.00025149999999999825,-0.0002919999999999971,-0.00037500000000000033,-0.0003585000000000012,-0.0004300000000000033,-0.00045450000000000004
2023-12-13,-0.00033249999999999946,-0.0005614999999999995,-0.0005320000000000047,-0.0004849999999999993,-0.00045800000000000354,-0.0005330000000000022,-0.0005425000000000013,-0.0005895000000000032,-0.0006075000000000004,-0.0006280000000000001
2023-12-14,-0.0006410000000000027,-0.0009909999999999988,-0.0010964999999999968,-0.0010350000000000012,-0.0009440000000000004,-0.0008879999999999999,-0.0007675000000000008,-0.0006639999999999979,-0.0006624999999999964,-0.0005350000000000008
2023-12-15,-0.000333999999999994,-0.0006780000000000015,-0.0006965000000000027,-0.0007425000000000001,-0.0007649999999999949,-0.0007099999999999954,-0.0008289999999999999,-0.000904000000000002,-0.0008400000000000005,-0.0010489999999999979
2023-12-18,0.00015749999999999792,0.0003530000000000026,0.0004200000000000037,0.0004475,0.00042999999999999636,0.00036299999999999527,0.00047300000000000467,0.0004940000000000049,0.0004369999999999964,0.000608999999999995
2023-12-19,-0.00014050000000000173,-0.000279999999999999,-0.00040799999999999864,-0.0004300000000000033,-0.000449999999999999,-0.0004429999999999955,-0.0005040000000000044,-0.0005305000000000032,-0.0004969999999999974,-0.0005599999999999945
2023-12-20,-0.0002484999999999987,-0.0004950000000000024,-0.0004620000000000041,-0.00047499999999999626,-0.00046500000000000014,-0.0004510000000000035,-0.00046199999999999714,-0.0004725000000000007,-0.00048000000000000126,-0.0005325000000000017
2023-12-21,-0.0002385000000000026,-0.0002580000000000013,-0.00018699999999999967,-0.00016499999999999848,-0.00013500000000000317,-0.00010899999999999799,-2.9000000000004716e-05,1.8000000000004124e-05,1.6999999999999654e-05,5.7499999999998525e-05
2023-12-22,-0.00024500000000000216,-0.00031699999999999784,-0.0003480000000000011,-0.000283000000000002,-0.0002329999999999971,-0.00016000000000000042,-0.00012999999999999817,-6.0500000000001525e-05,-6.999999999996592e-06,7.949999999999971e-05
2023-12-26,7.500000000000562e-05,,,,,-3.0000000000002247e-05,,,-5.00000000000049e-05,
2023-12-27,-0.0002930000000000016,,,,,-0.0005290000000000017,,,-0.0006299999999999951,
2023-12-28,-0.0001475000000000018,-0.00021800000000000291,-0.0001365000000000012,5.300000000000096e-05,0.00024000000000000063,0.0003090000000000037,0.00035299999999999915,0.00037399999999999933,0.0004219999999999953,0.0004325000000000023
2023-12-29,4.300000000000137e-05,0.00020800000000000332,0.0003464999999999996,0.0004275000000000008,0.0004900000000000009,0.0005519999999999969,0.0005999999999999998,0.0006500000000000013,0.0006580000000000058,0.0006854999999999986
2024-01-02,0.00013749999999999873,0.00037599999999999786,0.0004740000000000022,0.0004224999999999958,0.00037500000000000033,0.00032550000000000287,0.00034400000000000056,0.0003300000000000039,0.00029499999999999665,0.000282000000000001
2024-01-03,-1.9999999999999185e-05,-0.0003034999999999982,-0.0005420000000000043,-0.0005939999999999938,-0.0006225000000000015,-0.0006409999999999992,-0.0006420000000000002,-0.0006500000000000047,-0.0006000000000000033,-0.0004925000000000034
2024-01-04,0.0005574999999999955,0.0010404999999999998,0.0012230000000000019,0.0012339999999999955,0.0012274999999999994,0.0013009999999999966,0.0011530000000000012,0.001125000000000001,0.0011900000000000036,0.0009675000000000031
2024-01-05,0.0003330000000000069,0.00038900000000000046,0.00040649999999999714,0.00040100000000000205,0.00042000000000000023,0.0004725000000000007,0.0003849999999999999,0.0003834999999999984,0.00040000000000000105,0.00033600000000000296
2024-01-08,-4.049999999999887e-05,-0.0001910000000000002,-0.00023649999999999713,-0.000281,-0.00031999999999999737,-0.00034,-0.0002625000000000023,-0.00023849999999999913,-0.0002625000000000023,-0.00020850000000000382
2024-01-09,7.049999999999418e-05,0.0004929999999999969,0.0005980000000000013,0.0006504999999999983,0.0006474999999999953,0.0005290000000000017,0.0006200000000000025,0.0005964999999999998,0.0004975000000000014,0.0006030000000000028
2024-01-10,0.00021850000000000341,0.00027900000000000147,0.0002494999999999997,0.00026450000000000085,0.0002525000000000027,0.0002559999999999993,0.00021749999999999894,0.00019850000000000076,0.00021749999999999894,0.0001794999999999991
2024-01-11,-0.00010500000000000093,-0.00019599999999999826,-0.00016249999999999945,-0.00017500000000000154,-0.00017,-0.00016500000000000195,-0.0001590000000000029,-0.00015149999999999886,-0.00017099999999999754,-0.00020749999999999935
2024-01-12,-0.0007050000000000042,-0.000949499999999999,-0.0009455000000000019,-0.0008310000000000019,-0.0007600000000000003,-0.0006975000000000002,-0.0006354999999999972,-0.0005935000000000003,-0.0005565000000000014,-0.000452500000000005
2024-01-15,0.00014100000000000223,0.0003029999999999977,0.0003405000000000005,0.0003510000000000041,0.0003699999999999988,0.00032500000000000237,0.0003094999999999973,0.00030000000000000165,0.00028850000000000056,0.0003150000000000028
2024-01-16,8.500000000000174e-05,2.3999999999999716e-05,0.00010249999999999843,0.00015899999999999942,0.00019000000000000267,0.0003735000000000023,0.00028000000000000247,0.0003094999999999973,0.0004415000000000009,0.00027900000000000147
2024-01-17,0.00046500000000000014,0.0008055000000000007,0.0009075000000000021,0.0008309999999999984,0.0007675000000000008,0.0005389999999999978,0.0005645000000000025,0.0004954999999999994,0.00032000000000000084,0.00033600000000000296
2024-01-18,0.00022000000000000491,0.0001559999999999999,0.0001360000000000007,0.00016000000000000042,0.0002128999999999985,0.00026259999999999825,0.00031549999999999634,0.00034,0.0003599999999999992,0.00046499999999999667
2024-01-19,0.00024249999999999966,0.00037649999999999836,0.0003994999999999971,0.00028749999999999956,0.00014959999999999973,7.390000000000174e-05,7.500000000000562e-06,-4.749999999999546e-05,-8.150000000000171e-05,-0.00012050000000000255
2024-01-22,-0.00010250000000000536,-0.0003365,-0.00045049999999999604,-0.00039000000000000146,-0.00033000000000000043,-0.00032149999999999887,-0.0003175000000000018,-0.00031000000000000125,-0.00029850000000000015,-0.0003244999999999984
2024-01-23,0.00022199999999999998,0.0003070000000000017,0.0003899999999999945,0.00041250000000000314,0.0004149999999999987,0.0004599999999999986,0.0005250000000000046,0.0005679999999999991,0.0005400000000000023,0.000619999999999999
2024-01-24,-0.00028800000000000353,-0.0002470000000000007,-0.00020549999999999388,-0.00023300000000000404,-0.0002580000000000013,-0.0003034999999999982,-0.00025630000000000097,-0.00025550000000000225,-0.0002595000000000028,-0.0002239999999999985
2024-01-25,-0.0005839999999999942,-0.0007810000000000004,-0.000844500000000005,-0.0007469999999999977,-0.0006469999999999948,-0.0005465000000000018,-0.0005847000000000005,-0.0005499999999999984,-0.00046550000000000064,-0.0005259999999999987
2024-01-26,-0.00016399999999999748,-4.9999999999980616e-06,7.500000000000215e-05,5.000000000000143e-05,1.2499999999995154e-05,1.5000000000001124e-05,6.499999999999562e-06,7.499999999997092e-06,3.0000000000002247e-05,3.0000000000002247e-05
2024-01-29,-0.0002710000000000004,-0.00046600000000000114,-0.0005285000000000012,-0.0005475000000000028,-0.000555499999999997,-0.0005700000000000011,-0.0005255000000000017,-0.0005334999999999993,-0.0005625000000000005,-0.0005350000000000042
2024-01-30,-1.4000000000007062e-05,0.00020900000000000085,0.00024100000000000163,0.0002750000000000044,0.00030649999999999775,0.00029000000000000206,0.00028100000000000347,0.0002735000000000029,0.0002675000000000004,0.0003049999999999997
2024-01-31,-0.0004109999999999947,-0.000623000000000002,-0.0007129999999999984,-0.0008145000000000027,-0.0008925000000000009,-0.0008800000000000023,-0.0008810000000000033,-0.0008695000000000022,-0.0008424999999999995,-0.0009025000000000005
2024-02-01,0.00026299999999999935,0.0002625000000000023,0.00018299999999999914,0.0001590000000000029,0.00013000000000000164,7.000000000000062e-05,1.5000000000001124e-05,-2.6999999999999247e-05,-2.5000000000000716e-05,-0.00013949999999999727
2024-02-02,0.0007069999999999993,0.0009574999999999965,0.0009524999999999985,0.0009204999999999977,0.0008990000000000005,0.000843499999999997,0.0008200000000000013,0.000788999999999998,0.0006975000000000002,0.0007669999999999969
2024-02-05,0.0004989999999999994,0.0006140000000000034,0.0006124999999999985,0.0006549999999999993,0.0006499999999999978,0.0006190000000000015,0.0006989999999999982,0.0007075000000000033,0.0006550000000000028,0.0007449999999999991
2024-02-06,-5.8999999999996555e-05,-0.00015949999999999992,-0.0001899999999999992,-0.0002339999999999981,-0.0002349999999999991,-0.0001974999999999963,-0.0002689999999999984,-0.00026750000000000385,-0.0002375000000000016,-0.00028499999999999706
2024-02-07,6.999999999999368e-05,0.0002605000000000003,0.00033200000000000243,0.0003265000000000004,0.00033000000000000043,0.0003329999999999965,0.00031899999999999984,0.0003100000000000047,0.00035249999999999865,0.0003149999999999993
2024-02-08,0.00014050000000000173,0.0003149999999999993,0.0004029999999999971,0.0004280000000000013,0.0004300000000000033,0.00042450000000000127,0.00040849999999999914,0.00039000000000000146,0.0003699999999999988,0.00036749999999999977
2024-02-09,0.0002595000000000028,0.00035249999999999865,0.00041500000000000217,0.00038399999999999546,0.0003574999999999967,0.0002574999999999973,0.00024550000000000266,0.00023999999999999716,0.00011499999999999705,0.00017750000000000057
2024-02-12,-0.00021000000000000185,-0.0003499999999999996,-0.000397500000000002,-0.00037449999999999636,-0.0003824999999999974,-0.00031849999999999934,-0.00032050000000000134,-0.0003349999999999985,-0.0002449999999999952,-0.00031899999999999984
2024-02-13,0.00035349999999999965,0.0006700000000000039,0.0006400000000000017,0.0005884999999999953,0.0005394999999999983,0.0005495000000000048,0.0004374999999999969,0.0004014999999999956,0.0004599999999999986,0.0003364999999999965
2024-02-14,-0.00013699999999999823,-0.00034850000000000506,-0.000507500000000001,-0.0005899999999999968,-0.0006695000000000034,-0.0007135000000000023,-0.0006649999999999989,-0.000666499999999997,-0.0008199999999999978,-0.0006444999999999958
2024-02-15,9.10000000000008e-05,5.8499999999999525e-05,0.0001375000000000022,0.0001439999999999983,0.00017500000000000154,0.00013949999999999727,0.0001349999999999997,0.00013999999999999777,0.00023000000000000104,0.0001869999999999962
2024-02-16,0.00027249999999999497,0.0006400000000000017,0.0006974999999999967,0.0006649999999999989,0.0006075000000000004,0.0005530000000000014,0.0005500000000000019,0.0005145000000000011,0.0004564999999999951,0.0003500000000000031
2024-02-19,6.750000000000506e-05,-5.8499999999996055e-05,-7.249999999999965e-05,-5.9999999999997555e-05,-3.749999999999934e-05,1.9999999999999185e-05,9.999999999999593e-06,3.649999999999834e-05,9.850000000000136e-05,0.00015000000000000083
2024-02-20,-0.00021750000000000241,-0.00032650000000000734,-0.00036749999999999977,-0.00037500000000000033,-0.00037500000000000033,-0.0003725000000000013,-0.0003575000000000002,-0.000341000000000001,-0.00038749999999999896,-0.0003860000000000009
2024-02-21,0.00024550000000000266,0.0005400000000000058,0.0006225000000000015,0.0006475000000000022,0.0006649999999999989,0.0006425000000000042,0.0006275000000000031,0.0006050000000000048,0.0006425000000000007,0.0006360000000000011
2024-02-22,0.0003094999999999973,0.0004944999999999949,0.0004259999999999993,0.00030399999999999525,0.0001899999999999992,0.00011999999999999858,3.299999999999831e-05,-3.400000000000278e-05,-1.7500000000000154e-05,-0.00011750000000000302
2024-02-23,-0.0003049999999999997,-0.0006319999999999937,-0.0007484999999999992,-0.000788999999999998,-0.0008049999999999967,-0.0008109999999999992,-0.0008040000000000026,-0.000791,-0.0008724999999999983,-0.0008024999999999977
2024-02-26,0.0003249999999999989,0.0006649999999999989,0.0007674999999999974,0.0007924999999999981,0.0008199999999999978,0.0007834999999999995,0.0008385000000000024,0.000837499999999998,0.0008124999999999973,0.0008575000000000006
2024-02-27,0.0001250000000000001,0.0001275000000000026,0.00012749999999999914,0.00013400000000000564,0.00014200000000000323,0.0001774999999999971,0.0001544999999999984,0.00016000000000000042,0.00019000000000000267,0.00016499999999999848
2024-02-28,-0.0002570000000000003,-0.00020250000000000823,-0.00017249999999999557,-0.00011900000000000452,-0.00012250000000000455,-0.00011099999999999652,-0.00014199999999999977,-0.00013749999999999873,-0.00014250000000000373,-0.00013749999999999873
2024-02-29,-6.549999999999612e-05,-0.00017249999999999904,-0.0002375000000000016,-0.00032099999999999837,-0.0003994999999999971,-0.00042000000000000023,-0.0004799999999999978,-0.0005229999999999992,-0.0005109999999999976,-0.0006050000000000014
2024-03-01,-7.250000000000312e-05,-0.00013250000000000067,-0.0001904999999999997,-0.00017400000000000054,-0.00015249999999999986,-0.00015150000000000233,-0.00013749999999999873,-0.00012699999999999864,-0.00016100000000000142,-3.999999999999837e-05
2024-03-04,0.00010750000000000343,0.00011250000000000149,1.5499999999998154e-05,-4.400000000000237e-05,-8.74999999999973e-05,-0.00011249999999999802,-0.00011750000000000302,-0.0001324999999999972,-0.00012049999999999908,-0.00022749999999999854
2024-03-05,-0.0002400000000000041,-0.0005199999999999996,-0.0005924999999999993,-0.0006509999999999953,-0.0007100000000000023,-0.0007549999999999987,-0.0007549999999999987,-0.0007365000000000045,-0.0008274999999999984,-0.0007675000000000008
2024-03-06,-9.999999999999593e-05,2.5000000000025002e-06,-2.999999999999531e-06,4.9999999999980616e-06,4.749999999999893e-05,2.2999999999998716e-05,1.2499999999998623e-05,-2.9999999999998778e-05,1.9999999999995716e-05,1.2499999999995154e-05
2024-03-07,-0.00012150000000000355,-0.00028750000000000303,-0.0003044999999999992,-0.00026500000000000135,-0.00023000000000000104,-0.00025299999999999975,-0.0001899999999999992,-0.00018349999999999964,-0.0002124999999999974,-0.00018999999999999573
2024-03-08,-0.0003909999999999955,-0.0006994999999999987,-0.0007465000000000006,-0.0007899999999999956,-0.0007674999999999974,-0.0006400000000000017,-0.0006624999999999999,-0.000615000000000001,-0.0004974999999999979,-0.0004974999999999979
2024-03-11,0.00014749999999999486,0.0002970000000000021,0.00031649999999999734,0.0003449999999999981,0.0003359999999999995,0.00032250000000000334,0.0003125000000000003,0.00030000000000000165,0.00028249999999999803,0.0002324999999999966
2024-03-12,0.00024670000000000247,0.00032719999999999624,0.00033560000000000187,0.0003030000000000012,0.0002539999999999973,0.00020749999999999588,0.00018450000000000064,0.00016549999999999898,0.00012749999999999914,0.00013500000000000317
2024-03-13,-9.200000000000874e-06,0.0002868000000000037,0.00030689999999999884,0.0003094999999999973,0.0003259999999999999,0.0002940000000000026,0.0003099999999999978,0.00029699999999999865,0.0002920000000000006,0.0003024999999999972
2024-03-14,0.00018499999999999767,0.00045849999999999363,0.0006550000000000028,0.0007215000000000034,0.000729000000000004,0.0008034999999999987,0.0007429999999999971,0.0007400000000000011,0.0008055000000000007,0.0007349999999999995
2024-03-15,0.00019000000000000267,0.00023550000000000654,0.00022099999999999898,0.000171000000000001,0.0001319999999999967,7.000000000000062e-05,0.00010900000000000493,0.00010999999999999899,3.999999999999837e-05,8.550000000000224e-05
2024-03-18,0.00010999999999999899,7.949999999999624e-05,9.399999999999686e-05,0.00014749999999999833,0.00018299999999999914,0.00018750000000000017,0.0001989999999999978,0.00021000000000000185,0.00021000000000000185,0.00019349999999999576
2024-03-19,-0.00014990000000000142,-0.00016750000000000098,-0.00016249999999999598,-0.00016750000000000098,-0.00015000000000000083,-0.00013250000000000067,-0.00010699999999999946,-9.299999999999933e-05,-8.750000000000077e-05,-8.149999999999477e-05
2024-03-20,-5.009999999999737e-05,6.500000000000256e-05,4.149999999999987e-05,0.0,-4.09999999999959e-05,-5.4999999999999494e-05,-8.100000000000121e-05,-9.500000000000133e-05,-9.99999999999994e-05,-6.750000000000506e-05
2024-03-21,-0.00028249999999999803,-0.0004525000000000015,-0.0004615000000000001,-0.00040000000000000105,-0.0003390000000000025,-0.00030749999999999875,-0.0002639999999999969,-0.0002360000000000001,-0.00019800000000000026,-0.00017299999999999954
2024-03-22,-0.0003075000000000022,-0.0004674999999999957,-0.0005674999999999986,-0.0006130000000000024,-0.0006659999999999999,-0.0006724999999999995,-0.0006885000000000051,-0.0006909999999999972,-0.0007040000000000032,-0.000722999999999998
2024-03-25,5.9999999999997555e-05,0.00036499999999999727,0.0003999999999999976,0.00040300000000000405,0.00039100000000000246,0.00037399999999999586,0.00035750000000000365,0.0003454999999999986,0.000344000000000004,0.00036700000000000274
2024-03-26,-1.7499999999996685e-05,-8.99999999999998e-05,-7.249999999999965e-05,-0.00011500000000000052,-0.0001349999999999997,-0.0001334999999999982,-0.0001575000000000014,-0.0001580000000000019,-0.00016500000000000195,-0.0002395000000000036
2024-03-27,-0.00020850000000000035,-0.00039000000000000146,-0.0004625000000000011,-0.0005000000000000004,-0.0005025000000000029,-0.0005205000000000001,-0.0005099999999999966,-0.0005195000000000026,-0.0005269999999999997,-0.0004965000000000004
2024-03-28,5.200000000000343e-05,0.00010100000000000386,0.00013500000000000317,0.0001349999999999997,8.249999999999924e-05,6.400000000000156e-05,5.2499999999996994e-05,5.200000000000343e-05,6.999999999999715e-05,-1.2499999999998623e-05
2024-04-02,,,,,,,,,,
2024-04-03,-6.600000000000356e-05,-4.9999999999980616e-06,-1.5000000000001124e-05,-5.350000000000146e-05,-0.00010500000000000093,-0.00016249999999999598,-0.00012900000000000064,-0.000168999999999999,-0.00023000000000000104,1.6999999999999654e-05
2024-04-04,0.00021100000000000285,0.00016999999999999654,7.300000000000015e-05,1.0999999999997123e-05,-2.4999999999990308e-06,-1.0000000000003062e-05,-9.15000000000013e-05,-0.00011849999999999708,-9.500000000000133e-05,-0.00036450000000000024
2024-04-05,1.5000000000001124e-05,0.00018750000000000017,0.0002720000000000014,0.0003275000000000014,0.0003475000000000006,0.000392499999999997,0.00037950000000000483,0.00038749999999999896,0.000397500000000002,0.0003794999999999979
2024-04-08,0.0002500000000000002,0.0004549999999999971,0.0004899999999999974,0.0004949999999999989,0.0004625000000000011,0.00039000000000000146,0.0003925000000000005,0.00036249999999999824,0.0003114999999999993,0.0003080000000000027
2024-04-09,-2.2500000000001685e-05,-0.0002699999999999994,-0.00037699999999999886,-0.00047499999999999626,-0.0005250000000000046,-0.000559999999999998,-0.0005985000000000018,-0.0006134999999999995,-0.0006449999999999963,-0.0006124999999999985
2024-04-10,0.00017249999999999904,0.0006475000000000022,0.0007549999999999987,0.0007524999999999997,0.0007235000000000019,0.0007100000000000023,0.0006770000000000005,0.0006499999999999978,0.0006384999999999967,0.0005819999999999992
2024-04-11,0.00026299999999999935,0.0002699999999999994,0.0003119999999999998,0.00032999999999999696,0.000390999999999999,0.00039799999999999905,0.0004289999999999988,0.0004490000000000015,0.00047749999999999876,0.00048100000000000226
2024-04-12,-0.0005529999999999979,-0.0009450000000000014,-0.001003999999999998,-0.0009975000000000019,-0.0009894999999999973,-0.0009505,-0.0009270000000000042,-0.0009180000000000021,-0.0008874999999999959,-0.0008410000000000049
2024-04-15,3.999999999999837e-05,0.0004175000000000012,0.0005049999999999985,0.000615000000000001,0.0006599999999999974,0.0006374999999999957,0.000676000000000003,0.0006959999999999987,0.000675999999999996,0.000730500000000002
2024-04-16,0.0002575000000000008,0.0005025000000000029,0.0006470000000000017,0.000672500000000003,0.000677500000000001,0.000735000000000003,0.0006910000000000006,0.0006935000000000031,0.0007640000000000008,0.0006345000000000031
2024-04-17,-9.999999999996123e-06,-0.00013500000000000317,-0.00023000000000000104,-0.00028500000000000053,-0.0003374999999999975,-0.0003825000000000009,-0.00039000000000000146,-0.00042199999999999876,-0.0004725000000000007,-0.00040450000000000555
2024-04-18,0.00016249999999999598,0.00038749999999999896,0.0004420000000000014,0.0004549999999999971,0.00046500000000000014,0.00045500000000000054,0.00044249999999999845,0.00043249999999999886,0.0004050000000000026,0.0003500000000000031
2024-04-19,7.599999999999968e-05,9.750000000000036e-05,0.00010749999999999649,0.00011250000000000149,9.500000000000133e-05,5.7499999999998525e-05,5.500000000000296e-05,4.000000000000184e-05,7.500000000000562e-06,5.000000000001531e-06
2024-04-22,-0.0002160000000000009,-0.0003004999999999952,-0.0003109999999999988,-0.00033000000000000043,-0.0003095000000000042,-0.0002500000000000002,-0.00022749999999999854,-0.00018900000000000167,-0.00014250000000000373,-0.00011000000000000246
2024-04-23,4.500000000000337e-05,2.5499999999997747e-05,4.950000000000093e-05,8.750000000000077e-05,8.199999999999874e-05,8.99999999999998e-05,8.999999999999633e-05,8.649999999999977e-05,8.99999999999998e-05,0.00013749999999999873
2024-04-24,0.00017350000000000004,0.0004730000000000012,0.0006045000000000009,0.0006700000000000005,0.0007600000000000037,0.0007925000000000015,0.0008300000000000043,0.0008625000000000022,0.0008525000000000026,0.0008349999999999989
2024-04-25,0.0001964999999999953,0.0003769999999999954,0.00036699999999999927,0.00036499999999999727,0.0003569999999999962,0.000335499999999999,0.0003370000000000005,0.00032099999999999837,0.00032000000000000084,0.0003170000000000048
2024-04-26,-4.949999999999399e-05,-0.00022900000000000004,-0.00035500000000000115,-0.0004399999999999994,-0.0005269999999999962,-0.0005280000000000007,-0.0005670000000000015,-0.0005910000000000012,-0.0005849999999999987,-0.000617000000000003
2024-04-29,-0.00028950000000000503,-0.00036349999999999577,-0.0003789999999999974,-0.0003974999999999951,-0.0004200000000000037,-0.0004694999999999977,-0.0004809999999999988,-0.00048000000000000126,-0.0004990000000000029,-0.00047799999999999926
2024-04-30,0.00026400000000000035,0.0006875000000000006,0.0007594999999999963,0.0007149999999999969,0.0006675000000000049,0.0006519999999999998,0.0006034999999999964,0.0005700000000000011,0.0005514999999999999,0.0004904999999999979
2024-05-02,-5.7499999999995055e-05,-0.00037000000000000227,-0.0004929999999999934,-0.0004974999999999979,-0.0004900000000000009,-0.00047000000000000167,-0.0004849999999999993,-0.0004844999999999988,-0.0004625000000000011,-0.00046449999999999617
2024-05-03,-0.0004525000000000015,-0.0006899999999999962,-0.0006400000000000051,-0.0005825000000000032,-0.0005199999999999996,-0.00048000000000000126,-0.00045650000000000204,-0.00043299999999999936,-0.00040749999999999814,-0.0004054999999999996
2024-05-06,-0.00010000000000000286,-0.00015750000000000486,-0.00021699999999999844,-0.0002149999999999999,-0.000227500000000002,-0.0002659999999999954,-0.00023499999999999563,-0.00022250000000000048,-0.00026099999999999735,-0.00021250000000000435
2024-05-07,5.000000000000143e-05,-8.89999999999988e-05,-0.00016300000000000342,-0.0002725000000000019,-0.0003280000000000019,-0.00037399999999999933,-0.00039350000000000496,-0.00041999999999999676,-0.0004215000000000052,-0.0004574999999999996
2024-05-08,6.899999999999962e-05,0.0002494999999999997,0.0003175000000000018,0.00034750000000000406,0.00037050000000000277,0.0003799999999999984,0.00035750000000000365,0.00036249999999999824,0.00038000000000000186,0.00038000000000000186
2024-05-09,1.1000000000004062e-05,1.9500000000005624e-05,5.500000000000296e-05,0.0001224999999999976,0.00016000000000000042,0.00019749999999999976,0.0002249999999999995,0.0002424999999999962,0.00026500000000000135,0.0002975000000000026
2024-05-10,0.00010999999999999899,0.0002915000000000001,0.00034249999999999906,0.0003149999999999993,0.00029749999999999915,0.00028000000000000247,0.00028500000000000053,0.00027500000000000094,0.0002500000000000002,0.00021999999999999797
2024-05-13,-5.7500000000001994e-05,-0.0001840000000000036,-0.00024500000000000216,-0.00023749999999999466,-0.00024000000000000063,-0.00024000000000000063,-0.00023250000000000007,-0.0002249999999999995,-0.00020600000000000132,-0.00018500000000000114
2024-05-14,0.0001419999999999963,0.00022699999999999804,0.0002525000000000027,0.00029549999999999715,0.00032000000000000084,0.00034999999999999615,0.00034350000000000006,0.00035249999999999865,0.00036099999999999674,0.00036749999999999977
2024-05-15,-0.0004269999999999968,-0.0008055000000000007,-0.0009575000000000035,-0.0010499999999999989,-0.0011075000000000043,-0.0011499999999999982,-0.001133000000000002,-0.0011474999999999992,-0.001173999999999998,-0.0011249999999999975
2024-05-16,0.00017450000000000104,0.0003285000000000024,0.0003840000000000024,0.00041199999999999917,0.00043500000000000483,0.00041500000000000217,0.0003990000000000035,0.00038900000000000046,0.0003990000000000035,0.00035999999999999574
2024-05-17,0.00021800000000000291,0.0004829999999999973,0.0006239999999999996,0.0005799999999999972,0.000557499999999999,0.0005649999999999961,0.0005429999999999983,0.0005310000000000002,0.000502499999999996,0.0004600000000000021
2024-05-20,-1.7500000000003624e-05,5.7000000000001494e-05,4.24999999999974e-05,0.00010900000000000146,0.0001250000000000001,0.00013000000000000164,0.00013000000000000164,0.0001360000000000007,0.00015050000000000133,0.00014250000000000027
2024-05-21,-0.00011250000000000149,-0.00022500000000000298,-0.0002854999999999941,-0.0003039999999999987,-0.00033000000000000043,-0.0002999999999999982,-0.0003125000000000003,-0.00032099999999999837,-0.00030799999999999925,-0.0003004999999999987
2024-05-22,0.00022250000000000048,0.00039000000000000146,0.00039549999999999655,0.00037500000000000033,0.00040050000000000155,0.0003474999999999971,0.0003449999999999981,0.00032749999999999793,0.0002950000000000001,0.0002564999999999998
2024-05-23,0.0002155000000000004,0.0005425000000000013,0.0006234999999999991,0.0005924999999999993,0.0005194999999999991,0.0004945000000000019,0.0004585000000000006,0.0004299999999999998,0.0003925000000000005,0.00038900000000000046
2024-05-24,8.450000000000124e-05,0.0001244999999999996,5.200000000000343e-05,0.0,-2.1000000000000185e-05,-5.600000000000396e-05,-6.600000000000009e-05,-7.249999999999965e-05,-9.25000000000023e-05,-2.5000000000025002e-06
2024-05-27,-0.00024249999999999966,-0.0003919999999999965,-0.00039100000000000246,-0.00036749999999999977,-0.00032600000000000337,-0.00029599999999999765,-0.00028749999999999956,-0.0002675000000000004,-0.0002424999999999962,-0.0003165000000000008
2024-05-28,-7.000000000000062e-05,0.0001229999999999981,0.00022250000000000048,0.00027450000000000044,0.00029200000000000406,0.0003275000000000014,0.00035249999999999865,0.0003604999999999997,0.0003825000000000009,0.00036650000000000224
2024-05-29,0.00010650000000000243,0.00032200000000000284,0.0004974999999999979,0.0006329999999999981,0.000732499999999997,0.0008249999999999993,0.0008225000000000038,0.000847000000000004,0.0008899999999999984,0.0009324999999999993
2024-05-30,-0.00016800000000000148,-0.0003640000000000032,-0.00037000000000000227,-0.0004025000000000001,-0.0004269999999999968,-0.00047950000000000076,-0.0004420000000000014,-0.0004395000000000024,-0.00046950000000000117,-0.0005434999999999988
2024-05-31,0.0002515000000000017,0.00037650000000000183,0.0002349999999999991,0.0002999999999999982,0.00026949999999999544,0.00024049999999999766,0.00020749999999999935,0.00017700000000000007,0.0001694999999999995,0.00013849999999999626
2024-06-03,-0.0003625000000000017,-0.0007465000000000041,-0.0008174999999999988,-0.0009149999999999991,-0.0009049999999999961,-0.000893499999999995,-0.0008629999999999992,-0.0008380000000000019,-0.000847500000000001,-0.0007449999999999991
2024-06-04,-0.00017099999999999754,-0.0003949999999999995,-0.0004454999999999945,-0.00047499999999999626,-0.0005049999999999985,-0.00045500000000000054,-0.00047449999999999923,-0.0004694999999999977,-0.0004325000000000023,-0.00044450000000000045
2024-06-05,-0.00018950000000000217,-0.00016999999999999654,-0.00016700000000000048,-0.00016000000000000042,-0.00013250000000000067,-0.00018500000000000114,-0.00016550000000000245,-0.00021400000000000238,-0.0001879999999999972,-0.00019449999999999676
2024-06-06,0.00022299999999999404,0.00038399999999999546,0.0003849999999999999,0.0003799999999999984,0.0003575000000000002,0.0003699999999999988,0.00034500000000000156,0.00037900000000000086,0.000343000000000003,0.000394499999999999
2024-06-07,0.00014000000000000817,0.00042500000000000177,0.000615999999999995,0.0006609999999999984,0.0006659999999999965,0.0006325000000000011,0.0006299999999999951,0.0005875000000000012,0.0006049999999999979,0.000508999999999999
2024-06-10,0.0002669999999999964,0.00036749999999999977,0.0004390000000000019,0.0005290000000000017,0.000614,0.0006500000000000013,0.0006775000000000045,0.0007204999999999989,0.0006974999999999967,0.0007515000000000022
2024-06-11,-0.00016200000000000242,-0.0003475000000000006,-0.00033149999999999846,-0.0003125000000000003,-0.00029449999999999615,-0.0002725000000000019,-0.0002475000000000012,-0.0002229999999999975,-0.00022749999999999507,-0.00023100000000000204
2024-06-12,-0.00044500000000000095,-0.0008179999999999993,-0.0009909999999999988,-0.0010450000000000008,-0.0010905000000000047,-0.001055999999999998,-0.0010659999999999975,-0.0010570000000000024,-0.00102,-0.001007499999999998
2024-06-13,-0.0002124999999999974,-0.0004339999999999969,-0.0004405000000000034,-0.0003925000000000005,-0.0003239999999999979,-0.00028399999999999953,-0.00021650000000000488,-0.00017299999999999954,-0.0001559999999999999,-0.00015500000000000236
2024-06-14,-0.00026750000000000385,-0.0004580000000000001,-0.0005329999999999953,-0.0005585,-0.0005735000000000011,-0.000618000000000004,-0.0006484999999999963,-0.000674000000000001,-0.0006765,-0.0006325000000000011
2024-06-17,-6.999999999999368e-05,6.999999999999368e-05,0.00011849999999999708,0.00017850000000000157,0.00022050000000000194,0.0002680000000000009,0.0002934999999999986,0.00030150000000000315,0.0002984999999999967,0.000279999999999999
2024-06-18,-0.00014000000000000123,-0.0002139999999999989,-0.00017500000000000154,-0.00020900000000000085,-0.00021300000000000138,-0.00020500000000000032,-0.00023250000000000007,-0.00022750000000000548,-0.0002109999999999959,-0.00021900000000000044
2024-06-19,7.000000000000062e-05,0.0001840000000000036,0.0001825000000000021,0.00020900000000000085,0.00021000000000000185,0.00018499999999999767,0.0002009999999999998,0.00019000000000000267,0.00016199999999999895,0.00016450000000000492
2024-06-20,-4.100000000000631e-05,7.499999999999868e-05,0.00013999999999999777,0.00017,0.00018599999999999867,0.00015500000000000583,0.0001789999999999986,0.0001799999999999996,0.0001529999999999969,0.00018850000000000117
2024-06-21,-0.00016899999999999554,-0.00028249999999999803,-0.0002884999999999971,-0.0002720000000000014,-0.00025099999999999775,-0.00016500000000000195,-0.00013749999999999873,-0.00010500000000000093,-9.89999999999984e-05,1.8499999999994216e-05
2024-06-24,-0.00014000000000000123,0.0,3.350000000000228e-05,5.450000000000246e-05,8.499999999999827e-05,7.799999999999821e-05,7.499999999999868e-05,8.100000000000121e-05,0.00013849999999999973,3.0000000000002247e-05
2024-06-25,1.1000000000004062e-05,1.5000000000001124e-05,3.749999999999587e-05,2.9999999999998778e-05,7.000000000000062e-06,3.0000000000030003e-06,-9.999999999999593e-06,-1.3499999999999623e-05,-2.2499999999998216e-05,-5.7499999999998525e-05
2024-06-26,3.899999999999737e-05,0.00013249999999999373,0.00020999999999999838,0.0002594999999999993,0.0003004999999999987,0.0003114999999999993,0.00032500000000000237,0.0003275000000000014,0.0003129999999999973,0.00037500000000000033
2024-06-27,-1.9999999999999185e-05,-2.2499999999994746e-05,-3.249999999999781e-05,-2.4500000000000216e-05,-9.999999999999593e-06,-2.4999999999990308e-06,1.9999999999999185e-05,3.749999999999587e-05,6.400000000000156e-05,3.749999999999587e-05
2024-06-28,0.00014749999999999486,0.00022499999999999604,0.00028500000000000053,0.0003049999999999997,0.0003125000000000003,0.00034249999999999906,0.0003475000000000006,0.0003525000000000021,0.00035600000000000215,0.0003870000000000054
2024-07-01,0.00014000000000000817,0.0002894999999999981,0.0003730000000000018,0.00047000000000000167,0.0005250000000000012,0.0005299999999999992,0.0005399999999999988,0.0005500000000000019,0.0005599999999999945,0.0005404999999999958
2024-07-02,-0.0001325000000000076,-0.00022499999999999604,-0.0001805000000000001,-0.00019249999999999823,-0.0002025000000000013,-0.00018249999999999864,-0.0001999999999999988,-0.00020000000000000226,-0.00018249999999999517,-0.0001805000000000001
2024-07-03,4.300000000000137e-05,1.0500000000003562e-05,-0.00014250000000000373,-0.0002525000000000027,-0.00033350000000000046,-0.00041500000000000217,-0.0004050000000000026,-0.0004289999999999988,-0.0005175000000000041,-0.00047749999999999876
2024-07-04,0.00010900000000000493,0.00020549999999999735,0.0002590000000000023,0.0002664999999999994,0.0002915000000000001,0.0003275000000000014,0.0002950000000000001,0.00028649999999999856,0.00033250000000000293,0.0002480000000000017
2024-07-05,-0.00024700000000000416,-0.0004940000000000014,-0.0005280000000000007,-0.0005315000000000007,-0.000507999999999998,-0.0005000000000000004,-0.0004994999999999999,-0.0004825000000000003,-0.0004725000000000007,-0.000506000000000003
2024-07-08,1.5000000000001124e-05,3.600000000000131e-05,-6.600000000000009e-05,-8.000000000000021e-05,-0.00014849999999999933,-0.00014250000000000027,-0.00015799999999999842,-0.0001725000000000025,-0.00016250000000000292,-0.00011349999999999902
2024-07-09,4.9999999999980616e-06,7.750000000000118e-05,0.0001575000000000014,0.00020000000000000226,0.00024350000000000066,0.0002124999999999974,0.000279999999999999,0.0002950000000000036,0.000285000000000004,0.0003049999999999997
2024-07-10,-1.8999999999998185e-05,-0.00017550000000000204,-0.00027450000000000044,-0.0003114999999999993,-0.0003275000000000014,-0.0002924999999999976,-0.0003825000000000009,-0.00039849999999999955,-0.00039200000000000346,-0.00038799999999999946
2024-07-11,-0.0005109999999999976,-0.0008820000000000008,-0.0008550000000000016,-0.0007610000000000013,-0.000676999999999997,-0.0006749999999999985,-0.0005819999999999992,-0.0005465000000000018,-0.0005329999999999988,-0.0005374999999999998
2024-07-12,0.0,0.000172000000000002,0.00022450000000000248,0.00024450000000000166,0.00021699999999999497,0.00029499999999999665,0.0002620000000000018,0.00026400000000000035,0.0002825000000000015,0.0003080000000000027
2024-07-15,-0.00021000000000000185,-0.0003045000000000027,-0.0003175000000000018,-0.00032450000000000187,-0.000277999999999997,-0.0003019999999999967,-0.0002564999999999998,-0.0002360000000000001,-0.00022099999999999898,-0.0001955000000000047
2024-07-16,-0.00017500000000000154,-0.00036499999999999727,-0.000449999999999999,-0.0004574999999999996,-0.00045450000000000004,-0.0004430000000000024,-0.0004410000000000039,-0.0004284999999999983,-0.0004264999999999998,-0.0004449999999999975
2024-07-17,-4.300000000000137e-05,4.999999999999796e-05,5.7499999999998525e-05,5.3499999999997994e-05,4.24999999999974e-05,-2.4999999999990308e-06,-2.4999999999997247e-05,-5.4499999999998994e-05,-7.499999999999868e-05,-8.000000000000021e-05
2024-07-18,-1.4499999999993685e-05,-0.00013849999999999973,-0.00015149999999999886,-7.599999999999968e-05,-1.5000000000001124e-05,1.2500000000002093e-05,5.250000000000046e-05,0.00011749999999999608,9.249999999999536e-05,0.00014250000000000373
2024-07-19,0.00010249999999999843,0.00023100000000000204,0.0003039999999999987,0.0003040000000000022,0.0002950000000000001,0.00032999999999999696,0.0003249999999999989,0.0002950000000000036,0.0003400000000000035,0.00029299999999999465
2024-07-22,0.00018999999999999573,0.00036249999999999824,0.00039000000000000146,0.00036349999999999924,0.0003540000000000036,0.00033500000000000196,0.0003050000000000032,0.0002899999999999986,0.0002899999999999986,0.00020700000000000232
2024-07-23,-0.00021999999999999797,-0.0004924999999999999,-0.0005299999999999992,-0.0005475000000000028,-0.0005439999999999993,-0.0005500000000000019,-0.0005100000000000035,-0.0005114999999999981,-0.0005175000000000006,-0.0004305000000000003
2024-07-24,-0.0003099999999999978,-0.00036499999999999727,-0.0003040000000000022,-0.00018999999999999573,-0.00011900000000000105,-3.299999999999831e-05,1.9999999999999185e-05,7.149999999999865e-05,0.00011749999999999955,0.00013050000000000214
2024-07-25,-0.00032000000000000084,-0.00023000000000000104,-0.00014599999999999683,-0.00017,-0.00016000000000000042,-0.0001570000000000009,-0.00016000000000000042,-0.00014999999999999736,-0.00015500000000000236,-0.00014000000000000123
2024-07-26,-0.00027599999999999847,-0.00032000000000000084,-0.0003149999999999993,-0.0002699999999999994,-0.0002510000000000012,-0.00024000000000000063,-0.00022999999999999757,-0.00022000000000000491,-0.00021499999999999644,-0.00018500000000000114
2024-07-29,-0.00010900000000000493,-0.00017750000000000057,-0.00026600000000000235,-0.0003025000000000007,-0.00034199999999999856,-0.0003699999999999988,-0.0003625000000000017,-0.0003908999999999961,-0.00042000000000000023,-0.0004249999999999983
2024-07-30,-0.00028500000000000053,-0.0005164999999999996,-0.00046699999999999867,-0.000397500000000002,-0.00033500000000000196,-0.00032000000000000084,-0.0002924999999999976,-0.0002581000000000007,-0.00024000000000000063,-0.00021000000000000185
2024-07-31,-0.00025999999999999635,-0.00020799999999999985,-0.00023200000000000304,-0.0002894999999999981,-0.0003229999999999969,-0.0003099999999999978,-0.00034500000000000156,-0.00036399999999999974,-0.0003485000000000016,-0.00038499999999999646
2024-08-01,-0.0004535000000000025,-0.0006609999999999984,-0.0006609999999999984,-0.0006125000000000019,-0.0005900000000000002,-0.00048000000000000126,-0.0005400000000000023,-0.0005195000000000026,-0.000396500000000001,-0.0004850000000000028
2024-08-02,-0.0006804999999999936,-0.0006610000000000019,-0.0004504999999999995,-0.000447999999999997,-0.00043500000000000136,-0.0004974999999999979,-0.0003799999999999984,-0.00037549999999999736,-0.000447999999999997,-0.0004175000000000012
2024-08-05,-0.0003110000000000057,0.00010699999999999946,9.99999999999994e-05,0.0001759999999999956,0.0002449999999999987,0.0001974999999999963,0.00021250000000000435,0.00023899999999999616,0.0001904999999999997,0.0002475000000000012
2024-08-06,-0.0004019999999999961,-0.0003140000000000018,-0.00018850000000000117,-0.00014099999999999877,-0.00013200000000000017,-4.24999999999974e-05,-0.00012250000000000455,-0.00014399999999999483,-0.00010450000000000043,-0.00012999999999999817
2024-08-07,0.0003669999999999958,0.0003300000000000039,0.0003049999999999997,0.00032500000000000237,0.0003520000000000016,0.00034249999999999906,0.00041000000000000064,0.00042799999999999436,0.0004310000000000043,0.0004829999999999973
2024-08-08,0.00011450000000000349,-1.8000000000000654e-05,-5.7999999999999025e-05,-2.3499999999999216e-05,-1.0000000000003062e-05,4.9999999999980616e-06,1.4999999999997654e-05,3.200000000000078e-05,2.5999999999994777e-05,-2.2999999999998716e-05
2024-08-09,-0.0002745000000000039,-0.0002370000000000011,-0.0002470000000000007,-0.00029900000000000065,-0.00033999999999999655,-0.00033999999999999655,-0.0003749999999999934,-0.0003984999999999961,-0.0003949999999999995,-0.00039000000000000146
2024-08-12,4.149999999999987e-05,2.999999999999531e-06,-4.75000000000024e-05,-7.249999999999965e-05,-8.950000000000277e-05,-0.00011500000000000052,-0.0001040000000000034,-0.00010650000000000243,-0.0001380000000000027,-0.00010999999999999899
2024-08-13,-0.0003774999999999959,-0.0005320000000000012,-0.0005224999999999987,-0.00046500000000000014,-0.00043149999999999786,-0.0004299999999999998,-0.0004159999999999997,-0.00041300000000000017,-0.0004109999999999947,-0.0004019999999999996
2024-08-14,-0.00023400000000000157,-1.6999999999999654e-05,-9.999999999996123e-06,-6.0500000000001525e-05,-9.400000000000033e-05,-8.99999999999998e-05,-9.99999999999994e-05,-0.00010399999999999646,-9.10000000000008e-05,-9.299999999999933e-05
2024-08-15,0.0004299999999999998,0.0007710000000000009,0.0008749999999999973,0.0008500000000000001,0.0008240000000000018,0.0007769999999999964,0.000729999999999998,0.000670999999999998,0.0006549999999999993,0.0006199999999999956
2024-08-16,-0.00011700000000000252,-7.399999999999768e-05,-0.00012999999999999817,-0.00013699999999999823,-0.0001475000000000018,-0.00014099999999999877,-0.00013999999999999777,-0.0001040000000000034,-0.00011399999999999952,-9.499999999999786e-05
2024-08-19,0.0001495000000000038,-2.2000000000004655e-05,-3.900000000000431e-05,-3.750000000000281e-05,-4.649999999999793e-05,-5.2999999999997494e-05,-5.199999999999996e-05,-5.9499999999997055e-05,-5.8500000000002994e-05,-7.599999999999621e-05
2024-08-20,-0.00019500000000000073,-0.00036099999999999674,-0.00037019999999999414,-0.0003699999999999988,-0.0003620000000000012,-0.0003630000000000022,-0.00035500000000000115,-0.00035149999999999765,-0.00036499999999999727,-0.0003540000000000036
2024-08-21,-0.0003249999999999989,-0.0004389999999999984,-0.00044880000000000267,-0.0004049999999999991,-0.0003630000000000022,-0.0003249999999999989,-0.00029799999999999965,-0.0002720000000000014,-0.0001774999999999971,-0.00019749999999999976
2024-08-22,0.00032350000000000087,0.0005379999999999968,0.0006204999999999995,0.0006560000000000003,0.0006675000000000014,0.0006630000000000004,0.0006524999999999968,0.0005909999999999978,0.0005774999999999982,0.0005750000000000026
2024-08-23,-0.00030350000000000515,-0.00036249999999999824,-0.0003505000000000001,-0.0003359999999999995,-0.0003175000000000018,-0.0002980000000000031,-0.0002674999999999969,-0.0001899999999999992,-0.00023250000000000007,-0.0001925000000000017
2024-08-26,0.00017000000000000348,0.00019649999999999876,0.00019399999999999973,0.00021799999999999944,0.00027500000000000094,0.00023200000000000304,0.0002219999999999965,0.00020349999999999882,0.00020000000000000226,0.00020099999999999632
2024-08-27,-0.00012250000000000108,-5.250000000000046e-05,1.9000000000001654e-05,4.200000000000037e-05,4.900000000000043e-05,0.00014300000000000077,0.000173000000000003,0.0002015000000000003,0.0002249999999999995,0.00025350000000000025
2024-08-28,-4.250000000000087e-05,-8.750000000000077e-05,-0.0001250000000000001,-0.00012049999999999908,-0.0001439999999999983,-0.00018500000000000114,-0.00019500000000000073,-0.00020500000000000032,-0.00021000000000000532,-0.00023899999999999616
2024-08-29,-0.0003049999999999997,-0.0002939999999999991,-0.00017499999999999807,-0.00010450000000000043,-3.0000000000002247e-05,1.6999999999999654e-05,4.49999999999999e-05,7.900000000000268e-05,0.00011150000000000396,0.00015949999999999992
2024-08-30,0.00016500000000000195,0.00025400000000000075,0.0002649999999999979,0.00027499999999999747,0.0002700000000000029,0.0003130000000000008,0.0002650000000000048,0.00025099999999999775,0.0002934999999999986,0.00021999999999999797
2024-09-02,-2.9999999999998778e-05,6.799999999999862e-05,0.00011349999999999902,0.00014899999999999983,0.00017899999999999514,0.00015000000000000083,0.00020999999999999838,0.00022000000000000144,0.00017500000000000154,0.00024000000000000063
2024-09-03,4.999999999994592e-06,-0.0002659999999999989,-0.00036349999999999577,-0.00041199999999999917,-0.0004789999999999968,-0.0004819999999999998,-0.0004890000000000033,-0.0004930000000000004,-0.0004850000000000028,-0.00051
2024-09-04,-0.0003024999999999972,-0.0003939999999999985,-0.00046800000000000314,-0.00047699999999999826,-0.00046199999999999714,-0.00047800000000000273,-0.000451,-0.00044399999999999995,-0.0004599999999999986,-0.0004275000000000008
2024-09-05,-0.0003124999999999968,-0.00034600000000000256,-0.0002470000000000007,-0.00025400000000000075,-0.00021300000000000138,-0.0001920000000000012,-0.0002129999999999979,-0.00019600000000000173,-0.0001715000000000015,-0.0001884999999999977
2024-09-06,-0.00035750000000000365,-0.0003794999999999979,-0.00034,-0.00023500000000000257,-0.00016000000000000042,-7.299999999999668e-05,-8.700000000000027e-05,-6.949999999999665e-05,-1.3499999999999623e-05,-0.00020899999999999738
2024-09-09,-0.0004914999999999989,-0.000508500000000002,-0.00042000000000000023,-0.0003809999999999994,-0.00040000000000000105,-0.00043500000000000136,-0.00033500000000000196,-0.00031849999999999934,-0.00039000000000000146,-0.00012600000000000458
2024-09-10,-0.00021100000000000285,-0.000338999999999999,-0.0003149999999999993,-0.0003099999999999978,-0.00028749999999999956,-0.00022000000000000144,-0.0002574999999999973,-0.00025650000000000325,-0.00018499999999999767,-0.0002365000000000006
2024-09-11,-0.0002249999999999995,-0.0002915000000000001,-0.00036499999999999727,-0.0003259999999999999,-0.0002675000000000004,-0.0002610000000000008,-0.00021350000000000188,-0.00020849999999999688,-0.00023699999999999763,-0.000166999999999997
2024-09-12,0.0004430000000000024,0.0006010000000000008,0.0006399999999999982,0.0005959999999999958,0.0005430000000000018,0.0004910000000000019,0.0004580000000000001,0.00040999999999999717,0.0004270000000000003,0.0003394999999999995
2024-09-13,-0.00031799999999999884,-0.0003444999999999976,-0.0003459999999999991,-0.00032999999999999696,-0.0002730000000000024,-0.000279999999999999,-0.0002570000000000003,-0.0002009999999999998,-0.00021300000000000138,-0.00012999999999999817
2024-09-16,-0.00011000000000000246,-0.00023200000000000304,-0.00025500000000000175,-0.00023000000000000104,-0.0002675000000000004,-0.00022000000000000144,-0.0002349999999999991,-0.00020799999999999985,-0.00021700000000000191,-0.0002725000000000019
2024-09-17,0.00012250000000000455,0.0004035000000000011,0.00046349999999999864,0.00042099999999999776,0.00041249999999999967,0.00036500000000000074,0.0003499999999999996,0.0003150000000000028,0.0002999999999999982,0.00032000000000000084
2024-09-18,5.149999999999946e-05,0.00029900000000000065,0.00034249999999999906,0.00035900000000000515,0.0003599999999999992,0.000394000000000002,0.0003799999999999984,0.0003949999999999995,0.0004075000000000016,0.0003475000000000006
2024-09-19,-0.0002740000000000034,-0.0003435000000000035,-0.0002899999999999986,-0.00022200000000000344,-0.00016499999999999848,-0.00011400000000000299,-3.499999999999684e-05,-9.999999999999593e-06,2.0000000000002655e-05,0.00011249999999999802
2024-09-20,-0.00033299999999999996,-0.00022449999999999554,-0.0001460000000000003,-0.00011749999999999608,-0.00010000000000000286,-9.59999999999954e-05,-9.400000000000033e-05,-8.500000000000174e-05,-8.000000000000021e-05,-1.6500000000002624e-05
2024-09-23,-0.0002999999999999982,-0.0005420000000000043,-0.0005264999999999992,-0.0005385000000000043,-0.000559999999999998,-0.0005290000000000017,-0.00046700000000000214,-0.0004625000000000011,-0.0004450000000000044,-0.00046599999999999767
2024-09-24,-0.00034700000000000356,-0.0004954999999999994,-0.0004349999999999979,-0.0003144999999999988,-0.00019500000000000073,-0.00017,-0.00010399999999999993,-4.499999999999643e-05,-3.999999999999837e-05,-5.000000000001531e-06
2024-09-25,-9.750000000000036e-05,0.00017500000000000154,0.0002134999999999984,0.00022749999999999854,0.00021000000000000185,0.00022999999999999757,0.00017,0.00016249999999999598,0.00016250000000000292,0.00016800000000000148
2024-09-26,1.9000000000001654e-05,2.7499999999999747e-05,4.649999999999793e-05,5.4999999999999494e-05,9.99999999999994e-05,3.500000000000031e-05,6.600000000000356e-05,5.3999999999998494e-05,4.499999999999643e-05,1.9999999999985307e-06
2024-09-27,-0.00041799999999999823,-0.000505000000000002,-0.0005209999999999972,-0.000558999999999997,-0.0006379999999999997,-0.0005240000000000002,-0.0006060000000000024,-0.0006064999999999959,-0.0005255000000000017,-0.0005799999999999972
2024-09-30,-0.00032949999999999993,-0.00014699999999999783,-0.00012450000000000308,-0.00010600000000000193,-0.00010000000000000286,-0.00019900000000000126,-8.599999999999927e-05,-9.750000000000036e-05,-0.00019449999999999676,-0.00010500000000000093
2024-10-01,-0.0002669999999999999,-0.0005129999999999996,-0.0006064999999999994,-0.0006549999999999993,-0.0006869999999999966,-0.0006869999999999966,-0.0007690000000000023,-0.000785000000000001,-0.0007694999999999994,-0.0007699999999999999
2024-10-02,0.00010599999999999499,0.00038749999999999896,0.0004895000000000004,0.0005520000000000004,0.0006169999999999995,0.0006274999999999961,0.0006350000000000001,0.0006440000000000022,0.0006494999999999973,0.0005700000000000011
2024-10-03,0.0001395000000000042,0.00028749999999999956,0.0003699999999999988,0.00040799999999999864,0.0004380000000000009,0.0004855000000000033,0.00041500000000000217,0.0004359999999999989,0.0004840000000000018,0.0004249999999999983
2024-10-04,0.0006350000000000001,0.0010840000000000016,0.0011280000000000005,0.0010495000000000018,0.0009245000000000017,0.0008359999999999999,0.000792000000000001,0.0007684999999999984,0.0006395000000000012,0.0005954999999999988
2024-10-07,0.0003449999999999981,0.0006559999999999969,0.0006645000000000019,0.0006630000000000004,0.0006804999999999971,0.0006284999999999971,0.0006329999999999981,0.0005474999999999994,0.0005390000000000013,0.0005845000000000017
2024-10-08,-4.24999999999974e-05,-0.00028249999999999803,-0.00029749999999999915,-0.0002899999999999986,-0.00030000000000000165,-0.0002624999999999954,-0.0002375000000000016,-0.00020899999999999738,-0.00016500000000000195,-0.00014849999999999933
2024-10-09,7.599999999999968e-05,0.00027649999999999897,0.00029649999999999815,0.0002664999999999994,0.00025500000000000175,0.0002339999999999981,0.00021950000000000094,0.00020349999999999535,0.0001899999999999992,0.00017249999999999904
2024-10-10,-0.0001884999999999977,-0.00039399999999999505,-0.0004325000000000023,-0.00037900000000000086,-0.0003149999999999993,-0.0002940000000000026,-0.0002644999999999974,-0.0002429999999999967,-0.0002249999999999995,-0.00016399999999999748
2024-10-11,4.999999999994592e-06,-0.00011700000000000252,-0.0001289999999999937,-0.00010000000000000286,-8.500000000000174e-05,-8.099999999999774e-05,-5.00000000000049e-05,-4.24999999999974e-05,-8.750000000000077e-05,-9.000000000000327e-05
2024-10-14,1.2500000000002093e-05,0.0001339999999999987,0.0001519999999999959,0.00010950000000000196,3.750000000000281e-05,3.299999999999831e-05,-9.999999999996123e-06,-2.5000000000004186e-05,-5.000000000001531e-06,-2.3000000000002185e-05
2024-10-15,-0.0003049999999999997,-0.0004595000000000016,-0.0005159999999999991,-0.0005194999999999991,-0.000505499999999999,-0.0004959999999999964,-0.0004865000000000008,-0.0004825000000000003,-0.0004590000000000011,-0.00047199999999999673
2024-10-16,-0.0002804999999999995,-0.0003799999999999984,-0.0003960000000000005,-0.00042000000000000023,-0.00042200000000000223,-0.000395000000000003,-0.00040100000000000205,-0.0003849999999999999,-0.0003534999999999962,-0.0003625000000000017
2024-10-17,-0.000342000000000002,-0.0003699999999999988,-0.0003049999999999997,-0.00021000000000000185,-0.00013999999999999777,-0.0001360000000000007,-2.9999999999995308e-05,5.999999999999062e-06,-1.5000000000001124e-05,0.00012250000000000455
2024-10-18,-0.00036499999999999727,-0.00032450000000000187,-0.0002699999999999994,-0.0002899999999999986,-0.000284000000000003,-0.00027299999999999894,-0.000285000000000004,-0.0002784999999999975,-0.0002625000000000023,-0.00032000000000000084
2024-10-21,6.799999999999862e-05,0.0004949999999999989,0.000619999999999999,0.00068,0.0007165000000000019,0.0007780000000000009,0.0007474999999999982,0.0007580000000000017,0.0007975000000000031,0.0007474999999999982
2024-10-22,5.499999999998562e-06,0.0001585000000000024,0.00020600000000000132,0.0002704999999999999,0.00031000000000000125,0.00028500000000000053,0.00027850000000000444,0.00025999999999999635,0.00022199999999999998,0.00022050000000000194
2024-10-23,-0.00038849999999999996,-0.00046649999999999817,-0.0004180000000000017,-0.0003454999999999986,-0.0003075000000000022,-0.00025500000000000175,-0.0002160000000000009,-0.0001904999999999997,-0.0001585000000000024,-0.0001380000000000027
2024-10-24,-0.00040499999999999564,-0.00033750000000000446,-0.0003094999999999973,-0.0003745000000000033,-0.0004170000000000007,-0.0003999999999999976,-0.00043400000000000383,-0.0004404999999999999,-0.0004284999999999983,-0.000449999999999999
2024-10-25,-1.5000000000001124e-05,0.0001480000000000023,0.00021649999999999794,0.000229500000000004,0.0002375000000000016,0.00017999999999999614,0.00019900000000000473,0.00018850000000000117,0.00014199999999999977,8.500000000000174e-05
2024-10-28,-7.500000000000215e-05,-0.00018699999999999967,-0.00022999999999999757,-0.00017000000000000348,-0.00017350000000000004,-0.00017,-0.0001725000000000025,-0.0001764999999999961,-0.00016249999999999598,-9.800000000000433e-05
2024-10-29,-6.0000000000001025e-05,0.00011649999999999855,0.000166999999999997,0.00015500000000000236,0.00013300000000000117,0.00012500000000000358,8.000000000000021e-05,5.3499999999997994e-05,4.049999999999887e-05,1.000000000001e-06
2024-10-30,0.0005000000000000004,0.000965000000000004,0.0010300000000000031,0.000961,0.000949999999999996,0.0008899999999999984,0.0007725000000000024,0.0006889999999999986,0.0006420000000000002,0.0005420000000000008
2024-10-31,8.000000000000021e-05,7.499999999999868e-05,6.599999999999662e-05,-3.099999999999978e-05,-0.0001549999999999989,-0.00028500000000000053,-0.00022150000000000294,-0.0002444999999999982,-0.000335499999999999,-0.00022999999999999757
2024-11-01,0.00012900000000000064,-3.700000000000231e-05,-0.00011799999999999658,-9.850000000000136e-05,-0.00010299999999999893,-4.000000000000184e-05,-2.3499999999999216e-05,7.999999999997592e-06,2.1999999999994246e-05,6.999999999996592e-06
2024-11-04,0.00014099999999999877,0.00027700000000000294,0.0002999999999999982,0.00024350000000000066,0.00021300000000000138,0.0001950000000000042,0.0001339999999999987,0.00010000000000000286,0.0001040000000000034,2.2000000000001185e-05
2024-11-05,0.0002700000000000029,0.0004124999999999962,0.00047000000000000167,0.00046199999999999714,0.0004549999999999971,0.0004399999999999994,0.00041400000000000464,0.0004060000000000001,0.00039699999999999805,0.00041100000000000164
2024-11-06,-0.0009750000000000002,-0.0013694999999999957,-0.0014300000000000042,-0.001296999999999996,-0.00119,-0.001119000000000002,-0.0009820000000000037,-0.0008910000000000029,-0.000841999999999999,-0.0006050000000000014
2024-11-07,-0.0001794999999999991,-3.0000000000030003e-06,0.00010500000000000093,0.00010499999999999746,8.99999999999998e-05,0.00012900000000000064,9.40000000000038e-05,8.000000000000021e-05,0.00010499999999999746,-3.550000000000081e-05
2024-11-08,-0.00032500000000000237,-0.0003370000000000005,-0.00037799999999999986,-0.00038000000000000186,-0.00037599999999999786,-0.000449999999999999,-0.0004890000000000033,-0.0005049999999999985,-0.0005699999999999976,-0.0005994999999999993
2024-11-11,-6.0499999999998055e-05,-0.0003554999999999982,-0.0004369999999999964,-0.0004599999999999986,-0.00045399999999999954,-0.00043299999999999936,-0.0004320000000000018,-0.0004450000000000044,-0.0004025000000000001,-0.0004899999999999974
2024-11-12,-0.00014000000000000123,7.499999999999868e-05,0.00020999999999999838,0.0003500000000000031,0.0004599999999999986,0.0004849999999999993,0.0004819999999999998,0.0004850000000000028,0.0004924999999999999,0.0004599999999999986
2024-11-13,-8.000000000000021e-05,9.99999999999994e-05,0.00016199999999999895,0.00016449999999999798,0.00016099999999999795,0.00018599999999999867,0.00016400000000000095,0.00013900000000000023,0.0001349999999999997,2.2499999999998216e-05
2024-11-14,-0.0004950000000000024,-0.0007055000000000013,-0.000792000000000001,-0.0008489999999999956,-0.0009229999999999967,-0.0009329999999999998,-0.0008869999999999989,-0.0008660000000000022,-0.0008734999999999993,-0.0006374999999999992
2024-11-15,5.000000000001531e-06,0.00011800000000000352,0.0001475000000000018,8.449999999999777e-05,7.199999999999915e-05,5.199999999999996e-05,4.099999999999937e-05,7.400000000000115e-05,5.4999999999999494e-05,9.400000000000033e-05
2024-11-18,0.0003600000000000027,0.0004824999999999968,0.00046900000000000067,0.00047399999999999873,0.0004385000000000014,0.0003580000000000007,0.00038000000000000186,0.0003365,0.00027850000000000097,0.0002459999999999997
2024-11-19,4.999999999999796e-05,3.449999999999981e-05,1.3499999999999623e-05,1.0999999999997123e-05,1.1499999999997623e-05,7.799999999999821e-05,3.349999999999881e-05,4.150000000000334e-05,8.99999999999998e-05,2.5000000000000716e-05
2024-11-20,8.000000000000021e-05,0.00010150000000000436,0.00013999999999999777,0.0001385000000000032,0.00017,0.00015200000000000283,0.0001674999999999975,0.00016249999999999945,0.00016999999999999654,0.00025999999999999635
2024-11-21,2.4999999999997247e-05,-0.00010000000000000286,-0.00012999999999999817,-0.00015300000000000036,-0.00017500000000000154,-0.0001375000000000022,-0.00011999999999999858,-0.00010050000000000336,-8.999999999999633e-05,-0.0001529999999999969
2024-11-22,-0.0007549999999999987,-0.0009289999999999993,-0.000896000000000001,-0.0007604999999999973,-0.0007050000000000008,-0.0006695,-0.0006509999999999953,-0.0006420000000000002,-0.0006024999999999989,-0.0006269999999999991
2024-11-25,-5.4999999999999494e-05,9.800000000000086e-05,9.700000000000333e-05,-8.000000000004531e-06,-0.00010499999999999746,-0.00010550000000000143,-0.0001855000000000051,-0.00020999999999999838,-0.00019750000000000323,-0.0002575000000000008
2024-11-26,-0.00010299999999999893,-5.000000000000143e-05,-0.0001010000000000004,-0.00010299999999999893,-5.500000000000296e-05,-0.00015249999999999986,-7.849999999999871e-05,-7.499999999999868e-05,-0.0001349999999999997,-2.4999999999990308e-06
2024-11-27,0.00027800000000000047,0.0002239999999999985,0.00010999999999999552,2.2999999999998716e-05,-6.999999999999368e-05,-5.7499999999998525e-05,-0.00011499999999999705,-0.0001349999999999997,-0.00013499999999999623,-0.00017750000000000404
2024-11-28,-0.00016800000000000148,-0.00034149999999999806,-0.0003830000000000014,-0.0003720000000000008,-0.00033000000000000043,-0.0003125000000000003,-0.0002950000000000036,-0.00028000000000000247,-0.00026299999999999935,-0.00027249999999999844
2024-11-29,-0.0004264999999999998,-0.0004725000000000007,-0.0005159999999999956,-0.000559999999999998,-0.0005250000000000012,-0.0005290000000000017,-0.0004930000000000004,-0.00047649999999999776,-0.000452500000000005,-0.00040000000000000105
2024-12-02,-0.00046600000000000114,-0.0006215000000000005,-0.0006310000000000031,-0.0005800000000000007,-0.0005839999999999977,-0.0005659999999999971,-0.0005809999999999982,-0.0005835000000000007,-0.0005844999999999982,-0.0005979999999999978
2024-12-03,-7.500000000000562e-06,0.0001339999999999987,0.00013000000000000164,0.0001010000000000004,7.199999999999568e-05,4.19999999999969e-05,1.9999999999985307e-06,-1.2000000000001593e-05,-4.000000000000184e-05,-9.20000000000018e-05
2024-12-04,6.800000000000209e-05,0.00016750000000000098,0.00018500000000000114,0.00010900000000000146,0.00012599999999999764,0.00011050000000000296,3.200000000000078e-05,5.7000000000001494e-05,4.75000000000024e-05,3.0000000000002247e-05
2024-12-05,0.0004035000000000011,0.000563000000000001,0.0005549999999999999,0.0005400000000000023,0.00047100000000000614,0.00041249999999999967,0.0004525000000000015,0.00038000000000000186,0.00034350000000000006,0.0003349999999999985
2024-12-06,7.650000000000018e-05,-0.00010849999999999749,-0.00017360000000000292,-0.00016000000000000042,-0.00016950000000000298,-0.0001250000000000001,-9.750000000000383e-05,-8.39000000000048e-05,-6.0999999999998555e-05,-4.049999999999887e-05
2024-12-09,-9.500000000000133e-05,-2.9500000000001747e-05,-5.639999999999812e-05,-5.250000000000393e-05,-1.1499999999997623e-05,2.4999999999990308e-06,2.5000000000025002e-06,1.6399999999999748e-05,2.9999999999995308e-05,4.34999999999984e-05
2024-12-10,-0.00013500000000000317,-0.0002675000000000004,-0.00019500000000000073,-0.0001324999999999972,-0.00010150000000000436,-5.4999999999996024e-05,-1.7499999999996685e-05,1.5000000000001124e-05,5.600000000000396e-05,7.199999999999915e-05
2024-12-11,-6.499999999999909e-05,-2.6499999999998747e-05,1.2500000000002093e-05,5.2499999999996994e-05,0.00010000000000000286,0.00011749999999999608,0.00011749999999999608,0.0001449999999999993,0.00013900000000000023,0.00017750000000000057
2024-12-12,0.0003650000000000042,0.0006289999999999976,0.000667499999999998,0.0007100000000000023,0.0007399999999999976,0.0007150000000000004,0.0007175000000000029,0.0006899999999999996,0.0006849999999999981,0.0006430000000000012
2024-12-13,0.0001999999999999988,0.0004875000000000018,0.0005399999999999988,0.0005725000000000001,0.0005325000000000017,0.0005300000000000027,0.0005249999999999977,0.0005225000000000056,0.0005049999999999985,0.0004994999999999999
2024-12-16,-5.000000000001531e-06,-0.00019750000000000323,-0.00022999999999999757,-0.0002599999999999998,-0.0002699999999999994,-0.0002700000000000029,-0.00026500000000000135,-0.00026750000000000385,-0.0002549999999999983,-0.0002699999999999994
2024-12-17,6.499999999999909e-05,8.000000000000021e-05,0.00010500000000000093,5.7999999999999025e-05,3.0000000000030003e-06,-1.8999999999998185e-05,-5.7999999999999025e-05,-8.99999999999998e-05,-0.00010500000000000093,-0.00013200000000000017
2024-12-18,-0.00011999999999999858,-0.00016999999999999654,-7.500000000000215e-05,1.9999999999985307e-06,8.69999999999968e-05,0.00011399999999999952,0.00014799999999999883,0.00018699999999999967,0.00019000000000000267,0.00022699999999999804
2024-12-19,0.00010000000000000286,0.00030000000000000165,0.00043249999999999886,0.0005199999999999996,0.0005800000000000007,0.0006325000000000011,0.0006675000000000014,0.0006280000000000036,0.0006899999999999996,0.0006999999999999992
2024-12-20,-0.00022000000000000491,-0.00022000000000000144,-0.00023749999999999466,-0.0001999999999999988,-0.00018000000000000307,-0.0001925000000000017,-0.00018249999999999864,-0.00013500000000000317,-0.00016500000000000195,-0.0001749999999999946
2024-12-23,-6.199999999999609e-05,0.0001449999999999993,0.0002442999999999959,0.000279999999999999,0.00023250000000000007,0.00026500000000000135,0.00026249999999999885,0.0002575000000000008,0.00025750000000000425,0.0002674999999999969
2024-12-24,0.0,2.4999999999997247e-05,,,,,,,,
2024-12-25,0.0,,,,,,,,,
2024-12-26,3.200000000000078e-05,,,,,,,,,
2024-12-27,-8.000000000000021e-05,0.00021000000000000532,0.0003357000000000013,0.00040000000000000105,0.000508500000000002,0.0005359999999999983,0.0005600000000000015,0.000604399999999998,0.0006174999999999965,0.000619999999999999
2024-12-30,-0.00015000000000000083,-0.0003175000000000018,-0.00033000000000000043,-0.00037749999999999936,-0.0003809999999999994,-0.0003580000000000007,-0.00034249999999999906,-0.0003294000000000005,-0.0003150000000000028,-0.0002774999999999965
2024-12-31,-4.000000000000184e-05,7.500000000000562e-06,-8.000000000000021e-05,,,,,,,
2025-01-02,0.00021999999999999797,0.0002891999999999964,0.00031749999999999834,0.00021749999999999894,0.0001899999999999992,0.00017400000000000054,0.00017549999999999857,0.00017050000000000398,0.00017000000000000348,0.00015749999999999445
2025-01-03,0.00032000000000000084,0.0004783000000000044,0.0005045000000000015,0.00047050000000000217,0.0004049999999999991,0.00036800000000000374,0.0003494999999999991,0.00031699999999999784,0.00029749999999999915,0.00028250000000000497
2025-01-06,0.0003834999999999984,0.00041599999999999623,0.00041300000000000017,0.0003894999999999975,0.0003935000000000015,0.00036249999999999824,0.0003349999999999985,0.00032500000000000237,0.00032249999999999987,0.0003024999999999972
2025-01-07,0.00016650000000000345,6.650000000000059e-05,3.500000000000031e-05,8.500000000000174e-05,0.00016150000000000192,0.0001969999999999958,0.0002505000000000042,0.0003049999999999997,0.00033000000000000043,0.00037750000000000283
2025-01-08,8.000000000000021e-05,0.00016000000000000042,0.00022000000000000144,0.0002899999999999986,0.0003149999999999993,0.00037250000000000477,0.0004044999999999986,0.0004603000000000003,0.00048100000000000226,0.0004975000000000014
2025-01-09,0.0001999999999999988,0.00021000000000000185,0.00027549999999999797,0.00025500000000000175,0.000279999999999999,0.0002479999999999982,0.00023799999999999863,0.0001431999999999961,0.00011899999999999758,9.999999999999593e-05
2025-01-10,0.00027549999999999797,0.0004249999999999983,0.0004600000000000021,0.00048499999999999585,0.00044480000000000214,0.0004154999999999992,0.0003394999999999995,0.0003190000000000033,0.00028500000000000053,0.0002375000000000016
2025-01-13,0.00010450000000000043,0.0001575000000000014,0.0001694999999999995,0.00017500000000000154,0.00015019999999999617,0.00014070000000000055,0.00015249999999999986,0.0001549999999999989,0.00015450000000000186,0.00014749999999999833
2025-01-14,0.00024000000000000063,0.00036599999999999827,0.00041899999999999923,0.0004200000000000037,0.0004399999999999994,0.00047379999999999645,0.0004844999999999988,0.000507500000000001,0.0005124999999999991,0.0005264999999999992
2025-01-15,-0.00042999999999999636,-0.0007785000000000014,-0.0010025,-0.0010600000000000054,-0.0011290000000000015,-0.0011499999999999948,-0.0011444999999999962,-0.0011924999999999991,-0.0011420000000000041,-0.001176499999999997
2025-01-16,-9.420000000000261e-05,-0.00016299999999999648,-0.0001585000000000024,-0.00019499999999999726,-0.0001859999999999952,-0.0001834000000000037,-0.00019750000000000323,-0.00013749999999999873,-0.00018999999999999573,-0.0001275000000000026
2025-01-17,-0.0001708000000000022,-0.00012200000000000058,-0.00010999999999999552,-9.999999999999593e-05,-8.500000000000174e-05,-9.209999999999774e-05,-0.00011499999999999705,-0.00015000000000000083,-0.00014000000000000123,-0.00017249999999999557
2025-01-20,-4.5699999999995744e-05,3.149999999999681e-05,1.9999999999985307e-06,4.999999999994592e-06,1.7499999999996685e-05,-1.2000000000001593e-05,-2.2500000000001685e-05,2.599999999998437e-06,1.8000000000000654e-05,2.7499999999996277e-05
2025-01-21,-0.0001243000000000008,-7.609999999999909e-05,-3.500000000000378e-05,-5.9999999999997555e-05,-9.699999999999293e-05,-8.729999999999849e-05,-7.000000000000062e-05,-9.750000000000036e-05,-0.00013169999999999848,-0.00016000000000000042
2025-01-22,-4.000000000000184e-05,9.120000000000308e-05,0.00013500000000000317,0.00017,0.00015699999999999742,0.00015730000000000258,0.0001825000000000021,0.0001873999999999973,0.00017719999999999542,0.0002027000000000001
2025-01-23,0.00010860000000000036,0.00013840000000000033,0.00015500000000000236,0.00011999999999999858,0.00011450000000000002,0.00013379999999999642,8.999999999999633e-05,9.490000000000193e-05,0.00011280000000000318,0.00010229999999999961
2025-01-24,0.00024640000000000425,0.0003999999999999976,0.000389999999999998,0.0003600000000000027,0.00035299999999999915,0.0002937000000000009,0.0002575000000000008,0.0002250999999999989,0.00021770000000000123,0.00019500000000000073
2025-01-27,-3.500000000000378e-05,-0.0001909000000000008,-0.0001799999999999996,-0.00017,-0.00018500000000000114,-0.00015000000000000083,-0.00012999999999999817,-0.0001349999999999997,-0.00012400000000000258,-0.00012000000000000205
2025-01-28,3.020000000000106e-05,0.00016500000000000195,0.00011749999999999608,0.00010999999999999552,0.00012999999999999817,0.00011610000000000092,0.00011999999999999858,0.00014000000000000123,0.00014300000000000077,0.0001400000000000047
2025-01-29,-1.9999999999881224e-07,2.589999999999884e-05,0.00013250000000000414,0.0001400000000000047,0.0001400000000000047,0.00013390000000000277,0.00011750000000000302,0.0001549999999999989,0.00013300000000000117,0.00015999999999999695
2025-01-30,-0.00036649999999999877,-0.000557499999999999,-0.0006350000000000001,-0.000619999999999999,-0.0006000000000000033,-0.0005900000000000037,-0.000615000000000001,-0.0006124999999999985,-0.000578100000000005,-0.0005849999999999987
2025-01-31,-0.0004875000000000018,-0.0007925000000000015,-0.0008400000000000005,-0.0008400000000000005,-0.0008400000000000005,-0.0007934999999999956,-0.0006950000000000012,-0.0006950000000000012,-0.000707899999999994,-0.00068
2025-02-03,-0.0007060000000000018,-0.0007950000000000006,-0.0007820000000000014,-0.0007600000000000003,-0.000669999999999997,-0.0006665000000000039,-0.0006575000000000018,-0.0006524999999999968,-0.0006400000000000017,-0.0006250000000000006
2025-02-04,-0.00020999999999999838,-1.8999999999998185e-05,-6.999999999999715e-05,3.569999999999615e-05,-8.200000000000221e-05,-0.00010399999999999993,-0.00011399999999999952,-0.00010950000000000196,-9.94999999999989e-05,-0.00010699999999999946
2025-02-05,2.4999999999997247e-05,2.3999999999999716e-05,2.1999999999997716e-05,-0.00011569999999999636,-0.0001355000000000002,-0.00010599999999999846,-0.00019349999999999576,-0.00017800000000000107,-0.00023300000000000404,-0.0002280000000000025
2025-02-06,1.2500000000002093e-05,6.999999999999715e-05,0.00011300000000000199,9.999999999999593e-05,0.00013250000000000067,5.9999999999997555e-05,0.00011749999999999608,8.249999999999924e-05,0.00010730000000000114,8.99999999999998e-05
2025-02-07,-8.250000000000271e-05,-0.0001297999999999959,-0.00018690000000000373,-0.00019349999999999576,-0.0002149999999999999,-0.000167999999999998,-0.00020999999999999838,-0.00020500000000000032,-0.00018299999999999914,-0.0001779999999999976
2025-02-10,-9.999999999999593e-05,-0.00017960000000000198,-0.00013360000000000108,-0.00010229999999999961,-7.249999999999965e-05,-8.199999999999874e-05,-1.9999999999999185e-05,-2.869999999999609e-05,-1.2800000000000311e-05,3.0000000000030003e-06
2025-02-11,0.00036189999999999833,0.000535299999999999,0.0005825000000000032,0.0006457999999999985,0.0006850000000000016,0.0006957999999999964,0.000708799999999999,0.0007090999999999972,0.0006955000000000017,0.0006949999999999942
2025-02-12,0.00028809999999999947,0.0005041000000000004,0.0005849999999999987,0.000559999999999998,0.0005674999999999951,0.0005341999999999986,0.0005111999999999998,0.00047960000000000017,0.0004692999999999989,0.0004330000000000063
2025-02-13,-7.000000000000062e-05,-0.00034,-0.0003949999999999995,-0.0003999999999999976,-0.00042999999999999636,-0.00040999999999999717,-0.00041999999999999676,-0.0003824999999999974,-0.00039589999999999764,-0.0003880000000000029
2025-02-14,0.0001899999999999992,0.00034,0.00034,0.0003499999999999996,0.0003799999999999984,0.0003834999999999984,0.0003864999999999945,0.00040749999999999467,0.00039519999999999833,0.00041000000000000064
2025-02-17,-6.0999999999998555e-05,3.999999999999837e-05,8.99999999999998e-05,0.00010999999999999899,0.00011049999999999949,0.00013130000000000433,0.00014600000000000377,0.0001449999999999993,0.00017690000000000067,0.0001799999999999996
2025-02-18,-4.900000000000043e-05,-7.77999999999994e-05,-8.000000000000021e-05,-6.0000000000001025e-05,-2.9999999999960614e-06,5.199999999996874e-06,3.699999999999537e-05,-4.999999999994592e-06,0.0,5.6000000000000494e-05
2025-02-19,0.00016599999999999948,0.00035820000000000296,0.00038000000000000186,0.000455000000000004,0.00041999999999999676,0.00044249999999999845,0.0004430000000000024,0.0004674999999999957,0.00046500000000000014,0.00045650000000000204
2025-02-20,-0.00017099999999999754,-0.00024040000000000172,-0.0002050000000000038,-0.00026500000000000135,-0.00024500000000000216,-0.00024249999999999966,-0.00023429999999999632,-0.0002021999999999996,-0.0001950000000000042,-0.00021250000000000435
2025-02-21,-0.0002149999999999999,-0.00041000000000000064,-0.0004854999999999998,-0.0005300000000000027,-0.0005174999999999971,-0.000559999999999998,-0.0005677000000000043,-0.0005033999999999976,-0.0004449999999999975,-0.0005049999999999985
2025-02-24,-0.0002700000000000029,-0.00011749999999999608,-9.989999999999652e-05,-5.000000000000143e-05,-6.499999999999909e-05,9.999999999999593e-06,2.9500000000001747e-05,-6.900000000000656e-06,-4.300000000000137e-05,1.7500000000000154e-05
2025-02-25,-0.00021109999999999532,-0.0003064000000000018,-0.00028710000000000194,-0.00025149999999999825,-0.00027749999999999997,-0.0002575000000000008,-0.0003025000000000007,-0.0003364999999999965,-0.00032249999999999987,-0.00033249999999999946
2025-02-26,-4.8900000000001026e-05,-8.609999999999868e-05,-0.0001275000000000026,-0.0001684999999999985,-0.00032050000000000134,-0.00023099999999999857,-0.00018750000000000017,-0.0001926000000000011,-0.0001894999999999987,-0.0001950000000000042
2025-02-27,-0.00015000000000000083,-0.00029000000000000206,-0.0003099999999999943,-0.000279999999999999,-5.250000000000046e-05,-0.00019550000000000123,-0.00016499999999999848,-0.0001459000000000009,-0.0001429999999999973,-0.00010499999999999746
2025-02-28,-0.00021999999999999797,-0.00017,-0.00021500000000000338,-0.000238600000000002,-0.0002994999999999977,-0.00022599999999999704,-0.00029900000000000065,-0.0002009999999999998,-0.0001935000000000027,-0.0001519999999999959
2025-03-03,0.00011999999999999511,0.00032999999999999696,0.00040000000000000105,0.00037859999999999977,0.0004170000000000007,0.0004349999999999979,0.0005789999999999997,0.0005760000000000001,0.0006029999999999994,0.0006069999999999964
2025-03-04,-6.480000000000027e-05,-0.00017999999999999614,-0.000226500000000001,-0.00012999999999999817,2.0499999999999685e-05,6.600000000000009e-05,8.499999999999827e-05,0.0001004999999999999,0.0001260000000000011,0.0001575000000000014
2025-03-05,0.0007748000000000026,0.001785499999999999,0.002273500000000001,0.0024199999999999985,0.0025544999999999977,0.0025570000000000002,0.0024875000000000036,0.0024430000000000007,0.0023274999999999997,0.0022674999999999987
2025-03-06,0.00011999999999999858,-2.8000000000000247e-05,4.799999999999943e-05,0.00012999999999999817,3.300000000000178e-05,6.199999999999956e-05,8.549999999999877e-05,0.00011649999999999855,0.00019499999999999726,0.00021000000000000185
2025-03-07,0.00019000000000000267,0.00012250000000000108,0.0001349999999999997,0.00021000000000000532,0.0004049999999999991,0.0004899999999999974,0.0005070000000000005,0.000389999999999998,0.0004970000000000009,0.0005129999999999961
2025-03-10,-0.00028750000000000303,-0.0003049999999999997,-0.0002639999999999969,-0.0003009000000000067,-0.0003814999999999999,-0.00040699999999999764,-0.00031000000000000125,-0.00017099999999999754,-0.00019699999999999926,-0.00016549999999999898
2025-03-11,-2.6499999999998747e-05,-2.0499999999999685e-05,3.949999999999787e-05,0.0001379000000000033,0.00041300000000000017,0.0005364999999999988,0.0005374999999999998,0.0006369999999999987,0.0005150000000000016,0.0006925000000000021
2025-03-12,-1.3000000000002593e-05,8.550000000000224e-05,7.199999999999915e-05,5.300000000000096e-05,-0.00021149999999999988,-0.0002494999999999997,-0.00028749999999999956,-0.0003534999999999962,-0.00021999999999999797,-0.0003400000000000035
2025-03-13,-0.00012049999999999561,-0.0003170000000000048,-0.0003479999999999976,-0.0002955000000000006,-0.00023250000000000007,-0.00028800000000000006,-0.0002469999999999972,-0.00022150000000000641,-0.00022300000000000098,-0.00027599999999999847
2025-03-14,0.0001774999999999971,0.00024199999999999916,0.0002904999999999991,0.0002904999999999991,0.00028249999999999803,0.0003259999999999999,0.000388999999999997,0.00042400000000000423,0.00043299999999999936,0.000454000000000003
2025-03-17,0.0001025000000000019,3.250000000000128e-05,-2.0000000000002655e-05,-0.00015279999999999808,-0.00022000000000000144,-0.0002004999999999993,-0.0003394999999999995,-0.000395000000000003,-0.00041069999999999995,-0.0004380000000000009
2025-03-18,-5.000000000001531e-06,-0.00015749999999999792,-0.00022149999999999948,-0.00015220000000000164,-0.00020999999999999838,-0.00021749999999999894,-0.0001920000000000012,-0.00014999999999999736,-0.00017930000000000376,-0.0001355000000000002
2025-03-19,-6.749999999999812e-05,6.249999999999659e-05,0.0001265000000000016,3.999999999999837e-05,2.0000000000002655e-05,-8.000000000000021e-05,-1.5499999999998154e-05,-0.00016000000000000042,-0.00012499999999999664,-0.00016450000000000145
2025-03-20,-7.500000000000562e-06,-0.00012999999999999817,-0.00021250000000000088,-0.00015000000000000083,-0.00016249999999999945,-0.00013749999999999873,-0.00014000000000000123,-2.0000000000002655e-05,-5.000000000000143e-05,-6.249999999999659e-05
2025-03-21,-0.00019750000000000323,-0.00028249999999999803,-0.0003125000000000003,-0.00031749999999999487,-0.00024400000000000463,-0.0001470000000000013,-0.00011500000000000052,-0.00010999999999999552,-4.950000000000093e-05,-3.0000000000002247e-05
2025-03-24,-4.999999999999796e-05,-3.0000000000002247e-05,-9.999999999999593e-06,2.7499999999996277e-05,5.550000000000346e-05,3.449999999999981e-05,5.149999999999946e-05,8.249999999999924e-05,8.900000000000227e-05,0.00010500000000000093
2025-03-25,1.5000000000001124e-05,0.00013749999999999873,0.00020900000000000432,0.00021749999999999894,0.00026049999999999685,0.0002575000000000008,0.0002725000000000019,0.0002774999999999965,0.0002815000000000005,0.00028449999999999656
2025-03-26,-0.00030000000000000165,-0.00041499999999999523,-0.00045650000000000204,-0.0004270000000000003,-0.0004369999999999964,-0.00027950000000000197,-0.0003515000000000011,-0.0003524999999999952,-0.00032350000000000087,-0.000282000000000001
2025-03-27,-8.499999999999827e-05,-0.00012250000000000455,-8.750000000000077e-05,-7.049999999999765e-05,-2.2500000000001685e-05,-9.199999999999833e-05,4.099999999999937e-05,0.0001309999999999957,0.0001250000000000001,0.00013400000000000564
2025-03-28,-0.0002909999999999996,-0.0004349999999999979,-0.00042000000000000023,-0.0003994999999999971,-0.0003684999999999973,-0.00037599999999999786,-0.0003935000000000015,-0.0004014999999999956,-0.00037050000000000277,-0.00037100000000000327
2025-03-31,3.999999999999837e-05,0.00016000000000000042,0.0001465000000000008,0.00013949999999999727,0.0001465000000000008,0.00012999999999999817,0.0001275000000000026,0.00015549999999999592,3.0000000000002247e-05,9.999999999999593e-06
2025-04-01,-0.00030900000000000025,-0.00026500000000000135,-0.00029950000000000115,-0.0003131999999999996,-0.00037000000000000574,-0.00046950000000000117,-0.00045249999999999804,-0.0005499999999999984,-0.0004569999999999991,-0.0004829999999999973
2025-04-02,0.00013999999999999777,0.00013149999999999967,0.00016050000000000092,0.00018320000000000142,0.00021050000000000235,0.00027349999999999944,0.0002494999999999997,0.00023999999999999716,0.00023799999999999863,0.00027499999999999747
2025-04-03,-0.000449999999999999,-0.0008489999999999991,-0.0009125000000000001,-0.0009265000000000037,-0.0009709999999999996,-0.0009209999999999982,-0.0008795000000000018,-0.0008164999999999978,-0.000782999999999999,-0.0007468999999999983
2025-04-04,-0.000670500000000001,-0.0005455000000000008,-0.000732,-0.000732,-0.0005185000000000016,-0.0004469999999999995,-0.00042100000000000123,-0.0004369999999999999,-0.0003610000000000002,-0.0003610999999999996
2025-04-07,-1.2499999999995154e-05,-8.700000000000027e-05,0.00019699999999999926,0.0002985000000000036,0.00037100000000000327,0.00047399999999999873,0.0006059999999999989,0.0007585000000000022,0.0007559999999999963,0.0008229999999999973
2025-04-08,-0.0004620000000000041,-0.0004274999999999973,-3.750000000000281e-05,2.2500000000001685e-05,-0.00021000000000000185,-0.00013749999999999873,-0.00037549999999999736,-0.00033800000000000496,-0.0002509999999999943,-0.00037749999999999936
2025-04-09,-2.5999999999998247e-05,-0.00011150000000000049,-0.0002871999999999979,1.3999999999996654e-05,0.00024249999999999966,0.0001874999999999967,0.00032949999999999993,0.0002695000000000024,0.00019739999999999688,0.00026249999999999885
2025-04-10,-6.199999999999956e-05,0.0001768999999999972,-3.1300000000001466e-05,-0.00031849999999999934,-0.00037599999999999786,-0.000449999999999999,-0.00043149999999999786,-0.0004275000000000008,-0.0004733999999999988,-0.0004429999999999955
2025-04-11,0.0004180000000000017,0.00040040000000000214,0.000564000000000002,0.0005799999999999972,0.000673499999999997,0.0005600000000000015,0.0004774999999999953,0.0002955000000000006,0.00021469999999999823,0.00016399999999999748
2025-04-14,-0.00039000000000000146,-0.0005482999999999981,-0.0007104999999999993,-0.0007704999999999969,-0.000958999999999998,-0.0010225000000000026,-0.0008324999999999999,-0.0006914999999999977,-0.0006584999999999959,-0.0006755000000000025
2025-04-15,-8.99999999999998e-05,-0.00013000000000000164,-7.850000000000218e-05,-2.7500000000003216e-05,9.000000000002062e-06,0.0001725000000000025,8.550000000000224e-05,8.94999999999993e-05,0.00018319999999999448,0.00021050000000000235
2025-04-16,-0.00012900000000000064,-4.999999999999796e-05,-6.799999999999862e-05,-0.00010999999999999552,-8.000000000000021e-05,-5.300000000000096e-05,-4.649999999999793e-05,-2.0499999999999685e-05,-6.239999999999718e-05,-2.0999999999996716e-05
2025-04-17,-0.0005709999999999986,-0.0005551000000000028,-0.0004359999999999989,-0.0003500000000000031,-0.00032000000000000084,-0.00028699999999999906,-0.00026650000000000285,-0.00025600000000000275,-0.0002475000000000012,-0.00021500000000000338
2025-04-21,,5.100000000000937e-06,-2.0000000000002655e-05,-4.999999999999796e-05,,-5.000000000000143e-05,-9.709999999999927e-05,-3.850000000000034e-05,-7.069999999999646e-05,-2.0000000000002655e-05
2025-04-22,,-0.00029699999999999865,-0.0003999999999999976,-0.00040000000000000105,,-0.0003599999999999992,-0.0003128999999999979,-0.0003784999999999969,-0.00030180000000000137,-0.00036499999999999727
2025-04-23,3.350000000000228e-05,0.00041699999999999723,0.0004949999999999989,0.0004504999999999995,0.00047000000000000167,0.0003935000000000015,0.00034979999999999734,0.00032849999999999893,0.0003089999999999968,0.0002825000000000015
2025-04-24,-7.199999999999915e-05,-0.00034,-0.00040000000000000105,-0.0004354999999999984,-0.0004875000000000018,-0.0004735000000000017,-0.0004748000000000009,-0.0004300000000000033,-0.0003960000000000005,-0.000397500000000002
2025-04-25,0.00014199999999999977,0.0002691000000000013,0.00022000000000000144,0.00017500000000000154,0.0001025000000000019,8.750000000000077e-05,9.15000000000013e-05,4.500000000000337e-05,7.000000000003531e-06,1.5000000000001124e-05
2025-04-28,-1.0000000000003062e-05,5.089999999999956e-05,0.0001250000000000001,0.000332499999999996,0.0003074999999999953,0.00035249999999999865,0.00043349999999999986,0.00047000000000000167,0.0003505000000000001,0.0004885000000000028
2025-04-29,4.55000000000004e-05,4.950000000000093e-05,3.999999999999837e-05,-0.00011349999999999555,-7.849999999999871e-05,-0.00012999999999999817,-0.00022000000000000144,-0.00026750000000000385,-0.0001475000000000018,-0.00027900000000000494
2025-04-30,-0.0002354999999999996,-0.0003595000000000022,-0.0003824999999999974,-0.000452500000000005,-0.00047699999999999826,-0.0004735000000000017,-0.000443499999999996,-0.00041799999999999823,-0.000396500000000001,-0.000389999999999998
2025-05-01,-4.49999999999999e-05,0.0,-4.250000000000087e-05,3.5000000000035003e-06,,3.500000000000031e-06,3.4999999999965614e-06,-9.499999999999093e-06,5.500000000002031e-06,5.499999999998562e-06
2025-05-02,0.0004830000000000008,0.0006805000000000005,0.0006825999999999985,0.0008074999999999992,0.0008654999999999982,0.0009100000000000011,0.0008209999999999988,0.0007675000000000008,0.0007497999999999984,0.0007279999999999995
2025-05-05,-1.8000000000000654e-05,-0.00012049999999999908,-0.0001121000000000004,-0.000174000000000004,-0.00018499999999999767,-0.0002229999999999975,-0.00014549999999999633,-0.00019600000000000173,-9.529999999999608e-05,-0.0001879999999999972
2025-05-06,-0.0001270000000000021,-0.0001355000000000002,-9.549999999999836e-05,-0.00012099999999999611,-7.499999999999868e-05,-8.800000000000474e-05,-3.0499999999999278e-05,0.00011600000000000152,-3.650000000000181e-05,0.0001449999999999993
2025-05-07,-0.00012899999999999717,-0.00021350000000000188,-0.00026690000000000047,-0.0003425000000000025,-0.00047000000000000167,-0.00047900000000000026,-0.000565000000000003,-0.0005820000000000027,-0.0005510000000000029,-0.0006425000000000007
2025-05-08,0.0002589999999999988,0.0004920000000000029,0.0005368999999999999,0.0006000000000000033,0.0006934999999999997,0.0007300000000000015,0.00068,0.0006525000000000038,0.0006430000000000012,0.0006264999999999986
2025-05-09,-0.0001429999999999973,-2.7000000000002716e-05,4.099999999999937e-05,3.999999999999837e-05,5.6500000000000994e-05,7.000000000000062e-05,0.00011000000000000246,8.999999999999633e-05,0.00010699999999999946,9.299999999999933e-05
2025-05-12,0.0007624999999999993,0.0011315000000000006,0.0011639999999999984,0.0010153999999999996,0.0011800000000000005,0.0010900000000000007,0.0008231999999999996,0.0009350000000000018,0.0008725000000000017,0.0008555000000000021
2025-05-13,3.1599999999996214e-05,1.9000000000001654e-05,0.00012350000000000208,0.00024360000000000354,6.899999999999962e-05,6.699999999999762e-05,0.00033430000000000265,0.0002129999999999979,0.0002464999999999967,0.00027500000000000094
2025-05-14,0.00016280000000000114,0.00013729999999999645,0.0001825000000000021,0.00028549999999999756,0.00023099999999999857,0.00027450000000000044,0.0002659999999999954,0.0002165000000000014,0.00024850000000000566,0.00019749999999999976
2025-05-15,-0.00021689999999999904,-0.000457099999999995,-0.0006356,-0.0007752000000000002,-0.0008274999999999984,-0.0008387999999999972,-0.0008959999999999975,-0.0008585000000000016,-0.0009165000000000006,-0.0008570000000000036
2025-05-16,-0.00010899999999999799,-0.00023909999999999904,-0.00024290000000000075,-0.0002698000000000006,-0.00023899999999999963,-0.00026420000000000263,-0.00020100000000000326,-0.00021699999999999497,-0.00016300000000000342,-0.00019499999999999726
2025-05-19,-0.00018600000000000214,-5.580000000000168e-05,-0.00011000000000000246,-6.650000000000059e-05,-5.7500000000001994e-05,6.4000000000001556e-06,-3.699999999999884e-05,2.3999999999996247e-05,5.500000000002031e-06,5.199999999999996e-05
2025-05-20,-3.500000000000031e-05,-3.250000000000128e-05,2.0000000000002655e-05,3.850000000000034e-05,7.400000000000115e-05,8.509999999999768e-05,0.00018349999999999964,0.00020650000000000182,0.00023799999999999863,0.0002794999999999985
2025-05-21,8.000000000000021e-05,0.00021220000000000266,0.0002924999999999976,0.00035570000000000046,0.0003825000000000009,0.0003715000000000003,0.00037699999999999886,0.000367799999999998,0.00037850000000000383,0.0003604999999999997
2025-05-22,-0.00015249999999999986,-0.0002915000000000001,-0.00024999999999999675,-0.00018469999999999945,-9.99999999999994e-05,-8.249999999999577e-05,-2.9999999999998778e-05,2.2000000000008124e-06,2.8499999999997278e-05,5.350000000000146e-05
2025-05-23,-0.00029749999999999915,-0.0003425000000000025,-0.00037700000000000233,-0.00041249999999999967,-0.00043249999999999886,-0.0004190000000000027,-0.00046500000000000014,-0.0004395000000000024,-0.0004375000000000004,-0.00041699999999999723
2025-05-26,-3.0000000000002247e-05,-5.300000000000096e-05,-0.0001270000000000021,-0.00015249999999999986,-0.00019000000000000267,-0.0001889999999999982,-0.0001439999999999983,-0.00016149999999999845,-0.00019000000000000267,-0.0002030000000000018
2025-05-27,-0.0001904999999999997,-9.750000000000036e-05,-3.299999999999831e-05,-8.750000000000077e-05,-0.00011249999999999802,-0.00018850000000000117,-0.0002575000000000008,-0.00029900000000000065,-0.0003224999999999964,-0.00036099999999999674
2025-05-28,-1.9499999999998685e-05,4.100000000000284e-05,1.9800000000000373e-05,6.010000000000043e-05,5.7499999999998525e-05,0.00012150000000000008,0.0001465000000000008,0.0001270000000000021,0.00018299999999999914,0.00023949999999999666
2025-05-29,-1.9999999999999185e-05,-0.00017,-0.00018279999999999685,-0.00020010000000000167,-0.0002050000000000038,-0.0002165000000000014,-0.00024300000000000016,-0.00022749999999999854,-0.0002605000000000003,-0.0002889999999999976
2025-05-30,0.00010500000000000093,6.399999999999809e-05,8.999999999995123e-06,-4.000000000000184e-05,-0.00011999999999999858,-0.00011149999999999702,-7.699999999999721e-05,-4.80000000000029e-05,-5.350000000000146e-05,-4.250000000000434e-05
2025-06-02,2.4999999999997247e-05,5.400000000000196e-05,4.100000000000284e-05,8.950000000000277e-05,0.00016450000000000145,0.0001439999999999983,0.00014649999999999386,0.0001460000000000003,0.00015350000000000086,0.0001544999999999984
2025-06-03,-4.399999999998155e-06,-6.350000000000106e-05,-2.5000000000000716e-05,-4.219999999999918e-05,-4.500000000001031e-06,1.4000000000003593e-05,9.100000000001468e-06,1.0699999999998905e-05,3.800000000000331e-05,4.300000000000484e-05
2025-06-04,-2.010000000000206e-05,8.750000000000077e-05,7.400000000000115e-05,8.270000000000152e-05,6.0000000000001025e-05,3.899999999999737e-05,-1.809999999999659e-05,-3.569999999999962e-05,-6.550000000000306e-05,-9.30000000000028e-05
2025-06-05,0.0002944999999999996,0.0006299999999999951,0.0006484000000000004,0.0006880000000000011,0.0007109999999999998,0.0006694000000000006,0.0006822999999999968,0.0006666999999999992,0.0006807999999999988,0.0006672000000000032
2025-06-06,-9.999999999999593e-06,5.0700000000004214e-05,8.760000000000018e-05,7.199999999999568e-05,0.0001040000000000034,8.759999999999671e-05,0.00013470000000000495,7.330000000000184e-05,4.6700000000000214e-05,5.529999999999771e-05
2025-06-09,3.500000000000031e-05,-8.570000000000105e-05,-0.00011840000000000461,-0.00016000000000000042,-0.00020750000000000282,-0.0001549999999999989,-0.00017950000000000604,-0.00010749999999999996,-9.699999999999986e-05,-9.05000000000003e-05
2025-06-10,-0.00013200000000000017,-0.00016649999999999998,-0.0001765999999999955,-0.0001910000000000002,-0.00019850000000000423,-0.0002649999999999979,-0.0002449999999999952,-0.0002505000000000007,-0.0002559999999999993,-0.00027700000000000294
2025-06-11,-1.2999999999999123e-05,-5.250000000000046e-05,-6.250000000000352e-05,-5.2499999999996994e-05,-6.26999999999954e-05,1.2499999999998623e-05,-5.000000000039695e-07,8.999999999998592e-06,1.9999999999999185e-05,1.3000000000002593e-05
2025-06-12,-7.000000000000062e-05,-0.0001910000000000002,-0.00027649999999999897,-0.00027550000000000144,-0.0003037999999999999,-0.00028349999999999903,-0.0003444999999999976,-0.0003584999999999977,-0.00032849999999999893,-0.0003394999999999995
2025-06-13,0.00026249999999999885,0.0004049999999999991,0.0005140000000000006,0.0004985000000000024,0.0005005000000000009,0.0004809999999999988,0.000505000000000002,0.000503499999999997,0.0004294999999999993,0.00048649999999999735
2025-06-16,-4.499999999999643e-05,-0.00012499999999999664,-0.00018499999999999767,-0.00012950000000000114,-4.650000000000487e-05,-5.7999999999999025e-05,-5.7000000000001494e-05,-0.00010299999999999893,-8.000000000001062e-06,-3.999999999999837e-05
2025-06-17,0.0001874999999999967,0.0002004999999999993,0.00015749999999999792,0.00010999999999999552,5.350000000000146e-05,2.7999999999996777e-05,6.999999999996592e-06,5.199999999999996e-05,-4.499999999999643e-05,-9.999999999999593e-06
2025-06-18,-0.00013749999999999873,-0.0002155000000000004,-0.0002474999999999977,-0.00025999999999999635,-0.00027479999999999866,-0.0002999999999999947,-0.00031999999999999737,-0.0003459999999999991,-0.0003150000000000028,-0.0003359999999999995
2025-06-19,-8.249999999999924e-05,4.3399999999998995e-05,0.00013499999999999623,0.00017,0.00018479999999999885,0.0002249999999999995,0.0002549999999999983,0.0002669999999999999,0.00029200000000000406,0.0002710000000000004
2025-06-20,-3.749999999999934e-05,-1.2899999999999717e-05,-1.7500000000000154e-05,-7.450000000000165e-05,-0.00010500000000000093,-0.00012000000000000205,-9.750000000000036e-05,-9.25000000000023e-05,-0.00011750000000000302,-0.00010500000000000093
2025-06-23,-1.7500000000000154e-05,-0.00010550000000000143,-0.00013900000000000023,-0.0001234999999999986,-8.64999999999963e-05,-8.449999999999777e-05,-0.0001319999999999967,-0.00014649999999999386,-0.0001349999999999997,-0.00014849999999999933
2025-06-24,1.9199999999996997e-05,5.500000000000296e-05,3.900000000000431e-05,6.799999999999862e-05,4.899999999999696e-05,0.00010399999999999646,0.0001794999999999991,0.0002329999999999971,0.0002329999999999971,0.0003155000000000033
2025-06-25,-0.00011919999999999639,-3.8900000000001433e-05,5.5999999999997024e-05,9.599999999999886e-05,0.00016500000000000195,0.0001580000000000019,0.00015150000000000233,0.00012999999999999817,0.00017610000000000542,0.00010299999999999893
2025-06-26,-5.300000000000096e-05,-0.00012109999999999899,-0.0001010000000000004,-7.799999999999821e-05,-8.350000000000024e-05,-3.250000000000128e-05,-3.650000000000528e-05,3.700000000000231e-05,1.4399999999997748e-05,5.9500000000000525e-05
2025-06-27,0.0001370000000000017,0.0002449999999999987,0.00026349999999999985,0.00023199999999999957,0.00019099999999999673,0.00018000000000000307,0.00017000000000000348,0.00011549999999999755,0.0001344999999999992,0.0001304999999999952
2025-06-30,2.5999999999998247e-05,5.4999999999999494e-05,0.00012200000000000058,0.00013250000000000414,0.00013900000000000023,7.050000000000112e-05,0.00014099999999999877,0.00013749999999999873,0.00018669999999999798,0.00019600000000000173
2025-07-01,-3.739999999999993e-05,-0.00011999999999999858,-0.0001672999999999987,-0.0001920000000000012,-0.00020899999999999738,-0.00019750000000000323,-0.00023000000000000104,-0.00023809999999999457,-0.00031919999999999865,-0.0003359999999999995
2025-07-02,-4.2600000000000277e-05,0.00010479999999999864,0.00023029999999999926,0.00031849999999999934,0.0003750000000000038,0.00042199999999999876,0.0004310000000000008,0.0004710999999999986,0.0004920000000000029,0.0004990000000000029
2025-07-03,-0.00011500000000000052,-0.00017479999999999926,-0.00023950000000000013,-0.00029900000000000065,-0.00033500000000000196,-0.00036499999999999727,-0.0003820000000000004,-0.00041160000000000155,-0.0004070000000000011,-0.00041400000000000464
2025-07-04,-0.000167999999999998,-0.0002680000000000009,-0.0002554999999999988,-0.0001799999999999996,-0.0001999999999999988,-0.00016800000000000148,-0.00014099999999999877,-9.790000000000146e-05,-8.79999999999978e-05,-5.099999999999549e-05
2025-07-07,2.0999999999996716e-05,0.0001280000000000031,0.0001794999999999991,0.00014749999999999833,0.00018249999999999864,0.00021849999999999994,0.00023300000000000057,0.0002365000000000006,0.00020550000000000082,0.00020199999999999732
2025-07-08,0.00019100000000000367,0.00032000000000000084,0.0003635000000000027,0.00041050000000000114,0.0004574999999999996,0.0004525000000000015,0.0004380000000000009,0.000449999999999999,0.0004874999999999949,0.0004840000000000018
2025-07-09,0.0001250000000000001,-4.000000000000184e-05,-0.00011650000000000549,-0.00014300000000000423,-0.00019500000000000073,-0.00018800000000000067,-0.00018699999999999967,-0.00018379999999999438,-0.00022149999999999948,-0.00023400000000000157
2025-07-10,0.00022599999999999704,0.0003180000000000023,0.00033500000000000196,0.00033100000000000143,0.00038699999999999846,0.0003276000000000008,0.0003419999999999951,0.00029379999999999684,0.00032350000000000087,0.00032400000000000137
2025-07-11,0.00011450000000000002,0.0001694999999999995,0.000167999999999998,0.00021400000000000585,0.0001705000000000005,0.00023340000000000166,0.00023500000000000604,0.00026390000000000094,0.0002835000000000025,0.0002934999999999986
2025-07-14,-7.050000000000112e-05,-0.0001605000000000044,-0.00010179999999999564,-7.000000000000409e-05,7.500000000000562e-06,2.8099999999996184e-05,6.999999999999368e-05,8.309999999999915e-05,9.199999999999833e-05,0.00013999999999999777
2025-07-15,-8.399999999999727e-05,-8.99999999999998e-05,-9.870000000000365e-05,-0.00010699999999999599,-9.199999999999833e-05,-0.00011509999999999992,-0.0001514999999999954,-0.00013200000000000017,-0.00011850000000000055,-0.00012849999999999667
2025-07-16,-0.0001400000000000047,-0.00024109999999999757,-0.00032749999999999793,-0.00033700000000000396,-0.00033350000000000046,-0.0003125000000000003,-0.0002485000000000022,-0.00025049999999999725,-0.00023049999999999807,-0.0002139999999999989
2025-07-17,6.750000000000506e-05,0.00011309999999999792,0.00012900000000000064,0.00014049999999999827,0.0001344999999999992,0.0001244999999999996,3.799999999999984e-05,-1.4500000000004093e-05,-5.150000000000293e-05,-8.100000000000468e-05
2025-07-18,-0.00010749999999999996,-7.209999999999855e-05,-4.150000000000334e-05,-7.899999999999921e-05,-4.900000000000043e-05,-4.7399999999999526e-05,-4.55000000000004e-05,4.000000000000184e-05,5.100000000000243e-05,4.200000000000037e-05
2025-07-21,-0.00010999999999999899,-0.0002669999999999999,-0.00036099999999999674,-0.00037449999999999983,-0.00045249999999999804,-0.0005030999999999994,-0.0004949999999999989,-0.0005350000000000008,-0.0005880000000000017,-0.0005699999999999976
2025-07-22,-0.00013500000000000317,-7.73999999999983e-05,-8.450000000000124e-05,-9.599999999999886e-05,-9.750000000000036e-05,-8.750000000000077e-05,-6.250000000000006e-05,-8.499999999999827e-05,-6.199999999999609e-05,-8.200000000000221e-05
2025-07-23,0.00021500000000000338,0.0003331999999999988,0.0004604999999999991,0.00046299999999999814,0.0005735000000000011,0.0005734999999999976,0.0006024999999999989,0.0004914999999999954,0.0005046999999999968,0.0005245000000000007
2025-07-24,0.00033999999999999655,0.0005642999999999967,0.0004910000000000019,0.0005399999999999988,0.00041689999999999783,0.0004035000000000011,0.00025650000000000325,0.0003645000000000037,0.00033230000000000065,0.00027550000000000144
2025-07-25,0.00012999999999999817,0.00015500000000000236,0.00020799999999999985,0.00011000000000000246,6.010000000000043e-05,2.6500000000002216e-05,7.199999999999568e-05,3.749999999999587e-05,3.399999999999931e-05,3.099999999999978e-05
2025-07-28,0.0001365000000000012,-0.00012799999999999964,-0.00015550000000000286,-0.00016000000000000042,-9.79999999999974e-05,-0.00014450000000000227,-0.00014099999999999877,-0.00012799999999999617,-0.00014199999999999977,-0.00011800000000000005
2025-07-29,-2.999999999999531e-06,0.00011549999999999755,0.00017000000000000348,0.0001889999999999982,0.0001674999999999975,0.0002380000000000021,0.00016000000000000042,0.00020949999999999788,0.000168999999999999,0.00018699999999999967
2025-07-30,7.400000000000115e-05,0.00018750000000000364,0.0001229999999999981,8.100000000000468e-05,2.9999999999998778e-05,9.999999999999593e-06,-1.4999999999997654e-05,-9.399999999999686e-05,-6.250000000000006e-05,-7.300000000000015e-05
2025-07-31,8.250000000000271e-05,0.00010729999999999768,9.600000000000233e-05,8.299999999999974e-05,2.0000000000002655e-05,-2.1999999999997716e-05,6.0999999999998555e-05,4.599999999999743e-05,3.750000000000281e-05,-3.0000000000030003e-06
2025-08-01,-0.00023300000000000404,-0.0003272999999999991,-0.00040749999999999814,-0.000343000000000003,-0.0003870000000000019,-0.00025800000000000475,-0.00023100000000000204,-0.00019950000000000176,-0.00018699999999999967,-0.0001389999999999933
2025-08-04,-8.69999999999968e-05,-0.00021999999999999797,-0.00024000000000000063,-0.00033000000000000043,-0.00026299999999999935,-0.0003899999999999945,-0.00045229999999999576,-0.00048549999999999635,-0.00047300000000000467,-0.0005350000000000008
2025-08-05,0.0,-2.9100000000000653e-05,-6.0000000000004494e-05,-6.749999999999812e-05,-6.250000000000006e-05,-6.0000000000004494e-05,-3.970000000000362e-05,-1.6999999999999654e-05,-5.6999999999998024e-05,-1.5000000000001124e-05
2025-08-06,0.00013999999999999777,0.00017159999999999745,0.00021000000000000185,0.00021749999999999894,0.00021099999999999938,0.00021149999999999988,0.0002249999999999995,0.0001893999999999993,0.0002459999999999962,0.0002360000000000001
2025-08-07,1.8000000000000654e-05,1.5000000000001124e-05,-2.4999999999990308e-06,-7.249999999999965e-05,-0.00011850000000000055,-0.00018349999999999617,-0.00022799999999999557,-0.00021439999999999654,-0.0002639999999999969,-0.00029100000000000306
2025-08-08,0.00011500000000000052,0.00024250000000000313,0.0003224999999999964,0.0004025000000000001,0.0004600000000000021,0.0004970000000000009,0.0005184999999999981,0.0004974999999999979,0.0005229999999999992,0.0005399999999999988
2025-08-11,4.55000000000004e-05,1.9299999999996403e-05,-2.4499999999993277e-05,-4.899999999999696e-05,-7.800000000000168e-05,-7.450000000000165e-05,-6.849999999999912e-05,-3.250000000000128e-05,-3.699999999999884e-05,-1.9999999999995716e-05
2025-08-12,8.79999999999978e-05,9.469999999999965e-05,0.00013449999999999573,0.00018399999999999667,0.00024550000000000266,0.0002889999999999976,0.00031649999999999734,0.0003349999999999985,0.00036950000000000177,0.0003814999999999964
2025-08-13,-0.00010949999999999849,-0.0002489999999999992,-0.00037349999999999883,-0.000427300000000002,-0.0004725000000000007,-0.0004969999999999974,-0.0005115000000000015,-0.0005170000000000001,-0.0005155000000000021,-0.0005264999999999957
2025-08-14,9.649999999999936e-05,0.00011500000000000052,0.00018349999999999617,0.00023580000000000476,0.00026249999999999885,0.00027500000000000094,0.0002965000000000016,0.0003070000000000017,0.00030150000000000315,0.0003160000000000003
2025-08-15,0.00010649999999999896,0.0002349999999999991,0.0003485000000000016,0.00041150000000000214,0.0004794999999999973,0.0005275000000000002,0.0005534999999999984,0.0005719999999999996,0.0006009999999999974,0.0006214999999999971
2025-08-18,-4.49999999999999e-05,-0.0001229999999999981,-0.000166999999999997,-0.00023300000000000404,-0.0002469999999999972,-0.0002597000000000016,-0.0002909999999999961,-0.00029900000000000065,-0.0002955000000000006,-0.00029850000000000015
2025-08-19,-1.7500000000000154e-05,-3.950000000000134e-05,-7.850000000000218e-05,-7.949999999999624e-05,-0.00011999999999999858,-0.00013400000000000217,-0.00011900000000000452,-8.84999999999983e-05,-9.800000000000086e-05,-0.00010399999999999646
2025-08-20,-0.0001974999999999963,-0.00023400000000000157,-0.00023300000000000057,-0.00024500000000000216,-0.00025500000000000175,-0.0002603000000000015,-0.0002570000000000003,-0.00028450000000000003,-0.00028699999999999906,-0.00028399999999999953
2025-08-21,0.0001419999999999963,0.00033100000000000143,0.0003595000000000022,0.0003799999999999984,0.00037950000000000136,0.00040980000000000183,0.00042299999999999977,0.0004279999999999978,0.00041100000000000164,0.0004289999999999988
2025-08-22,-0.0002020000000000008,-0.0002579999999999978,-0.00030780000000000043,-0.00032200000000000284,-0.00031849999999999934,-0.0003587999999999994,-0.00036599999999999827,-0.00036800000000000027,-0.00035349999999999965,-0.00037700000000000233
2025-08-25,0.0001500000000000043,0.00019499999999999726,0.0002927999999999993,0.0003190000000000033,0.00032849999999999546,0.00034750000000000406,0.0003550000000000046,0.0003865000000000014,0.0003715000000000003,0.00040849999999999914
2025-08-26,-0.00013500000000000317,-0.00022400000000000198,-0.0003270000000000009,-0.00036449999999999677,-0.00037399999999999586,-0.00036700000000000274,-0.00034500000000000156,-0.00035400000000000015,-0.0003145000000000023,-0.00032649999999999693
2025-08-27,-9.79999999999974e-05,-0.00023949999999999666,-0.00027499999999999747,-0.00024500000000000216,-0.00025350000000000025,-0.00020449999999999982,-0.00020100000000000326,-0.0001815000000000011,-0.00017149999999999804,-0.00016000000000000042
2025-08-28,0.00011299999999999852,0.00015099999999999836,0.00012699999999999864,7.249999999999965e-05,6.799999999999862e-05,-5.499999999998562e-06,-3.899999999999737e-05,-7.099999999999815e-05,-7.849999999999871e-05,-0.00011500000000000052
2025-08-29,7.500000000000562e-06,-3.499999999999684e-05,-2.5500000000001216e-05,-1.1999999999998123e-05,3.900000000000084e-05,5.9499999999997055e-05,5.7499999999998525e-05,7.249999999999965e-05,7.449999999999818e-05,0.00010500000000000093
2025-09-01,0.0001324999999999972,0.0001684999999999985,0.00018299999999999914,0.00018450000000000064,0.0001779999999999976,0.00018600000000000214,0.00020550000000000082,0.00020550000000000082,0.00021149999999999988,0.00020799999999999985
2025-09-02,9.349999999999983e-05,0.0002009999999999998,0.0002610000000000008,0.0002899999999999986,0.0003009999999999992,0.00032199999999999937,0.0003444999999999976,0.00036349999999999577,0.00037500000000000033,0.0004014999999999991
2025-09-03,-2.6999999999999247e-05,-0.00012850000000000014,-0.00020799999999999985,-0.0002600000000000033,-0.0003030000000000012,-0.0003300000000000039,-0.00033999999999999655,-0.0003715000000000003,-0.0003835000000000019,-0.00040950000000000014
2025-09-04,8.300000000000321e-05,8.549999999999877e-05,4.000000000000184e-05,2.5000000000025002e-06,-1.9999999999995716e-05,-6.299999999999709e-05,-0.00010050000000000336,-0.00010999999999999552,-0.00012499999999999664,-0.00016000000000000042
2025-09-05,-0.0001275000000000026,-0.00023350000000000107,-0.0002950000000000036,-0.00033250000000000293,-0.00036249999999999824,-0.00036950000000000177,-0.0003370000000000005,-0.0003374999999999975,-0.000337500000000001,-0.0003049999999999997
2025-09-08,4.799999999999943e-05,-1.1999999999998123e-05,-3.549999999999734e-05,-5.6999999999998024e-05,-5.00000000000049e-05,-8.149999999999824e-05,-0.00012999999999999817,-0.00015400000000000136,-0.00018699999999999967,-0.00021000000000000185
2025-09-09,8.000000000000021e-05,0.00013319999999999999,0.0001004999999999999,9.699999999999986e-05,7.500000000000215e-05,0.0001015000000000009,8.249999999999924e-05,9.149999999999783e-05,9.94999999999989e-05,9.750000000000383e-05
2025-09-10,0.00010000000000000286,0.00010680000000000064,8.500000000000174e-05,7.500000000000562e-06,-4.250000000000087e-05,-7.000000000000062e-05,-4.749999999999546e-05,-6.250000000000006e-05,-0.00011999999999999858,-8.150000000000171e-05
2025-09-11,0.0001999999999999988,0.0003025000000000007,0.0003025000000000007,0.0002950000000000001,0.00026249999999999885,0.0001899999999999992,7.449999999999818e-05,7.000000000000062e-06,-8.000000000001062e-06,-0.0001010000000000004
2025-09-12,1.4000000000000123e-05,0.00023899999999999616,0.00034249999999999906,0.0004175000000000012,0.00046700000000000214,0.0004574999999999996,0.0005704999999999981,0.0005854999999999992,0.000612999999999999,0.0006259999999999981
2025-09-15,-1.4500000000000624e-05,-2.0499999999999685e-05,-2.7500000000003216e-05,-5.250000000000393e-05,-5.3999999999998494e-05,-2.4999999999997247e-05,-0.00010499999999999746,-0.00010000000000000286,-0.00012049999999999908,-0.00014999999999999736
2025-09-16,-0.00011949999999999808,-0.00013699999999999476,-0.00015000000000000083,-0.0001404999999999948,-0.00013300000000000117,-0.00010000000000000286,-9.750000000000036e-05,-8.599999999999927e-05,-5.7000000000001494e-05,-1.5000000000001124e-05
2025-09-17,-1.0000000000003062e-05,3.599999999999437e-05,5.550000000000346e-05,4.999999999999796e-05,7.500000000000562e-06,-4.000000000000184e-05,-6.350000000000453e-05,-9.79999999999974e-05,-0.00013799999999999923,-0.00017400000000000054
2025-09-18,0.0001020000000000014,6.230000000000471e-05,0.00010199999999999793,0.00016549999999999898,0.00022000000000000144,0.0002725000000000019,0.0003185000000000063,0.00035149999999999765,0.00037799999999999986,0.00041050000000000114
2025-09-19,7.549999999999918e-05,0.00011519999999999933,0.00015249999999999986,0.00015249999999999986,0.00015749999999999792,0.00017750000000000404,0.0001774999999999971,0.00019700000000000273,0.00019749999999999976,0.00024400000000000116
2025-09-22,-3.749999999999934e-05,-7.350000000000065e-05,-7.779999999999593e-05,-5.4999999999999494e-05,-4.049999999999887e-05,-3.0000000000002247e-05,0.0,5.500000000002031e-06,1.9999999999999185e-05,-2.1500000000000685e-05
2025-09-23,-2.7500000000003216e-05,5.3499999999997994e-05,0.00010279999999999664,0.00012749999999999914,0.00014549999999999633,0.00014599999999999683,0.00013950000000000073,0.00013799999999999923,0.00014000000000000123,6.999999999999715e-05
2025-09-24,3.0500000000002747e-05,4.0100000000001246e-05,3.250000000000128e-05,2.2500000000001685e-05,2.2500000000001685e-05,2.4800000000001904e-05,2.3499999999999216e-05,2.5499999999997747e-05,3.320000000000059e-05,0.00010299999999999893
2025-09-25,0.0001020000000000014,0.00019489999999999785,0.00026249999999999885,0.00032000000000000084,0.00032249999999999987,0.00031170000000000156,0.00028699999999999906,0.0002570000000000003,0.00022180000000000116,0.00018700000000000314
2025-09-26,6.949999999999665e-05,-2.2499999999994746e-05,-8.150000000000171e-05,-0.0001300000000000051,-0.00014749999999999833,-0.00015510000000000176,-0.00019749999999999976,-0.00018759999999999957,-0.00017860000000000098,-0.00013330000000000286
2025-09-29,-7.449999999999818e-05,-0.0001040000000000034,-0.0001239999999999991,-0.0001974999999999963,-0.0002675000000000004,-0.0003142999999999965,-0.0003125000000000003,-0.00036039999999999683,-0.00037659999999999777,-0.00042969999999999814
2025-09-30,-8.000000000000021e-05,-5.5999999999997024e-05,-7.449999999999818e-05,-6.250000000000006e-05,-5.250000000000046e-05,-3.3100000000004653e-05,-9.999999999999593e-06,2.4999999999955613e-06,9.699999999994435e-06,1.8000000000004124e-05
2025-10-01,-0.00011099999999999999,-0.0001025000000000019,-0.00011500000000000052,-8.99999999999998e-05,-2.0000000000002655e-05,0.0,2.4999999999990308e-06,4.500000000000337e-05,2.5500000000004686e-05,4.999999999999796e-05
2025-10-02,-2.0499999999999685e-05,-7.300000000000015e-05,-9.059999999999971e-05,-0.00010000000000000286,-0.00017,-0.00018999999999999573,-0.00017249999999999904,-0.00018000000000000307,-0.00018000000000000307,-0.00017500000000000154
2025-10-03,0.00011150000000000049,0.0001332999999999994,0.0001355999999999996,0.00013749999999999873,0.0001725000000000025,0.00017,0.00016000000000000042,0.00014070000000000402,0.0001549999999999989,0.00013999999999999777
2025-10-06,-9.999999999999593e-06,-4.55000000000004e-05,3.9999999999970615e-06,5.250000000000393e-05,8.290000000000033e-05,0.0001112999999999982,0.00015450000000000186,0.0002081999999999952,0.0002390000000000031,0.0002710000000000039
2025-10-07,1.9999999999999185e-05,8.100000000000468e-06,-3.379999999999703e-05,-5.969999999999934e-05,-5.590000000000109e-05,-5.130000000000065e-05,-5.9000000000000025e-05,-9.299999999999586e-05,-9.599999999999886e-05,-0.00010690000000000352
2025-10-08,-0.0001004999999999999,-0.0001812000000000029,-0.0002591999999999976,-0.0002735000000000029,-0.0003020000000000002,-0.0003065000000000012,-0.00032850000000000587,-0.000330900000000002,-0.000344000000000004,-0.0003540999999999961
2025-10-09,4.55000000000004e-05,8.08000000000024e-05,0.00017149999999999804,0.0002057000000000031,0.00024100000000000163,0.00023880000000000082,0.0002530000000000032,0.0002717999999999991,0.000281,0.0002591999999999976
2025-10-10,-0.0001275000000000026,-0.0002704999999999999,-0.0003499999999999996,-0.00041350000000000067,-0.00046800000000000314,-0.0005087999999999968,-0.0004564999999999986,-0.0004708000000000004,-0.00046550000000000064,-0.0004966999999999992
2025-10-13,-7.349999999999718e-05,-0.00015450000000000186,-0.0002050000000000038,-0.0001940000000000032,-0.0001404999999999948,-9.15000000000013e-05,-0.00014099999999999877,-0.00011850000000000055,-0.00010799999999999699,-3.550000000000081e-05
2025-10-14,-2.3999999999999716e-05,-9.289999999999993e-05,-0.00013399999999999523,-0.0001889999999999982,-0.00021400000000000585,-0.00024000000000000063,-0.00024300000000000363,-0.00025299999999999975,-0.00028650000000000203,-0.0003114999999999993
2025-10-15,5.999999999999062e-06,-5.45999999999984e-05,-0.00014100000000000223,-0.00016500000000000195,-0.00020249999999999782,-0.00018450000000000064,-0.00020099999999999632,-0.00020399999999999932,-0.00018349999999999964,-0.0001725000000000025
2025-10-16,-0.00013300000000000117,-0.0003380000000000015,-0.00032249999999999987,-0.0003949999999999995,-0.00037599999999999786,-0.000567500000000002,-0.0003585000000000012,-0.00028550000000000103,-0.0003139999999999983,-0.0002679999999999974
2025-10-17,9.699999999999986e-05,0.0002470000000000007,0.00023749999999999813,0.00035299999999999915,0.0003474999999999971,0.0005660000000000005,0.00035999999999999574,0.0003025000000000007,0.0003505000000000001,0.00029629999999999934
2025-10-20,-6.999999999999715e-05,-6.499999999996092e-06,4.8200000000001714e-05,2.1000000000000185e-05,-5.000000000001531e-06,-3.600000000000131e-05,-1.9999999999995716e-05,-4.350000000000187e-05,-5.9999999999997555e-05,-4.430000000000059e-05
2025-10-21,4.999999999999796e-05,0.0,-6.92000000000019e-05,-0.00010169999999999971,-0.00011999999999999858,-0.0001682000000000003,-0.00021749999999999894,-0.0001874999999999967,-0.00020950000000000135,-0.00023699999999999763
2025-10-22,-2.8000000000000247e-05,1.7799999999994903e-05,4.530000000000506e-05,3.200000000005282e-06,-8.499999999998092e-06,9.45000000000043e-05,0.00016249999999999598,0.0001234999999999986,0.00012629999999999586,0.00016499999999999848
2025-10-23,7.800000000000168e-05,0.0001257000000000029,0.0001656999999999978,0.00025849999999999485,0.00029850000000000015,0.00019459999999999963,0.00018800000000000414,0.00019450000000000023,0.00018320000000000142,0.00019749999999999976
2025-10-24,0.0001899999999999992,0.00033510000000000137,0.00038629999999999914,0.000395000000000003,0.00035500000000000115,0.00039909999999999946,0.0003470000000000001,0.0003130000000000008,0.00032849999999999893,0.00028600000000000153
2025-10-27,0.00011049999999999949,6.139999999999965e-05,3.420000000000159e-05,-1.4500000000000624e-05,-2.0500000000003155e-05,-6.950000000000012e-05,-9.45000000000043e-05,-8.099999999999774e-05,-0.00010999999999999552,-0.00014300000000000077
2025-10-28,9.500000000002562e-06,3.649999999999834e-05,4.2399999999997995e-05,4.950000000000093e-05,5.5499999999999994e-05,4.950000000000093e-05,7.450000000000165e-05,4.599999999999743e-05,4.849999999999646e-05,8.700000000000027e-05
2025-10-29,-6.0000000000004494e-05,-4.200000000000037e-05,-1.4699999999999436e-05,3.499999999999684e-05,9.419999999999915e-05,6.999999999999715e-05,6.0000000000001025e-05,7.749999999999771e-05,6.950000000000359e-05,5.199999999999996e-05
2025-10-30,0.00012000000000000205,0.00017549999999999857,0.00019929999999999948,0.00018150000000000457,0.0001504000000000054,0.00015000000000000083,0.00017750000000000057,0.0001825000000000021,0.0001879999999999972,0.0001910000000000002
2025-10-31,0.0,-9.249999999999536e-05,-0.00012749999999999914,-0.00015650000000000386,-0.0001846000000000035,-0.00010699999999999946,-0.00010349999999999943,-7.949999999999624e-05,-4.55000000000004e-05,-2.4500000000003685e-05
2025-11-03,0.00012999999999999817,0.000222499999999997,0.000279999999999999,0.00032000000000000084,0.00036649999999999877,0.0003270000000000009,0.0003039999999999987,0.0002869999999999956,0.00027649999999999897,0.0002695000000000024
2025-11-04,-9.899999999999493e-05,-0.00010649999999999896,-0.00011489999999999764,-0.00010819999999999927,-0.00013099999999999917,-0.00010000000000000286,-8.900000000000227e-05,-9.750000000000036e-05,-9.099999999999733e-05,-8.89999999999988e-05
2025-11-05,1.4999999999994185e-05,7.650000000000018e-05,0.00010490000000000152,0.0001441999999999971,0.0002045000000000033,0.00021100000000000285,0.00020850000000000035,0.00022950000000000054,0.00022849999999999954,0.000223499999999998
2025-11-06,-5.999999999999062e-06,-4.450000000000287e-05,-0.00010480000000000558,-0.00011599999999999805,-8.400000000000074e-05,-8.599999999999927e-05,-8.500000000000174e-05,-8.84999999999983e-05,-8.399999999999727e-05,-7.949999999999624e-05
2025-11-07,-7.499999999999868e-05,-6.0999999999998555e-05,1.4300000000001811e-05,5.000000000000143e-05,4.39999999999989e-05,7.199999999999915e-05,0.0001055000000000049,0.00012649999999999814,0.0001434999999999978,0.00016099999999999795
2025-11-10,5.500000000000296e-05,0.00010550000000000143,7.050000000000112e-05,4.000000000000184e-05,5.9999999999997555e-05,-7.000000000000062e-06,-2.5500000000004686e-05,-4.000000000000184e-05,-5.6500000000000994e-05,-7.650000000000018e-05
2025-11-11,1.9999999999995716e-05,-2.4500000000000216e-05,-2.9999999999998778e-05,-6.0000000000004494e-05,-0.00012999999999999817,-8.000000000000021e-05,-6.999999999999368e-05,-7.449999999999818e-05,-6.950000000000012e-05,-7.000000000000062e-05
2025-11-12,8.950000000000277e-05,7.449999999999818e-05,2.5999999999998247e-05,3.0000000000002247e-05,3.0000000000002247e-05,3.500000000000031e-05,1.0499999999996623e-05,7.500000000000562e-06,-1.9999999999985307e-06,1.000000000001e-06
2025-11-13,0.00014950000000000033,0.0002594999999999993,0.0003339999999999975,0.00036700000000000274,0.0003699999999999988,0.000395000000000003,0.00041450000000000167,0.0004280000000000013,0.0004389999999999984,0.000449500000000002
2025-11-14,-4.500000000001031e-06,0.00010020000000000168,0.00019950000000000176,0.0002349999999999991,0.0002924999999999976,0.00030249999999999375,0.00032849999999999893,0.0003488999999999992,0.00036649999999999877,0.0003814999999999964
2025-11-17,2.8499999999997278e-05,7.03000000000023e-05,2.1000000000000185e-05,3.149999999999681e-05,4.749999999999893e-05,2.7500000000003216e-05,2.4999999999997247e-05,2.6100000000001122e-05,2.9500000000001747e-05,1.8000000000000654e-05
2025-11-18,1.7000000000003124e-05,-8.550000000000224e-05,-8.249999999999924e-05,-7.349999999999718e-05,-3.649999999999834e-05,2.5499999999997747e-05,4.44999999999994e-05,-1.5000000000001124e-05,4.749999999999893e-05,2.8999999999997778e-05
2025-11-19,-5.9500000000000525e-05,-7.350000000000065e-05,-3.020000000000106e-05,-9.999999999999593e-06,-3.0000000000002247e-05,-4.699999999999843e-05,-2.3999999999996247e-05,7.149999999999865e-05,1.9999999999999185e-05,7.100000000000509e-05
2025-11-20,-8.049999999999724e-05,-8.550000000000224e-05,-0.00010280000000000011,-8.500000000000174e-05,-8.299999999999627e-05,-8.000000000000021e-05,-7.700000000000415e-05,-7.300000000000015e-05,-5.7499999999998525e-05,-5.5499999999999994e-05
2025-11-21,-0.00010000000000000286,-0.0001213999999999972,-0.00012599999999999764,-0.00012799999999999964,-0.00014050000000000173,-0.0001344999999999992,-0.0001324999999999972,-0.00013749999999999873,-0.00013950000000000073,-0.00014050000000000173
2025-11-24,-2.4500000000000216e-05,-2.059999999999909e-05,-2.6500000000002216e-05,-4.65000000000014e-05,-5.6499999999997524e-05,-6.360000000000046e-05,-8.249999999999924e-05,-8.599999999999927e-05,-9.05000000000003e-05,-9.349999999999983e-05
2025-11-25,-5.500000000002031e-06,-1.3499999999999623e-05,-6.799999999999862e-05,-0.00010049999999999643,-0.00014250000000000027,-0.0001459000000000009,-0.00014400000000000177,-0.00015100000000000183,-0.00015040000000000192,-0.00015050000000000133
2025-11-26,-2.4999999999990308e-06,9.999999999999593e-06,0.0,-2.4000000000003185e-05,-8.400000000002156e-06,-9.499999999999093e-06,-2.4999999999990308e-06,8.500000000001562e-06,8.900000000002656e-06,9.999999999999593e-06
2025-11-27,3.250000000000128e-05,7.000000000000062e-05,9.04000000000009e-05,0.00010500000000000093,0.00011740000000000014,8.94999999999993e-05,7.650000000000018e-05,7.050000000000112e-05,6.300000000000056e-05,6.600000000000356e-05
2025-11-28,1.0500000000000093e-05,4.000000000000184e-05,5.86000000000024e-05,7.160000000000152e-05,5.9999999999997555e-05,0.0001010000000000004,0.00012799999999999964,0.00014050000000000173,0.00016250000000000292,0.00017199999999999854
2025-12-01,0.0001470000000000013,0.00024999999999999675,0.00031649999999999734,0.0003873999999999961,0.0004431000000000053,0.0004380000000000009,0.0004480000000000005,0.00046449999999999617,0.00046849999999999323,0.00047349999999999476
2025-12-02,-6.250000000000006e-05,-0.0001020000000000014,-7.000000000000062e-05,-8.000000000000021e-05,-6.110000000000143e-05,-7.300000000000362e-05,-6.1000000000002025e-05,-6.630000000000177e-05,-7.249999999999965e-05,-7.949999999999624e-05
2025-12-03,-5.5499999999999994e-05,-2.5299999999995465e-05,-6.0000000000001025e-05,-7.000000000000062e-05,-0.0001025000000000019,-6.589999999999374e-05,-8.449999999999777e-05,-9.129999999999555e-05,-9.249999999999536e-05,-0.0001020000000000014
2025-12-04,0.0001004999999999999,0.00012909999999999658,0.00018570000000000392,0.00020000000000000226,0.00021100000000000285,0.0001980999999999962,0.00017599999999999907,0.0001777999999999988,0.00017230000000000023,0.00017
2025-12-05,0.00021950000000000094,0.0003601000000000021,0.0004142999999999959,0.00046349999999999864,0.0004799999999999978,0.0004968000000000021,0.0004399999999999994,0.00042079999999999895,0.0004001999999999964,0.00040000000000000105
2025-12-08,0.0002470000000000007,0.0005880999999999977,0.0007804999999999999,0.0008365000000000004,0.0008395,0.0007755000000000019,0.0007869999999999995,0.0007519999999999992,0.0007085000000000008,0.0006600000000000009
2025-12-09,0.00010349999999999943,4.49999999999999e-05,4.000000000000531e-06,-3.599999999999784e-05,-7.879999999999693e-05,-7.300000000000362e-05,-2.1999999999997716e-05,-1.9999999999999185e-05,-7.999999999997592e-06,1.1500000000001093e-05
2025-12-10,7.599999999999968e-05,0.00017850000000000157,0.00015699999999999742,0.0001309999999999957,8.379999999999846e-05,6.750000000000159e-05,1.3499999999999623e-05,-4.4999999999975615e-06,-1.4500000000004093e-05,-3.0000000000002247e-05
2025-12-11,-3.600000000000131e-05,-0.00014699999999999783,-0.00015649999999999692,-0.0001749999999999946,-0.00017500000000000154,-0.0001265000000000016,-0.0001265000000000016,-0.00012150000000000008,-0.00010649999999999896,-0.00010149999999999743
2025-12-12,-2.7500000000003216e-05,-4.650000000000487e-05,-1.1999999999998123e-05,1.9999999999999185e-05,0.0001239999999999991,0.0001265000000000016,0.00016599999999999948,0.0002004999999999993,0.00023550000000000307,0.00027599999999999847
2025-12-15,-3.249999999999781e-05,-1.5000000000001124e-05,2.2499999999998216e-05,4.999999999999796e-05,2.6000000000001716e-05,4.14999999999964e-05,5.600000000000396e-05,6.899999999999615e-05,6.299999999999709e-05,5.000000000000143e-05
2025-12-16,-6.999999999999715e-05,-0.00013849999999999626,-0.00016549999999999898,-0.00014149999999999927,-0.00011099999999999999,-9.79999999999974e-05,-0.00010800000000000393,-8.64999999999963e-05,-7.849999999999871e-05,-6.300000000000056e-05
2025-12-17,-0.0001004999999999999,-1.0600000000002968e-05,3.249999999999781e-05,6.699999999999762e-05,9.249999999999883e-05,0.00010299999999999893,0.00014500000000000277,0.00014099999999999877,0.00015849999999999892,0.0001664999999999965
2025-12-18,1.5499999999998154e-05,-5.899999999996186e-06,-6.699999999999762e-05,-9.549999999999836e-05,-9.79999999999974e-05,-0.00011600000000000152,-0.00013100000000000264,-0.00010750000000000343,-0.00010299999999999893,-0.00010899999999999799
2025-12-19,1.5000000000015001e-06,0.00015249999999999986,0.0002469999999999972,0.0002700000000000029,0.00028379999999999725,0.0003170000000000048,0.00035400000000000015,0.00036050000000000665,0.00037349999999999883,0.00040150000000000255
2025-12-22,3.500000000000031e-06,-4.250000000000087e-05,-3.749999999999587e-05,-2.6999999999999247e-05,-1.7299999999997873e-05,-7.000000000003531e-06,-4.000000000000531e-06,-3.0000000000030003e-06,7.099999999999468e-06,-1.2000000000005062e-05
2025-12-23,-2.2000000000001185e-05,-3.950000000000134e-05,-7.500000000000562e-05,-5.300000000000096e-05,-7.949999999999971e-05,-0.00010999999999999899,-0.00014599999999999683,-0.0001779999999999976,-0.0002120999999999998,-0.00021999999999999797
2025-12-24,-3.0500000000002747e-05,-2.5499999999997747e-05,-4.999999999999796e-05,0.0,-5.000000000005e-07,0.0,0.0,2.7999999999996777e-05,-1.5999999999998654e-05,0.0
2025-12-25,3.250000000000128e-05,2.5000000000000716e-05,4.999999999999796e-05,2.9999999999995308e-05,0.0,-9.999999999999593e-06,,,,0.0
2025-12-26,0.0,0.0,0.0,,0.0,,,,1.5000000000001124e-05,-2.9999999999998778e-05
2025-12-29,-0.00011000000000000246,-0.00021000000000000532,-0.0003049999999999997,-0.00034999999999999615,-0.0003029999999999977,-0.000279999999999999,,,-0.0002570000000000003,-0.00020700000000000232
2025-12-30,-4.049999999999887e-05,2.5000000000025002e-06,8.500000000000174e-05,7.499999999999868e-05,9.249999999999536e-05,0.00010499999999999746,0.00013449999999999573,0.00015149999999999886,0.00017199999999999854,0.00016700000000000048
2025-12-31,-2.4500000000000216e-05,7.500000000000562e-06,2.5000000000000716e-05,-2.5000000000000716e-05,-9.499999999999093e-06,-4.49999999999999e-05,-4.9999999999980616e-06,-3.699999999999884e-05,-6.999999999999715e-05,-8.99999999999998e-05
2026-01-01,0.0,-2.0000000000002655e-05,0.0,,9.999999999999593e-06,,,,,
2026-01-02,-2.4999999999997247e-05,5.7000000000001494e-05,8.500000000000174e-05,0.00020000000000000226,0.00021030000000000007,0.000279999999999999,0.0002599999999999998,0.0003144999999999988,0.0003699999999999988,0.00040000000000000105
2026-01-05,-9.999999999999593e-06,-4.200000000000037e-05,-0.0001040000000000034,-0.00016700000000000395,-0.00022829999999999726,-0.00023849999999999913,-0.0002544999999999978,-0.0002699999999999994,-0.00028850000000000056,-0.0002899999999999986
2026-01-06,-0.00013300000000000117,-0.0002649999999999979,-0.00028599999999999806,-0.00028199999999999753,-0.0002720000000000014,-0.00027149999999999744,-0.0002655000000000053,-0.00027450000000000044,-0.00028149999999999703,-0.000279999999999999
2026-01-07,-7.000000000000062e-05,-0.00016249999999999945,-0.0002365000000000006,-0.0003044999999999992,-0.0002544999999999978,-0.0003604999999999997,-0.00040499999999999564,-0.0004154999999999992,-0.00041650000000000367,-0.0004289999999999988
2026-01-08,9.699999999999986e-05,0.00011250000000000149,0.0001360000000000007,0.00016349999999999698,7.949999999999624e-05,0.00017049999999999704,0.0001789999999999986,0.00019000000000000267,0.00017700000000000007,0.00017219999999999736
2026-01-09,0.00010500000000000093,0.0002124999999999974,0.0001705000000000005,0.00021350000000000188,0.00023849999999999913,0.00016500000000000195,0.00013250000000000067,9.349999999999983e-05,7.300000000000015e-05,-1.3200000000001405e-05
2026-01-12,1.1000000000000593e-05,-0.00015450000000000186,-0.00018550000000000164,-0.0002935000000000021,-0.00031699999999999784,-0.0003475000000000006,-0.0003569999999999997,-0.00036800000000000027,-0.00038050000000000236,-0.00033000000000000043
2026-01-13,5.4999999999999494e-05,2.3500000000002685e-05,1.6000000000002124e-05,2.0500000000003155e-05,-2.3999999999996247e-06,3.749999999999934e-05,5.3999999999998494e-05,7.449999999999818e-05,0.00010600000000000193,0.00012000000000000205
2026-01-14,-7.000000000000062e-06,-6.799999999999862e-05,-0.00010600000000000193,-0.0001370000000000017,-0.00015859999999999833,-0.0001554999999999994,-0.000173000000000003,-0.0001899999999999992,-0.00020799999999999985,-0.00021050000000000235
2026-01-15,6.0499999999998055e-05,0.00017149999999999804,0.0001810000000000006,0.00017650000000000304,0.0001439999999999983,8.800000000000127e-05,7.050000000000112e-05,4.19999999999969e-05,-1.1999999999998123e-05,-3.199999999999731e-05
2026-01-16,4.150000000000334e-05,0.00012049999999999908,0.0002045000000000033,0.00023000000000000104,0.00024049999999999766,0.00025249999999999925,0.0002290000000000035,0.00022350000000000494,0.00024099999999999816,0.00023099999999999857
2026-01-19,-4.500000000000337e-05,-0.00017549999999999857,-0.00016000000000000042,-0.0001400000000000047,-9.99999999999994e-05,-4.999999999999796e-05,9.999999999999593e-06,3.999999999999837e-05,7.000000000000062e-05,9.05000000000003e-05
2026-01-20,-0.0001449999999999993,-0.00011150000000000396,-0.00010900000000000493,-4.599999999999743e-05,4.500000000001031e-06,4.049999999999887e-05,7.050000000000112e-05,9.449999999999736e-05,0.00011549999999999755,0.00013549999999999673
2026-01-21,0.00012950000000000114,0.00015300000000000383,0.00018900000000000514,0.00020599999999999785,0.0002549999999999983,0.00023899999999999616,0.00024999999999999675,0.00026600000000000235,0.0002792999999999997,0.00026800000000000435
2026-01-22,4.950000000000093e-05,0.0001534999999999974,0.00017,0.00013500000000000317,0.00010050000000000336,5.4999999999999494e-05,3.350000000000228e-05,2.1999999999997716e-05,-4.879999999999815e-05,-6.700000000000109e-05
2026-01-23,0.0001004999999999999,0.00018500000000000114,0.00023949999999999666,0.00025049999999999725,0.00021999999999999797,0.0002705000000000034,0.00022819999999999785,0.00020550000000000082,0.00024400000000000463,0.0002639999999999969
2026-01-26,-8.94999999999993e-05,-0.0002009999999999998,-0.0002999999999999982,-0.00032549999999999593,-0.0003275000000000014,-0.00034,-0.00032979999999999815,-0.00032779999999999615,-0.0003175000000000018,-0.0003394999999999995
2026-01-27,-8.650000000000324e-05,-7.900000000000268e-05,-9.750000000000036e-05,-5.600000000000396e-05,-1.6999999999996185e-05,-1.0500000000003562e-05,3.2100000000000184e-05,3.529999999999853e-05,4.599999999999743e-05,7.450000000000165e-05
2026-01-28,-8.400000000000074e-05,-0.0002349999999999991,-0.0002510000000000012,-0.0002589999999999988,-0.00022000000000000144,-0.0002319999999999961,-0.00021900000000000044,-0.00020050000000000276,-0.00020749999999999935,-0.0001989999999999978
2026-01-29,-8.94999999999993e-05,-0.00017499999999999807,-0.0002255,-0.00022999999999999757,-0.00027550000000000144,-0.00021699999999999844,-0.00021999999999999797,-0.00022999999999999757,-0.00019549999999999776,-0.00018600000000000214
2026-01-30,0.00012450000000000308,0.0001270000000000021,0.00011450000000000002,6.699999999999762e-05,3.999999999999837e-05,1.9499999999998685e-05,3.200000000000078e-05,5.3999999999998494e-05,3.499999999999684e-05,3.649999999999834e-05
2026-02-02,9.549999999999836e-05,0.0002129999999999979,0.0002449999999999987,0.00024199999999999916,0.0002290000000000035,0.00018600000000000214,0.00017049999999999704,0.0001434999999999978,0.00013500000000000317,0.00011300000000000199
2026-02-03,5.000000000000143e-05,6.549999999999959e-05,0.0001050000000000044,0.0001360000000000007,0.00014100000000000223,0.00018349999999999617,0.00018649999999999917,0.00020750000000000282,0.000223499999999998,0.00024200000000000263
2026-02-04,-5.500000000000296e-05,-0.00016400000000000095,-0.00022550000000000348,-0.0002669999999999999,-0.0002615000000000048,-0.00025450000000000125,-0.00026149999999999785,-0.0002500000000000002,-0.0002360000000000001,-0.00023849999999999913
2026-02-05,2.0000000000002655e-05,8.000000000001062e-06,-2.4500000000000216e-05,-3.799999999999984e-05,-7.599999999999621e-05,-9.999999999999593e-05,-0.00011300000000000199,-0.0001025000000000019,-0.0001580000000000019,-0.00015600000000000336
2026-02-06,-0.00011999999999999858,-0.00011949999999999808,-0.00010999999999999552,-0.00010450000000000043,-7.340000000000124e-05,-7.400000000000115e-05,-3.599999999999784e-05,-5.5499999999999994e-05,-1.5000000000001124e-05,-1.4999999999980307e-06
2026-02-09,-0.00014899999999999983,-0.00020749999999999935,-0.00020890000000000145,-0.0001989999999999978,-0.00018810000000000354,-0.0001559999999999999,-0.00015400000000000136,-0.0001319999999999967,-0.00012789999999999677,-0.00012000000000000205
2026-02-10,-8.350000000000024e-05,-6.950000000000359e-05,-0.00013010000000000105,-0.00016150000000000192,-0.00016849999999999504,-0.00018400000000000014,-0.00022350000000000148,-0.00024050000000000113,-0.00024259999999999907,-0.00024500000000000216
2026-02-11,-7.500000000000562e-06,2.000000000002e-06,2.9000000000001247e-05,5.000000000001531e-06,-9.000000000002062e-06,-4.200000000000037e-05,-9.099999999999733e-05,-0.00010450000000000043,-0.00010650000000000243,-0.00012999999999999817
2026-02-12,5.7999999999999025e-05,-2.8500000000000747e-05,-9.700000000000333e-05,-0.0001349999999999997,-0.00018349999999999964,-0.00014400000000000177,-0.0001255000000000006,-0.00015500000000000236,-0.00019299999999999873,-0.00018450000000000064
2026-02-13,2.6499999999998747e-05,-0.00011790000000000064,-0.00015199999999999936,-0.00014300000000000077,-0.00019000000000000267,-0.00022899999999999657,-0.0002249999999999995,-0.00021449999999999594,-0.0001794999999999991,-0.00018450000000000064
2026-02-16,3.799999999999984e-05,-1.859999999999709e-05,-6.119999999999737e-05,-8.380000000000193e-05,-7.049999999999765e-05,-7.100000000000509e-05,-7.400000000000115e-05,-7.050000000000112e-05,-9.349999999999983e-05,-9.899999999999493e-05
2026-02-17,4.24999999999974e-05,3.0499999999999278e-05,-3.300000000004688e-06,-2.3700000000001498e-05,-3.790000000000043e-05,-6.919999999999496e-05,-8.150000000000171e-05,-0.00011150000000000049,-0.0001004999999999999,-0.00011650000000000549
2026-02-18,-8.49999999999948e-05,-7.000000000000062e-06,3.350000000000228e-05,2.6000000000001716e-05,3.290000000000237e-05,3.069999999999809e-05,3.700000000000231e-05,4.65000000000014e-05,2.3499999999999216e-05,2.4500000000000216e-05
2026-02-19,4.9999999999980616e-06,4.09999999999959e-05,6.400000000000156e-05,6.450000000000206e-05,5.5499999999999994e-05,4.599999999999743e-05,3.449999999999981e-05,4.149999999999987e-05,4.200000000000037e-05,3.900000000000431e-05
2026-02-20,4.60000000000009e-05,8.050000000000418e-05,4.60000000000009e-05,2.9999999999998778e-05,-6.500000000003031e-06,1.2500000000002093e-05,-3.700000000000231e-05,-4.980000000000262e-05,-4.65000000000014e-05,-4.85000000000034e-05
2026-02-23,3.900000000000084e-05,-0.00011900000000000105,-0.0002475000000000012,-0.000283000000000002,-0.00026299999999999935,-0.0003019000000000008,-0.0002454999999999992,-0.00023420000000000038,-0.0002485000000000022,-0.00025049999999999725
2026-02-24,6.499999999999909e-05,6.0500000000001525e-05,5.7999999999999025e-05,3.550000000000428e-05,1.5499999999998154e-05,9.399999999999686e-06,-8.000000000001062e-06,-2.5499999999997747e-05,-2.9499999999998278e-05,-2.5500000000004686e-05
2026-02-25,-7.200000000000262e-05,-4.799999999999943e-05,-2.7999999999996777e-05,-3.750000000000281e-05,-3.949999999999787e-05,-4.29999999999979e-05,-3.549999999999734e-05,-4.9400000000001526e-05,-4.65000000000014e-05,-3.94999999999944e-05
2026-02-26,-2.9999999999995308e-05,1.4999999999980307e-06,-5.250000000000393e-05,-4.500000000000337e-05,-5.6500000000000994e-05,-5.259999999999987e-05,-0.00010249999999999843,-9.359999999999924e-05,-0.00010199999999999793,-0.00011500000000000399
2026-02-27,-0.0001575000000000014,-0.0003384999999999985,-0.0004070000000000011,-0.00047499999999999626,-0.0005005000000000009,-0.000500900000000002,-0.00047000000000000167,-0.0004490000000000015,-0.0004289999999999988,-0.00040950000000000014
2026-03-02,0.0003894999999999975,0.0007980000000000001,0.0009325000000000028,0.0008710000000000002,0.000840500000000001,0.0007745000000000009,0.0007584999999999988,0.0007290000000000005,0.0006604999999999979,0.0006335000000000021
2026-03-03,0.00041500000000000217,0.0006909999999999972,0.0006245000000000001,0.0006735000000000005,0.0006700000000000005,0.0005995000000000028,0.0005065,0.00045249999999999804,0.00044700000000000295,0.0004019999999999996
2026-03-04,-9.649999999999936e-05,-0.0002679999999999974,-0.00020749999999999935,-0.0002149999999999999,-0.00018369999999999845,-8.550000000000224e-05,-4.900000000000043e-05,-3.699999999999537e-05,-3.500000000000031e-05,-1.6000000000002124e-05
2026-03-05,0.00044149999999999745,0.001166999999999998,0.001135500000000001,0.0012654999999999993,0.0012036999999999985,0.001110499999999997,0.0010270000000000001,0.0009699999999999986,0.0009300000000000003,0.0008704999999999997
2026-03-06,0.0006344999999999996,0.0007845000000000005,0.0008614999999999977,0.0006059999999999989,0.0003004999999999987,0.00033650000000000346,0.0003464999999999996,0.00028249999999999803,0.00014819999999999764,0.00022350000000000494
2026-03-09,0.0006305000000000026,0.00028499999999999706,0.00013900000000000023,0.00011400000000000299,0.0003520000000000016,0.00012449999999999614,2.8500000000000747e-05,3.100000000000325e-05,0.00017580000000000026,0.0001429999999999973
2026-03-10,-0.00021500000000000338,-0.0007559999999999963,-0.000848500000000002,-0.0006940000000000002,-0.00022400000000000198,-0.00046849999999999323,-0.0003489999999999986,-0.0003155000000000033,-0.0002649999999999979,-0.00038699999999999846
2026-03-11,0.0003650000000000042,0.0012494999999999971,0.001350000000000004,0.0011959999999999957,0.000682000000000002,0.001057499999999996,0.0009849999999999998,0.0010040000000000014,0.0008584999999999982,0.0009099999999999976
2026-03-12,0.0007045000000000003,0.0006545000000000023,0.000559999999999998,0.0004590000000000011,0.00036649999999999877,0.0003405000000000005,0.00032949999999999993,0.0003060000000000042,0.000341000000000001,0.00025290000000000035
2026-03-13,0.00038549999999999696,0.0002593999999999999,0.00027500000000000094,0.00028749999999999956,0.00027740000000000056,0.0002649999999999979,0.00027600000000000194,0.0002574999999999973,0.0002689999999999984,0.0003570999999999991
2026-03-16,-0.00031999999999999737,-0.0005228999999999998,-0.0005985000000000018,-0.0005819999999999957,-0.000662900000000001,-0.0005329999999999953,-0.0005230000000000026,-0.00047000000000000167,-0.0004944999999999984,-0.0004854999999999998
2026-03-17,0.00012999999999999817,-8.350000000000024e-05,-0.00012900000000000064,-0.00018150000000000457,-7.899999999999574e-05,-0.00020250000000000476,-0.00026349999999999985,-0.00030749999999999875,-0.0002735000000000029,-0.00028450000000000003
2026-03-18,0.00024000000000000063,0.0005255000000000017,0.0005369999999999993,0.0005055000000000025,0.00048749999999999835,0.0003745000000000033,0.00043450000000000086,0.0004021999999999984,0.0003580000000000007,0.0003500000000000031
2026-03-19,0.0007699999999999999,0.001508499999999996,0.0012330000000000015,0.0010069999999999975,0.0007924999999999981,0.0006529999999999973,0.000449999999999999,0.00033330000000000165,0.00026750000000000385,0.00017499999999999807
2026-03-20,0.001394999999999997,0.0008402000000000028,0.0008457000000000013,0.0008467000000000023,0.0008275000000000018,0.0009524999999999985,0.0009045000000000025,0.0008969999999999985,0.0009114999999999991,0.0008869999999999989
2026-03-23,-0.0003699999999999988,-0.0008862000000000002,-0.0008587000000000039,-0.0007642000000000031,-0.0006561999999999991,-0.0006729999999999965,-0.0005450000000000003,-0.00044529999999999917,-0.000452000000000001,-0.0003499999999999996
2026-03-24,0.0013695000000000027,0.0014219999999999997,0.001185000000000002,0.0010165000000000035,0.0008261999999999992,0.0008839999999999994,0.0007129999999999984,0.000645299999999998,0.0006679999999999985,0.0005705000000000016
2026-03-25,-0.0007144999999999999,-0.0008009999999999996,-0.0007655000000000023,-0.0007120000000000008,-0.0006134999999999995,-0.0008124999999999973,-0.0007050000000000008,-0.000732499999999997,-0.0007945000000000001,-0.0007600000000000003
2026-03-26,0.00047499999999999626,0.0009399999999999999,0.0010600000000000054,0.0010884000000000033,0.0012535000000000011,0.0011719999999999994,0.0011474999999999992,0.0011344999999999966,0.001129500000000002,0.001122500000000002
2026-03-27,-0.00023499999999999563,-0.00013900000000000023,-7.700000000000415e-05,4.0599999999998276e-05,-1.7700000000002436e-05,0.0001794999999999991,0.0002500000000000002,0.00027800000000000047,0.00028699999999999906,0.00031499999999999584
2026-03-30,-0.0002050000000000038,-0.0006374999999999992,-0.0006953999999999988,-0.0007135000000000023,-0.0007022999999999995,-0.0006672000000000032,-0.0006593999999999975,-0.000668499999999999,-0.000622000000000001,-0.0005899999999999968
2026-03-31,-0.0003049999999999997,-0.00020449999999999982,-0.0002222999999999982,-0.0002899999999999986,-0.0007799999999999994,-0.00036179999999999893,-0.00035960000000000505,-0.000335499999999999,-0.00034199999999999856,-0.00037900000000000086
2026-04-01,-0.0001899999999999992,-0.0003075000000000022,-0.00029830000000000134,-0.0002706000000000028,0.00017019999999999536,-0.00028449999999999656,-0.0002659999999999954,-0.00024200000000000263,-0.00024249999999999966,-0.0002375000000000016
2026-04-02,8.000000000000021e-05,0.0001363000000000024,8.79999999999978e-05,3.9100000000003715e-05,0.00011980000000000324,3.849999999999687e-05,3.0000000000002247e-05,3.700000000000231e-05,4.44999999999994e-05,7.050000000000112e-05
2026-04-03,5.000000000001531e-06,,,,0.0,,,,,
2026-04-06,-9.999999999999593e-06,-1.6800000000000842e-05,,8.149999999999824e-05,1.9999999999999185e-05,,5.9999999999997555e-05,,6.499999999999909e-05,
2026-04-07,0.0007899999999999956,0.0009750000000000002,,0.0009549999999999975,0.0009000000000000015,,0.0009025000000000005,,0.0008469999999999971,
2026-04-08,-0.0013799999999999993,-0.002114999999999999,-0.0020989999999999967,-0.0019490999999999953,-0.001733000000000002,-0.0017979999999999975,-0.0016955000000000026,-0.0016320000000000015,-0.0015549999999999974,-0.0014499999999999964
2026-04-09,-0.00032499999999999543,2.7099999999998653e-05,0.00014949999999999686,0.00015959999999999586,7.300000000000015e-05,0.0002539999999999973,0.0002755000000000049,0.00031050000000000175,0.000335499999999999,0.0002664999999999994
2026-04-10,0.0005749999999999957,0.0007728999999999965,0.000733000000000001,0.0007144999999999999,0.0007100000000000023,0.0007134999999999989,0.0007174999999999959,0.0007051000000000002,0.0006880000000000046,0.0007335000000000015
2026-04-13,5.050000000000193e-05,0.00019750000000000323,9.30000000000028e-05,0.0002600000000000033,0.00011999999999999858,0.00015000000000000083,0.00012999999999999817,8.690000000000087e-05,9.69999999999964e-05,0.0002076999999999947
2026-04-14,-0.0003820000000000004,-0.0008645000000000007,-0.0007130000000000018,-0.0007904999999999995,-0.0006029999999999959,-0.0006084999999999979,-0.0005699999999999976,-0.0005094999999999995,-0.0004929999999999969,-0.0005777000000000004
2026-04-15,1.4999999999980307e-06,0.00011700000000000252,0.0001339999999999987,0.00011049999999999949,0.0001541999999999967,0.0001784999999999981,0.0001899999999999992,0.0002270000000000015,0.00021900000000000044,0.0002264000000000016
2026-04-16,-0.0001899999999999992,-0.0001400000000000047,-8.000000000000021e-05,2.4999999999997247e-05,8.980000000000099e-05,1.000000000001e-06,-1.7499999999996685e-05,-3.750000000000281e-05,-1.8000000000004124e-05,-1.890000000000225e-05
2026-04-17,-0.0009349999999999983,-0.0013059999999999981,-0.001235499999999997,-0.001188999999999999,-0.001140600000000002,-0.001004999999999999,-0.000902500000000004,-0.0008720000000000012,-0.000845499999999999,-0.0008274999999999984
2026-04-20,0.00035500000000000115,0.0006309999999999996,0.0005444999999999964,0.00040799999999999864,0.00029960000000000056,0.00027399999999999647,0.00023000000000000104,0.00020950000000000135,0.00021400000000000238,0.0002030000000000018
2026-04-21,0.0003374999999999975,0.0005343000000000014,0.0005210000000000041,0.000506000000000003,0.0004607999999999973,0.000452500000000005,0.00041000000000000064,0.0003849999999999999,0.0003099999999999978,0.0002669999999999999
2026-04-22,0.0001925000000000017,0.00037100000000000327,0.00036749999999999977,0.00030749999999999875,0.00022920000000000232,0.00019749999999999976,0.00014899999999999983,0.00011550000000000102,0.0001250000000000001,0.00010999999999999899
2026-04-23,0.00020749999999999935,4.9699999999996275e-05,8.399999999998686e-06,2.2500000000001685e-05,-8.999999999998592e-06,-7.050000000000112e-05,-7.650000000000018e-05,-0.00010050000000000336,-0.00011399999999999952,-0.00012000000000000205
2026-04-24,7.750000000000118e-05,-8.99999999999998e-05,-0.00012989999999999877,-0.00017550000000000204,-0.00012100000000000305,-0.00011950000000000155,-0.00011350000000000249,-9.999999999999593e-05,-9.599999999999886e-05,-6.399999999999809e-05
2026-04-27,0.0002649999999999979,0.0002999999999999982,0.0003405000000000005,0.0003615000000000042,0.00032000000000000084,0.00035500000000000115,0.0003435000000000035,0.0003559999999999987,0.0003559999999999987,0.00033400000000000096
2026-04-28,0.000394000000000002,0.0006490000000000003,0.0005534999999999984,0.0005189999999999986,0.0005160000000000026,0.00045399999999999954,0.0004279999999999978,0.00040000000000000105,0.0003750000000000038,0.0003599999999999992
2026-04-29,0.0007034999999999993,0.0009110000000000021,0.0008300000000000009,0.000730999999999999,0.0006649999999999989,0.0006010000000000008,0.0005265000000000027,0.00047499999999999973,0.00041499999999999523,0.00038100000000000286
2026-04-30,-0.00018750000000000364,-0.000734499999999999,-0.0008148000000000009,-0.0008260000000000003,-0.0008209999999999988,-0.0007790000000000019,-0.0007400000000000011,-0.0007109999999999998,-0.0006724999999999995,-0.0006610000000000019
2026-05-01,0.0,,,2.9999999999998778e-05,,,,,,
2026-05-04,0.0007025000000000017,0.0008904999999999989,0.0007847999999999987,0.0006780000000000015,0.0006599999999999974,0.0006190000000000015,0.0005830000000000002,0.0005604999999999985,0.0005374999999999998,0.0005299999999999958
2026-05-05,-0.0005749999999999991,-0.0006307999999999973,-0.0005678999999999962,-0.00047900000000000373,-0.00042000000000000023,-0.00038849999999999996,-0.0003635000000000027,-0.00034099999999999756,-0.0003099999999999978,-0.00031999999999999737
2026-05-06,-0.0006054999999999984,-0.0009052000000000018,-0.0008371000000000003,-0.0009289999999999958,-0.0008194999999999973,-0.0007530000000000002,-0.0007189999999999974,-0.0007010000000000037,-0.0006960000000000022,-0.0006454999999999968
2026-05-07,3.799999999999984e-05,0.00011999999999999858,0.00011499999999999705,0.00021700000000000191,0.0001694999999999995,0.0001229999999999981,9.89999999999984e-05,0.00011200000000000099,0.00010100000000000386,0.00010199999999999793
2026-05-08,-0.00029000000000000206,-0.0001559999999999999,-0.00012900000000000064,-0.00011100000000000346,-0.00015000000000000083,-0.00015149999999999886,-0.00012749999999999914,-0.00013549999999999673,-0.00011600000000000152,-0.0001244999999999996
2026-05-11,0.0004070000000000011,0.0005529999999999979,0.0005250000000000012,0.00047399999999999873,0.0004349999999999979,0.00042299999999999977,0.0004139999999999977,0.0004060000000000001,0.00039599999999999705,0.00038799999999999946
2026-05-12,0.0003390000000000025,0.0006105000000000034,0.0006940000000000002,0.0006999999999999992,0.0006915000000000011,0.000672500000000003,0.0006490000000000037,0.0006309999999999961,0.000619500000000002,0.0005999999999999964
2026-05-13,0.00015499999999999542,-0.00011500000000000399,-0.0001025000000000019,-0.0001239999999999991,-0.0001349999999999997,-0.00014400000000000177,-0.0001480000000000023,-0.00015350000000000086,-0.00016500000000000195,-0.00014499999999999583
2026-05-14,-0.00027199999999999794,-0.00036349999999999577,-0.00040749999999999814,-0.00039549999999999655,-0.00041049999999999767,-0.00040849999999999914,-0.0004040000000000016,-0.0003929999999999975,-0.0003809999999999994,-0.00038599999999999746
2026-05-15,0.0005409999999999998,0.0009184999999999992,0.0010550000000000004,0.0011379999999999967,0.001232999999999998,0.0012489999999999966,0.0012670000000000008,0.0012714999999999983,0.0012705000000000008,0.0012670000000000008
2026-05-18,2.0000000000002655e-05,-0.00016050000000000092,-0.0001270000000000021,-0.00013749999999999873,-0.0001244999999999996,-7.299999999999668e-05,-7.549999999999571e-05,-0.0001784999999999981,-0.0001784999999999981,-0.0001835000000000031
2026-05-19,0.00020799999999999638,0.00032749999999999793,0.0003150000000000028,0.0003489999999999986,0.0002944999999999996,0.00025149999999999825,0.00024899999999999575,0.0004129999999999967,0.00035450000000000065,0.000397500000000002
2026-05-20,-0.0005679999999999991,-0.000897999999999996,-0.0009140000000000016,-0.0010444999999999968,-0.0009014999999999995,-0.0008700000000000027,-0.0008599999999999997,-0.0010299999999999962,-0.0009465000000000029,-0.0009425000000000058
2026-05-21,0.00013799999999999923,0.00020999999999999838,0.00011600000000000152,0.0001764999999999961,2.2000000000001185e-05,-1.6499999999995685e-05,-2.6999999999999247e-05,7.699999999999721e-05,6.299999999999709e-05,2.0500000000006624e-05
2026-05-22,-0.00042100000000000123,-0.00043450000000000086,-0.0004300000000000033,-0.00044099999999999695,-0.00044700000000000295,-0.00045550000000000104,-0.0004585000000000006,-0.0004694999999999977,-0.00046449999999999617,-0.0004840000000000018
2026-05-25,-0.0008269999999999979,-0.0010919999999999992,-0.0010849999999999957,-0.001076000000000004,-0.0010574999999999994,-0.0009984999999999994,-0.0009689999999999976,-0.0009545000000000005,-0.0009489999999999985,-0.000896000000000001
2026-05-26,1.2999999999999123e-05,0.00023250000000000007,0.00022149999999999948,0.0002475000000000012,0.0002500000000000002,0.00022149999999999948,0.00021649999999999794,0.00023099999999999857,0.00023699999999999763,0.000226500000000001
2026-05-27,0.0001794999999999991,7.000000000000062e-06,-5.500000000002031e-06,2.5000000000000716e-05,6.0000000000001025e-05,8.000000000000021e-05,7.949999999999971e-05,0.00010000000000000286,9.500000000000133e-05,0.00010500000000000093
2026-05-28,-0.00012749999999999567,-0.00028450000000000003,-0.0003405000000000005,-0.0003574999999999967,-0.0003564999999999992,-0.0003615000000000007,-0.0003549999999999977,-0.00035700000000000315,-0.0003520000000000016,-0.0003500000000000031
2026-05-29,0.00010449999999999696,-0.00014500000000000277,-0.0002139999999999989,-0.00020600000000000132,-0.0001889999999999982,-0.00018199999999999814,-0.00016700000000000048,-0.00019199999999999773,-0.00014300000000000077,-0.00015350000000000086
2026-06-01,0.000513000000000003,0.0009500000000000029,0.0009410000000000009,0.0008634999999999997,0.000781999999999998,0.0007519999999999957,0.0007185000000000004,0.0007335000000000015,0.0006965000000000027,0.0006900000000000031
2026-06-02,9.049999999999683e-05,-6.499999999999909e-05,-0.0001465000000000008,-0.0001715000000000015,-0.0001565000000000004,-0.00017149999999999804,-0.00017850000000000157,-0.00019399999999999973,-0.0002165000000000014,-0.00021099999999999938
2026-06-03,0.0002640000000000038,0.000499999999999997,0.0005739999999999981,0.0005940000000000042,0.0005954999999999988,0.0005739999999999981,0.0005524999999999974,0.0005354999999999978,0.0005199999999999996,0.0004949999999999989
2026-06-04,1.7999999999997185e-05,-0.00010800000000000046,-0.00013999999999999777,-0.00015500000000000583,-0.00019800000000000026,-0.00015099999999999836,-0.0001449999999999993,-0.0001380000000000027,-0.00012950000000000114,-0.00012749999999999914
2026-06-05,0.0002329999999999971,0.00035700000000000315,0.0004369999999999999,0.00039849999999999955,0.0003865000000000014,0.00032150000000000234,0.0002950000000000036,0.00027450000000000044,0.00024450000000000166,0.00023049999999999807
2026-06-08,4.650000000000487e-05,0.00012200000000000058,0.0001570000000000009,0.00022900000000000004,0.0002494999999999997,0.0002574999999999973,0.00026249999999999885,0.0002610000000000008,0.00027399999999999994,0.00026650000000000285
2026-06-09,-0.00013950000000000073,-0.0003590000000000017,-0.00037600000000000133,-0.000389999999999998,-0.00033350000000000046,-0.00030050000000000215,-0.0002649999999999979,-0.00022900000000000004,-0.00022050000000000194,-0.00019300000000000567
2026-06-10,0.00026500000000000135,0.0004697999999999994,0.0004569999999999991,0.0004599999999999986,0.0004200000000000037,0.0004105000000000046,0.0003794999999999979,0.00035700000000000315,0.00034299999999999956,0.00033550000000000246
2026-06-11,-8.700000000000374e-05,-0.00030679999999999943,-0.0003569999999999962,-0.0004035000000000011,-0.00042400000000000423,-0.0004390000000000019,-0.00045399999999999954,-0.0004609999999999996,-0.0004594999999999981,-0.00045099999999999654
2026-06-12,-0.00036699999999999927,-0.0006424999999999972,-0.000618000000000004,-0.0005744999999999952,-0.0005269999999999962,-0.0004969999999999974,-0.00045450000000000004,-0.00042450000000000127,-0.0003919999999999965,-0.0004010000000000055
2026-06-15,-0.00027599999999999847,-0.000338500000000002,-0.0003494999999999991,-0.00032450000000000187,-0.00031450000000000575,-0.0002975000000000026,-0.00027850000000000097,-0.00025400000000000075,-0.00030150000000000315,-0.00022949999999999707
2026-06-16,-9.99999999999994e-05,-0.00010040000000000049,-0.00017850000000000157,-0.0002500000000000002,-0.00030399999999999525,-0.00032400000000000137,-0.0003275000000000014,-0.0003575000000000002,-0.00030950000000000075,-0.00036749999999999977
2026-06-17,0.0001344999999999992,0.00013990000000000183,0.00015050000000000133,0.00013050000000000214,0.00011599999999999805,8.199999999999874e-05,4.100000000000284e-05,2.3499999999999216e-05,-5.000000000001531e-06,-2.2999999999998716e-05
2026-06-18,6.350000000000106e-05,9.149999999999783e-05,0.00010769999999999877,0.00011499999999999705,9.400000000000033e-05,6.600000000000356e-05,4.29999999999979e-05,1.9500000000002154e-05,5.999999999999062e-06,-5.999999999999062e-06
2026-06-19,0.0003419999999999951,0.00048000000000000126,0.0005098000000000012,0.0005045000000000015,0.0005194999999999991,0.0005290000000000017,0.0005420000000000043,0.0005469999999999989,0.0005600000000000015,0.0005659999999999971
2026-06-22,-0.00024899999999999575,-0.0003730000000000018,-0.00037399999999999933,-0.0003394999999999995,-0.0003175000000000018,-0.00030000000000000165,-0.00028600000000000153,-0.00027500000000000094,-0.00027549999999999797,-0.0002664999999999994
2026-06-23,-2.1000000000000185e-05,-0.00016700000000000048,-0.00024550000000000266,-0.00030050000000000215,-0.0003229999999999969,-0.00034,-0.0003275000000000014,-0.0003275000000000014,-0.00033200000000000243,-0.00032100000000000184
2026-06-24,-0.0002649999999999979,-0.000278999999999998,-0.00030649999999999775,-0.000341000000000001,-0.00036900000000000127,-0.0003880000000000029,-0.0004269999999999968,-0.0004474999999999965,-0.0004484999999999975,-0.0004725000000000007
2026-06-25,-0.00018600000000000214,-0.00023149999999999907,-0.00018349999999999964,-0.00012899999999999717,-0.00011049999999999949,-0.00010199999999999446,-9.30000000000028e-05,-8.650000000000324e-05,-9.349999999999983e-05,-8.99999999999998e-05
2026-06-26,-0.00014899999999999983,-0.0001444999999999988,-0.00013950000000000073,-0.00012300000000000158,-0.00011099999999999999,-9.800000000000433e-05,-9.349999999999983e-05,-8.64999999999963e-05,-7.150000000000212e-05,-6.250000000000006e-05
2026-06-29,0.0001349999999999997,0.00018499999999999767,0.00016900000000000248,0.00015000000000000083,0.00010699999999999946,9.30000000000028e-05,8.000000000000021e-05,7.299999999999668e-05,6.0999999999998555e-05,4.300000000000137e-05
2026-06-30,-0.00026249999999999885,-0.00022050000000000194,-0.00016000000000000042,-0.00012949999999999767,-7.150000000000212e-05,-5.5499999999999994e-05,-4.050000000000234e-05,-1.5499999999998154e-05,-1.0499999999996623e-05,1.699999999996843e-06
2026-07-01,-0.0001955000000000047,-0.00011299999999999852,-2.8500000000000747e-05,5.2499999999996994e-05,6.800000000000209e-05,0.00010499999999999746,0.00013150000000000314,0.00013300000000000117,0.00015000000000000083,0.00016980000000000467
2026-07-02,-8.69999999999968e-05,-2.2000000000001185e-05,9.84999999999979e-05,0.00013050000000000214,0.00020749999999999935,0.0002280000000000025,0.00026500000000000135,0.0002919999999999971,0.00032049999999999787,0.00032799999999999843
2026-07-03,0.00012000000000000205,0.00026550000000000185,0.00030150000000000315,0.0002994999999999977,0.0002700000000000029,0.0002774999999999965,0.00025999999999999635,0.00024050000000000113,0.00023000000000000104,0.00023000000000000104
2026-07-06,9.999999999975306e-07,1.6499999999999154e-05,1.4999999999997654e-05,4.55000000000004e-05,7.199999999999568e-05,8.000000000000021e-05,9.94999999999989e-05,0.00011950000000000155,0.00012950000000000114,0.00013599999999999723
2026-07-07,0.0002580000000000013,0.00042200000000000223,0.0004735000000000017,0.0004950000000000024,0.0005280000000000042,0.0005225000000000056,0.0005155000000000021,0.000505999999999996,0.000500999999999998,0.0004945000000000019
2026-07-08,0.0008819999999999974,0.0011529999999999978,0.0011750000000000024,0.001119499999999999,0.0010624999999999975,0.0010274999999999972,0.0009954999999999999,0.0009665000000000055,0.0009335000000000003,0.000899999999999998
2026-07-09,-0.00014100000000000223,-0.00045149999999999704,-0.000515000000000005,-0.0004630000000000016,-0.0004259999999999958,-0.000390999999999999,-0.0003825000000000009,-0.0003620000000000012,-0.00035149999999999765,-0.00032949999999999646
2026-07-10,0.0001300000000000051,0.00011999999999999858,0.00011500000000000399,4.300000000000137e-05,3.4999999999965614e-06,-3.200000000000078e-05,-5.199999999999996e-05,-7.900000000000268e-05,-0.0001025000000000019,-0.0001244999999999996
2026-07-13,0.0005954999999999988,0.0007834999999999995,0.000719999999999995,0.0007990000000000011,0.0006790000000000025,0.0006020000000000018,0.000561500000000003,0.000561500000000003,0.0005350000000000008,0.0005119999999999986
2026-07-14,7.849999999999871e-05,4.849999999999646e-05,4.000000000000184e-05,-0.0001015000000000009,-3.850000000000034e-05,-1.3499999999999623e-05,-2.8500000000000747e-05,-6.200000000000302e-05,-7.200000000000262e-05,-7.599999999999968e-05
2026-07-15,0.0003160000000000003,0.0001270000000000021,8.250000000000271e-05,6.849999999999912e-05,6.849999999999912e-05,6.949999999999665e-05,8.79999999999978e-05,0.00010850000000000096,0.0001270000000000021,0.0001404999999999948
2026-07-16,7.000000000000062e-06,0.00019000000000000267,0.00020499999999999685,0.00016700000000000048,0.00018750000000000017,0.00018299999999999914,0.00019150000000000417,0.00015649999999999692,0.00014999999999999736,0.00013600000000000417
2026-07-17,0.00024300000000000016,0.0003144999999999988,0.00028500000000000053,0.0002920000000000006,0.00020949999999999788,0.00016700000000000048,0.00010649999999999549,0.0001025000000000019,7.500000000000562e-05,5.000000000000143e-05
2026-07-20,-8.499999999999827e-05,-5.3499999999997994e-05,1.8500000000001154e-05,6.999999999999715e-05,0.00010599999999999846,0.0001339999999999987,0.00016050000000000092,0.000174000000000004,0.00019399999999999973,0.00020850000000000035
2026-07-21,3.0000000000002247e-05,0.00012199999999999711,0.0001444999999999988,0.0001349999999999997,0.0001480000000000023,0.0001270000000000021,0.00012699999999999864,0.00010399999999999993,0.00010849999999999749,0.00010149999999999743
2026-07-22,0.00028499999999999706,0.0003804999999999989,0.00036199999999999774,0.0003195000000000038,0.0002500000000000002,0.0002155000000000004,0.0001565000000000004,0.00012849999999999667,7.800000000000168e-05,5.050000000000193e-05
2026-07-23,0.00024000000000000063,0.0004500000000000025,0.00041300000000000364,0.00038050000000000236,0.00034299999999999956,0.0003239999999999979,0.0002980000000000031,0.00027950000000000197,0.00026349999999999985,0.00023999999999999716
2026-07-24,-0.00019000000000000267,-0.0004970000000000009,-0.00047849999999999976,-0.0004300000000000033,-0.00037649999999999836,-0.0003405000000000005,-0.0002935000000000021,-0.0002730000000000024,-0.00024700000000000416,-0.00021949999999999747
2026-07-27,-0.00033199999999999896,-0.0004959999999999964,-0.0005520000000000039,-0.0004985000000000024,-0.000504000000000001,-0.0005049999999999985,-0.0004850000000000028,-0.00046549999999999717,-0.00046149999999999664,-0.000449999999999999
2026-07-28,-0.0003180000000000023,-0.0003640000000000067,-0.0003699999999999988,-0.0003424999999999956,-0.0003735000000000023,-0.00034,-0.00032849999999999546,-0.0003144999999999988,-0.00029749999999999915,-0.00027749999999999997
2026-07-29,0.0003600000000000027,0.0007210000000000029,0.000789500000000002,0.000719999999999995,0.0007685000000000053,0.0007099999999999988,0.0006964999999999957,0.0006479999999999958,0.000620500000000003,0.0005939999999999973
2026-07-30,-0.00032400000000000137,-0.0005870000000000007,-0.0005475000000000028,-0.0004789999999999968,-0.00045000000000000595,-0.0003549999999999977,-0.00031649999999999734,-0.0002489999999999992,-0.0002065000000000053,-0.0001754999999999951
2026-07-31,0.0004640000000000026,0.0006565000000000008,0.0007130000000000018,0.0006855000000000021,0.0006945000000000041,0.0006749999999999985,0.0006739999999999975,0.0006600000000000009,0.0006530000000000008,0.0006419999999999967
2026-08-03,-0.0002500000000000037,-0.0004860000000000003,-0.000557499999999999,-0.0005730000000000041,-0.0005820000000000027,-0.0005889999999999992,-0.0005904999999999973,-0.0005800000000000007,-0.0005790000000000031,-0.0005775000000000016
2026-08-04,-0.0002669999999999999,-0.0005275000000000002,-0.0005719999999999996,-0.0005754999999999996,-0.0005464999999999984,-0.000511000000000001,-0.0004794999999999973,-0.0004574999999999996,-0.00042949999999999586,-0.00040499999999999564
2026-08-05,2.2000000000001185e-05,0.00011999999999999858,0.0001444999999999988,0.00011950000000000155,8.649999999999977e-05,9.25000000000023e-05,4.950000000000093e-05,5.2499999999996994e-05,3.649999999999834e-05,2.3499999999995747e-05
2026-08-06,7.499999999999868e-05,0.00033750000000000446,0.0003850000000000034,0.0004254999999999988,0.00041799999999999823,0.0003814999999999999,0.00038449999999999596,0.0003550000000000046,0.000338999999999999,0.0003270000000000009
2026-08-07,-0.0001339999999999987,-0.00016300000000000342,-0.00014500000000000624,-0.00016099999999999795,-0.0001519999999999959,-0.00013950000000000073,-0.00014300000000000077,-0.00012999999999999817,-0.0001280000000000031,-0.0001224999999999976
2026-08-10,0.00015450000000000186,0.00040950000000000014,0.0004615000000000036,0.0005339999999999998,0.0005164999999999996,0.0004854999999999998,0.0004845000000000023,0.00045999999999999514,0.00039200000000000346,0.0003814999999999999
2026-08-11,-0.00020649999999999835,-0.0002454999999999992,-0.0002534999999999968,-0.0003339999999999975,-0.00032000000000000084,-0.0003044999999999992,-0.0003055000000000037,-0.0003025000000000007,-0.00023749999999999466,-0.00023550000000000654
2026-08-12,0.00015099999999999836,4.900000000000043e-05,2.3499999999995747e-05,6.149999999999906e-05,2.2999999999998716e-05,5.350000000000146e-05,4.500000000000337e-05,4.150000000000334e-05,4.999999999935612e-07,-1.4999999999945612e-06
2026-08-13,-0.00015000000000000083,-0.00024450000000000166,-0.00027499999999999747,-0.0002960000000000046,-0.0002620000000000018,-0.00028600000000000153,-0.00027900000000000147,-0.00028850000000000056,-0.0002334999999999976,-0.00022900000000000004
2026-08-14,0.00028500000000000053,0.00043400000000000036,0.0005415000000000003,0.0005775000000000051,0.0006194999999999985,0.0006490000000000003,0.0006835000000000001,0.0007234999999999984,0.0007374999999999951,0.0007590000000000027
2026-08-17,9.449999999999736e-05,7.999999999997592e-06,5.499999999998562e-06,4.449999999999593e-05,0.00010900000000000493,0.00011749999999999955,9.10000000000008e-05,0.00010600000000000193,0.00011000000000000593,0.00011949999999999461
2026-08-18,0.000282000000000001,0.0004510000000000035,0.0004475,0.00041150000000000214,0.0003449999999999981,0.00032999999999999696,0.0003485000000000016,0.00033099999999999796,0.00031849999999999934,0.0003095000000000042
2026-08-19,0.00020599999999999785,0.00020399999999999932,0.0002040000000000028,0.00020249999999999782,0.00019650000000000223,0.00017700000000000354,0.0001429999999999973,0.00013250000000000067,0.00011150000000000049,9.15000000000013e-05
2026-08-20,-1.2499999999995154e-05,-0.00011699999999999905,-0.00013350000000000167,-0.00010850000000000096,-9.10000000000008e-05,-9.60000000000058e-05,-7.599999999999968e-05,-8.299999999999974e-05,-7.399999999999768e-05,-7.450000000000512e-05
2026-08-21,0.00013099999999999917,5.9500000000000525e-05,5.2999999999997494e-05,3.550000000000428e-05,1.7499999999996685e-05,1.2500000000005562e-05,5.0000000000050004e-06,3.4999999999965614e-06,1.9999999999950613e-06,-1.9999999999950613e-06
2026-08-24,0.00021149999999999988,0.0001999999999999988,0.00011249999999999802,6.699999999999762e-05,2.7500000000003216e-05,9.999999999996123e-06,-9.000000000002062e-06,-4.999999999999449e-05,-6.0999999999998555e-05,-6.800000000000556e-05
2026-08-25,-0.0003935000000000015,-0.0005874999999999977,-0.0005809999999999982,-0.000556499999999998,-0.0005275000000000002,-0.0005129999999999961,-0.0004770000000000052,-0.00044399999999999995,-0.00042099999999999776,-0.00040549999999999614
2026-08-26,0.00027950000000000197,0.0004380000000000009,0.0004865000000000008,0.0004994999999999965,0.00048649999999999735,0.0004840000000000018,0.0004735000000000017,0.0004694999999999977,0.0004720000000000002,0.0004569999999999991
2026-08-27,-5.149999999999946e-05,2.2999999999998716e-05,6.499999999999909e-05,6.300000000000056e-05,0.00011350000000000249,0.00011599999999999805,8.79999999999978e-05,8.050000000000418e-05,7.149999999999518e-05,7.950000000000318e-05
2026-08-28,0.00026999999999999594,0.000504499999999998,0.0004984999999999955,0.0004689999999999972,0.0003974999999999951,0.0003594999999999987,0.0003500000000000031,0.0003409999999999941,0.0003115000000000062,0.00029299999999999465
2026-08-31,0.000173000000000003,0.00024150000000000213,0.0002590000000000023,0.00026850000000000485,0.00029250000000000803,0.0003105000000000052,0.00031849999999999934,0.0003090000000000037,0.0003084999999999963,0.00032000000000000084
