Date,1Y,2Y,3Y,4Y,5Y,6Y,7Y,8Y,9Y,10Y
2015-11-19,,,,,,,,,,
2015-11-20,-1.4499999999999995,,,,,,,,,
2015-11-23,-0.449999999999999,,,,,,,,,
2015-11-24,0.9999999999999993,2.2999999999999985,,,,,,,,
2015-11-25,-1.3000000000000003,-1.7000000000000013,,,,,,,,
2015-11-26,-0.7999999999999999,-0.899999999999998,-0.9099999999999994,-0.5200000000000001,-0.08000000000000194,0.12999999999999556,0.3199999999999991,0.43999999999999767,0.6400000000000069,0.789999999999992
2015-11-27,-0.10000000000000026,0.449999999999999,0.09999999999999809,-0.49999999999999967,0.08000000000000194,-0.2400000000000015,-0.6499999999999996,-0.7000000000000062,-0.7400000000000028,-0.910000000000008
2015-11-30,0.0,-0.2499999999999985,0.6500000000000006,0.9999999999999999,0.49,0.7000000000000018,1.0500000000000005,1.200000000000003,1.2999999999999992,1.600000000000004
2015-12-01,-1.1999999999999988,-1.600000000000002,-1.9499999999999997,-2.17,-2.490000000000001,-2.249999999999995,-2.3499999999999996,-2.439999999999994,-2.4499999999999957,-2.1799999999999944
2015-12-02,0.2499999999999985,0.2000000000000005,-0.8700000000000006,-0.73,-0.38999999999999974,-0.4100000000000067,-0.400000000000001,0.3199999999999991,0.7299999999999928,0.7399999999999941
2015-12-03,7.050000000000001,11.9,13.270000000000001,17.37,19.15,19.15,19.54,18.82,19.510000000000005,18.639999999999993
2015-12-04,-0.2999999999999997,-1.4999999999999998,-0.0199999999999994,-1.6700000000000004,-2.8299999999999983,-2.4699999999999984,-2.3099999999999943,-2.1800000000000033,-2.9900000000000064,-2.1799999999999944
2015-12-07,-0.7000000000000002,-1.4,-1.9700000000000004,-4.190000000000001,-4.860000000000003,-5.36,-6.2200000000000015,-6.550000000000002,-6.899999999999997,-7.390000000000001
2015-12-08,-0.39999999999999997,-0.39999999999999997,-0.10999999999999996,-0.30999999999999994,-1.1699999999999993,-1.1199999999999968,-1.2100000000000044,-1.769999999999992,-1.9899999999999953,-1.97000000000001
2015-12-09,-0.2999999999999997,-0.49999999999999967,-0.39999999999999997,0.2000000000000005,0.480000000000003,-0.010000000000001327,0.400000000000001,0.8599999999999928,1.0399999999999991,1.020000000000014
2015-12-10,0.0,0.0,-0.4400000000000003,0.15999999999999956,0.5199999999999996,0.3100000000000021,0.21000000000000185,1.2100000000000044,1.499999999999991,1.3200000000000016
2015-12-11,-0.9000000000000002,-2.1,-1.96,-3.0599999999999996,-3.1600000000000033,-2.9600000000000026,-3.310000000000006,-4.589999999999994,-5.239999999999993,-5.079999999999997
2015-12-14,0.39999999999999997,2.5999999999999996,1.45,2.7799999999999994,3.3600000000000034,3.6899999999999955,3.9100000000000072,4.320000000000001,4.619999999999997,4.600000000000003
2015-12-15,0.0,1.7999999999999998,2.52,3.12,3.7899999999999956,4.3600000000000065,5.099999999999992,5.499999999999993,5.720000000000013,5.939999999999991
2015-12-16,0.39999999999999997,-1.2,0.9899999999999997,1.6700000000000004,2.7899999999999974,3.409999999999993,3.2400000000000135,2.9099999999999957,2.6599999999999886,2.6799999999999913
2015-12-17,-0.2999999999999997,-0.9000000000000002,-1.4099999999999995,-2.1699999999999995,-3.879999999999999,-4.999999999999996,-5.550000000000017,-6.01,-6.309999999999996,-6.639999999999997
2015-12-18,-0.2000000000000005,-0.39999999999999997,-1.1500000000000001,-1.9500000000000008,-2.099999999999997,-2.439999999999994,-2.819999999999984,-3.199999999999991,-3.270000000000009,-3.789999999999991
2015-12-21,0.400000000000001,1.1,1.3699999999999999,1.4499999999999995,1.380000000000001,1.4399999999999917,1.609999999999988,1.8099999999999974,1.4300000000000077,1.7599999999999907
2015-12-22,0.6499999999999996,1.4,2.48,2.999999999999999,4.139999999999999,4.45000000000001,4.460000000000011,4.679999999999997,4.859999999999986,4.930000000000004
2015-12-23,-0.15000000000000038,0.30000000000000027,0.8799999999999997,2.09,2.3800000000000034,2.9699999999999953,2.9499999999999926,2.94,2.6800000000000086,2.699999999999994
2015-12-24,0.11999999999999966,0.0,0.7899999999999997,1.1900000000000017,-0.400000000000001,-0.11000000000000593,-0.3399999999999931,-0.7000000000000062,-0.28000000000000247,-0.049999999999980616
2015-12-25,,,-0.5199999999999996,-1.2800000000000007,0.5499999999999949,-0.3099999999999978,0.0,0.2200000000000032,0.13000000000000858,0.0
2015-12-28,-0.11999999999999966,0.2999999999999997,-0.5199999999999996,-1.7500000000000002,-2.899999999999999,-3.599999999999992,-4.270000000000012,-4.989999999999995,-5.470000000000006,-5.750000000000009
2015-12-29,-0.2999999999999997,-0.5000000000000002,0.2400000000000004,2.559999999999999,2.650000000000005,3.1499999999999932,5.659999999999997,5.539999999999998,6.420000000000002,6.899999999999979
2015-12-30,0.0,-0.8999999999999997,-0.4700000000000006,-1.65,-1.100000000000003,-0.38999999999999974,-1.8399999999999928,-0.8199999999999961,-0.8500000000000001,-0.8599999999999928
2015-12-31,0.0,0.19999999999999943,0.39999999999999997,0.2400000000000015,0.0799999999999976,0.1899999999999992,0.25000000000000716,0.3199999999999991,0.449999999999999,0.45999999999999164
2016-01-01,,,0.10000000000000026,0.3500000000000009,-0.0799999999999976,0.0,-0.060000000000007964,-0.30000000000000515,-0.5999999999999929,-0.5499999999999776
2016-01-04,-0.7500000000000009,-0.6999999999999996,-2.3100000000000005,-2.850000000000001,-2.2000000000000015,-3.249999999999998,-4.499999999999999,-5.049999999999994,-5.400000000000006,-4.600000000000003
2016-01-05,-1.0499999999999996,-2.899999999999999,-2.64,-3.3,-3.989999999999996,-3.9499999999999953,-3.1400000000000006,-2.620000000000001,-2.399999999999989,-3.4499999999999984
2016-01-06,-0.3499999999999998,-0.800000000000001,-1.9000000000000001,-2.4799999999999995,-2.9600000000000026,-3.0400000000000045,-3.259999999999999,-3.610000000000002,-3.5000000000000133,-3.67000000000001
2016-01-07,-0.15000000000000038,0.30000000000000077,1.05,1.3799999999999988,0.6499999999999996,0.8699999999999983,1.0000000000000027,1.4799999999999969,1.2399999999999998,1.2900000000000065
2016-01-08,-0.39999999999999997,0.0,-1.0999999999999999,-1.1099999999999999,-0.27999999999999814,-0.7299999999999971,-1.0000000000000027,-1.799999999999996,-2.009999999999998,-2.1699999999999844
2016-01-11,0.0,0.5999999999999983,0.24999999999999994,0.4100000000000002,1.0800000000000003,1.1500000000000008,2.100000000000001,2.9000000000000035,3.369999999999996,3.4999999999999787
2016-01-12,-0.15000000000000038,-1.2999999999999992,-0.55,-0.7999999999999999,-1.100000000000003,-1.100000000000003,-1.510000000000001,-1.8700000000000054,-2.79999999999999,-3.049999999999997
2016-01-13,0.15000000000000038,-0.05000000000000013,-0.24999999999999983,-0.5999999999999994,-1.8499999999999983,-1.8199999999999987,-2.1900000000000044,-3.0300000000000034,-2.650000000000005,-2.7199999999999966
2016-01-14,0.2999999999999997,0.4500000000000001,-0.30000000000000027,0.3749999999999999,1.0749999999999995,0.9200000000000007,0.9700000000000073,2.0000000000000053,2.450000000000004,2.6299999999999937
2016-01-15,-0.39999999999999997,-0.6999999999999996,-0.8999999999999999,-1.6750000000000012,-1.0549999999999968,-1.0500000000000005,-1.5200000000000022,-2.1800000000000033,-2.200000000000006,-2.009999999999998
2016-01-18,0.30000000000000077,0.49999999999999917,0.42500000000000004,0.15000000000000038,-0.970000000000003,-0.7300000000000015,-0.474999999999998,-0.0949999999999996,-0.2000000000000005,-0.3749999999999934
2016-01-19,-0.3500000000000009,-0.6999999999999986,-0.7249999999999998,-0.939999999999999,-0.7300000000000015,-0.6099999999999985,-0.2499999999999985,0.025000000000007655,0.10999999999999725,0.449999999999999
2016-01-20,-1.1499999999999997,-1.3000000000000012,-1.7200000000000006,-2.19,-1.7199999999999984,-2.3099999999999987,-3.7250000000000045,-3.0500000000000145,-3.3899999999999904,-3.775000000000011
2016-01-21,-2.5199999999999996,-4.399999999999999,-4.88,-4.720000000000001,-5.8500000000000005,-5.600000000000001,-4.499999999999999,-5.299999999999992,-5.070000000000005,-4.9499999999999895
2016-01-22,0.020000000000000486,0.6999999999999975,1.0000000000000004,0.7999999999999998,1.5999999999999999,1.9499999999999986,2.139999999999998,2.249999999999995,2.500000000000002,2.7500000000000093
2016-01-25,-0.400000000000001,0.2000000000000005,0.11999999999999966,0.13000000000000017,-0.47500000000000014,-0.7499999999999954,-0.9400000000000033,-0.8499999999999914,-1.349999999999997,-1.0000000000000113
2016-01-26,-0.6999999999999996,-0.899999999999998,-0.7199999999999991,-0.81,-0.7999999999999977,-1.1750000000000043,-1.324999999999998,-1.6400000000000095,-1.4300000000000077,-1.9999999999999967
2016-01-27,0.5999999999999994,1.749999999999998,1.1699999999999982,0.8800000000000001,-1.0000000000000027,-1.250000000000001,-1.5999999999999999,-2.1349999999999927,-2.569999999999994,-2.6249999999999973
2016-01-28,-0.15000000000000038,-1.0500000000000005,-1.0099999999999996,-1.3000000000000003,-0.2649999999999983,-0.474999999999998,-0.5749999999999983,-0.6350000000000019,-0.6000000000000015,-0.8250000000000011
2016-01-29,-2.549999999999998,-3.499999999999996,-3.4599999999999986,-4.08,-4.510000000000002,-5.0,-5.120000000000003,-5.314999999999999,-5.525000000000009,-5.75
2016-02-01,-0.10000000000000026,0.19999999999999618,0.49999999999999917,0.24999999999999958,0.10000000000000026,0.42500000000000004,0.2950000000000045,0.6350000000000019,0.8250000000000011,0.800000000000002
2016-02-02,-0.750000000000002,-1.2999999999999992,-1.96,-1.67,-2.4499999999999997,-2.8000000000000007,-2.999999999999999,-3.110000000000005,-3.6249999999999996,-3.500000000000005
2016-02-03,-0.5499999999999993,-1.3999999999999992,-1.8899999999999992,-2.0199999999999996,-0.7399999999999995,-0.7999999999999977,-1.2450000000000006,-1.7299999999999955,-0.9149999999999957,-1.4000000000000037
2016-02-04,0.10000000000000026,1.3999999999999992,1.9499999999999986,2.0199999999999996,0.8399999999999999,0.9149999999999978,1.7199999999999984,1.6099999999999968,1.2400000000000084,1.600000000000004
2016-02-05,0.0,-1.1999999999999988,-0.15000000000000038,-0.2599999999999993,0.07999999999999978,-0.1599999999999974,-0.2499999999999985,-0.6300000000000056,-1.1000000000000072,-1.5500000000000063
2016-02-08,2.100000000000001,3.399999999999998,0.6000000000000015,-0.15000000000000038,-1.1500000000000004,-1.6800000000000017,-2.5999999999999983,-2.559999999999993,-3.5199999999999987,-3.3499999999999934
2016-02-09,-0.30000000000000077,-0.19999999999999835,0.49999999999999917,0.5099999999999999,1.5199999999999996,1.1000000000000008,1.7499999999999938,1.510000000000001,1.9200000000000033,1.4199999999999977
2016-02-10,-0.49999999999999917,-0.5000000000000013,-0.449999999999999,-0.2500000000000001,-0.939999999999999,-0.5999999999999994,-1.2499999999999925,-1.0999999999999985,-1.2500000000000098,-1.219999999999997
2016-02-11,-0.800000000000002,-0.10000000000000026,-0.4100000000000002,-0.2999999999999997,0.5400000000000001,-0.400000000000001,-0.7000000000000018,-0.7000000000000018,0.3500000000000031,0.04999999999999796
2016-02-12,1.9000000000000028,2.500000000000002,3.309999999999999,3.6999999999999997,3.199999999999999,4.500000000000001,3.799999999999997,5.499999999999997,4.650000000000001,4.830000000000008
2016-02-15,-0.9000000000000002,-0.9000000000000002,-0.9500000000000003,-1.8,-2.6999999999999993,-3.0000000000000036,-1.9000000000000006,-3.4000000000000004,-3.500000000000005,-3.430000000000004
2016-02-16,-0.6000000000000015,-0.6000000000000015,-0.15000000000000038,0.14999999999999986,0.5000000000000002,0.800000000000002,1.4200000000000064,1.4700000000000042,1.7000000000000002,2.0499999999999945
2016-02-17,0.5000000000000013,0.5000000000000013,0.2000000000000005,0.07000000000000008,0.10000000000000026,-0.12000000000000074,-0.12000000000000725,-0.8700000000000028,-0.949999999999996,-0.29999999999999644
2016-02-18,-1.1000000000000008,-1.9999999999999987,-1.3799999999999988,-1.8499999999999994,-2.8500000000000005,-3.5300000000000002,-4.689999999999998,-4.750000000000002,-5.200000000000005,-6.300000000000003
2016-02-19,-0.400000000000001,0.10000000000000026,0.13999999999999907,0.2699999999999995,1.2999999999999996,1.3000000000000012,0.10000000000000026,0.1100000000000016,1.520000000000011,1.0999999999999985
2016-02-22,0.10000000000000026,-0.30000000000000077,-1.2600000000000002,-1.1699999999999997,-1.3999999999999992,-1.8800000000000001,-1.1699999999999993,-1.1099999999999999,-2.7700000000000036,-2.699999999999994
2016-02-23,0.10000000000000026,0.07499999999999911,0.2000000000000005,-0.11999999999999966,-0.5499999999999998,-0.3699999999999992,-0.14000000000000123,-0.3600000000000001,-0.29999999999999644,-0.29999999999999644
2016-02-24,0.7999999999999999,1.249999999999999,0.8700000000000006,0.5199999999999996,0.9000000000000002,-0.020000000000000486,-0.7000000000000018,-0.2900000000000038,-0.400000000000001,-1.2999999999999992
2016-02-25,-1.200000000000001,-1.5249999999999986,-1.6899999999999988,-1.74,-2.33,-1.5800000000000016,-1.1999999999999988,-1.5999999999999954,-1.4999999999999996,-0.7000000000000062
2016-02-26,-0.29999999999999644,-1.1000000000000008,-0.8800000000000019,-0.8300000000000006,-0.87,-0.6999999999999975,-0.19999999999999618,0.15000000000000258,0.499999999999997,0.800000000000002
2016-02-29,-1.7000000000000024,-2.6000000000000005,-3.4599999999999973,-3.65,-4.1,-4.100000000000002,-4.150000000000002,-4.050000000000004,-4.099999999999998,-3.9500000000000037
2016-03-01,0.7999999999999999,1.100000000000003,0.939999999999999,0.7999999999999999,1.5999999999999999,1.9500000000000008,2.4,3.0000000000000036,3.369999999999996,3.66
2016-03-02,0.5000000000000013,0.7999999999999977,1.0199999999999987,1.600000000000001,1.8499999999999999,2.47,3.249999999999998,3.799999999999997,4.710000000000001,4.989999999999995
2016-03-03,-1.5000000000000018,-2.500000000000002,-2.6000000000000005,-2.9,-3.35,-3.7700000000000005,-3.9999999999999973,-4.099999999999998,-4.229999999999998,-3.9499999999999953
2016-03-04,1.9000000000000028,3.9000000000000017,3.3200000000000003,3.5000000000000004,3.95,3.75,5.1000000000000005,3.730000000000001,3.6899999999999955,3.849999999999999
2016-03-07,0.19999999999999618,-1.4999999999999996,-0.020000000000000486,-0.4800000000000019,-1.1,-0.7600000000000011,-1.9000000000000006,-0.08000000000000629,0.2300000000000045,0.25000000000000716
2016-03-08,-0.9499999999999982,-0.2000000000000005,-1.3000000000000012,-0.7199999999999991,0.5750000000000001,-0.08999999999999894,-0.6499999999999996,-1.6499999999999935,-1.619999999999998,-2.050000000000012
2016-03-09,0.5500000000000015,2.000000000000001,2.630000000000002,2.999999999999999,2.9250000000000003,3.725,3.9499999999999997,4.499999999999999,4.299999999999998,4.700000000000008
2016-03-10,3.1999999999999997,5.0,5.62,4.550000000000001,3.8000000000000007,3.7750000000000004,4.675000000000004,4.269999999999999,4.699999999999999,4.400000000000003
2016-03-11,0.10000000000000026,-1.2999999999999992,-1.1500000000000008,-0.45000000000000034,-0.5800000000000022,-0.9999999999999983,-2.415000000000004,-2.0500000000000034,-2.500000000000002,-2.200000000000006
2016-03-14,0.19999999999999618,0.899999999999998,1.34,1.8300000000000003,2.490000000000001,2.649999999999998,2.949999999999997,3.07,3.000000000000008,3.000000000000008
2016-03-15,0.15000000000000038,0.10000000000000026,-0.07000000000000062,0.2699999999999999,0.29000000000000054,0.4199999999999994,0.440000000000002,0.41000000000000236,0.4999999999999883,0.499999999999997
2016-03-16,-0.15000000000000038,-0.899999999999998,-1.7399999999999989,-2.4099999999999997,-3.1000000000000005,-3.619999999999999,-3.9500000000000037,-4.499999999999999,-4.909999999999992,-5.149999999999999
2016-03-17,-0.3999999999999967,-0.400000000000001,-0.6400000000000003,-1.2200000000000004,-1.7999999999999998,-2.500000000000002,-2.699999999999994,-3.4400000000000013,-3.990000000000009,-4.320000000000001
2016-03-18,-0.5000000000000013,-0.5999999999999994,-0.49,-0.47000000000000003,-0.27999999999999975,-0.19999999999999618,-0.800000000000002,-0.5600000000000006,-0.499999999999997,-0.7300000000000102
2016-03-21,0.2000000000000005,0.09999999999999809,0.2000000000000005,0.2800000000000003,0.32999999999999935,0.7799999999999995,1.2999999999999992,1.5999999999999999,1.8000000000000047,2.100000000000001
2016-03-22,0.0,0.2000000000000005,0.3699999999999992,0.5199999999999996,0.7499999999999998,0.6199999999999978,0.6000000000000015,0.7000000000000018,0.6499999999999996,0.5500000000000123
2016-03-23,-0.2000000000000005,-0.2000000000000005,-0.3199999999999991,-0.6,-0.7499999999999998,-1.2499999999999967,-1.5999999999999999,-2.019999999999999,-2.700000000000003,-2.6400000000000032
2016-03-24,0.10000000000000026,0.7000000000000018,0.449999999999999,0.6100000000000002,0.30000000000000027,0.2499999999999963,-0.10000000000000026,-0.480000000000003,-0.1499999999999939,-0.510000000000007
2016-03-25,,-0.25000000000000067,0.10000000000000026,-0.010000000000000243,0.05000000000000013,0.6750000000000007,0.7749999999999988,1.0000000000000027,1.0999999999999899,0.17999999999999788
2016-03-28,,0.15000000000000038,-0.4030000000000006,0.010000000000000243,0.0,-0.7250000000000009,-0.9749999999999993,-1.420000000000002,-1.2499999999999925,-0.32999999999999174
2016-03-29,,-1.1000000000000008,-0.8409999999999993,-2.21,-3.05,-3.4499999999999984,-3.6499999999999986,-3.6300000000000003,-4.300000000000007,-3.6499999999999986
2016-03-30,0.19999999999999835,0.400000000000001,0.5440000000000003,0.6999999999999996,0.6500000000000001,0.8500000000000001,1.0999999999999985,1.3500000000000014,1.4700000000000042,1.9999999999999967
2016-03-31,0.30000000000000077,0.09999999999999809,0.0,0.0,0.0,0.09999999999999809,1.100000000000003,0.5000000000000013,0.579999999999999,0.6000000000000015
2016-04-01,0.12500000000000142,0.30000000000000077,0.0,0.2000000000000005,-0.10000000000000026,-0.34999999999999876,-1.4000000000000037,-0.9999999999999983,-1.250000000000001,-2.8500000000000054
2016-04-04,0.17499999999999938,0.30000000000000077,0.49999999999999917,0.2000000000000005,0.10999999999999996,0.2000000000000005,0.25000000000000283,0.14999999999999822,0.12000000000000725,0.15000000000000258
2016-04-05,-0.2000000000000005,-0.6999999999999996,-1.0999999999999985,-1.6800000000000008,-1.7499999999999998,-2.4,-2.2000000000000015,-2.490000000000005,-3.370000000000005,-2.7699999999999947
2016-04-06,-0.3300000000000004,0.0,-0.15000000000000038,0.11999999999999966,0.45,1.1300000000000003,0.899999999999998,1.250000000000001,2.279999999999999,1.8099999999999887
2016-04-07,-0.21000000000000185,-0.9000000000000024,-1.1500000000000008,-1.34,-1.4100000000000001,-1.7300000000000009,-1.9799999999999982,-1.8099999999999974,-1.979999999999994,-2.2399999999999936
2016-04-08,0.14000000000000123,-0.02499999999999898,-0.2000000000000005,-0.19999999999999943,-0.4999999999999999,-0.2999999999999997,0.2800000000000003,0.400000000000001,0.400000000000001,0.800000000000002
2016-04-11,-0.2499999999999985,-0.4100000000000002,-0.2000000000000005,-0.19000000000000028,0.09999999999999985,0.39999999999999886,0.5599999999999984,0.9599999999999973,1.399999999999995,1.4000000000000037
2016-04-12,-0.15000000000000038,0.43499999999999917,0.4500000000000012,1.69,2.5,3.1999999999999997,3.740000000000002,4.139999999999999,4.499999999999999,4.800000000000004
2016-04-13,0.0,-0.39999999999999886,-0.1299999999999999,-0.7800000000000006,-1.1700000000000002,-1.7000000000000002,-2.409999999999999,-3.1999999999999953,-3.6999999999999966,-3.9500000000000126
2016-04-14,0.49999999999999917,0.915,1.7910000000000017,1.6400000000000008,2.37,2.500000000000002,3.1099999999999963,3.5999999999999965,4.000000000000002,4.080000000000004
2016-04-15,-0.2999999999999986,-0.5150000000000011,-0.8910000000000016,-1.8599999999999997,-2.3000000000000003,-2.9300000000000006,-3.0999999999999996,-3.349999999999998,-3.6000000000000094,-3.730000000000001
2016-04-18,0.2999999999999986,0.7000000000000018,0.07999999999999978,0.9400000000000001,0.8999999999999999,1.5299999999999991,1.4000000000000037,1.600000000000004,1.7000000000000088,1.9499999999999986
2016-04-19,0.15999999999999956,0.06499999999999995,0.0,0.45999999999999924,0.2500000000000004,0.6999999999999996,0.6999999999999975,1.0499999999999918,1.1999999999999944,1.200000000000003
2016-04-20,-0.05999999999999929,0.13500000000000056,-0.17000000000000087,-0.8799999999999997,0.5999999999999996,0.3300000000000026,-0.7999999999999977,0.400000000000001,0.9000000000000067,0.45000000000000767
2016-04-21,0.30000000000000077,0.9000000000000002,1.6700000000000004,3.08,2.68,3.5999999999999988,5.8000000000000025,3.8000000000000056,4.699999999999999,4.589999999999994
2016-04-22,-0.7999999999999999,-1.200000000000001,-1.479999999999999,-1.4100000000000006,-1.4,-0.7300000000000015,-0.9000000000000024,-0.2000000000000005,-0.9000000000000067,0.7099999999999989
2016-04-25,0.2999999999999986,0.49999999999999917,1.0800000000000003,1.3100000000000005,1.8600000000000003,1.730000000000002,2.1499999999999946,2.8999999999999946,3.1000000000000036,2.700000000000003
2016-04-26,0.10000000000000026,0.400000000000001,0.7899999999999986,1.7700000000000002,2.81,3.07,3.3500000000000068,3.500000000000005,3.9999999999999933,4.400000000000003
2016-04-27,-0.2000000000000005,-0.30000000000000077,-0.49,-1.27,-1.9099999999999997,-3.4100000000000015,-1.7000000000000044,-3.600000000000001,-1.849999999999994,-4.100000000000007
2016-04-28,0.2000000000000005,0.10500000000000093,-0.0399999999999988,-0.5200000000000001,-1.6400000000000003,-0.009999999999999159,-1.8500000000000028,-0.050000000000006636,-2.149999999999999,-1.4999999999999996
2016-04-29,0.400000000000001,1.3949999999999987,2.0399999999999996,2.4200000000000004,2.55,2.1199999999999997,1.7500000000000024,1.7700000000000007,1.4899999999999896,2.999999999999999
2016-05-02,0.499999999999997,1.1000000000000008,0.513,-0.07000000000000034,0.6400000000000003,0.15999999999999956,0.0,-0.26999999999999247,-0.28999999999998644,-0.400000000000001
2016-05-03,-0.6999999999999975,-1.8999999999999986,-2.3859999999999983,-3.03,-4.42,-4.959999999999997,-5.499999999999997,-5.850000000000004,-6.150000000000009,-6.700000000000005
2016-05-04,-0.30000000000000077,-0.400000000000001,0.696999999999998,-0.029999999999999645,0.15999999999999956,0.23000000000000018,0.08000000000000194,-0.08000000000000194,0.28000000000000247,0.30000000000000515
2016-05-05,-0.19000000000000136,-1.200000000000001,-2.023999999999999,-2.2,-3.04,-3.610000000000002,-3.480000000000002,-4.019999999999996,-4.629999999999999,-4.799999999999995
2016-05-06,-0.3099999999999978,0.5000000000000013,-0.5000000000000013,0.2299999999999991,1.4600000000000002,1.479999999999999,0.2849999999999988,1.4999999999999953,1.4999999999999996,1.4199999999999977
2016-05-09,0.0,-0.7000000000000018,-0.6999999999999996,-1.3299999999999987,-2.5,-2.7999999999999985,-2.385,-3.299999999999996,-3.5899999999999994,-3.620000000000003
2016-05-10,-0.10000000000000026,0.0,-0.029999999999999645,0.029999999999999645,-0.45,-0.2000000000000005,-0.2499999999999985,-0.7000000000000018,-0.6799999999999948,-0.6999999999999975
2016-05-11,0.2000000000000005,-0.30000000000000077,-0.3700000000000014,0.09999999999999917,0.10999999999999996,-0.29000000000000054,0.2000000000000005,0.2000000000000005,0.469999999999993,0.30000000000000515
2016-05-12,0.2000000000000005,0.7000000000000018,1.1000000000000008,1.0000000000000016,1.7100000000000002,2.2500000000000004,2.2599999999999962,2.660000000000002,2.950000000000001,3.299999999999996
2016-05-13,-0.07500000000000129,-0.2000000000000005,0.10000000000000026,-0.6600000000000008,-1.27,-1.3599999999999994,-2.059999999999996,-2.660000000000002,-3.1999999999999997,-2.999999999999999
2016-05-16,0.17499999999999938,0.6000000000000015,0.36000000000000226,1.2400000000000009,1.5999999999999999,1.0999999999999996,1.4899999999999982,2.000000000000001,2.650000000000005,2.3699999999999934
2016-05-17,0.30000000000000077,0.39999999999999886,0.47999999999999865,0.14999999999999822,0.0,0.17000000000000087,0.2000000000000005,0.2000000000000005,-0.41000000000000236,-0.26999999999999247
2016-05-18,-0.05000000000000013,0.30000000000000077,0.9099999999999994,1.620000000000001,2.2499999999999996,2.0300000000000007,2.159999999999996,4.199999999999998,3.1599999999999944,4.599999999999994
2016-05-19,0.05000000000000013,-0.2000000000000005,-0.6599999999999987,-0.8400000000000004,-0.5799999999999995,-0.2000000000000005,-0.019999999999998318,-2.269999999999998,-0.8249999999999924,-2.4699999999999984
2016-05-20,0.0,-0.10000000000000026,0.009999999999999159,-0.19999999999999943,-0.4950000000000001,-0.3699999999999992,-0.6999999999999975,-0.13000000000000425,-0.6250000000000006,-0.030000000000003982
2016-05-23,-0.2000000000000005,0.10000000000000026,0.8299999999999996,0.23999999999999932,0.09500000000000014,0.26999999999999896,0.6799999999999992,0.7300000000000059,1.219999999999997,1.940000000000006
2016-05-24,-0.10000000000000026,-0.30000000000000077,-0.8299999999999996,0.05000000000000013,0.029999999999999645,0.2000000000000005,0.0799999999999976,-0.21000000000000185,-0.3199999999999991,-1.0700000000000032
2016-05-25,-0.2999999999999986,-0.2999999999999986,0.13599999999999896,-1.0999999999999996,-0.9099999999999999,-1.8000000000000005,-2.0399999999999974,-1.619999999999998,-1.5999999999999954,-2.4699999999999984
2016-05-26,-0.30000000000000077,-0.9000000000000024,-1.2359999999999998,-0.6999999999999996,-1.6399999999999997,-0.800000000000002,-0.7000000000000018,-1.2399999999999998,-1.600000000000004,-0.999999999999994
2016-05-27,-0.10000000000000026,0.2000000000000005,-0.27000000000000113,0.05999999999999929,0.05,-0.49999999999999806,0.34999999999999876,0.5300000000000009,0.15000000000000258,-0.050000000000006636
2016-05-30,0.0,0.2000000000000005,0.19000000000000136,0.3399999999999996,1.1,1.7999999999999994,1.4000000000000037,1.6099999999999925,2.700000000000003,3.049999999999997
2016-05-31,-0.30000000000000077,-0.30000000000000077,-0.21999999999999884,-0.49999999999999917,-0.58,-1.5499999999999998,-2.100000000000001,-2.1999999999999926,-2.5500000000000087,-2.699999999999994
2016-06-01,0.10000000000000026,0.2000000000000005,-0.30000000000000077,-0.2700000000000001,-0.13000000000000003,-0.0900000000000011,-0.15999999999999956,-0.5000000000000013,0.27000000000000113,-0.29999999999999644
2016-06-02,0.400000000000001,0.2000000000000005,0.49999999999999917,0.07000000000000062,-0.53,-0.25999999999999873,-0.49,-0.6000000000000015,-1.1499999999999966,-1.0000000000000027
2016-06-03,-0.400000000000001,-1.200000000000001,-1.5999999999999976,-1.7000000000000002,-2.3400000000000003,-3.1499999999999995,-3.0999999999999996,-3.9999999999999973,-4.620000000000002,-4.000000000000002
2016-06-06,0.0,-0.10000000000000026,0.30999999999999994,0.6000000000000005,1.56,2.23,2.099999999999999,2.84,2.7800000000000002,2.500000000000002
2016-06-07,0.0,0.30000000000000077,-0.2829999999999998,-0.7000000000000007,-0.9699999999999999,-1.5600000000000012,-2.0800000000000005,-2.310000000000003,-2.2100000000000026,-2.3000000000000016
2016-06-08,0.30000000000000077,0.6999999999999996,0.7729999999999977,0.8999999999999991,0.69,0.7800000000000006,0.8599999999999992,0.7300000000000015,0.6300000000000012,0.29999999999999644
2016-06-09,0.0,-0.10000000000000026,-0.2000000000000005,-0.4899999999999989,-0.9000000000000002,-1.07,-1.2399999999999998,-1.3599999999999983,-1.7000000000000002,-1.9000000000000006
2016-06-10,-0.2000000000000005,0.0,-0.10000000000000026,-0.21000000000000077,-0.1999999999999997,-0.5299999999999999,-0.5899999999999981,-0.6000000000000015,-0.7499999999999998,-0.9099999999999994
2016-06-13,0.02500000000000115,0.0,0.10000000000000026,0.10000000000000026,0.15999999999999956,0.39999999999999997,0.5699999999999976,0.7000000000000018,0.7499999999999998,0.8500000000000001
2016-06-14,-0.22500000000000167,-0.5999999999999994,-1.0999999999999985,-1.2999999999999992,-0.9999999999999999,-1.0000000000000004,-0.9199999999999985,-1.200000000000003,-0.6400000000000026,-1.2399999999999998
2016-06-15,-0.2999999999999986,-1.5999999999999999,-0.9500000000000003,-1.03,-1.76,-1.3000000000000003,-1.1000000000000008,-0.899999999999998,-1.309999999999996,-1.1999999999999944
2016-06-16,-0.10000000000000026,0.30000000000000077,-0.48699999999999827,-0.7700000000000002,0.05000000000000013,-0.9099999999999994,-0.6999999999999975,0.1299999999999999,0.07000000000000062,0.499999999999997
2016-06-17,-0.874999999999999,-1.5000000000000018,-1.763000000000001,-1.5000000000000018,-1.5600000000000005,-0.3900000000000003,0.09999999999999593,0.0,0.3299999999999961,0.800000000000002
2016-06-20,0.3249999999999976,0.800000000000002,1.1999999999999988,1.4000000000000015,1.0100000000000007,1.2999999999999996,1.4600000000000009,1.7700000000000007,2.1500000000000035,2.199999999999997
2016-06-21,-0.05000000000000013,-0.10000000000000026,0.2000000000000005,0.4699999999999995,1.2999999999999996,0.7999999999999999,1.240000000000002,0.999999999999994,0.7000000000000018,0.899999999999998
2016-06-22,0.0,0.2000000000000005,0.5999999999999994,0.5300000000000009,0.10000000000000026,0.6999999999999996,1.2999999999999992,0.10000000000000026,0.5999999999999972,0.2000000000000005
2016-06-23,0.30000000000000077,2.3999999999999977,0.800000000000002,1.4499999999999995,2.4799999999999995,3.1100000000000008,2.6949999999999976,4.200000000000006,4.099999999999998,4.600000000000003
2016-06-24,-2.4,-2.7999999999999985,-3.700000000000001,-2.880000000000001,-3.38,-5.21,-6.394999999999999,-7.000000000000001,-8.049999999999997,-9.199999999999998
2016-06-27,0.2000000000000005,-0.400000000000001,-0.8199999999999983,-2.9699999999999998,-4.02,-4.199999999999999,-5.149999999999999,-6.500000000000002,-6.550000000000002,-6.600000000000004
2016-06-28,-0.7400000000000007,-0.9999999999999961,-0.6799999999999992,-0.5000000000000013,-0.7700000000000002,-0.4,-0.25000000000000067,0.30000000000000077,-0.3600000000000001,0.400000000000001
2016-06-29,-0.2599999999999998,0.09999999999999593,-0.10000000000000026,-0.449999999999999,0.5699999999999997,-0.5249999999999999,-0.849999999999999,-0.9000000000000002,0.7800000000000038,0.12999999999999556
2016-06-30,0.6999999999999996,0.2000000000000005,0.4300000000000007,2.19,1.3200000000000007,2.025,-0.3500000000000009,2.299999999999997,1.879999999999998,2.069999999999997
2016-07-01,-1.1999999999999966,-2.2000000000000015,-2.2230000000000034,-3.7399999999999998,-4.3999999999999995,-5.1,-2.4499999999999997,-5.499999999999999,-6.299999999999999,-6.799999999999992
2016-07-04,-1.100000000000003,-1.1999999999999944,-0.9820000000000011,-2.100000000000001,-2.4499999999999997,-2.5000000000000013,-3.4000000000000004,-3.529999999999998,-4.000000000000002,-3.7000000000000055
2016-07-05,-0.30000000000000077,-0.6000000000000015,-0.3249999999999954,-1.389999999999998,-1.9300000000000004,-2.6499999999999995,-2.7749999999999995,-3.020000000000002,-2.9699999999999998,-3.2700000000000005
2016-07-06,-0.10000000000000026,0.30000000000000077,-0.1100000000000016,0.4299999999999964,0.220000000000001,0.5250000000000002,0.425,0.47000000000000164,0.4699999999999995,0.6200000000000042
2016-07-07,-0.2000000000000005,-0.10000000000000026,-0.020000000000002655,-0.039999999999996635,-0.2400000000000015,-0.14500000000000082,0.2,0.5299999999999999,0.7600000000000011,0.949999999999996
2016-07-08,-0.3999999999999967,-1.900000000000005,-1.2299999999999984,-1.2999999999999992,-1.8000000000000005,-1.5299999999999991,-1.2800000000000002,-2.6499999999999995,-1.4600000000000009,-3.1199999999999934
2016-07-11,0.19999999999999618,1.200000000000003,0.3600000000000001,0.6999999999999975,1.5499999999999998,1.4999999999999996,1.3800000000000001,2.5399999999999987,1.5700000000000023,2.8699999999999948
2016-07-12,0.5000000000000013,2.299999999999997,2.074999999999998,2.000000000000001,2.6999999999999984,3.1900000000000004,3.2300000000000004,4.8599999999999985,5.229999999999998,5.650000000000004
2016-07-13,-0.30000000000000077,-1.6999999999999957,-1.1149999999999962,-1.290000000000002,-1.649999999999998,-2.689999999999999,-3.0700000000000003,-4.54,-5.135000000000001,-5.500000000000005
2016-07-14,0.6000000000000015,0.899999999999998,1.1399999999999995,1.4900000000000027,1.3500000000000014,2.099999999999999,2.5600000000000005,2.5600000000000014,2.2750000000000026,2.869999999999999
2016-07-15,0.30000000000000077,1.2999999999999992,0.9999999999999983,1.5999999999999999,2.2899999999999983,2.4,2.78,2.999999999999999,3.800000000000001,3.5800000000000023
2016-07-18,-0.2000000000000005,-1.5999999999999999,-0.9999999999999983,-1.4400000000000004,-2.0399999999999974,-2.0799999999999996,-2.3000000000000003,-2.360000000000001,-2.630000000000002,-2.549999999999996
2016-07-19,0.10000000000000026,0.30000000000000077,0.499999999999997,0.7400000000000007,0.6599999999999987,0.5699999999999997,0.9000000000000002,0.98,1.0800000000000003,0.7999999999999977
2016-07-20,0.800000000000002,0.899999999999998,0.5000000000000013,0.449999999999999,0.7799999999999995,1.03,0.8599999999999998,1.1899999999999997,0.9999999999999983,1.4999999999999953
2016-07-21,0.10000000000000026,0.10000000000000026,0.5000000000000013,0.5500000000000015,0.30999999999999994,0.23000000000000018,0.6400000000000003,0.47000000000000164,0.7600000000000011,1.0000000000000027
2016-07-22,0.22499999999999518,0.7000000000000018,0.6000000000000015,0.6999999999999975,1.1999999999999988,1.07,0.3600000000000001,0.3700000000000014,-0.9000000000000024,-0.3099999999999978
2016-07-25,0.2750000000000018,0.400000000000001,-0.1100000000000016,-0.2899999999999995,-0.449999999999999,-0.6600000000000004,-0.8899999999999999,-1.16,-0.1599999999999952,-1.1899999999999975
2016-07-26,0.0,0.0,-0.1899999999999992,-0.26999999999999896,-0.39999999999999886,-0.2599999999999998,0.1299999999999988,0.1899999999999992,0.04999999999999796,0.04999999999999796
2016-07-27,-0.2000000000000005,-0.7000000000000018,-1.2400000000000042,-2.1100000000000003,-2.590000000000001,-3.6900000000000004,-3.799999999999999,-4.500000000000001,-4.009999999999999,-4.3500000000000005
2016-07-28,0.2000000000000005,0.10000000000000026,0.23500000000000082,1.47,0.759999999999999,1.0599999999999998,0.30000000000000027,0.400000000000001,-0.7400000000000028,-0.6000000000000015
2016-07-29,-0.10000000000000026,-0.13500000000000056,0.07500000000000129,-1.200000000000001,-1.3699999999999974,-1.47,-1.8,-2.3000000000000016,-2.4,-2.899999999999999
2016-08-01,-0.0500000000000023,0.23500000000000082,0.4699999999999973,0.6100000000000008,1.1999999999999966,0.9000000000000002,1.0999999999999999,1.4000000000000015,1.3850000000000018,1.3000000000000034
2016-08-02,0.750000000000002,1.2999999999999992,1.7600000000000016,2.4600000000000013,2.950000000000001,3.76,4.37,4.77,5.499999999999999,5.6999999999999975
2016-08-03,0.0,0.10000000000000026,-0.229999999999998,-0.6700000000000021,-1.0499999999999985,-0.3650000000000002,-0.5700000000000003,-0.809999999999999,-0.9750000000000036,-1.1999999999999988
2016-08-04,-0.6999999999999996,-1.7000000000000002,-1.879999999999998,-2.0899999999999976,-2.2999999999999994,-3.4949999999999988,-3.9899999999999998,-4.160000000000001,-4.459999999999998,-4.470000000000003
2016-08-05,0.0,0.400000000000001,0.7199999999999959,1.0499999999999985,1.569999999999998,1.7299999999999986,1.89,2.4300000000000015,2.9200000000000017,2.94
2016-08-08,-0.29999999999999644,-0.10000000000000026,-0.5099999999999983,-0.7899999999999986,-0.5999999999999994,-0.6499999999999985,-0.29,-0.3300000000000026,-0.05999999999999929,-0.3199999999999991
2016-08-09,-0.2000000000000005,-0.800000000000002,-0.47999999999999865,-0.3700000000000014,-1.2199999999999993,-1.2400000000000009,-1.0199999999999998,-1.5999999999999999,-3.0000000000000013,-1.9500000000000028
2016-08-10,-0.45000000000000334,-1.0999999999999985,-1.420000000000002,-1.7999999999999983,-2.350000000000002,-1.9400000000000006,-2.8899999999999997,-2.899999999999999,-2.2499999999999996,-2.9999999999999947
2016-08-11,0.3500000000000031,2.2000000000000015,1.0500000000000005,1.699999999999998,3.600000000000001,2.5000000000000013,2.6000000000000005,3.5000000000000004,1.7999999999999983,3.6999999999999966
2016-08-12,-0.25000000000000283,-0.800000000000002,-0.10000000000000026,-0.7400000000000007,-1.7000000000000002,-1.4499999999999995,-0.975,-2.2000000000000015,-0.564999999999997,-2.354999999999996
2016-08-15,0.30000000000000077,0.400000000000001,1.1399999999999995,1.6700000000000004,1.5999999999999999,2.049999999999999,1.7749999999999997,2.37,2.714999999999996,2.8549999999999973
2016-08-16,0.3999999999999967,0.5000000000000013,0.5600000000000006,0.8400000000000009,0.7999999999999999,1.6700000000000004,1.8700000000000006,2.410000000000001,2.590000000000001,2.700000000000003
2016-08-17,-0.07499999999999694,0.10000000000000026,-0.04999999999999796,-0.10999999999999942,-0.25000000000000067,-0.6900000000000005,-1.0200000000000005,-1.4999999999999996,-1.4649999999999992,-1.200000000000003
2016-08-18,-0.07499999999999694,-0.5000000000000013,-0.7440000000000008,-0.5600000000000006,-0.9500000000000003,-1.3100000000000005,-1.16,-1.5800000000000016,-2.165000000000001,-2.700000000000003
2016-08-19,0.499999999999997,1.3999999999999992,1.571999999999997,1.5499999999999998,2.1600000000000006,2.1700000000000004,2.5600000000000005,3.0500000000000016,3.640000000000002,3.775000000000002
2016-08-22,-0.15000000000000258,-0.505000000000002,-0.027999999999998512,-0.9499999999999982,-1.7350000000000003,-2.339999999999999,-3.08,-3.3500000000000023,-3.8999999999999995,-4.274999999999995
2016-08-23,0.025000000000003318,-0.14499999999999758,-0.33399999999999835,0.10000000000000026,0.36500000000000293,0.09999999999999809,-0.2699999999999999,-0.6999999999999986,-0.5250000000000002,-0.9800000000000043
2016-08-24,0.42500000000000004,0.7499999999999998,1.1339999999999983,0.7099999999999989,0.6099999999999985,0.6000000000000005,0.62,0.39999999999999997,0.07499999999999911,0.3800000000000027
2016-08-25,0.2999999999999986,0.6999999999999996,0.400000000000001,0.6899999999999984,0.7000000000000018,0.7999999999999999,0.8299999999999998,1.1000000000000008,0.8550000000000008,0.999999999999994
2016-08-26,-0.2000000000000005,0.0,2.2999999999999994,0.400000000000001,0.4899999999999978,2.340000000000001,0.1699999999999998,0.5999999999999994,0.29500000000000015,0.7000000000000018
2016-08-29,-0.39999999999999886,-1.0999999999999963,-2.6000000000000005,-0.7999999999999999,-1.3900000000000001,-2.8800000000000012,-1.1199999999999997,-1.1000000000000008,-0.5199999999999996,-1.5999999999999954
2016-08-30,-0.10000000000000026,-0.30000000000000077,-0.4500000000000012,-0.400000000000001,-0.15000000000000038,-0.8600000000000003,-0.6,-1.3199999999999985,-1.7000000000000024,-1.3000000000000034
2016-08-31,-0.30000000000000077,-0.30000000000000077,-0.05000000000000013,-0.29999999999999644,0.5500000000000015,1.0000000000000016,1.45,1.7199999999999995,2.220000000000002,2.7999999999999985
2016-09-01,-0.10999999999999725,-0.6000000000000015,-0.6910000000000011,0.09999999999999809,-0.2000000000000005,-0.2000000000000005,-0.04500000000000001,0.0,0.10000000000000026,0.0
2016-09-02,-0.1899999999999992,-0.7000000000000018,0.2910000000000022,0.19999999999999835,0.750000000000002,1.0000000000000004,1.1450000000000002,1.3999999999999992,1.5799999999999972,1.8000000000000005
2016-09-05,-0.30000000000000077,0.30000000000000077,-0.874999999999999,-0.8499999999999979,-1.250000000000001,-1.3000000000000003,-1.3500000000000003,-1.1749999999999998,-1.529999999999995,-1.4999999999999996
2016-09-06,-1.200000000000003,-2.3999999999999977,-2.5250000000000012,-2.949999999999999,-4.000000000000002,-3.799999999999999,-3.8000000000000003,-4.224999999999999,-3.8500000000000036,-4.299999999999998
2016-09-07,-0.10000000000000026,0.400000000000001,-0.2699999999999968,-0.6000000000000015,-0.19999999999999835,-0.7000000000000018,-0.7300000000000001,-0.76,-0.6499999999999996,-0.5000000000000013
2016-09-08,0.800000000000002,1.799999999999996,2.294999999999997,2.8000000000000007,3.5999999999999988,3.5000000000000004,4.855,4.459999999999999,5.049999999999998,5.500000000000002
2016-09-09,0.30000000000000077,1.200000000000003,0.9259999999999997,1.7999999999999983,2.475000000000001,3.9999999999999996,3.675,5.300000000000001,5.82,6.299999999999999
2016-09-12,0.2000000000000005,-0.5000000000000013,0.6239999999999978,1.0000000000000004,1.0249999999999995,1.3000000000000007,1.65,1.7399999999999989,1.2800000000000051,0.899999999999998
2016-09-13,0.30000000000000077,0.2000000000000005,0.5250000000000025,0.9000000000000002,1.5999999999999999,1.9,2.5500000000000003,2.06,2.299999999999997,3.1000000000000036
2016-09-14,-0.800000000000002,-1.7000000000000002,-1.5499999999999998,-2.2999999999999994,-2.7999999999999985,-2.6999999999999993,-3.5749999999999997,-2.7999999999999985,-3.0700000000000043,-3.4900000000000033
2016-09-15,0.0500000000000023,0.899999999999998,0.5199999999999996,0.9999999999999983,1.2999999999999992,0.8999999999999997,1.3749999999999993,1.0999999999999985,1.100000000000003,1.330000000000003
2016-09-16,-0.25000000000000283,-0.7999999999999977,-1.2499999999999967,-1.5999999999999976,-1.5999999999999999,-1.38,-1.8000000000000005,-1.9399999999999995,-2.130000000000001,-1.4400000000000004
2016-09-19,0.2000000000000005,0.3999999999999967,0.899999999999998,1.0999999999999985,1.250000000000001,1.3000000000000003,0.9000000000000012,1.3399999999999979,1.4000000000000037,0.30000000000000077
2016-09-20,-0.30000000000000077,-0.3999999999999967,-1.0900000000000016,-1.2999999999999992,-1.690000000000001,-2.0900000000000003,-2.170000000000001,-2.7499999999999987,-2.94,-2.6999999999999984
2016-09-21,0.400000000000001,0.3999999999999967,0.7700000000000025,0.7000000000000018,1.0399999999999991,1.3200000000000007,1.5700000000000003,1.7000000000000024,1.9399999999999973,0.29999999999999644
2016-09-22,-0.5250000000000002,-0.6999999999999975,-2.0050000000000017,-2.700000000000003,-3.9100000000000006,-5.18,-5.95,-6.675000000000002,-7.35,-6.200000000000003
2016-09-23,0.12499999999999925,-0.10000000000000026,0.40199999999999786,0.2000000000000005,0.010000000000001327,0.029999999999998563,-0.32500000000000007,0.12499999999999925,0.05000000000000013,-0.2999999999999921
2016-09-26,-0.2249999999999995,-0.3999999999999967,-0.5719999999999987,-1.0999999999999985,-1.3000000000000012,-1.6949999999999983,-1.175,-1.699999999999999,-1.9000000000000028,-1.9750000000000063
2016-09-27,0.7250000000000009,0.3999999999999967,-0.02499999999999898,0.10000000000000026,0.10000000000000026,0.23499999999999865,-0.14999999999999986,-0.30000000000000077,-0.29999999999999644,-0.3249999999999954
2016-09-28,-0.30000000000000077,-0.10000000000000026,0.10000000000000026,0.14999999999999822,0.10000000000000026,-0.3399999999999996,-0.40000000000000024,-0.6000000000000005,-0.5000000000000013,0.499999999999997
2016-09-29,0.6000000000000015,0.0,0.2000000000000005,0.5499999999999993,-0.49999999999999917,1.0000000000000004,0.6000000000000002,1.0000000000000004,0.10000000000000026,-0.2000000000000005
2016-09-30,0.2000000000000005,1.1999999999999988,1.0999999999999985,0.5999999999999994,2.499999999999998,1.0999999999999996,1.2,1.0999999999999996,1.9749999999999999,1.200000000000003
2016-10-03,0.10000000000000026,0.6000000000000015,0.6000000000000015,1.0000000000000004,0.5000000000000013,1.0999999999999996,1.9000000000000001,1.7000000000000013,1.7250000000000012,2.199999999999997
2016-10-04,0.3999999999999967,0.7000000000000018,0.7000000000000018,0.30000000000000077,1.200000000000001,1.600000000000001,1.5000000000000004,2.099999999999999,2.899999999999999,3.200000000000004
2016-10-05,-0.42500000000000004,-0.6000000000000015,0.5999999999999972,2.1999999999999993,1.8000000000000005,2.349999999999999,3.25,3.9000000000000017,4.269999999999999,3.799999999999997
2016-10-06,0.12500000000000358,0.5000000000000013,0.12499999999999925,0.34000000000000175,0.7999999999999988,0.9500000000000003,0.6999999999999996,0.4800000000000008,0.43000000000000504,0.5300000000000009
2016-10-07,0.19999999999999618,0.5000000000000013,0.9000000000000002,1.16,1.4000000000000004,1.5499999999999998,1.8100000000000007,1.7699999999999985,1.624999999999999,1.7700000000000007
2016-10-10,0.400000000000001,0.6999999999999975,1.0750000000000017,1.4999999999999996,2.05,2.5500000000000003,3.039999999999999,3.6499999999999986,3.8749999999999982,4.650000000000001
2016-10-11,-0.30000000000000077,-0.5000000000000013,-0.21000000000000185,-0.6500000000000017,-0.5500000000000004,-0.9500000000000001,-1.4100000000000006,-1.7000000000000002,-1.7500000000000024,-2.1800000000000033
2016-10-12,-0.0500000000000023,0.30000000000000077,0.5100000000000027,0.8500000000000001,-0.2000000000000005,1.2900000000000003,1.7100000000000015,1.8000000000000005,1.780000000000002,1.6299999999999994
2016-10-13,0.15000000000000258,0.30000000000000077,-0.400000000000001,-0.49999999999999917,0.2000000000000005,-1.3600000000000003,-1.7000000000000002,-1.9050000000000014,-2.230000000000001,-2.4999999999999933
2016-10-14,-0.10000000000000026,0.5999999999999994,1.5329999999999988,1.4000000000000015,1.600000000000001,1.6500000000000004,1.4749999999999985,2.015000000000003,2.074999999999998,3.499999999999996
2016-10-17,-0.0500000000000023,-0.400000000000001,-0.41299999999999976,-0.5000000000000013,-1.175000000000001,-0.8300000000000001,-0.17499999999999938,-0.17000000000000087,-0.27499999999999747,-0.930000000000002
2016-10-18,-0.24999999999999414,-0.49999999999999917,-0.7300000000000015,-0.7999999999999999,-0.7249999999999986,-1.1,-1.5999999999999999,-2.040000000000002,-2.100000000000001,-2.3699999999999934
2016-10-19,0.0,0.30000000000000077,0.17000000000000087,0.2000000000000005,0.4399999999999988,0.24999999999999997,0.2000000000000005,-0.06999999999999629,-0.07499999999999694,0.09999999999999593
2016-10-20,-0.2750000000000018,0.10000000000000026,-0.220000000000001,-0.2000000000000005,-0.4399999999999988,-0.7500000000000001,-1.1249999999999998,-1.5300000000000014,-1.525000000000003,-2.100000000000001
2016-10-21,0.17500000000000154,0.2999999999999986,0.8200000000000026,0.6999999999999996,0.67,0.7899999999999999,0.6249999999999983,0.6500000000000017,0.0,0.30000000000000077
2016-10-24,0.14999999999999822,0.5000000000000013,0.6149999999999992,0.7000000000000018,0.8699999999999994,1.0799999999999998,1.0500000000000005,1.4499999999999973,1.8500000000000028,1.7399999999999924
2016-10-25,0.2499999999999985,0.49999999999999917,0.7999999999999999,0.39999999999999886,1.0599999999999998,0.8300000000000004,0.449999999999999,0.10000000000000026,0.7449999999999991,0.3600000000000044
2016-10-26,0.2000000000000005,0.5000000000000013,1.2449999999999983,2.4,2.6000000000000005,3.1,3.9500000000000015,4.400000000000003,4.054999999999996,4.25
2016-10-27,0.30000000000000077,1.0999999999999985,1.537000000000001,3.0000000000000004,2.9999999999999996,4.299999999999999,5.0,5.299999999999996,6.000000000000003,6.050000000000005
2016-10-28,0.39999999999999886,0.5999999999999994,0.7130000000000005,0.19999999999999943,0.30000000000000027,0.17499999999999938,0.14999999999999822,0.10000000000000026,-0.3249999999999954,-0.5000000000000057
2016-10-31,-0.10000000000000026,0.10000000000000026,0.08399999999999988,-0.47999999999999976,-0.26000000000000006,-0.6550000000000002,-0.7599999999999968,-0.6000000000000015,-0.6250000000000092,-0.29999999999999644
2016-11-01,0.2000000000000005,0.0,0.7459999999999997,0.8799999999999997,0.4099999999999999,0.4800000000000008,1.7599999999999993,1.600000000000004,0.9000000000000067,1.4000000000000037
2016-11-02,0.0,-0.10000000000000026,-1.0899999999999994,-1.1399999999999995,-0.7,-0.7999999999999999,-2.3000000000000016,-1.900000000000005,-1.4999999999999996,-2.0000000000000053
2016-11-03,0.15000000000000038,1.0000000000000004,1.4400000000000004,1.8399999999999996,2.25,2.4,2.6000000000000023,2.5500000000000047,3.099999999999995,2.999999999999999
2016-11-04,0.10000000000000026,-0.39999999999999886,-0.8200000000000004,-0.9000000000000007,-1.3699999999999999,-1.2999999999999992,-1.1500000000000008,-1.6500000000000021,-1.349999999999997,-1.5999999999999954
2016-11-07,-0.02500000000000115,0.30000000000000077,0.9540000000000004,0.5299999999999999,1.3199999999999998,1.0749999999999995,1.1500000000000008,1.5999999999999999,0.8500000000000001,1.5999999999999954
2016-11-08,0.3500000000000009,1.0000000000000004,0.34599999999999864,1.3700000000000008,1.1,1.5250000000000008,2.299999999999997,1.8999999999999964,2.199999999999997,2.500000000000002
2016-11-09,0.12499999999999925,1.3999999999999972,0.6950000000000012,1.9000000000000001,4.05,5.399999999999999,3.3000000000000043,6.199999999999999,6.300000000000003,6.499999999999996
2016-11-10,0.0,-0.7999999999999999,2.2750000000000004,2.625,2.099999999999999,2.4,4.8999999999999995,3.500000000000005,4.000000000000002,3.3000000000000043
2016-11-11,0.400000000000001,1.4000000000000015,2.1749999999999994,2.7749999999999995,3.4000000000000026,3.0999999999999996,2.9999999999999947,2.8999999999999946,2.8999999999999946,3.3000000000000043
2016-11-14,-0.49999999999999917,0.0,0.625,0.7999999999999999,0.7999999999999977,1.500000000000004,1.200000000000003,1.3000000000000078,1.0999999999999985,0.6999999999999889
2016-11-15,-0.2000000000000005,-0.400000000000001,-0.4500000000000001,-0.3999999999999994,-0.30000000000000077,-0.6800000000000035,-0.30000000000000077,-0.6000000000000015,-0.29999999999999644,-0.29999999999999644
2016-11-16,-0.2000000000000005,-0.5999999999999994,-0.1399999999999996,0.09999999999999971,-0.29999999999999644,-0.11999999999999858,0.0,-0.6000000000000015,-0.5499999999999949,-0.999999999999994
2016-11-17,-0.30000000000000077,0.0,-1.0300000000000011,-0.98,-0.5000000000000013,-0.6000000000000015,-0.8500000000000001,-0.400000000000001,-0.45000000000000767,0.499999999999997
2016-11-18,-0.2000000000000005,-0.800000000000002,-0.7799999999999995,-1.32,-1.0000000000000004,-0.8300000000000017,-0.45000000000000334,-0.5699999999999976,-0.6000000000000015,-0.899999999999998
2016-11-21,-0.19999999999999835,-0.499999999999997,-0.20299999999999896,-0.3999999999999997,-0.6500000000000017,-0.7199999999999959,-0.6000000000000015,-0.4299999999999964,-0.6999999999999975,-0.899999999999998
2016-11-22,0.0,0.2000000000000005,-1.024,-1.31,-2.149999999999998,-2.350000000000004,-2.6199999999999966,-2.580000000000004,-2.79999999999999,-2.4400000000000115
2016-11-23,0.10000000000000026,-0.30000000000000077,-0.30900000000000155,0.11000000000000001,0.10000000000000026,0.10000000000000026,0.8200000000000004,0.3799999999999984,-0.400000000000001,-0.059999999999990616
2016-11-24,-0.37500000000000205,-0.6999999999999996,-0.9639999999999995,-1.6,-1.4000000000000004,-1.0249999999999972,-1.1999999999999988,-0.09999999999999593,1.4999999999999996,1.200000000000003
2016-11-25,0.2750000000000018,-0.10000000000000026,0.2000000000000005,0.3500000000000001,0.6999999999999996,0.2149999999999982,0.30000000000000077,-0.2000000000000005,-0.5000000000000057,-0.7400000000000115
2016-11-28,-0.5500000000000036,-0.800000000000002,-1.5999999999999999,-1.7500000000000002,-2.049999999999999,-2.19,-2.2250000000000005,-2.500000000000002,-2.7999999999999985,-2.309999999999986
2016-11-29,-0.1499999999999939,-1.0999999999999963,-0.30000000000000077,-0.39999999999999997,-2.050000000000001,-0.5999999999999972,-0.7750000000000031,-0.30000000000000515,-0.499999999999997,-1.150000000000014
2016-11-30,0.499999999999997,1.4999999999999973,0.915,1.2000000000000002,3.799999999999999,3.6999999999999966,4.100000000000002,5.000000000000004,5.799999999999989,7.300000000000006
2016-12-01,0.49999999999999917,1.4000000000000015,2.385000000000001,4.7,5.200000000000003,6.300000000000003,7.699999999999994,7.600000000000002,8.600000000000005,8.224999999999994
2016-12-02,-0.39999999999999886,-1.3000000000000012,-1.3310000000000004,-4.25,-4.400000000000002,-5.900000000000002,-6.799999999999992,-7.699999999999998,-8.1,-8.624999999999988
2016-12-05,-0.10000000000000026,0.30000000000000077,1.010999999999999,2.5500000000000003,1.600000000000001,2.3999999999999977,2.649999999999996,3.7999999999999927,1.9999999999999967,3.799999999999984
2016-12-06,0.30000000000000077,1.1149999999999984,0.9230000000000003,2.4450000000000003,4.399999999999999,4.699999999999999,4.549999999999997,4.500000000000007,6.300000000000003,5.000000000000004
2016-12-07,0.09999999999999809,-0.6399999999999982,-0.20299999999999896,-0.7450000000000002,-0.9000000000000002,-1.1999999999999944,-1.399999999999995,-1.7000000000000002,-1.799999999999996,-1.9999999999999967
2016-12-08,-0.8999999999999958,-1.175000000000002,-1.4999999999999996,-1.195,-1.0999999999999985,-0.5000000000000013,0.2000000000000005,0.899999999999998,1.200000000000003,1.8000000000000047
2016-12-09,0.09999999999999593,-0.39999999999999886,-1.200000000000001,-1.305,-1.5000000000000018,-1.0999999999999985,-0.499999999999997,-0.09999999999999593,0.499999999999997,0.7999999999999934
2016-12-12,0.0,0.49999999999999917,1.7999999999999994,2.25,3.1999999999999997,3.399999999999996,3.599999999999992,3.8999999999999884,3.8999999999999884,4.000000000000002
2016-12-13,0.0,-0.2000000000000005,-0.8999999999999991,-1.45,-2.099999999999999,-2.499999999999998,-2.9999999999999907,-3.699999999999988,-4.099999999999989,-4.200000000000002
2016-12-14,0.0,-0.49999999999999917,-1.1999999999999988,-2.0,-2.7000000000000006,-3.3,-3.8000000000000056,-4.000000000000002,-4.100000000000007,-4.400000000000003
2016-12-15,0.2000000000000005,0.30000000000000077,0.7259999999999981,1.7000000000000002,2.100000000000001,2.899999999999999,3.3,3.6999999999999966,3.80000000000001,4.100000000000007
2016-12-16,0.30000000000000077,0.49999999999999917,0.2990000000000002,-0.20000000000000004,-0.30000000000000077,-0.899999999999998,-1.2999999999999992,-1.5999999999999954,-1.7000000000000088,-1.9000000000000006
2016-12-19,0.0,0.2000000000000005,-1.0959999999999996,-2.05,-2.8,-3.650000000000003,-3.9000000000000017,-4.600000000000003,-4.8999999999999995,-5.50000000000001
2016-12-20,0.02499999999999898,-0.1349999999999984,0.7279999999999993,1.25,1.600000000000001,2.049999999999999,1.8000000000000005,2.100000000000001,2.100000000000001,2.3000000000000016
2016-12-21,0.17500000000000154,0.5349999999999995,0.32500000000000084,-0.3,-0.7000000000000018,-1.0999999999999943,-0.9000000000000024,-1.3000000000000078,-1.4999999999999996,-1.5999999999999954
2016-12-22,0.17499999999999938,0.7999999999999999,1.2179999999999993,1.4999999999999998,1.7000000000000002,1.6999999999999957,1.8000000000000005,2.100000000000001,2.3999999999999977,2.3999999999999977
2016-12-23,0.02499999999999898,0.2000000000000005,0.0,-0.7,-1.1999999999999988,-1.3999999999999992,-2.000000000000001,-1.799999999999996,-2.199999999999997,-2.3999999999999977
2016-12-26,,-0.2000000000000005,-0.07500000000000019,,,,,,,
2016-12-27,-0.19999999999999835,-0.5000000000000013,-1.1450000000000002,-1.9999999999999998,-2.8,-2.5999999999999983,-1.7499999999999938,-1.6499999999999935,-1.349999999999997,-1.5999999999999954
2016-12-28,-0.5000000000000013,-0.10000000000000026,-0.0799999999999987,0.7,1.4999999999999996,1.0999999999999985,0.2499999999999985,-0.25000000000000716,-0.5500000000000036,-0.400000000000001
2016-12-29,-0.2000000000000005,-0.9000000000000002,-0.9999999999999993,-1.3000000000000003,-1.7000000000000002,-2.1999999999999993,-2.700000000000003,-2.999999999999999,-3.299999999999996,-3.299999999999996
2016-12-30,0.10000000000000026,-0.05000000000000013,0.2999999999999986,0.09999999999999999,-0.10000000000000026,0.10000000000000026,0.5000000000000013,0.6999999999999975,1.0000000000000027,1.2499999999999925
2017-01-02,-0.6999999999999975,-1.9499999999999986,-2.149999999999999,-1.7000000000000002,-1.0999999999999996,-0.9000000000000002,-0.7000000000000018,-0.499999999999997,-0.30000000000000515,0.050000000000006636
2017-01-03,0.5000000000000013,1.674999999999999,2.107999999999999,2.4250000000000003,1.9999999999999998,2.299999999999997,2.9450000000000047,2.700000000000003,2.950000000000001,2.9999999999999907
2017-01-04,-0.2000000000000005,0.020000000000000486,0.46699999999999997,0.6250000000000001,1.1000000000000008,1.100000000000003,0.7549999999999961,1.1999999999999944,1.2499999999999925,1.2999999999999992
2017-01-05,-0.5000000000000013,-0.2800000000000003,-0.4570000000000008,-0.05000000000000013,0.0,-0.30000000000000077,-0.899999999999998,-1.2999999999999992,-1.4749999999999919,-1.999999999999988
2017-01-06,-0.10000000000000026,0.6849999999999998,2.0070000000000006,2.1,2.2999999999999985,2.899999999999999,3.5000000000000004,4.000000000000002,4.074999999999998,4.49999999999999
2017-01-09,-0.2000000000000005,-0.6999999999999996,-1.4309999999999996,-1.2,-0.9999999999999983,-1.3999999999999992,-1.8000000000000047,-2.100000000000001,-2.3000000000000016,-2.3999999999999977
2017-01-10,-0.5000000000000013,-0.400000000000001,-0.2249999999999995,-0.19999999999999998,-0.2000000000000005,-0.14999999999999822,-0.10000000000000026,0.0,0.09999999999999593,0.09999999999999593
2017-01-11,-0.6999999999999975,-1.3999999999999992,-1.719,-2.1,-2.6999999999999993,-3.0500000000000016,-3.299999999999996,-3.6999999999999966,-3.7999999999999927,-3.8999999999999884
2017-01-12,0.09999999999999593,0.30000000000000077,0.024000000000000583,-0.1999999999999997,-0.400000000000001,-0.39999999999999886,-0.30000000000000077,-0.2000000000000005,-0.09999999999999593,0.04999999999998929
2017-01-13,0.0,0.5000000000000013,0.18299999999999958,0.9749999999999999,0.9000000000000002,1.1000000000000008,1.200000000000003,1.5999999999999954,1.7999999999999874,1.9500000000000073
2017-01-16,-0.3999999999999967,-0.9000000000000024,-0.5250000000000002,-1.0750000000000002,-0.6499999999999996,-0.449999999999999,-0.10000000000000026,0.15000000000000258,0.30000000000000515,0.39999999999999236
2017-01-17,0.10000000000000026,0.400000000000001,0.3190000000000007,0.6550000000000002,0.4500000000000001,0.04999999999999796,-0.400000000000001,-0.8500000000000001,-1.1000000000000072,-1.1999999999999857
2017-01-18,0.10000000000000026,0.5000000000000013,1.3989999999999987,1.7449999999999999,2.6000000000000005,3.0999999999999996,3.1249999999999982,3.299999999999996,3.3250000000000033,3.3999999999999915
2017-01-19,0.2499999999999985,0.6999999999999975,1.0250000000000006,1.75,2.1999999999999993,2.500000000000002,3.049999999999997,3.3000000000000043,3.575000000000002,3.800000000000001
2017-01-20,0.34999999999999876,1.1000000000000008,1.958,1.9500000000000002,2.1999999999999993,2.6000000000000023,3.024999999999998,3.1000000000000036,3.3000000000000043,3.400000000000009
2017-01-23,-0.30000000000000077,-1.200000000000001,-2.1830000000000003,-2.8000000000000003,-3.45,-3.9500000000000037,-4.399999999999994,-4.400000000000003,-4.749999999999997,-5.150000000000007
2017-01-24,0.0,0.5000000000000013,1.2,1.9000000000000001,2.4499999999999997,3.0500000000000016,3.4000000000000004,3.600000000000001,3.9499999999999953,4.349999999999996
2017-01-25,0.400000000000001,1.3000000000000012,2.1450000000000005,3.3,4.25,4.699999999999999,4.8999999999999995,4.8999999999999915,4.999999999999996,4.999999999999996
2017-01-26,0.10000000000000026,0.49999999999999917,1.0299999999999996,1.1000000000000008,1.4500000000000017,1.3999999999999992,1.4000000000000037,1.4000000000000037,1.2999999999999992,1.200000000000003
2017-01-27,0.30000000000000077,0.400000000000001,0.1510000000000004,-0.10000000000000026,-0.30000000000000077,-0.400000000000001,-0.7000000000000062,-0.899999999999998,-1.0999999999999985,-1.200000000000003
2017-01-30,-0.2000000000000005,-0.7000000000000018,-0.4010000000000005,-0.5000000000000002,-0.42500000000000004,-0.29999999999999644,-0.2000000000000005,0.0,0.1000000000000046,-0.09999999999999593
2017-01-31,0.0,-0.49999999999999917,-0.42500000000000004,-0.5000000000000002,-0.5750000000000004,-0.5000000000000013,-0.29999999999999644,-0.400000000000001,-0.6000000000000015,-0.30000000000000515
2017-02-01,0.10000000000000026,1.03,0.9000000000000002,1.1500000000000008,1.200000000000001,1.4500000000000017,1.749999999999998,1.9500000000000073,2.3500000000000085,2.199999999999997
2017-02-02,-0.10000000000000026,-0.5349999999999995,-1.2560000000000002,-1.5250000000000008,-2.3000000000000016,-2.650000000000005,-2.950000000000001,-3.1500000000000106,-3.4500000000000157,-3.4999999999999787
2017-02-03,-0.10000000000000026,-0.29500000000000015,-0.6540000000000007,-0.7250000000000003,-0.5999999999999972,-0.7999999999999977,-0.899999999999998,-0.899999999999998,-0.899999999999998,-0.9000000000000153
2017-02-06,0.5000000000000013,0.0,-0.8469999999999983,-1.7999999999999998,-2.6000000000000023,-2.7999999999999985,-2.7999999999999985,-2.699999999999994,-2.699999999999994,-2.5999999999999983
2017-02-07,0.400000000000001,0.9000000000000002,0.9469999999999986,0.7999999999999999,1.0000000000000004,0.800000000000002,0.5499999999999949,0.30000000000000515,0.27499999999999747,0.1499999999999939
2017-02-08,0.0,-0.9700000000000009,-1.9110000000000005,-2.5500000000000003,-3.5000000000000004,-4.125000000000005,-4.549999999999997,-5.075000000000001,-5.475000000000002,-5.649999999999995
2017-02-09,0.2000000000000005,0.9700000000000009,1.5710000000000008,1.6500000000000004,1.8000000000000025,1.7250000000000034,1.4999999999999996,1.5749999999999966,1.5000000000000082,1.4000000000000037
2017-02-10,0.0,0.10000000000000026,0.4040000000000001,0.2999999999999997,0.3999999999999967,0.6999999999999975,1.200000000000003,1.4999999999999996,1.9000000000000006,2.199999999999997
2017-02-13,0.16999999999999654,0.499999999999997,0.5160000000000006,1.2,1.5000000000000018,1.799999999999996,1.899999999999992,2.100000000000001,2.5999999999999983,2.200000000000006
2017-02-14,-0.1949999999999955,0.400000000000001,0.8790000000000002,1.2000000000000004,1.4999999999999996,1.8000000000000047,2.3000000000000016,2.5500000000000003,2.4499999999999957,3.049999999999997
2017-02-15,0.12499999999999925,-0.10000000000000026,-0.1620000000000007,-0.5500000000000004,-0.6999999999999996,-0.800000000000002,-0.899999999999998,-0.949999999999996,-0.949999999999996,-0.9250000000000057
2017-02-16,0.10000000000000026,-0.400000000000001,-0.5869999999999996,-1.05,-1.5999999999999999,-2.099999999999997,-2.699999999999994,-3.1000000000000036,-3.4000000000000004,-3.4249999999999905
2017-02-17,-0.2000000000000005,-0.9999999999999983,-1.8239999999999998,-1.7000000000000002,-1.4999999999999996,-1.5999999999999999,-1.7000000000000044,-1.7000000000000002,-1.8000000000000047,-2.10000000000001
2017-02-20,0.2000000000000005,0.25500000000000134,0.3240000000000003,0.0,0.0,0.0,0.10000000000000026,0.0,0.0,0.2000000000000005
2017-02-21,-0.30000000000000077,-0.25500000000000134,-0.17000000000000087,-0.09999999999999971,0.10000000000000026,0.499999999999997,0.6000000000000015,0.899999999999998,1.1000000000000072,1.225000000000002
2017-02-22,0.2000000000000005,0.30000000000000077,0.5699999999999997,0.0,-0.5000000000000013,-0.899999999999998,-1.100000000000003,-1.2999999999999992,-1.4999999999999996,-1.7249999999999992
2017-02-23,-0.6000000000000015,-1.1000000000000008,-2.3859999999999992,-2.2,-2.4,-2.850000000000001,-2.9000000000000035,-3.1000000000000036,-3.200000000000008,-3.1999999999999997
2017-02-24,0.400000000000001,-0.6000000000000015,-0.7199999999999991,-0.9,-1.2,-1.5500000000000018,-2.1999999999999926,-2.5999999999999983,-2.9000000000000035,-3.299999999999996
2017-02-27,-0.3500000000000031,0.10000000000000026,0.23099999999999857,0.15,0.2000000000000005,0.30000000000000077,0.29999999999999644,0.400000000000001,0.35000000000001175,0.499999999999997
2017-02-28,-0.2499999999999985,-0.49999999999999917,-0.6249999999999983,-1.3499999999999996,-1.8000000000000005,-1.8999999999999986,-1.7000000000000002,-1.600000000000004,-1.4000000000000037,-1.250000000000001
2017-03-01,-0.10000000000000026,0.39999999999999886,1.0499999999999985,1.8499999999999996,2.3000000000000007,2.7000000000000006,3.0000000000000036,3.4000000000000004,3.549999999999994,3.849999999999999
2017-03-02,0.2000000000000005,1.3000000000000012,2.3840000000000003,3.25,3.9000000000000017,4.199999999999998,4.399999999999999,4.000000000000002,4.200000000000002,4.200000000000002
2017-03-03,1.349999999999997,2.7000000000000006,3.657,4.299999999999999,4.999999999999998,5.1000000000000005,4.599999999999994,4.800000000000004,4.600000000000003,4.600000000000003
2017-03-06,0.10000000000000026,0.400000000000001,0.5089999999999999,0.12500000000000033,-0.15000000000000038,-0.30000000000000077,-0.400000000000001,-0.6999999999999975,-0.8500000000000001,-1.0500000000000091
2017-03-07,-0.30000000000000077,-1.0000000000000027,-1.4,-1.3000000000000003,-1.5750000000000008,-1.6500000000000021,-1.2999999999999992,-1.200000000000003,-1.1499999999999966,-1.0999999999999985
2017-03-08,0.0500000000000023,0.800000000000002,1.1289999999999998,1.9750000000000008,2.5250000000000012,2.750000000000005,2.8000000000000074,2.79999999999999,2.8999999999999946,2.95000000000001
2017-03-09,0.10000000000000026,2.099999999999999,3.88,5.6000000000000005,6.3999999999999995,7.000000000000001,6.899999999999997,7.00000000000001,6.949999999999994,6.800000000000001
2017-03-10,0.7999999999999999,1.8000000000000005,3.8909999999999996,4.8,5.8000000000000025,5.700000000000002,5.699999999999993,5.199999999999997,4.950000000000006,4.49999999999999
2017-03-13,-0.6999999999999996,-1.0999999999999996,-2.345,-2.000000000000001,-1.9000000000000006,-1.600000000000004,-1.499999999999991,-1.2999999999999905,-1.399999999999995,-1.349999999999997
2017-03-14,-0.3749999999999977,-0.9999999999999993,-0.9730000000000001,-2.3000000000000016,-2.7999999999999985,-2.699999999999994,-2.500000000000002,-2.500000000000002,-2.700000000000003,-2.6400000000000032
2017-03-15,0.07499999999999694,-0.400000000000001,-1.2639999999999998,-1.699999999999998,-2.000000000000001,-2.5000000000000067,-2.7999999999999985,-3.1000000000000036,-3.1999999999999997,-3.510000000000006
2017-03-16,-0.09999999999999593,0.2000000000000005,0.5700000000000001,1.1000000000000008,1.8000000000000005,2.2000000000000015,2.375000000000007,2.8249999999999975,3.099999999999995,3.1000000000000125
2017-03-17,0.6999999999999975,0.9249999999999992,0.975,0.2249999999999995,-0.7000000000000018,-0.9250000000000057,-1.0750000000000082,-1.449999999999993,-1.5999999999999954,-1.749999999999998
2017-03-20,0.14000000000000123,0.5750000000000004,0.7210000000000002,0.9749999999999993,1.0000000000000027,0.9250000000000057,0.899999999999998,0.8249999999999924,0.499999999999997,0.449999999999999
2017-03-21,0.2899999999999973,0.7999999999999999,0.4739999999999996,1.3000000000000012,1.2999999999999947,1.2999999999999992,1.4000000000000037,0.9000000000000067,0.7000000000000062,0.499999999999997
2017-03-22,-0.629999999999999,-1.2,-1.158,-2.099999999999999,-2.5999999999999983,-2.899999999999999,-3.500000000000005,-3.1000000000000036,-3.400000000000009,-3.3000000000000043
2017-03-23,0.14000000000000123,0.6000000000000005,0.6430000000000005,0.899999999999998,1.100000000000003,0.9000000000000024,1.0000000000000027,0.899999999999998,1.1000000000000072,1.1000000000000072
2017-03-24,-0.21500000000000252,-0.5000000000000002,-0.1380000000000001,-0.38999999999999974,-0.10000000000000026,-0.2000000000000005,-0.400000000000001,-0.6999999999999975,-0.7000000000000062,-0.9000000000000153
2017-03-27,-0.12499999999999925,-0.7000000000000007,-1.2660000000000002,-1.4100000000000006,-2.000000000000001,-2.100000000000001,-2.100000000000001,-2.100000000000001,-2.5999999999999983,-2.599999999999981
2017-03-28,-0.3199999999999991,-1.0000000000000004,-1.7630000000000001,-1.1000000000000008,-1.0000000000000027,-0.9000000000000024,-1.0000000000000027,-0.6000000000000015,-0.400000000000001,-0.30000000000000515
2017-03-29,-0.7799999999999995,-1.4999999999999996,-1.876,-3.4999999999999982,-4.139999999999999,-3.92,-3.599999999999992,-3.499999999999996,-2.9999999999999907,-2.7999999999999985
2017-03-30,-0.3249999999999998,-0.9000000000000002,-1.4980000000000007,-1.3000000000000012,-1.4599999999999986,-1.780000000000002,-1.600000000000004,-1.4999999999999996,-1.200000000000003,-1.2999999999999992
2017-03-31,-0.2000000000000005,-0.10000000000000026,0.5979999999999999,-0.19999999999999835,-0.15000000000000038,-0.29999999999999644,-0.09999999999999593,0.0,-0.1000000000000046,0.29999999999999644
2017-04-03,-0.5750000000000026,-1.4999999999999996,-2.6329999999999996,-2.3000000000000007,-2.4499999999999997,-2.3999999999999977,-2.9000000000000035,-2.7999999999999985,-2.3999999999999977,-2.500000000000002
2017-04-04,0.0,-0.10000000000000026,-0.5069999999999999,-0.6,-0.400000000000001,-0.10000000000000026,-0.29999999999999644,-0.400000000000001,-0.6999999999999975,-0.6000000000000015
2017-04-05,-0.019999999999998318,-0.39999999999999886,0.23999999999999932,-0.2000000000000005,-0.39999999999999886,-0.400000000000001,0.2000000000000005,0.2000000000000005,0.39999999999999236,0.5000000000000057
2017-04-06,0.1899999999999992,0.5999999999999994,0.7000000000000007,0.6,0.49999999999999917,0.30000000000000077,0.2000000000000005,0.2000000000000005,0.0,0.0
2017-04-07,-0.17000000000000087,-0.39999999999999886,-1.0000000000000004,-0.8999999999999991,-0.6999999999999996,-0.9000000000000024,-1.100000000000003,-1.200000000000003,-0.5999999999999929,-0.7000000000000062
2017-04-10,0.0,-0.800000000000002,-0.8999999999999991,-1.6000000000000008,-1.9000000000000006,-1.9000000000000006,-1.8000000000000005,-1.7000000000000002,-2.200000000000006,-2.3000000000000016
2017-04-11,-0.02499999999999898,-0.10000000000000026,-0.6000000000000005,-0.09999999999999999,0.5000000000000013,0.400000000000001,0.29999999999999644,-0.2000000000000005,0.2000000000000005,0.400000000000001
2017-04-12,0.2750000000000018,0.800000000000002,0.5400000000000001,0.5000000000000002,-0.10000000000000026,-0.2000000000000005,-0.499999999999997,-0.1000000000000046,-0.899999999999998,-1.2499999999999925
2017-04-13,-0.30000000000000077,-0.5000000000000013,-0.7400000000000007,-1.3000000000000003,-1.8000000000000005,-2.000000000000001,-1.684999999999998,-2.3999999999999977,-2.3000000000000016,-2.0500000000000034
2017-04-14,,,,0.49999999999999983,0.6999999999999996,,0.474999999999998,,,
2017-04-17,,0.10000000000000026,-0.023000000000000017,-0.39999999999999997,-0.6999999999999996,,-0.09000000000000327,,0.0,
2017-04-18,,-0.30000000000000077,-0.47699999999999915,-0.7999999999999999,-0.9000000000000002,,-1.9999999999999967,,-1.799999999999996,
2017-04-19,0.0,0.10000000000000026,0.7999999999999988,1.3000000000000003,1.7000000000000002,1.8999999999999964,1.8999999999999964,2.4999999999999933,1.9999999999999967,2.3999999999999977
2017-04-20,0.30000000000000077,1.4000000000000015,1.600000000000001,2.5,2.999999999999999,3.400000000000005,3.7000000000000055,3.500000000000005,4.000000000000002,3.8999999999999972
2017-04-21,0.400000000000001,0.2000000000000005,1.4999999999999996,1.5999999999999999,2.1999999999999993,2.499999999999998,2.699999999999994,2.9000000000000035,2.9000000000000035,2.7999999999999985
2017-04-24,-0.30000000000000077,0.30000000000000077,1.3739999999999999,2.2,2.000000000000001,2.2000000000000015,2.200000000000006,2.400000000000006,2.3499999999999908,2.700000000000003
2017-04-25,0.30000000000000077,1.3999999999999972,2.226,2.8,3.870000000000002,4.249999999999996,4.699999999999999,4.7999999999999865,4.98000000000001,5.000000000000004
2017-04-26,-0.2000000000000005,-1.1000000000000008,-0.6669999999999999,-1.3000000000000003,-1.1699999999999993,-1.250000000000001,-1.3000000000000078,-1.799999999999996,-1.0300000000000067,-1.0500000000000091
2017-04-27,-0.899999999999998,-1.2999999999999992,-3.233,-3.3,-4.000000000000002,-3.8999999999999972,-4.499999999999999,-3.7999999999999927,-4.099999999999998,-4.349999999999996
2017-04-28,0.10000000000000026,1.0000000000000027,1.7049999999999996,1.2,0.9000000000000002,0.800000000000002,1.7000000000000088,1.499999999999991,1.4000000000000037,1.8000000000000134
2017-05-01,,-0.400000000000001,-0.7150000000000001,-0.2999999999999986,-0.2000000000000005,,-0.2000000000000005,,,
2017-05-02,-0.9999999999999983,-0.6999999999999996,-0.5170000000000001,0.5999999999999983,1.200000000000001,1.1999999999999988,1.0999999999999985,0.899999999999998,0.7999999999999934,0.499999999999997
2017-05-03,-0.6000000000000015,-0.6000000000000015,0.027000000000000114,-0.5999999999999983,-0.400000000000001,-0.6999999999999975,-0.7500000000000041,-0.800000000000002,-0.7999999999999934,-0.899999999999998
2017-05-04,1.8000000000000005,2.899999999999999,2.8,3.699999999999999,3.0999999999999996,3.4799999999999978,4.150000000000005,4.200000000000002,4.359999999999998,5.099999999999983
2017-05-05,0.29999999999999644,-0.19999999999999835,1.1,0.9000000000000002,1.6500000000000021,1.8199999999999987,1.4999999999999996,2.0000000000000053,2.139999999999998,2.199999999999997
2017-05-08,0.10000000000000026,0.6999999999999996,0.24999999999999997,-0.2000000000000005,-0.3500000000000031,-0.499999999999997,-0.5300000000000009,-0.6000000000000015,-0.6000000000000015,-0.6999999999999889
2017-05-09,-0.10000000000000026,-0.400000000000001,-0.7500000000000002,-0.5499999999999993,-0.449999999999999,-0.400000000000001,-0.11999999999999858,0.0,0.2000000000000005,0.2999999999999878
2017-05-10,-0.2249999999999995,-0.10000000000000026,0.0,-0.3500000000000009,-0.25000000000000283,-0.2599999999999998,-0.5500000000000036,-0.6999999999999975,-0.6499999999999996,-0.8699999999999853
2017-05-11,-0.1749999999999972,-0.49999999999999917,-0.6,-0.30000000000000077,-0.899999999999998,-0.9299999999999977,-0.8099999999999947,-0.800000000000002,-0.9500000000000046,-1.2300000000000157
2017-05-12,-0.5000000000000013,-1.0999999999999985,-1.9,-1.9999999999999987,-1.7000000000000002,-2.2100000000000026,-2.5900000000000056,-2.700000000000003,-3.1999999999999997,-3.099999999999978
2017-05-15,0.0,0.0,-0.03099999999999967,0.15000000000000038,0.2000000000000005,1.0000000000000027,1.399999999999995,1.7000000000000002,2.100000000000001,2.399999999999989
2017-05-16,0.24499999999999783,0.899999999999998,0.7689999999999991,1.3500000000000003,1.5999999999999999,1.399999999999995,1.1000000000000072,1.2999999999999992,1.4000000000000037,1.499999999999991
2017-05-17,-0.3449999999999981,-1.7999999999999983,-2.386,-3.5000000000000004,-4.6499999999999995,-4.869999999999996,-4.290000000000005,-4.7999999999999865,-4.8999999999999995,-4.999999999999987
2017-05-18,0.2000000000000005,0.10000000000000026,0.9480000000000003,0.10000000000000026,-0.05000000000000013,-0.43000000000000504,-0.7999999999999934,-0.9000000000000067,-1.0999999999999985,-0.899999999999998
2017-05-19,0.400000000000001,1.299999999999997,1.0000000000000004,1.4999999999999996,1.9000000000000006,2.1000000000000054,1.990000000000004,1.9999999999999967,2.299999999999993,2.100000000000001
2017-05-22,0.19999999999999618,0.7000000000000018,1.1269999999999998,1.5999999999999999,1.9000000000000006,2.099999999999997,2.0999999999999925,2.3999999999999977,2.2500000000000036,2.199999999999997
2017-05-23,0.0,0.17499999999999938,-0.012000000000000292,0.7000000000000007,0.400000000000001,1.020000000000001,0.6999999999999975,0.7500000000000041,1.0000000000000027,1.250000000000001
2017-05-24,-0.29999999999999644,-0.7750000000000009,-0.31500000000000006,-0.6650000000000005,-0.2000000000000005,-0.520000000000004,0.07500000000000562,0.1499999999999939,0.2000000000000005,0.27499999999999747
2017-05-25,-0.2000000000000005,-0.6599999999999987,-1.0699999999999994,-1.535,-1.6500000000000021,-2.099999999999997,-2.125,-2.1249999999999916,-2.175000000000007,-2.2750000000000026
2017-05-26,-0.499999999999997,-1.0599999999999998,-1.2899999999999998,-1.9000000000000006,-1.9999999999999987,-2.3000000000000016,-2.199999999999997,-2.3749999999999987,-2.4749999999999948,-2.5500000000000003
2017-05-29,-0.30000000000000077,-0.4300000000000007,-1.4830000000000008,-1.0999999999999996,-1.249999999999999,-0.5499999999999993,-1.250000000000001,-1.4500000000000017,-1.5250000000000072,-1.4999999999999996
2017-05-30,0.00999999999999699,-0.27000000000000113,-0.45699999999999863,-0.5599999999999995,-0.6200000000000021,-1.0799999999999959,-0.7000000000000062,-0.5700000000000063,-0.5249999999999959,-0.46000000000000035
2017-05-31,0.09000000000000327,0.12000000000000074,-0.39100000000000135,0.04499999999999947,-0.054999999999998626,0.1049999999999966,0.38000000000000705,0.6899999999999962,0.899999999999998,0.955000000000001
2017-06-01,-0.07500000000000129,0.029999999999999645,0.5960000000000004,0.5650000000000002,0.924999999999997,0.8200000000000004,0.7699999999999981,0.7800000000000081,0.800000000000002,0.905000000000003
2017-06-02,0.2000000000000005,-0.1299999999999999,-0.005000000000000664,-0.8999999999999997,-1.2499999999999967,-1.2450000000000006,-1.200000000000003,-1.2750000000000088,-1.344999999999992,-1.2500000000000098
2017-06-05,0.07500000000000129,0.3500000000000009,0.25000000000000067,0.39499999999999985,0.34500000000000025,0.47000000000000164,0.35999999999999577,0.3250000000000128,0.38999999999999974,0.46000000000000035
2017-06-06,0.09999999999999593,-0.06499999999999778,-1.0020000000000004,-0.9449999999999996,-1.250000000000001,-1.3350000000000037,-1.5099999999999922,-1.600000000000004,-1.5949999999999993,-1.8099999999999887
2017-06-07,-0.499999999999997,-0.9350000000000027,-0.30499999999999927,-0.3650000000000002,-0.2400000000000015,-0.6749999999999985,-0.6600000000000008,-0.6999999999999975,-0.6000000000000015,-0.6000000000000015
2017-06-08,-0.3100000000000021,-0.46000000000000035,-0.8120000000000003,-0.46000000000000035,-0.25499999999999917,-0.10999999999999725,-0.14000000000000123,-0.2000000000000005,-0.30000000000000515,-0.30000000000000515
2017-06-09,-0.4300000000000007,-0.8399999999999987,-0.23099999999999965,-0.87,-0.5000000000000013,-0.400000000000001,-0.400000000000001,-0.1000000000000046,-0.12999999999999123,0.0
2017-06-12,-0.46000000000000035,-0.39999999999999886,-1.1500000000000008,-0.8049999999999999,-1.2899999999999998,-1.1500000000000008,-1.1999999999999988,-1.250000000000001,-1.2100000000000044,-1.4000000000000037
2017-06-13,-0.14000000000000123,0.26999999999999896,0.4340000000000008,1.0,1.3900000000000001,1.4500000000000017,1.5999999999999999,1.7000000000000002,1.6400000000000008,2.0500000000000034
2017-06-14,-0.2599999999999998,-1.2199999999999993,-0.6820000000000003,-2.4,-3.0999999999999974,-3.400000000000005,-3.5249999999999995,-3.7749999999999937,-3.7250000000000045,-4.05
2017-06-15,0.30000000000000077,1.249999999999999,1.4780000000000002,2.675,3.564999999999998,3.710000000000002,3.725,3.7249999999999956,3.7250000000000045,3.800000000000001
2017-06-16,0.0,-0.10000000000000026,-0.9469999999999986,-0.565,-0.8849999999999982,-0.9500000000000003,-0.8250000000000011,-0.7500000000000041,-0.6400000000000069,-0.6500000000000082
2017-06-19,0.0,0.08500000000000044,0.8669999999999989,0.19500000000000015,0.6199999999999978,0.5400000000000023,0.6849999999999998,0.6500000000000082,0.49500000000000066,0.45000000000000767
2017-06-20,-0.34999999999999876,-0.9350000000000005,-1.3210000000000002,-1.3800000000000001,-1.749999999999998,-1.6500000000000021,-1.96,-2.0600000000000045,-2.034999999999997,-2.199999999999997
2017-06-21,0.2499999999999985,0.7000000000000018,0.9210000000000002,1.175,1.1500000000000008,0.8900000000000053,0.474999999999998,0.03500000000000898,-0.3449999999999981,-0.5499999999999949
2017-06-22,-0.14999999999999822,-0.15000000000000038,-0.30000000000000077,-0.8000000000000002,-1.200000000000001,-1.345000000000005,-1.374999999999996,-1.4750000000000092,-1.4950000000000032,-1.5500000000000063
2017-06-23,0.04999999999999796,0.2999999999999986,1.4590000000000014,0.9999999999999999,1.0099999999999996,1.0150000000000003,0.899999999999998,1.0000000000000027,1.0199999999999967,0.8500000000000001
2017-06-26,0.15999999999999956,0.4500000000000012,-0.15900000000000114,0.41999999999999993,0.29500000000000015,0.09000000000000327,0.019999999999998318,0.02499999999999898,-0.0899999999999946,-0.15000000000000258
2017-06-27,0.9600000000000016,3.4000000000000004,4.525,7.2,8.395000000000001,9.149999999999995,9.279999999999996,9.525000000000002,9.565,9.75000000000001
2017-06-28,-0.23000000000000018,-1.0500000000000005,0.4040000000000001,-1.3699999999999997,-1.1700000000000035,-1.029999999999998,-0.6699999999999935,-0.6400000000000069,-0.8549999999999964,-0.30000000000000515
2017-06-29,0.7100000000000032,1.749999999999998,2.065,3.8499999999999983,4.620000000000002,5.23,5.869999999999998,6.000000000000007,6.599999999999992,6.2999999999999865
2017-06-30,0.34999999999999876,1.3500000000000014,1.586,1.7149999999999999,1.7000000000000002,1.749999999999998,1.5499999999999976,2.09,2.0300000000000007,2.100000000000001
2017-07-03,-0.14999999999999822,-0.15000000000000038,0.010000000000000005,-0.31499999999999845,-0.34999999999999876,0.07500000000000562,1.045000000000013,0.8500000000000001,1.5199999999999936,1.1000000000000072
2017-07-04,-0.5000000000000013,-0.8500000000000001,-0.9900000000000001,-0.29500000000000015,0.2000000000000005,0.4149999999999987,0.35499999999999077,0.6999999999999975,0.38000000000001577,0.965000000000011
2017-07-05,0.0,0.05000000000000013,-0.017000000000000008,0.034999999999998144,-0.0500000000000023,0.16499999999999154,0.09999999999999593,-0.2449999999999935,-0.22000000000001185,-0.11500000000001093
2017-07-06,0.400000000000001,1.600000000000002,3.167,4.46,5.549999999999999,5.945000000000004,6.250000000000005,6.594999999999995,6.870000000000001,6.750000000000003
2017-07-07,0.054999999999998626,-0.05000000000000013,-0.0699999999999998,-0.10000000000000026,0.0500000000000023,0.3500000000000031,0.45000000000000767,0.899999999999998,0.8500000000000001,1.0000000000000113
2017-07-10,-0.07500000000000129,-0.2000000000000005,-0.9400000000000001,-1.2499999999999967,-1.3000000000000034,-1.9499999999999986,-2.2500000000000124,-2.649999999999996,-2.950000000000001,-3.200000000000008
2017-07-11,0.10000000000000026,0.30000000000000077,0.24599999999999975,0.39999999999999886,-0.14999999999999822,0.29999999999999644,0.1000000000000046,0.1499999999999939,0.0,-0.09999999999999593
2017-07-12,-0.28500000000000314,-0.7400000000000028,-0.6509999999999997,-1.1549999999999994,-1.0749999999999995,-1.6350000000000044,-1.8000000000000047,-2.199999999999997,-2.400000000000006,-2.3500000000000085
2017-07-13,-0.1949999999999955,0.0900000000000011,-0.866,0.5049999999999998,0.474999999999998,0.5350000000000059,0.499999999999997,0.6499999999999996,0.8500000000000174,0.8500000000000001
2017-07-14,-0.005000000000000664,0.16000000000000172,1.7309999999999999,0.7499999999999998,1.0500000000000005,1.0000000000000027,1.0000000000000027,0.8500000000000001,0.6499999999999908,0.449999999999999
2017-07-17,-0.3199999999999991,-0.6600000000000008,-1.5949999999999998,-0.9500000000000003,-1.004999999999999,-1.0999999999999985,-0.96999999999999,-0.924999999999997,-0.8500000000000001,-0.7500000000000041
2017-07-18,-0.2750000000000018,-0.6500000000000017,-0.746,-1.0000000000000004,-1.1749999999999998,-1.1500000000000052,-1.2800000000000051,-1.4750000000000092,-1.499999999999991,-1.449999999999993
2017-07-19,-0.2000000000000005,-0.9499999999999982,-0.839,-1.6600000000000013,-1.9300000000000004,-2.0500000000000034,-1.9499999999999986,-1.899999999999992,-1.9000000000000092,-1.9500000000000073
2017-07-20,-0.2499999999999985,-0.4500000000000012,-0.2200000000000002,-0.38999999999999757,-0.3300000000000004,-0.15000000000000258,-0.400000000000001,0.0,-0.1499999999999939,0.3500000000000031
2017-07-21,-0.15000000000000258,-0.7999999999999999,-1.8,-2.1199999999999997,-2.500000000000002,-2.299999999999993,-2.0500000000000034,-2.100000000000001,-1.5500000000000063,-1.7000000000000002
2017-07-24,0.0500000000000023,-0.15000000000000038,-0.3999999999999994,-0.1100000000000016,0.15999999999999956,0.15000000000000258,0.09999999999999593,0.2000000000000005,0.15000000000001124,0.2650000000000048
2017-07-25,0.14999999999999822,0.6000000000000015,0.9119999999999999,2.0800000000000005,2.580000000000004,3.199999999999991,3.7500000000000036,3.9999999999999933,4.199999999999985,4.384999999999996
2017-07-26,-0.10500000000000093,-0.25000000000000067,-0.357,-0.25000000000000067,-0.14999999999999822,-0.29999999999999644,-0.474999999999998,-0.29999999999999644,-0.4249999999999914,-0.4249999999999914
2017-07-27,0.20500000000000118,-0.15000000000000038,0.14499999999999974,-0.7749999999999988,-1.0000000000000027,-1.200000000000003,-0.924999999999997,-1.1499999999999966,-1.1749999999999954,-1.175000000000013
2017-07-28,0.0500000000000023,0.3500000000000009,0.5000000000000002,0.5699999999999997,0.5000000000000013,1.0000000000000027,1.799999999999996,1.4000000000000037,1.899999999999992,1.7000000000000002
2017-07-31,0.14499999999999758,0.15000000000000038,0.41999999999999993,0.5049999999999998,0.9000000000000024,0.7300000000000015,0.04000000000000531,0.5699999999999976,0.3500000000000031,0.38000000000001577
2017-08-01,-0.29500000000000015,-0.9000000000000024,-2.0200000000000005,-2.750000000000001,-3.500000000000005,-4.000000000000002,-4.200000000000002,-4.720000000000002,-4.9499999999999895,-5.100000000000017
2017-08-02,-0.024999999999994645,-0.10000000000000026,0.41999999999999993,-0.24999999999999958,-0.49,-0.6000000000000015,-0.6350000000000019,-0.579999999999999,-0.5500000000000123,-0.5799999999999903
2017-08-03,0.07499999999999694,0.0,-1.0879999999999999,-0.39999999999999997,-0.7099999999999989,-0.999999999999994,-1.4550000000000067,-1.619999999999998,-1.9499999999999986,-2.1200000000000037
2017-08-04,0.14999999999999822,0.400000000000001,0.7680000000000002,0.44499999999999945,0.449999999999999,0.7699999999999981,0.800000000000002,0.8499999999999914,1.2499999999999925,1.1199999999999926
2017-08-07,0.0949999999999996,0.0,-0.1600000000000001,-0.3850000000000001,-0.34999999999999876,-0.7000000000000018,-0.7499999999999954,-0.800000000000002,-1.149999999999988,-0.8999999999999807
2017-08-08,0.10500000000000093,0.4300000000000007,-0.05599999999999974,0.6800000000000014,0.3999999999999967,0.7000000000000018,0.5000000000000057,0.5500000000000123,1.0999999999999985,1.1249999999999976
2017-08-09,-0.30000000000000077,-0.9299999999999998,-0.3950000000000004,-2.2750000000000017,-2.1699999999999973,-2.860000000000002,-2.790000000000006,-2.9000000000000035,-3.6050000000000058,-3.780000000000016
2017-08-10,-0.30000000000000077,-0.5549999999999999,-2.1869999999999994,-0.7249999999999986,-1.1099999999999999,-1.2899999999999934,-1.1099999999999999,-1.5499999999999976,-1.5449999999999926,-1.4449999999999878
2017-08-11,-0.3049999999999971,-0.7949999999999993,-0.1420000000000013,-1.3900000000000001,-1.4749999999999985,-1.4500000000000017,-2.0499999999999945,-1.7000000000000002,-1.8500000000000114,-1.9500000000000073
2017-08-14,-0.045000000000001636,0.05000000000000013,0.5900000000000003,0.9249999999999992,1.2549999999999997,1.4999999999999996,1.849999999999994,1.9499999999999986,2.200000000000006,2.199999999999997
2017-08-15,0.10999999999999725,0.6499999999999974,0.9950000000000009,1.3000000000000003,1.4999999999999996,1.3699999999999997,1.540000000000005,1.6299999999999908,1.6700000000000048,1.7299999999999955
2017-08-16,0.14000000000000123,0.2000000000000005,-1.0520000000000007,0.32500000000000084,0.30000000000000077,0.6799999999999948,0.6599999999999921,0.7700000000000068,0.6800000000000035,0.970000000000016
2017-08-17,-0.10000000000000026,-0.34999999999999876,-0.15499999999999997,-1.25,-1.5700000000000003,-2.0499999999999945,-2.100000000000001,-2.3499999999999996,-1.9500000000000073,-2.5500000000000003
2017-08-18,0.0,0.09999999999999809,0.3620000000000001,0.05000000000000013,0.3399999999999974,0.43999999999999767,0.1000000000000046,0.1000000000000046,-0.3499999999999944,0.0
2017-08-21,-0.2000000000000005,-0.5999999999999972,-0.7999999999999988,-1.4550000000000012,-1.6699999999999984,-1.7399999999999967,-1.6799999999999975,-1.5200000000000022,-1.4999999999999996,-1.510000000000001
2017-08-22,-0.14000000000000123,-0.2000000000000005,-0.2000000000000005,0.10500000000000093,-0.0900000000000011,0.14999999999999822,0.29999999999999644,-0.030000000000003982,0.2499999999999898,0.19999999999999185
2017-08-23,0.060000000000007964,0.05000000000000013,-0.4500000000000001,-0.9450000000000007,-1.3949999999999987,-1.7950000000000041,-1.805000000000001,-1.5499999999999976,-1.9149999999999983,-1.6899999999999902
2017-08-24,-0.02000000000000699,-0.05000000000000013,0.2999999999999997,0.245,0.5349999999999995,0.5950000000000009,0.7050000000000025,0.7900000000000008,1.0450000000000044,1.0899999999999972
2017-08-25,0.10000000000000026,0.10000000000000026,0.8750000000000001,0.020000000000000486,-0.25000000000000067,-0.11999999999999425,-0.11999999999999858,-0.1899999999999992,-0.13000000000000858,-0.1899999999999992
2017-08-28,-0.14999999999999822,-0.30000000000000077,-0.45999999999999924,-0.5000000000000002,-0.6000000000000015,-0.43000000000000504,-0.07500000000000562,0.07500000000000562,-0.09999999999999593,0.2249999999999995
2017-08-29,-0.09000000000000327,-0.5999999999999994,-1.5650000000000006,-1.52,-2.099999999999999,-2.5799999999999996,-2.9849999999999928,-3.215000000000006,-2.8999999999999946,-3.1750000000000007
2017-08-30,0.04000000000000097,0.10000000000000026,0.0,0.3399999999999996,0.7300000000000015,0.7799999999999995,0.6600000000000008,0.7900000000000008,0.6399999999999982,0.499999999999997
2017-08-31,-0.09999999999999593,-0.25000000000000067,-0.48199999999999976,-0.23999999999999988,0.07000000000000062,-0.10000000000000026,0.020000000000002655,0.020000000000002655,-0.2000000000000005,0.0
2017-09-01,-0.10000000000000026,0.05000000000000013,0.28200000000000036,0.2000000000000005,0.10000000000000026,0.400000000000001,0.5799999999999903,0.7799999999999908,1.2850000000000015,1.2250000000000107
2017-09-04,0.0,-0.30000000000000077,-0.5000000000000002,-1.0000000000000004,-1.1000000000000008,-0.8500000000000001,-1.0999999999999985,-1.0500000000000005,-0.9750000000000036,-0.9750000000000036
2017-09-05,-0.400000000000001,-1.4499999999999995,-2.5600000000000005,-2.3,-1.9500000000000008,-3.5000000000000004,-3.499999999999996,-3.600000000000001,-3.800000000000001,-3.740000000000011
2017-09-06,0.30000000000000077,1.249999999999999,2.9600000000000004,2.6000000000000005,1.6600000000000013,2.660000000000002,2.8749999999999956,2.795000000000002,3.1500000000000106,2.7450000000000045
2017-09-07,-0.3500000000000031,-1.0000000000000004,-2.6210000000000013,-1.6900000000000002,-1.2100000000000002,-1.1099999999999999,-1.2749999999999915,-1.244999999999996,-1.600000000000004,-1.355000000000002
2017-09-08,0.0500000000000023,0.5499999999999993,0.9210000000000013,0.5250000000000002,0.6999999999999975,0.7000000000000018,1.0999999999999899,0.6850000000000085,1.0499999999999918,0.8500000000000001
2017-09-11,0.04999999999999796,-0.14999999999999822,0.6370000000000009,0.8649999999999997,1.020000000000001,0.949999999999996,0.800000000000002,1.2649999999999901,0.8200000000000047,1.399999999999995
2017-09-12,0.25000000000000283,0.9500000000000003,1.5629999999999984,2.615,3.3,4.100000000000002,4.330000000000002,4.6699999999999955,4.929999999999995,5.000000000000004
2017-09-13,0.10000000000000026,0.15000000000000038,-0.3209999999999997,-0.1650000000000002,-0.20999999999999752,-0.2000000000000005,-0.3300000000000004,-0.37999999999998973,-0.28999999999999515,-0.449999999999999
2017-09-14,0.10000000000000026,0.5899999999999981,1.7599999999999993,1.2700000000000011,1.6949999999999994,1.6500000000000021,1.7000000000000002,1.6599999999999948,1.590000000000003,1.749999999999998
2017-09-15,0.28000000000000247,0.7100000000000032,1.3070000000000008,1.9799999999999993,1.895,1.9999999999999967,2.100000000000001,1.904999999999997,1.799999999999996,1.7000000000000002
2017-09-18,0.05999999999999495,0.2499999999999985,0.4540000000000002,0.8999999999999991,1.3500000000000014,1.3500000000000014,1.6499999999999935,1.9450000000000023,1.9000000000000006,1.7799999999999934
2017-09-19,0.010000000000001327,-0.14999999999999822,-0.400000000000001,-0.5499999999999993,-0.945000000000004,-0.5499999999999993,-0.6999999999999975,-0.9399999999999946,-0.6999999999999975,-0.6999999999999889
2017-09-20,0.10000000000000026,-0.10000000000000026,-0.8259999999999995,-0.3499999999999998,-0.3049999999999971,-0.6950000000000012,-0.899999999999998,-0.9449999999999996,-1.0999999999999985,-1.1800000000000006
2017-09-21,-0.0500000000000023,0.38999999999999757,1.3969999999999998,1.5099999999999998,1.799999999999996,2.1950000000000007,2.0500000000000034,1.9849999999999903,1.849999999999994,1.5500000000000063
2017-09-22,0.2000000000000005,0.2099999999999997,1.2130000000000003,0.29000000000000054,0.10000000000000026,-0.30000000000000077,-0.400000000000001,-0.499999999999997,-0.6499999999999996,-0.3500000000000204
2017-09-25,-0.30000000000000077,-0.9499999999999982,-2.5840000000000005,-2.6000000000000014,-2.999999999999999,-3.2949999999999995,-3.4000000000000004,-3.3500000000000023,-3.249999999999998,-3.5449999999999893
2017-09-26,0.0,0.4500000000000012,0.400000000000001,0.4050000000000017,0.6950000000000012,0.499999999999997,0.5949999999999965,0.5500000000000123,0.3799999999999984,0.8400000000000074
2017-09-27,0.11999999999999858,0.6999999999999975,1.4639999999999997,2.394999999999999,2.984999999999997,3.765000000000001,4.110000000000007,4.4049999999999905,4.495000000000003,4.755000000000003
2017-09-28,-0.019999999999998318,0.10000000000000026,0.048999999999999565,0.2999999999999986,0.2200000000000032,0.3300000000000048,0.499999999999997,0.6450000000000032,0.9750000000000036,0.6999999999999889
2017-09-29,0.0500000000000023,0.05000000000000013,0.1380000000000001,-0.014999999999999823,0.02499999999999898,-0.0949999999999996,-0.2000000000000005,-0.400000000000001,-0.09999999999999593,-0.2999999999999878
2017-10-02,0.04999999999999796,-0.26999999999999896,-0.050999999999999615,-0.38999999999999974,-0.5250000000000002,-0.4050000000000017,-0.20499999999999685,-0.29999999999999644,-0.460000000000009,-0.4500000000000164
2017-10-03,-0.10000000000000026,-0.13000000000000209,-0.2000000000000005,0.020000000000000486,0.03500000000000031,0.3399999999999974,0.3449999999999894,0.7249999999999965,0.7099999999999989,0.9550000000000183
2017-10-04,0.0,0.0,0.0,-0.4649999999999999,-0.3300000000000004,-0.49,-0.5949999999999965,-0.6750000000000071,-0.5999999999999929,-0.6550000000000132
2017-10-05,0.10000000000000026,0.0900000000000011,0.1430000000000002,0.2700000000000001,-0.20999999999999752,-0.5099999999999983,-0.6000000000000015,-0.919999999999992,-1.2000000000000117,-1.2999999999999992
2017-10-06,0.10000000000000026,0.3600000000000001,0.9569999999999994,0.9299999999999998,1.1099999999999999,1.0800000000000003,1.2999999999999992,1.4700000000000042,1.0999999999999985,1.5500000000000063
2017-10-09,-0.34999999999999876,-0.8600000000000014,-1.0999999999999996,-1.2100000000000002,-1.0099999999999996,-1.3200000000000016,-1.6499999999999935,-1.8000000000000047,-1.7849999999999984,-2.3450000000000033
2017-10-10,0.04999999999999796,0.06000000000000363,-0.8239999999999994,0.010000000000000243,-0.2950000000000045,-0.0949999999999996,0.04999999999999796,0.04999999999999796,0.1400000000000099,0.14500000000000624
2017-10-11,0.15000000000000258,0.499999999999997,1.4239999999999993,1.3000000000000003,1.7500000000000024,1.9950000000000003,1.7500000000000067,1.8500000000000028,2.0449999999999897,2.1499999999999817
2017-10-12,-0.19000000000000353,-0.39999999999999886,-1.0509999999999995,-1.3000000000000003,-1.7000000000000002,-1.9499999999999986,-1.7350000000000003,-1.9750000000000063,-1.7849999999999984,-1.894999999999987
2017-10-13,-0.25999999999999546,-1.0000000000000004,-1.499,-1.8999999999999995,-2.149999999999999,-2.3250000000000006,-2.6150000000000047,-2.4249999999999967,-2.714999999999992,-2.5049999999999897
2017-10-16,-0.17999999999999788,-0.7999999999999999,-0.4500000000000012,-1.5999999999999999,-2.049999999999999,-2.2199999999999998,-2.4449999999999994,-2.500000000000002,-2.5500000000000087,-2.975000000000009
2017-10-17,-0.020000000000002655,0.2000000000000005,-0.49999999999999917,-0.2999999999999997,-0.23000000000000018,-0.3549999999999994,-0.49500000000000066,-0.6999999999999975,-0.899999999999998,-0.8650000000000151
2017-10-18,0.0,0.2000000000000005,0.7999999999999999,1.5799999999999994,1.9899999999999995,2.3999999999999977,2.439999999999994,2.450000000000004,2.650000000000005,2.725000000000019
2017-10-19,-0.0500000000000023,-0.10000000000000026,0.10000000000000026,0.06999999999999953,0.0949999999999996,-0.10000000000000026,0.05500000000000296,0.05499999999999429,0.0,0.06499999999999562
2017-10-20,0.09000000000000327,0.6999999999999996,1.7000000000000002,2.5300000000000007,2.899999999999999,3.7500000000000036,4.070000000000011,4.369999999999999,4.679999999999997,4.7050000000000045
2017-10-23,-0.04000000000000097,-0.4500000000000012,-1.2609999999999997,-1.5799999999999994,-1.3100000000000005,-1.5500000000000018,-1.8750000000000104,-1.96,-1.6799999999999975,-2.055000000000008
2017-10-24,0.2000000000000005,0.750000000000002,1.5210000000000001,1.9999999999999998,2.4550000000000005,2.500000000000002,3.0950000000000073,3.225000000000007,2.655000000000001,3.3799999999999977
2017-10-25,0.09999999999999593,0.30000000000000077,0.6679999999999995,1.0000000000000004,1.0000000000000027,1.0999999999999985,0.7549999999999918,0.9650000000000023,0.8950000000000103,0.8200000000000047
2017-10-26,-0.499999999999997,-1.7500000000000024,-2.729999999999999,-3.5500000000000016,-4.245000000000004,-4.455000000000002,-4.155000000000001,-4.330000000000002,-4.105000000000011,-4.3250000000000055
2017-10-27,-0.2000000000000005,-0.5000000000000013,-0.9980000000000004,-1.3499999999999992,-1.535,-1.6950000000000038,-1.8699999999999966,-1.8750000000000018,-1.8700000000000054,-1.6949999999999952
2017-10-30,0.0,-0.2000000000000005,-0.5170000000000012,-0.5000000000000002,-0.9699999999999986,-1.2499999999999925,-1.3200000000000016,-1.5499999999999976,-1.574999999999988,-1.8799999999999892
2017-10-31,0.020000000000002655,0.10000000000000026,-0.19499999999999879,-0.21499999999999928,-0.23999999999999932,-0.6300000000000056,-0.7650000000000018,-0.8400000000000074,-0.8500000000000087,-0.9500000000000133
2017-11-01,-0.020000000000002655,0.08000000000000194,0.672,0.3149999999999995,0.6900000000000027,1.0300000000000022,1.1099999999999999,1.0950000000000022,1.0700000000000032,1.250000000000001
2017-11-02,0.0,-0.23000000000000018,-0.47100000000000114,-0.14000000000000015,-0.3100000000000021,-0.3399999999999974,-0.3099999999999978,-0.5549999999999999,-0.460000000000009,-0.5999999999999929
2017-11-03,0.0,0.0,-0.09600000000000017,-0.06000000000000037,-0.14000000000000123,-0.010000000000001327,-0.4400000000000064,-0.2499999999999985,-0.35999999999998705,-0.2000000000000092
2017-11-06,-0.10000000000000026,-0.5950000000000009,0.027000000000001197,-1.3999999999999992,-1.7500000000000002,-2.1250000000000044,-2.1999999999999886,-2.225000000000005,-2.375000000000007,-2.5249999999999924
2017-11-07,0.04000000000000097,0.045000000000001636,-0.8700000000000006,-0.14499999999999974,-0.30000000000000077,-0.4249999999999957,-0.3500000000000031,-0.5750000000000026,-0.5249999999999959,-0.5750000000000026
2017-11-08,-0.09000000000000327,-0.04999999999999796,-0.1499999999999993,-0.05500000000000025,0.30000000000000077,0.10000000000000026,0.5500000000000036,0.45000000000000767,0.6499999999999908,0.499999999999997
2017-11-09,0.15000000000000258,0.3999999999999967,0.8899999999999999,1.2999999999999996,1.4750000000000005,2.1450000000000027,1.999999999999988,2.4499999999999957,2.495000000000006,2.9449999999999963
2017-11-10,0.0,0.30000000000000077,0.9099999999999994,1.7349999999999994,2.2599999999999985,2.6549999999999923,2.8500000000000054,3.1750000000000096,3.2050000000000045,3.355000000000007
2017-11-13,0.0,0.2000000000000005,0.400000000000001,0.26500000000000046,0.4199999999999994,0.400000000000001,0.455000000000004,0.4749999999999893,0.5750000000000026,0.455000000000004
2017-11-14,0.0,-0.0500000000000023,-0.5000000000000002,-0.9499999999999993,-1.3049999999999997,-1.4999999999999996,-1.5050000000000046,-1.749999999999998,-1.9750000000000063,-2.0300000000000007
2017-11-15,0.10000000000000026,0.2000000000000005,-0.5730000000000004,-0.5500000000000004,-0.8499999999999958,-1.1449999999999958,-1.4999999999999996,-1.5999999999999954,-2.100000000000001,-1.760000000000008
2017-11-16,0.07500000000000129,0.05000000000000013,0.783,0.39999999999999997,0.34999999999999876,0.29500000000000015,0.04999999999999796,-0.2000000000000005,0.08000000000000194,-0.21000000000000185
2017-11-17,-0.045000000000001636,-0.07499999999999911,-0.7150000000000005,-0.2000000000000005,-0.400000000000001,-0.7499999999999998,-0.5499999999999949,-0.5499999999999949,-0.4299999999999964,-0.7799999999999995
2017-11-20,0.07000000000000062,0.3249999999999998,0.9050000000000008,0.400000000000001,0.3500000000000031,0.6499999999999996,0.499999999999997,0.44999999999999035,0.1499999999999939,0.3250000000000128
2017-11-21,0.0,-0.2000000000000005,-0.30000000000000077,-0.6250000000000006,-0.725000000000003,-1.0500000000000005,-1.449999999999993,-1.7000000000000002,-1.849999999999994,-1.9450000000000023
2017-11-22,0.10000000000000026,0.6000000000000015,0.3360000000000006,0.9500000000000003,0.824999999999999,0.6849999999999955,0.5999999999999929,0.29999999999999644,0.1499999999999939,-0.2050000000000142
2017-11-23,0.10000000000000026,0.07999999999999978,0.6639999999999999,0.2749999999999986,0.2499999999999985,0.015000000000006328,-0.19999999999999185,-0.400000000000001,-0.3749999999999934,-0.7499999999999868
2017-11-24,0.0,0.26999999999999896,0.67,0.7050000000000003,0.9500000000000003,0.9499999999999916,1.0499999999999918,1.3000000000000078,1.2549999999999975,1.449999999999993
2017-11-27,0.0,-0.2999999999999986,-0.31300000000000056,-1.1049999999999993,-1.5999999999999954,-1.6499999999999935,-1.749999999999998,-1.8000000000000047,-1.8800000000000066,-1.9500000000000073
2017-11-28,-0.10000000000000026,0.15000000000000038,-0.7760000000000005,0.39999999999999886,0.5999999999999972,0.6000000000000015,0.6000000000000015,0.5500000000000036,0.6000000000000015,0.5500000000000123
2017-11-29,0.0,0.49999999999999917,1.9190000000000005,2.050000000000001,2.500000000000002,2.875,3.1999999999999997,3.249999999999998,3.1999999999999997,3.7500000000000036
2017-11-30,0.30000000000000077,0.0,0.5000000000000002,-0.4500000000000012,-0.7000000000000018,-0.9750000000000036,-0.9000000000000067,-1.0000000000000027,-0.899999999999998,-1.600000000000004
2017-12-01,-0.17999999999999788,-0.6499999999999996,-2.23,-1.779999999999999,-2.3050000000000024,-2.5500000000000003,-3.3499999999999934,-4.000000000000002,-4.110000000000007,-3.849999999999999
2017-12-04,0.014999999999997654,0.05000000000000013,0.5299999999999999,0.2799999999999992,0.7600000000000054,0.905000000000003,1.3050000000000042,2.0050000000000017,1.910000000000002,1.5000000000000082
2017-12-05,-0.025000000000003318,-0.5000000000000013,-1.6109999999999995,-1.1049999999999993,-1.655000000000003,-1.755000000000003,-1.6550000000000071,-1.8549999999999904,-1.94999999999999,-1.8000000000000134
2017-12-06,-0.3099999999999978,-0.27000000000000113,0.3030000000000003,-0.3950000000000004,-0.400000000000001,-0.5549999999999999,-0.6000000000000015,-0.5550000000000086,-0.800000000000002,-0.5999999999999929
2017-12-07,0.0,0.10000000000000026,-0.0510000000000007,0.6000000000000005,0.5000000000000013,0.6550000000000002,0.6450000000000032,0.7050000000000025,0.955000000000001,0.9950000000000063
2017-12-08,-0.019999999999998318,0.220000000000001,-0.029999999999999645,0.9999999999999993,1.4999999999999996,1.4000000000000037,1.355000000000002,1.2999999999999992,1.1999999999999944,1.0099999999999867
2017-12-11,-0.08000000000000194,0.0,0.7629999999999996,-0.34999999999999876,-0.5499999999999993,-0.400000000000001,-0.6499999999999996,-0.899999999999998,-1.0049999999999903,-1.0549999999999968
2017-12-12,0.2499999999999985,0.5000000000000013,0.09500000000000068,0.9499999999999993,1.1999999999999988,1.1999999999999988,1.2999999999999992,1.399999999999995,1.499999999999991,1.749999999999998
2017-12-13,-0.27999999999999814,-0.3900000000000019,-0.07500000000000019,-0.5500000000000004,-0.5000000000000013,-0.3999999999999967,-0.3500000000000031,-0.28999999999999515,-0.2499999999999985,-0.499999999999997
2017-12-14,0.05999999999999929,0.0900000000000011,0.6059999999999995,0.15000000000000038,-0.14999999999999822,-0.3500000000000031,-0.8500000000000001,-1.010000000000004,-1.2499999999999925,-1.0500000000000091
2017-12-15,-0.08000000000000194,0.0,-0.05000000000000013,0.08500000000000044,0.11499999999999791,-0.11500000000000225,-0.02499999999999898,-0.2549999999999948,-0.25000000000000716,-0.8850000000000003
2017-12-18,0.15000000000000258,0.2000000000000005,0.7499999999999998,0.515,0.6849999999999998,0.7150000000000039,0.7750000000000031,0.7050000000000025,0.6000000000000015,0.7350000000000065
2017-12-19,-0.0500000000000023,1.0000000000000004,1.6000000000000003,3.1000000000000005,4.050000000000004,4.409999999999996,4.8999999999999915,4.9499999999999975,5.300000000000001,5.500000000000002
2017-12-20,0.3300000000000048,0.9499999999999982,2.11,2.114999999999999,2.0649999999999964,2.490000000000001,2.2500000000000124,2.249999999999995,1.9749999999999976,2.0249999999999955
2017-12-21,0.1549999999999989,0.5999999999999994,0.8649999999999999,1.96,2.1849999999999996,1.8500000000000028,1.7499999999999893,1.9050000000000056,1.600000000000004,1.4750000000000005
2017-12-22,0.16499999999999587,0.6500000000000017,1.525,1.0250000000000017,0.9000000000000024,1.2999999999999992,1.250000000000001,1.1199999999999926,0.8250000000000011,0.800000000000002
2017-12-25,,,-0.15000000000000005,,,,,,,
2017-12-26,,,-0.12299999999999994,,,,,,,
2017-12-27,,,-0.78,,,,,,,
2017-12-28,0.17000000000000087,0.5500000000000015,1.153,1.3399999999999979,1.6500000000000021,1.9749999999999976,2.319999999999996,2.710000000000004,2.69000000000001,2.9000000000000035
2017-12-29,0.10500000000000093,0.3249999999999998,0.5999999999999999,0.5999999999999994,0.30000000000000077,0.2249999999999995,0.07500000000000562,0.024999999999990308,0.17500000000000154,0.12500000000000358
2018-01-01,,,-0.09999999999999985,,,,,,,
2018-01-02,-0.07500000000000562,-0.0550000000000008,-0.6,-0.2999999999999986,0.2499999999999985,0.7000000000000062,1.510000000000001,1.749999999999998,2.1249999999999916,2.449999999999987
2018-01-03,0.2000000000000005,-0.14999999999999822,-0.39999999999999997,-1.4500000000000017,-2.100000000000001,-2.150000000000008,-2.185000000000008,-2.3000000000000016,-2.065000000000001,-2.2749999999999853
2018-01-04,0.18500000000000288,0.17999999999999788,0.09999999999999999,0.30000000000000077,0.400000000000001,0.2000000000000005,-0.3499999999999944,-0.3249999999999954,-0.6599999999999921,-0.7000000000000062
2018-01-05,-0.03500000000000031,-0.029999999999999645,-0.329,0.05000000000000013,0.2499999999999985,0.30000000000000515,0.3749999999999934,0.42500000000000004,0.48999999999999566,0.499999999999997
2018-01-08,-0.0850000000000026,-0.5600000000000006,-0.9769999999999999,-0.8200000000000004,-0.9999999999999983,-0.8500000000000001,-0.924999999999997,-1.0649999999999982,-1.0899999999999972,-1.0299999999999891
2018-01-09,0.020000000000002655,0.440000000000002,1.206,1.1200000000000012,1.4999999999999996,1.6799999999999975,1.9800000000000026,2.2900000000000005,2.400000000000006,2.649999999999996
2018-01-10,-0.05999999999999929,0.2499999999999985,1.049,1.0099999999999996,1.4500000000000017,1.7200000000000029,1.8449999999999978,1.874999999999993,1.910000000000002,1.9699999999999926
2018-01-11,0.3249999999999998,1.9499999999999986,3.151,4.33,4.650000000000001,4.650000000000001,4.574999999999996,4.450000000000001,4.094999999999984,3.92
2018-01-12,0.10000000000000026,0.3500000000000009,0.9510000000000008,0.9600000000000016,1.0500000000000005,0.899999999999998,0.7500000000000041,0.42500000000000004,0.6749999999999985,-0.059999999999990616
2018-01-15,-0.15000000000000258,0.2000000000000005,0.5489999999999987,0.8500000000000001,0.899999999999998,1.0499999999999918,1.1000000000000072,1.3500000000000056,1.0699999999999945,1.449999999999993
2018-01-16,0.10000000000000026,0.0,-1.2499999999999996,-0.8500000000000001,-0.8049999999999984,-1.549999999999989,-1.7000000000000088,-1.9700000000000013,-2.2749999999999853,-2.675000000000004
2018-01-17,-0.400000000000001,-0.7499999999999998,-0.049999999999999586,-0.9250000000000014,-1.3450000000000006,-0.9500000000000133,-0.8500000000000001,-0.7300000000000015,-0.455000000000004,-0.29500000000000015
2018-01-18,-0.2000000000000005,-0.10000000000000026,0.0,0.6799999999999992,1.0249999999999972,1.4900000000000069,1.8149999999999937,1.7200000000000029,1.910000000000002,1.8899999999999992
2018-01-19,-0.29999999999999644,-0.5500000000000015,-0.6500000000000001,-0.5549999999999999,-0.3249999999999998,-0.23999999999999716,-0.08999999999998592,0.2550000000000035,0.029999999999995308,0.6049999999999979
2018-01-22,0.05999999999999495,0.060000000000001455,0.2500000000000001,0.14999999999999822,0.3500000000000031,0.400000000000001,0.2749999999999888,0.4749999999999893,0.6399999999999982,0.3250000000000128
2018-01-23,-0.0899999999999946,0.2599999999999998,-0.10000000000000026,0.2000000000000005,0.07499999999999694,0.04999999999999796,0.050000000000006636,-0.2499999999999898,-0.2999999999999878,-0.400000000000001
2018-01-24,0.029999999999999645,0.029999999999999645,0.39999999999999997,0.8350000000000024,1.0550000000000013,1.2899999999999978,1.429999999999999,1.2999999999999992,1.3499999999999797,1.499999999999991
2018-01-25,-0.2000000000000005,0.5699999999999997,1.2540000000000002,3.015000000000001,3.719999999999995,3.5599999999999956,2.9699999999999953,2.4999999999999933,2.1500000000000163,1.349999999999997
2018-01-26,0.10000000000000026,0.5950000000000009,2.152,2.2499999999999996,2.6450000000000085,2.8750000000000044,3.0050000000000043,2.594999999999993,1.8199999999999987,1.5749999999999966
2018-01-29,0.0,0.2800000000000003,1.0939999999999994,1.5999999999999954,2.7549999999999972,3.6749999999999976,4.195000000000006,4.955000000000012,5.63000000000001,5.9750000000000085
2018-01-30,-0.1100000000000016,-0.08500000000000044,-1.0499999999999996,-0.6000000000000015,-0.7750000000000031,-0.6000000000000015,-0.45000000000000767,-0.3749999999999934,-0.3900000000000084,-0.34999999999998577
2018-01-31,-0.14000000000000123,-0.5100000000000005,0.3629999999999996,-0.09999999999999593,0.12500000000000358,0.0,0.0,-0.025000000000007655,-0.14000000000000123,-0.15500000000001624
2018-02-01,-0.00999999999999699,-0.30000000000000077,-0.9729999999999993,0.17500000000000154,0.499999999999997,0.899999999999998,1.4250000000000114,1.9500000000000073,2.4799999999999995,2.6299999999999937
2018-02-02,0.00999999999999699,0.5400000000000001,1.5099999999999987,0.9500000000000003,1.3750000000000047,2.450000000000013,1.7249999999999992,2.1499999999999817,2.449999999999987,2.475000000000012
2018-02-05,-0.14999999999999822,-0.735,-0.9499999999999993,-1.4250000000000027,-2.230000000000001,-2.7650000000000072,-1.4850000000000105,-1.499999999999991,-1.4750000000000005,-1.499999999999991
2018-02-06,-0.10000000000000026,-0.38000000000000056,-1.0999999999999996,-1.5499999999999976,-1.4950000000000032,-2.0549999999999997,-2.2650000000000015,-2.4249999999999967,-2.774999999999982,-2.5000000000000195
2018-02-07,0.34999999999999876,0.8250000000000011,1.4999999999999996,1.8999999999999964,1.9499999999999986,2.4200000000000004,2.475000000000003,2.500000000000002,2.6999999999999766,2.5750000000000077
2018-02-08,-0.04999999999999796,-0.07999999999999978,-0.39999999999999997,0.44500000000000267,0.4200000000000037,-0.05500000000000296,0.6250000000000006,0.9249999999999883,1.0000000000000113,1.1199999999999926
2018-02-09,0.0,-0.3699999999999992,-0.25000000000000067,-0.6950000000000012,-0.2200000000000032,0.6049999999999979,0.30000000000000515,0.17500000000000154,0.3500000000000031,0.30500000000001015
2018-02-12,0.04999999999999796,-0.10000000000000026,0.2000000000000005,0.9500000000000003,2.0000000000000053,2.850000000000014,3.349999999999985,3.475000000000006,3.7500000000000036,3.9000000000000146
2018-02-13,0.0500000000000023,0.010000000000001327,-0.5500000000000004,-0.7000000000000018,-1.0500000000000005,-1.625000000000003,-1.5249999999999986,-0.9250000000000057,-1.2499999999999838,-1.0500000000000267
2018-02-14,0.14999999999999822,0.5849999999999996,0.8549999999999996,0.9500000000000003,0.949999999999996,1.374999999999996,1.2750000000000088,1.175000000000013,1.3699999999999823,1.3500000000000143
2018-02-15,0.2599999999999998,0.5049999999999998,0.7200000000000002,1.200000000000003,1.2850000000000015,1.2999999999999992,1.399999999999995,1.0999999999999899,1.2299999999999984,0.999999999999994
2018-02-16,0.11500000000000225,-0.3500000000000009,-1.1499999999999997,-2.1500000000000035,-3.1400000000000006,-3.7499999999999947,-4.299999999999998,-4.294999999999993,-4.430000000000007,-4.574999999999996
2018-02-19,0.12499999999999925,0.5000000000000013,1.0749999999999995,1.100000000000003,1.4549999999999979,1.5499999999999976,1.8750000000000018,2.089999999999991,2.0200000000000253,2.420000000000009
2018-02-20,0.025000000000003318,0.029999999999999645,0.0,-0.25000000000000283,-0.29999999999999644,-0.30000000000000515,-0.27499999999999747,-0.2449999999999848,-0.15500000000001624,-0.3250000000000128
2018-02-21,0.22499999999999518,-0.07999999999999978,-0.12500000000000033,-0.2000000000000005,-0.6000000000000015,-0.899999999999998,-1.200000000000003,-1.6250000000000118,-1.744999999999993,-1.744999999999993
2018-02-22,0.5500000000000036,0.629999999999999,0.2000000000000005,0.25000000000000283,0.3500000000000031,0.3250000000000041,0.12500000000000358,0.25000000000000716,0.09999999999999593,0.15999999999998654
2018-02-23,0.10000000000000026,-0.42999999999999855,-1.1749999999999998,-1.7500000000000024,-2.7200000000000055,-3.290000000000003,-3.525000000000004,-3.810000000000011,-3.8900000000000046,-4.189999999999975
2018-02-26,0.0,0.2999999999999986,0.7000000000000007,0.30000000000000077,0.4200000000000037,0.5150000000000033,0.3500000000000031,0.23499999999999216,0.10000000000001327,0.15499999999998154
2018-02-27,-0.3500000000000031,-0.10000000000000026,0.10000000000000026,0.400000000000001,1.0500000000000005,0.949999999999996,1.194999999999998,1.2500000000000184,1.2999999999999816,1.2750000000000088
2018-02-28,-0.14999999999999822,-0.5199999999999996,-0.6500000000000006,-1.0999999999999985,-1.9999999999999967,-1.899999999999992,-1.9450000000000023,-1.9249999999999996,-1.9049999999999796,-2.0300000000000007
2018-03-01,-0.2000000000000005,-0.46000000000000035,-0.6250000000000006,-0.30000000000000077,0.0,-0.2000000000000005,-0.4749999999999893,-0.6000000000000103,-0.8300000000000147,-0.6199999999999956
2018-03-02,-0.014999999999997654,0.2400000000000015,0.04500000000000055,0.10000000000000026,-0.1000000000000046,0.0,0.07499999999998827,0.2000000000000092,0.3049999999999928,0.6749999999999812
2018-03-05,-0.1150000000000066,0.0399999999999988,0.1299999999999999,0.2349999999999965,0.30000000000000515,0.574999999999994,0.8450000000000037,1.0749999999999822,1.2300000000000157,0.8500000000000174
2018-03-06,-0.019999999999998318,0.17499999999999938,0.7000000000000007,0.8650000000000021,1.824999999999995,1.559999999999999,1.3599999999999983,1.1500000000000226,1.2249999999999934,1.149999999999988
2018-03-07,-0.11999999999999425,-0.27499999999999963,-0.25000000000000067,-0.899999999999998,-1.7249999999999992,-1.8399999999999928,-2.3049999999999895,-2.5500000000000003,-2.725000000000002,-2.654999999999984
2018-03-08,-0.2599999999999998,-0.30000000000000077,-0.601,-0.21000000000000185,-0.7499999999999954,-0.8500000000000087,-0.7500000000000128,-0.9250000000000057,-1.2150000000000007,-1.520000000000011
2018-03-09,0.07999999999999327,0.1850000000000007,0.781,0.3549999999999994,0.449999999999999,0.7550000000000091,0.6950000000000012,0.9750000000000036,1.1150000000000049,1.1249999999999976
2018-03-12,-0.20999999999999752,-0.5349999999999995,-1.1700000000000002,-1.0449999999999955,-1.1000000000000072,-1.1750000000000043,-0.919999999999992,-0.949999999999996,-0.8799999999999953,-0.7500000000000041
2018-03-13,0.010000000000001327,-0.3500000000000009,-0.6099999999999997,-0.7000000000000018,-0.3499999999999944,-0.5000000000000057,-0.5950000000000053,-0.6050000000000153,-0.6100000000000029,-0.5399999999999849
2018-03-14,0.0,-0.6999999999999975,-1.45,-1.4999999999999996,-1.940000000000006,-2.114999999999999,-2.279999999999999,-2.465000000000002,-2.6100000000000083,-2.7000000000000113
2018-03-15,-0.10000000000000026,-0.570000000000002,-0.7949999999999998,-1.100000000000003,-1.3100000000000005,-1.4099999999999964,-1.984999999999999,-2.2299999999999924,-2.105000000000006,-2.1599999999999917
2018-03-16,-0.2000000000000005,-0.5400000000000023,-0.18000000000000058,-0.5499999999999993,-0.499999999999997,-0.5249999999999959,-0.1650000000000002,0.15000000000001124,0.0050000000000050004,0.024999999999990308
2018-03-19,-0.10000000000000026,0.4600000000000025,0.4500000000000006,0.6499999999999996,0.899999999999998,0.8249999999999924,0.8499999999999914,0.5499999999999949,0.499999999999997,0.3450000000000154
2018-03-20,0.0,0.05000000000000013,0.27499999999999963,0.6000000000000015,0.8100000000000034,0.8399999999999987,0.9950000000000063,1.1249999999999976,1.200000000000003,1.329999999999977
2018-03-21,0.15999999999999956,0.019999999999998318,0.5499999999999993,0.9999999999999983,0.9900000000000013,1.2600000000000025,1.0550000000000055,0.949999999999996,0.9750000000000036,1.0000000000000113
2018-03-22,-0.010000000000001327,-0.8499999999999979,-2.0499999999999994,-2.9699999999999998,-3.4249999999999994,-4.05,-3.9499999999999953,-3.9299999999999926,-3.9299999999999926,-4.050000000000009
2018-03-23,0.0500000000000023,0.1299999999999999,0.30000000000000027,0.3700000000000014,0.579999999999999,0.6499999999999996,0.44999999999999035,0.45499999999998664,0.4249999999999914,0.4299999999999964
2018-03-26,0.04000000000000097,-0.10000000000000026,-0.23800000000000038,-0.19499999999999987,0.045000000000001636,-0.41999999999999504,-0.499999999999997,-0.499999999999997,-0.3199999999999904,-0.5799999999999903
2018-03-27,-0.08000000000000194,-0.3900000000000019,-1.0119999999999996,-1.6050000000000004,-2.6749999999999994,-2.4300000000000015,-2.149999999999999,-2.4499999999999957,-2.5600000000000103,-2.299999999999993
2018-03-28,0.08999999999999894,0.0900000000000011,-0.17500000000000018,-0.5699999999999976,-0.045000000000001636,0.3149999999999941,-0.29999999999999644,0.09999999999999593,0.21000000000000185,0.0
2018-03-29,0.1100000000000016,0.10000000000000026,-0.1999999999999997,-0.20500000000000118,-1.0099999999999996,-1.3149999999999968,-1.0500000000000091,-1.0999999999999985,-1.349999999999997,-1.0500000000000091
2018-03-30,,,,,,,,,0.12999999999999123,
2018-04-02,,,0.025000000000000064,,,,,,,
2018-04-03,,,0.3499999999999998,,,,,,-0.5900000000000003,
2018-04-04,0.04000000000000097,-0.029999999999999645,-0.21300000000000002,-0.14000000000000123,-0.27000000000000546,-0.2499999999999985,-0.35000000000001175,-0.3499999999999944,-0.4099999999999937,-0.30000000000000515
2018-04-05,0.029999999999999645,0.49999999999999917,1.0629999999999995,1.4899999999999982,1.7500000000000024,1.7000000000000002,1.9500000000000073,1.9800000000000026,2.0199999999999907,2.1749999999999896
2018-04-06,-0.029999999999999645,-0.05000000000000013,-0.6999999999999996,-1.0999999999999943,-1.4999999999999996,-1.6299999999999908,-1.9999999999999967,-2.1300000000000052,-2.1099999999999763,-2.2749999999999853
2018-04-09,0.0,0.15999999999999956,0.4500000000000001,0.24999999999999414,0.19499999999999987,0.1249999999999949,0.2499999999999898,0.2550000000000035,0.10999999999998858,0.17500000000000154
2018-04-10,0.10000000000000026,0.5900000000000024,0.7380000000000001,0.5500000000000036,0.3549999999999994,0.18500000000000288,-0.09999999999999593,-0.33499999999999674,-0.3500000000000031,-0.6250000000000179
2018-04-11,0.14000000000000123,0.2000000000000005,-0.38800000000000023,-0.10000000000000026,-0.10000000000000026,-0.2300000000000132,-0.37999999999998973,-0.41999999999999504,-0.5999999999999929,-0.2999999999999878
2018-04-12,-0.09000000000000327,-0.23000000000000234,0.06199999999999988,0.30000000000000077,0.5250000000000046,0.7000000000000062,0.9799999999999913,1.219999999999997,1.2999999999999992,1.499999999999991
2018-04-13,0.0,-0.2599999999999998,0.02500000000000061,-0.2599999999999998,-0.5250000000000046,-0.5599999999999963,-0.400000000000001,-0.5350000000000059,-0.3099999999999978,-0.5649999999999926
2018-04-16,-0.04999999999999796,0.2400000000000015,-0.01400000000000034,0.27000000000000113,0.8300000000000017,1.1099999999999999,1.1800000000000006,1.1149999999999962,1.159999999999998,1.2150000000000007
2018-04-17,0.029999999999999645,-0.3900000000000019,-0.7730000000000001,-1.0099999999999996,-1.380000000000001,-1.5500000000000063,-1.5800000000000016,-1.449999999999993,-1.5500000000000063,-1.5500000000000063
2018-04-18,-0.020000000000002655,0.010000000000001327,0.4600000000000001,0.6799999999999992,0.9500000000000003,1.0700000000000032,0.9500000000000046,1.0700000000000032,1.2900000000000065,1.0899999999999972
2018-04-19,0.08999999999999894,0.5100000000000005,1.5149999999999995,3.0199999999999974,4.199999999999998,4.600000000000003,4.999999999999996,5.029999999999999,5.039999999999992,5.310000000000002
2018-04-20,-0.04999999999999796,0.020000000000000486,0.2000000000000005,-0.30000000000000077,-0.499999999999997,-0.27000000000000113,-0.04999999999999796,0.3199999999999904,0.5900000000000003,0.7500000000000041
2018-04-23,0.32000000000000345,0.9499999999999982,1.1260000000000003,1.5500000000000018,1.5499999999999976,1.7700000000000007,1.8699999999999966,2.0300000000000007,1.9300000000000046,1.9000000000000092
2018-04-24,0.029999999999995308,0.14499999999999974,0.14899999999999983,-0.25000000000000283,-0.4799999999999943,-0.36999999999999705,-0.3699999999999884,-0.5750000000000026,-0.4500000000000164,-0.5999999999999929
2018-04-25,0.0500000000000023,0.2249999999999995,0.5000000000000002,1.069999999999999,1.7299999999999955,1.6899999999999988,1.5649999999999866,1.6250000000000118,1.360000000000007,1.5499999999999716
2018-04-26,-0.10000000000000026,-0.5199999999999996,-1.3000000000000003,-1.7699999999999965,-2.2500000000000036,-2.4400000000000115,-2.5149999999999997,-3.0000000000000164,-2.7099999999999866,-3.199999999999991
2018-04-27,-0.0500000000000023,-0.4800000000000008,-0.9000000000000002,-1.1999999999999988,-1.2499999999999925,-1.7999999999999874,-1.7499999999999893,-1.6299999999999994,-1.8000000000000134,-1.8199999999999987
2018-04-30,-0.00999999999999699,-0.4599999999999982,-0.6999999999999996,-1.0000000000000027,-1.500000000000004,-1.004999999999999,-1.3000000000000078,-1.1199999999999926,-1.349999999999997,-1.0299999999999891
2018-05-01,,,,,,,,,0.1700000000000139,
2018-05-02,-0.10999999999999725,0.19499999999999987,0.47499999999999964,0.800000000000002,1.100000000000003,1.2049999999999994,1.4500000000000104,1.4500000000000104,1.4099999999999877,1.6700000000000048
2018-05-03,0.01999999999999398,-1.1549999999999994,-2.005,-2.769999999999999,-3.250000000000002,-3.67000000000001,-4.150000000000013,-3.860000000000009,-3.8900000000000046,-3.93000000000001
2018-05-04,-0.04999999999999796,0.2999999999999986,0.6049999999999998,0.5699999999999976,0.449999999999999,0.3199999999999991,0.6500000000000082,0.3099999999999978,0.25000000000000716,0.18000000000000654
2018-05-07,0.07000000000000495,0.0,-0.2750000000000002,-0.41000000000000236,-0.440000000000002,-0.5249999999999959,-0.6749999999999985,-0.6999999999999975,-0.889999999999988,-0.6700000000000108
2018-05-08,-0.02000000000000699,0.400000000000001,0.9500000000000003,1.3100000000000005,1.8400000000000014,2.1950000000000007,3.024999999999998,3.249999999999998,3.4299999999999957,3.3500000000000023
2018-05-09,0.25000000000000283,0.3199999999999991,0.37499999999999933,0.5000000000000013,0.400000000000001,0.5499999999999949,-0.039999999999996635,-0.04999999999999796,-0.030000000000012655,0.07000000000000062
2018-05-10,0.2000000000000005,0.30499999999999927,0.07500000000000019,0.10000000000000026,-0.04999999999999796,-0.2199999999999945,-0.2600000000000085,-0.37000000000000577,-0.3099999999999978,-0.3900000000000084
2018-05-11,-0.0500000000000023,0.19499999999999987,0.5000000000000002,0.7000000000000018,1.0500000000000005,1.129999999999994,1.170000000000008,1.2200000000000057,1.1850000000000054,0.9200000000000007
2018-05-14,0.3100000000000021,1.5999999999999999,2.3500000000000005,2.9799999999999964,3.499999999999996,3.630000000000005,3.7549999999999994,3.6500000000000075,3.7749999999999937,3.770000000000006
2018-05-15,0.029999999999999645,0.260000000000002,0.7999999999999988,1.1200000000000054,1.600000000000004,2.09,2.475000000000003,2.849999999999988,3.250000000000006,3.4299999999999957
2018-05-16,0.15999999999999956,-0.645000000000001,-1.3250000000000002,-1.600000000000004,-2.100000000000001,-1.9499999999999986,-1.9600000000000086,-1.8699999999999792,-1.9800000000000026,-1.5399999999999963
2018-05-17,0.10000000000000026,0.3749999999999999,0.9000000000000012,1.6500000000000021,2.125,2.3000000000000016,2.2099999999999986,2.2699999999999805,2.330000000000006,2.1900000000000044
2018-05-18,0.07000000000000062,-0.3199999999999991,-1.1250000000000009,-1.9500000000000028,-3.204999999999996,-3.8800000000000034,-4.000000000000002,-4.200000000000002,-4.330000000000011,-4.600000000000003
2018-05-21,-0.045000000000001636,-0.42999999999999855,-1.1499999999999997,-1.8999999999999964,-1.7200000000000029,-2.069999999999997,-1.899999999999992,-1.7999999999999787,-1.8699999999999966,-1.749999999999998
2018-05-22,0.07500000000000129,0.23999999999999716,0.3749999999999999,0.579999999999999,0.8399999999999987,1.3100000000000005,1.2999999999999905,1.439999999999983,1.5800000000000016,1.6799999999999975
2018-05-23,0.1299999999999999,-1.1000000000000008,-2.275,-2.9350000000000036,-3.3949999999999996,-3.434999999999992,-3.3949999999999867,-3.414999999999998,-3.4499999999999984,-3.204999999999996
2018-05-24,-0.27999999999999814,-1.079999999999998,-1.7249999999999999,-2.0949999999999984,-2.3400000000000025,-2.5750000000000077,-2.85500000000001,-3.024999999999998,-3.0799999999999925,-3.2249999999999988
2018-05-25,0.6399999999999982,-0.2400000000000015,-1.8499999999999999,-3.2649999999999997,-3.855,-4.299999999999998,-4.549999999999997,-4.549999999999997,-4.475000000000017,-4.45000000000001
2018-05-28,0.41000000000000236,-0.0799999999999976,-1.1500000000000001,-1.9900000000000018,-2.4450000000000034,-2.5649999999999977,-2.4050000000000025,-2.7650000000000072,-2.6249999999999885,-2.714999999999992
2018-05-29,1.1499999999999966,-0.7200000000000023,-2.1,-3.9349999999999974,-4.554999999999997,-3.8400000000000065,-3.5949999999999958,-3.5849999999999946,-2.8000000000000074,-2.9850000000000017
2018-05-30,-0.07500000000000129,2.5200000000000005,4.135,5.219999999999999,5.635000000000002,5.200000000000005,5.089999999999999,5.799999999999998,5.0500000000000025,5.450000000000004
2018-05-31,-0.3749999999999977,-0.26999999999999896,0.115,0.27000000000000113,0.2149999999999982,-0.1700000000000052,-1.1399999999999952,-1.7000000000000088,-1.7250000000000079,-2.199999999999997
2018-06-01,-1.1999999999999988,-0.28000000000000247,1.15,2.100000000000001,2.5500000000000047,2.225000000000005,2.829999999999994,2.850000000000014,2.675000000000004,2.649999999999996
2018-06-04,-0.5099999999999983,-0.229999999999998,-0.0349999999999999,0.5199999999999975,0.6899999999999962,1.2099999999999957,1.559999999999999,1.849999999999994,1.9500000000000073,2.3699999999999934
2018-06-05,0.1299999999999999,-0.4199999999999994,-1.065,-0.809999999999999,-0.499999999999997,-2.6599999999999975,-1.584999999999998,-1.1900000000000017,-1.250000000000001,-1.2200000000000057
2018-06-06,0.7599999999999968,2.6500000000000004,4.462000000000001,6.0249999999999995,5.7899999999999965,8.089999999999998,6.545000000000005,6.090000000000002,6.374999999999992,6.000000000000016
2018-06-07,0.12000000000000291,0.39999999999999886,1.3529999999999998,0.5400000000000023,1.2550000000000017,1.559999999999999,1.6499999999999935,1.7000000000000002,1.2950000000000115,1.7999999999999787
2018-06-08,0.499999999999997,-0.5100000000000005,-1.5650000000000006,-1.8750000000000018,-2.385,-2.2449999999999988,-1.4549999999999979,-1.3250000000000068,-1.0450000000000044,-1.200000000000003
2018-06-11,-0.4699999999999973,0.260000000000002,0.7249999999999998,1.3199999999999974,1.9399999999999973,1.8150000000000024,1.5050000000000046,1.525000000000016,1.5949999999999993,1.200000000000003
2018-06-12,-0.23000000000000018,-0.25000000000000067,-0.0629999999999999,-0.09499999999999525,-0.0899999999999946,-0.3199999999999991,-0.7500000000000041,-0.9750000000000036,-1.4199999999999977,-1.2999999999999816
2018-06-13,-0.30000000000000077,-0.4500000000000012,-0.7149999999999995,-0.9099999999999994,-1.2150000000000007,-1.200000000000003,-1.0399999999999991,-1.1450000000000002,-1.0549999999999968,-0.9200000000000007
2018-06-14,-1.0500000000000005,-3.700000000000001,-4.346,-4.735000000000002,-4.989999999999998,-5.205000000000001,-5.285000000000003,-4.829999999999999,-4.895000000000003,-4.229999999999998
2018-06-15,-0.25000000000000283,-0.7999999999999999,-2.0010000000000003,-2.9000000000000012,-3.525000000000004,-3.807000000000003,-3.6749999999999976,-3.5700000000000056,-3.4000000000000004,-3.3500000000000023
2018-06-18,0.14000000000000123,-0.05000000000000013,-0.7500000000000001,-1.5299999999999991,-1.7250000000000034,-1.3129999999999913,-1.244999999999996,-1.405,-0.8299999999999974,-0.800000000000002
2018-06-19,0.15999999999999956,-0.6599999999999987,-1.6630000000000003,-1.8500000000000005,-2.344999999999995,-2.8250000000000064,-2.9550000000000063,-2.7649999999999983,-2.82000000000001,-2.8000000000000074
2018-06-20,0.2000000000000005,0.34999999999999876,0.6630000000000004,0.47500000000000014,0.8749999999999947,1.0999999999999985,1.600000000000004,1.5399999999999963,1.6400000000000095,1.600000000000004
2018-06-21,0.2750000000000018,0.02500000000000115,-0.42500000000000004,-0.7750000000000009,-1.1500000000000008,-1.4949999999999946,-1.755000000000003,-1.6549999999999898,-1.8750000000000018,-1.6049999999999918
2018-06-22,0.03499999999999597,0.25499999999999917,0.6000000000000005,0.9440000000000013,1.0030000000000066,1.2949999999999942,1.0799999999999959,1.004999999999999,1.355000000000002,0.905000000000003
2018-06-25,-0.11499999999999791,-0.2699999999999968,-0.5500000000000004,-0.6440000000000005,-0.44800000000000656,-0.6499999999999908,-0.7249999999999965,-0.5000000000000057,-0.6200000000000129,-0.3500000000000204
2018-06-26,-0.3449999999999981,-0.06000000000000363,0.40299999999999947,0.9999999999999983,1.330000000000003,1.5700000000000003,1.6950000000000038,1.3000000000000078,1.2700000000000038,1.3500000000000143
2018-06-27,-0.0500000000000023,0.06000000000000363,-0.027999999999999595,-0.2999999999999986,-0.5099999999999983,-0.7000000000000062,-0.6450000000000032,-0.6000000000000015,-0.7199999999999915,-1.0399999999999991
2018-06-28,-0.10000000000000026,-0.030000000000003982,0.05000000000000013,-0.07999999999999978,-0.1899999999999992,-0.41999999999999504,-0.5500000000000036,-0.7000000000000062,-0.8400000000000074,-0.9300000000000107
2018-06-29,0.019999999999998318,-0.11999999999999642,0.10000000000000026,0.15999999999999956,-0.12500000000000358,0.04499999999999296,-0.07000000000000062,-0.5500000000000036,-0.5599999999999963,-0.6800000000000035
2018-07-02,-0.054999999999998626,-0.4300000000000007,-0.8500000000000001,-0.9299999999999998,-0.7849999999999958,-0.3749999999999934,-0.26999999999999247,0.1000000000000046,0.1499999999999939,0.2000000000000092
2018-07-03,-0.1650000000000002,0.23000000000000018,0.24999999999999958,0.25000000000000067,0.16999999999999654,-0.6050000000000065,-0.8199999999999961,-0.99000000000001,-1.2499999999999925,-1.3299999999999943
2018-07-04,0.21999999999999884,0.5499999999999972,1.2250000000000005,0.449999999999999,0.9800000000000043,0.8350000000000024,0.9599999999999886,0.7900000000000095,0.8299999999999974,0.9799999999999913
2018-07-05,-0.1399999999999969,0.0,-0.17500000000000046,0.3500000000000009,-0.28000000000000247,-0.2499999999999985,-0.6999999999999975,-0.5800000000000076,-0.579999999999999,-1.0800000000000045
2018-07-06,-0.10999999999999725,-0.07999999999999978,-0.12499999999999979,-0.10000000000000026,-0.07000000000000062,-0.09999999999999593,-0.2499999999999985,-0.2199999999999945,-0.17999999999999788,-0.019999999999985307
2018-07-09,-0.07000000000000495,0.10000000000000026,0.09999999999999971,0.05000000000000013,-0.2000000000000005,-0.13000000000000858,0.11000000000000593,0.15000000000000258,0.07999999999999327,0.19999999999999185
2018-07-10,0.0,0.3300000000000004,0.5250000000000002,1.0900000000000016,1.5949999999999993,1.5550000000000026,1.6949999999999952,1.5949999999999993,1.54500000000001,1.6150000000000018
2018-07-11,-0.029999999999995308,0.09600000000000233,0.245,0.05999999999999929,-0.38499999999999907,-0.29500000000000015,-0.400000000000001,-0.394999999999996,-0.5000000000000057,-0.45499999999998664
2018-07-12,-0.1700000000000052,-0.15600000000000164,-0.2700000000000001,-0.2000000000000005,-0.00999999999999699,-0.08000000000000194,-0.05999999999999929,-0.15000000000001124,-0.0949999999999996,-0.1600000000000039
2018-07-13,0.2000000000000005,-0.0900000000000011,-0.3499999999999998,-0.7000000000000018,-1.0000000000000027,-1.0499999999999918,-1.0950000000000022,-0.899999999999998,-0.6499999999999996,-0.7500000000000041
2018-07-16,0.0,0.3500000000000009,0.6239999999999997,0.9000000000000024,1.2699999999999994,1.219999999999997,1.3500000000000056,1.4500000000000104,1.2999999999999992,1.449999999999993
2018-07-17,-0.05999999999999929,-0.10000000000000026,-0.324,-0.5500000000000015,-0.9699999999999986,-1.0199999999999967,-1.0700000000000032,-1.219999999999997,-1.1749999999999954,-1.2999999999999992
2018-07-18,0.05500000000000296,-0.18000000000000005,-0.1749999999999999,-0.4500000000000012,-0.30000000000000077,-0.30000000000000515,-0.4299999999999964,-0.6300000000000142,-0.5549999999999999,-0.5999999999999929
2018-07-19,-0.005000000000000664,0.07999999999999978,0.05000000000000013,-0.05000000000000013,-0.459999999999996,-0.6999999999999975,-0.7500000000000041,-0.6499999999999908,-0.6800000000000035,-0.7500000000000041
2018-07-20,0.054999999999998626,0.400000000000001,0.8749999999999999,1.6600000000000013,2.364999999999997,2.804999999999995,2.890000000000002,3.204999999999996,3.1950000000000034,3.455000000000003
2018-07-23,0.054999999999998626,0.47999999999999865,0.8790000000000001,1.2700000000000016,1.6949999999999994,2.0850000000000035,2.595000000000002,2.4050000000000025,2.449999999999987,2.404999999999994
2018-07-24,-0.04999999999999796,-0.07999999999999978,-0.37899999999999984,-0.27000000000000113,-0.27999999999999814,-0.800000000000002,-1.1249999999999976,-1.1600000000000066,-1.2849999999999842,-1.360000000000007
2018-07-25,0.10000000000000026,-0.07000000000000062,0.2529999999999999,-0.029999999999999645,-0.2200000000000032,0.10999999999999725,-0.18000000000000654,-0.3199999999999904,-0.4400000000000064,-0.44999999999998164
2018-07-26,0.019999999999998318,0.220000000000001,0.5089999999999999,0.9549999999999988,1.3999999999999992,1.3000000000000078,1.5700000000000003,1.6699999999999875,1.6400000000000095,1.7499999999999807
2018-07-27,-0.11999999999999858,0.10000000000000026,0.023000000000000017,0.014999999999999823,-0.14999999999999822,-0.1000000000000046,0.0,0.15000000000001124,0.2999999999999878,0.30000000000000515
2018-07-30,0.3600000000000001,0.8299999999999996,1.735,1.7500000000000024,1.9950000000000003,2.149999999999999,2.199999999999997,2.3000000000000016,2.465000000000002,2.500000000000002
2018-07-31,-0.014999999999997654,0.47000000000000164,0.38,0.6999999999999975,0.5549999999999999,0.6399999999999982,0.5800000000000076,0.499999999999997,0.2650000000000048,0.0
2018-08-01,0.20499999999999685,0.3600000000000001,0.98,1.3500000000000014,1.8100000000000016,2.360000000000001,2.4199999999999915,2.1699999999999933,2.4699999999999895,2.360000000000001
2018-08-02,-0.005000000000000664,-0.2099999999999997,-0.68,-0.5000000000000013,-0.6400000000000026,-1.0000000000000027,-0.7999999999999934,-0.3199999999999991,-0.7299999999999841,-0.2599999999999998
2018-08-03,0.505000000000002,0.019999999999998318,-0.6700000000000002,-1.624999999999999,-2.1699999999999973,-2.4550000000000005,-2.6000000000000068,-2.905,-2.82000000000001,-3.2249999999999988
2018-08-06,0.0949999999999996,-0.1299999999999999,-0.57,-0.9850000000000007,-1.1500000000000008,-1.324999999999998,-1.449999999999993,-1.3949999999999987,-1.4149999999999927,-1.4349999999999954
2018-08-07,0.07500000000000129,0.3799999999999984,0.8399999999999999,0.67,0.7499999999999998,1.0000000000000027,1.0999999999999985,1.1999999999999944,1.2749999999999915,1.4199999999999977
2018-08-08,0.029999999999999645,-0.32999999999999824,-0.8999999999999999,-0.5200000000000018,-0.6300000000000012,-0.5300000000000009,-0.6500000000000082,-0.5099999999999983,-0.6300000000000056,-0.3099999999999978
2018-08-09,0.17999999999999788,0.020000000000000486,-0.25000000000000006,-0.7519999999999988,-1.069999999999999,-1.3399999999999956,-1.1999999999999944,-1.239999999999991,-1.0299999999999891,-1.255000000000006
2018-08-10,0.32000000000000345,-0.5049999999999998,-1.33,-2.2329999999999983,-2.999999999999999,-3.400000000000009,-3.6249999999999996,-3.80000000000001,-3.864999999999997,-3.8449999999999944
2018-08-13,-0.10000000000000026,-0.15500000000000105,-0.5949999999999999,-0.7550000000000004,-0.5099999999999983,-0.5399999999999936,-0.5650000000000013,-0.6599999999999921,-0.6750000000000071,-0.7000000000000062
2018-08-14,-0.3700000000000014,-0.16000000000000172,0.12499999999999979,0.30000000000000077,0.3600000000000001,0.41999999999999504,0.4900000000000043,0.7200000000000002,0.8100000000000034,0.8500000000000001
2018-08-15,-0.23000000000000018,-0.6409999999999988,-1.2999999999999996,-1.2600000000000002,-1.3400000000000043,-1.399999999999995,-1.4500000000000017,-1.619999999999998,-1.510000000000001,-1.559999999999999
2018-08-16,0.0,0.3010000000000014,0.2999999999999997,0.8599999999999992,0.9699999999999986,0.6099999999999942,0.6799999999999948,0.6699999999999935,0.5700000000000063,0.5600000000000049
2018-08-17,-0.06000000000000363,-0.25000000000000067,-0.0099999999999997,-0.7249999999999986,-0.8299999999999974,-0.13499999999999623,-0.22499999999999082,-0.5599999999999963,-0.6800000000000035,-0.5500000000000123
2018-08-20,-0.18999999999999487,-0.18000000000000005,-0.02800000000000068,0.18499999999999853,0.15999999999999956,-0.20499999999999685,-0.405000000000006,-0.09999999999999593,-0.1000000000000046,-0.2999999999999878
2018-08-21,0.17999999999999788,0.6400000000000003,0.5880000000000002,1.0400000000000014,1.429999999999999,1.4199999999999977,1.5499999999999976,1.4999999999999996,1.6499999999999935,1.7199999999999855
2018-08-22,0.0,-0.08999999999999894,0.4500000000000001,0.19999999999999835,0.06000000000000363,0.014999999999997654,-0.09999999999999593,-0.15000000000000258,-0.5249999999999959,-0.26999999999999247
2018-08-23,-0.07000000000000062,0.15999999999999956,-0.025000000000000064,0.05000000000000013,0.04999999999999796,0.36500000000000077,0.400000000000001,0.39999999999999236,0.6250000000000006,0.3500000000000031
2018-08-24,-0.0500000000000023,-0.040000000000003144,0.32500000000000007,0.3629999999999996,0.42500000000000004,0.2249999999999995,-0.0050000000000050004,-0.024999999999990308,-0.07499999999998827,-0.07500000000000562
2018-08-27,0.030000000000003982,0.48500000000000365,0.6499999999999999,0.9620000000000006,1.3299999999999987,1.3500000000000056,1.7050000000000052,1.9249999999999996,1.8049999999999837,1.975000000000015
2018-08-28,0.05999999999999929,-0.005000000000000664,0.12500000000000006,0.08500000000000044,-0.20500000000000118,-0.020000000000002655,0.050000000000006636,0.2000000000000005,0.4500000000000164,0.2999999999999878
2018-08-29,0.10000000000000026,0.38999999999999974,0.775,1.1800000000000006,1.5850000000000022,1.9249999999999996,1.8599999999999954,1.449999999999993,1.6099999999999968,1.5000000000000082
2018-08-30,0.2000000000000005,-0.02500000000000115,-0.775,-1.6399999999999986,-2.0850000000000035,-2.6449999999999996,-2.9100000000000046,-2.8999999999999946,-2.9550000000000063,-3.0500000000000145
2018-08-31,-0.27999999999999814,-0.43499999999999917,-0.5499999999999999,-0.5500000000000015,-1.154999999999993,-1.2850000000000015,-1.200000000000003,-1.2999999999999992,-1.435000000000004,-1.3599999999999897
2018-09-03,-0.020000000000002655,-0.060000000000001455,0.0,-0.18400000000000014,0.054999999999998626,0.09999999999999593,-0.07499999999999694,0.0949999999999996,0.12500000000001227,0.009999999999992654
2018-09-04,-0.2000000000000005,0.0,0.025000000000000064,0.5840000000000012,0.9099999999999994,0.8700000000000028,1.1250000000000062,1.004999999999999,0.7249999999999965,1.1000000000000072
2018-09-05,0.10000000000000026,0.3850000000000034,1.2,1.349999999999997,1.6899999999999988,1.9300000000000046,1.824999999999995,1.849999999999994,1.8950000000000042,1.799999999999996
2018-09-06,-0.4199999999999994,-0.39500000000000257,-0.9380000000000001,-0.8500000000000001,-1.100000000000003,-1.2799999999999965,-1.3750000000000047,-1.399999999999995,-1.3950000000000073,-1.499999999999991
2018-09-07,0.17000000000000087,0.17000000000000087,0.638,0.9000000000000002,1.3999999999999992,1.774999999999997,1.4500000000000017,1.5449999999999926,1.7250000000000079,1.7000000000000002
2018-09-10,-0.2300000000000045,0.05000000000000013,0.17500000000000002,0.30000000000000077,0.400000000000001,0.5549999999999999,1.3500000000000056,1.5550000000000113,1.5749999999999793,1.7000000000000002
2018-09-11,-0.21999999999999884,-0.2800000000000003,0.32500000000000007,0.8500000000000001,1.100000000000003,1.5999999999999954,1.5399999999999963,1.549999999999989,1.7200000000000202,1.8199999999999987
2018-09-12,0.09000000000000327,-0.030000000000001813,-0.275,-0.5499999999999993,-0.5000000000000013,-1.0500000000000005,-0.8900000000000053,-0.899999999999998,-0.910000000000008,-1.1000000000000072
2018-09-13,0.0,0.16000000000000172,0.425,0.5999999999999994,0.7499999999999998,0.6350000000000019,0.47000000000001035,0.30000000000000515,0.14000000000000123,0.28000000000000247
2018-09-14,-0.0500000000000023,0.2899999999999995,0.55,0.6999999999999996,0.5500000000000036,0.930000000000002,1.1049999999999949,1.2999999999999992,1.4750000000000005,1.449999999999993
2018-09-17,0.09000000000000327,0.6550000000000002,0.8999999999999998,1.200000000000001,1.559999999999999,1.6349999999999958,1.6750000000000098,1.5500000000000063,1.349999999999997,1.3250000000000068
2018-09-18,0.11999999999999858,0.38500000000000123,0.3500000000000001,0.759999999999999,1.0899999999999972,0.899999999999998,0.949999999999996,1.0499999999999918,1.194999999999998,1.1249999999999976
2018-09-19,0.04999999999999796,0.2999999999999986,0.7499999999999998,0.7900000000000029,0.5499999999999993,1.1000000000000072,1.0499999999999918,1.1000000000000072,0.8800000000000128,1.200000000000003
2018-09-20,0.10000000000000026,0.3950000000000004,0.0,0.2499999999999985,-0.22999999999999582,-0.6499999999999996,-0.6000000000000015,-0.6000000000000015,-0.5600000000000049,-0.7000000000000062
2018-09-21,0.0949999999999996,-0.17499999999999938,0.10000000000000026,-0.7499999999999998,-0.7499999999999998,-0.7000000000000062,-0.6999999999999975,-0.6750000000000071,-0.4400000000000064,-0.6299999999999882
2018-09-24,0.36500000000000077,1.805000000000001,2.6799999999999997,3.7030000000000007,4.3799999999999955,4.3750000000000036,4.299999999999998,4.025000000000009,3.6500000000000075,3.4799999999999933
2018-09-25,0.07000000000000062,0.6249999999999983,1.7700000000000007,2.247,2.7999999999999985,3.045000000000001,3.249999999999998,3.199999999999991,3.099999999999995,3.3500000000000023
2018-09-26,0.11999999999999858,-0.07999999999999978,-0.10000000000000026,-0.5500000000000036,-0.899999999999998,-1.010000000000004,-1.5499999999999976,-1.600000000000004,-1.7000000000000002,-1.9000000000000092
2018-09-27,0.25000000000000283,0.9299999999999998,1.249999999999999,1.500000000000004,1.4400000000000004,1.1200000000000012,1.250000000000001,0.7000000000000062,0.4099999999999937,0.19999999999999185
2018-09-28,-0.029999999999999645,-0.9299999999999998,-1.9499999999999986,-2.700000000000003,-3.3400000000000007,-3.3799999999999977,-3.599999999999992,-3.249999999999998,-3.009999999999992,-3.0339999999999883
2018-10-01,0.0799999999999976,0.0,0.15000000000000038,0.1800000000000022,0.3850000000000034,0.4299999999999964,0.29999999999999644,0.41000000000000236,0.7300000000000015,0.804000000000013
2018-10-02,0.08999999999999894,-0.6499999999999996,-1.7000000000000013,-1.9800000000000026,-2.5350000000000024,-2.68,-2.3749999999999987,-2.3850000000000087,-2.6799999999999913,-2.5700000000000203
2018-10-03,-0.1399999999999969,1.0500000000000005,1.8499999999999994,2.500000000000002,3.1000000000000036,3.4249999999999994,3.600000000000001,3.680000000000003,3.749999999999986,3.7050000000000276
2018-10-04,0.04999999999999796,0.9499999999999993,2.3500000000000005,3.1500000000000017,3.7749999999999937,3.9500000000000037,3.800000000000001,3.800000000000001,3.770000000000006,3.769999999999971
2018-10-05,0.15999999999999956,0.43999999999999984,0.0,1.6999999999999957,2.400000000000006,3.099999999999995,3.8999999999999972,3.770000000000006,4.379999999999992,4.050000000000009
2018-10-08,0.10000000000000026,-0.2000000000000005,0.375000000000001,-1.3699999999999997,-1.9450000000000023,-2.8429999999999946,-2.989999999999998,-2.670000000000016,-3.0249999999999897,-2.6249999999999885
2018-10-09,-0.05999999999999929,-0.03999999999999989,-0.47500000000000125,-0.13500000000000056,-0.2300000000000045,0.46299999999999986,0.21000000000000185,0.2450000000000195,0.1549999999999989,0.2499999999999898
2018-10-10,0.14499999999999758,0.400000000000001,0.8999999999999991,0.9049999999999987,0.960000000000006,0.8549999999999964,0.8549999999999964,0.8499999999999828,1.0199999999999967,0.800000000000002
2018-10-11,0.05500000000000296,-0.4500000000000012,-0.939999999999998,-0.949999999999996,-1.0749999999999995,-1.449999999999993,-1.5249999999999986,-1.6049999999999918,-1.7900000000000034,-1.6750000000000098
2018-10-12,-0.14999999999999822,-0.6000000000000005,-0.9600000000000005,-1.6500000000000021,-1.935000000000001,-1.9550000000000123,-1.9249999999999996,-1.9900000000000126,-1.5500000000000063,-1.9249999999999996
2018-10-15,-0.0500000000000023,-0.2550000000000002,-0.38999999999999974,-0.14999999999999822,0.09999999999999593,0.3550000000000081,0.5499999999999949,1.0950000000000022,0.410000000000011,1.250000000000001
2018-10-16,-0.3799999999999984,-0.7749999999999988,-1.12,-1.5999999999999999,-1.799999999999996,-1.600000000000004,-1.8500000000000028,-2.1199999999999863,-1.6700000000000048,-2.089999999999991
2018-10-17,-0.08000000000000194,-0.9200000000000007,-1.6400000000000008,-2.000000000000001,-2.1920000000000055,-2.3499999999999908,-2.429999999999993,-2.4799999999999995,-2.399999999999989,-2.459999999999997
2018-10-18,0.28000000000000247,-0.34999999999999876,-0.6999999999999996,-1.250000000000001,-1.2329999999999937,-1.8500000000000114,-1.7700000000000093,-1.8500000000000028,-1.9500000000000073,-1.799999999999996
2018-10-19,0.00999999999999699,0.5999999999999994,0.9199999999999996,2.400000000000002,3.299999999999996,3.510000000000006,3.250000000000015,2.925000000000002,2.699999999999994,2.649999999999996
2018-10-22,0.08000000000000194,0.2499999999999985,0.5299999999999999,-0.5499999999999993,-1.624999999999999,-1.3450000000000006,-1.1300000000000112,-0.8250000000000097,-0.7599999999999968,-0.9299999999999933
2018-10-23,0.499999999999997,-0.17499999999999938,-0.8999999999999991,-1.250000000000001,-1.2549999999999975,-1.614999999999993,-2.019999999999999,-2.199999999999997,-2.3399999999999985,-2.270000000000015
2018-10-24,-0.10999999999999725,-0.8050000000000006,-1.34,-1.250000000000001,-1.5450000000000055,-1.4250000000000027,-1.1499999999999966,-1.0499999999999918,-0.8700000000000028,-0.5999999999999929
2018-10-25,-0.07500000000000129,0.16000000000000172,0.23999999999999988,0.449999999999999,0.6300000000000056,0.3249999999999954,0.2499999999999898,0.29999999999999644,0.3200000000000078,-0.07500000000000562
2018-10-26,-0.1749999999999972,-0.4849999999999993,-1.7999999999999998,-2.1049999999999973,-2.8299999999999983,-3.049999999999997,-2.5249999999999924,-2.7750000000000083,-2.9450000000000136,-2.950000000000001
2018-10-29,-0.0500000000000023,0.31499999999999845,1.2399999999999998,0.8550000000000008,1.1299999999999981,1.399999999999995,0.7250000000000052,0.9500000000000133,0.8700000000000028,1.200000000000003
2018-10-30,-0.10000000000000026,-0.15999999999999956,-0.05999999999999983,-0.400000000000001,-0.6300000000000012,-0.800000000000002,-0.400000000000001,-0.7249999999999965,-0.7249999999999965,-0.7750000000000118
2018-10-31,0.08000000000000194,0.1899999999999992,0.5199999999999996,0.98,1.0999999999999985,1.3000000000000078,0.949999999999996,1.2249999999999934,1.349999999999997,1.3000000000000165
2018-11-01,0.07000000000000062,0.21000000000000185,0.5499999999999998,0.3199999999999991,0.5499999999999993,0.4999999999999883,0.6000000000000015,0.6250000000000006,0.6500000000000082,0.5499999999999949
2018-11-02,-0.14000000000000123,-0.05000000000000013,-0.6499999999999996,0.07000000000000062,0.2000000000000005,0.5500000000000123,1.0999999999999985,1.349999999999997,1.6499999999999848,1.749999999999998
2018-11-05,-0.2599999999999998,-0.400000000000001,-0.19999999999999943,-0.2699999999999968,0.04999999999999796,-0.050000000000006636,-0.5500000000000036,-0.6000000000000015,-0.8499999999999828,-0.8500000000000001
2018-11-06,-0.029999999999999645,0.060000000000001455,0.24999999999999958,0.4499999999999947,0.45000000000000334,0.5500000000000036,0.5500000000000036,0.5250000000000046,0.6249999999999832,0.7749999999999945
2018-11-07,0.1299999999999999,0.5900000000000003,0.9299999999999998,0.8500000000000001,0.7499999999999998,0.8100000000000034,0.949999999999996,0.9349999999999983,0.9800000000000086,0.7250000000000139
2018-11-08,0.2699999999999968,0.40999999999999803,0.8200000000000004,0.7500000000000041,0.9500000000000003,0.899999999999998,0.899999999999998,0.9650000000000023,0.8950000000000103,0.949999999999996
2018-11-09,-0.06999999999999629,-0.3350000000000011,-1.0500000000000005,-1.600000000000004,-2.2000000000000015,-2.5100000000000033,-2.6249999999999973,-2.7749999999999995,-2.8000000000000074,-2.950000000000001
2018-11-12,0.10000000000000026,-0.1549999999999989,-0.6999999999999996,-0.9999999999999983,-1.100000000000003,-1.0999999999999985,-1.129999999999994,-1.1050000000000035,-1.2999999999999992,-1.0500000000000091
2018-11-13,0.14999999999999822,0.30499999999999927,0.14999999999999986,0.3500000000000031,0.505000000000002,0.42500000000000004,0.499999999999997,0.40499999999999736,0.5999999999999929,0.515000000000012
2018-11-14,0.0500000000000023,-0.6550000000000002,-0.40999999999999964,-0.9500000000000025,-1.004999999999999,-0.8449999999999951,-1.0449999999999955,-0.999999999999994,-0.949999999999996,-0.8649999999999978
2018-11-15,-0.07500000000000129,-0.5199999999999996,-1.5200000000000005,-1.2949999999999984,-1.9999999999999967,-2.729999999999998,-1.8450000000000064,-1.9000000000000092,-1.8450000000000064,-1.8250000000000037
2018-11-16,0.07500000000000129,-0.17499999999999938,0.3499999999999998,-0.35500000000000376,-0.07000000000000495,0.6199999999999956,-0.1899999999999992,0.11999999999999858,-0.08499999999998092,0.1549999999999989
2018-11-19,0.10000000000000026,0.11500000000000009,-0.019999999999999674,0.08000000000000411,-0.10500000000000093,-0.27500000000000613,-0.11999999999999858,-0.16999999999998788,0.10999999999998858,-0.28000000000000247
2018-11-20,-0.34000000000000175,-0.629999999999999,-0.9500000000000001,-0.7300000000000015,-0.5549999999999999,-0.894999999999993,-0.7950000000000058,-1.2500000000000098,-1.3750000000000047,-1.449999999999993
2018-11-21,-0.05999999999999929,-0.10000000000000026,-0.03999999999999989,-0.04000000000000097,-0.06499999999999562,0.28999999999999515,0.0050000000000050004,0.2000000000000005,0.29500000000000015,0.35499999999999077
2018-11-22,-0.020000000000002655,-0.015000000000001991,-0.1600000000000001,-0.10999999999999942,-0.1100000000000016,-0.29499999999999144,-0.2799999999999938,-0.2499999999999898,-0.499999999999997,-0.3049999999999928
2018-11-23,-0.1749999999999972,-0.47999999999999865,-0.9400000000000001,-1.1000000000000008,-1.3999999999999992,-1.4950000000000032,-1.6200000000000068,-1.7249999999999992,-1.4650000000000079,-1.904999999999997
2018-11-26,-0.015000000000001991,0.08499999999999827,0.5900000000000001,0.6500000000000017,0.9049999999999987,0.8500000000000001,0.9949999999999977,1.0749999999999909,0.6650000000000058,1.1049999999999949
2018-11-27,-0.11999999999999858,-0.5999999999999972,-0.8300000000000001,-0.8750000000000012,-1.1299999999999981,-1.0000000000000027,-1.0499999999999918,-1.035000000000003,-0.7499999999999868,-0.7850000000000045
2018-11-28,-0.030000000000003982,0.019999999999998318,0.22,-0.2249999999999995,0.3249999999999998,0.3099999999999978,0.3199999999999904,0.37500000000001077,0.3699999999999884,0.3850000000000034
2018-11-29,0.09000000000000327,-0.6800000000000014,-1.84,-1.5499999999999998,-2.2449999999999988,-2.310000000000003,-2.319999999999996,-2.305000000000007,-2.1700000000000017,-2.2149999999999945
2018-11-30,0.27000000000000113,-0.08999999999999676,-0.19999999999999998,-0.400000000000001,-0.5000000000000013,-0.499999999999997,-0.5599999999999963,-0.6149999999999992,-0.5599999999999963,-0.4900000000000043
2018-12-03,0.27999999999999814,0.10000000000000026,0.4099999999999999,-0.2499999999999985,-0.14999999999999822,-0.29999999999999644,-0.31000000000000644,-0.24000000000000582,-0.38000000000000705,-0.36500000000000077
2018-12-04,0.17000000000000087,-0.3500000000000009,-1.1500000000000001,-2.050000000000001,-2.750000000000001,-2.890000000000002,-3.0599999999999983,-3.5300000000000002,-3.7099999999999893,-3.7799999999999985
2018-12-05,0.49499999999999633,1.380000000000001,1.4150000000000003,2.2499999999999996,2.500000000000002,2.490000000000001,2.329999999999997,2.5500000000000087,2.5500000000000003,2.5249999999999924
2018-12-06,0.1350000000000049,-0.3300000000000004,-1.175,-0.8549999999999985,-0.7250000000000052,-1.2999999999999992,-0.999999999999994,-1.1500000000000052,-1.140000000000004,-1.2749999999999915
2018-12-07,0.1299999999999999,0.3300000000000004,0.9600000000000001,0.054999999999998626,-0.07499999999999694,0.29999999999999644,-0.07999999999999327,0.025000000000007655,0.1650000000000002,0.19999999999999185
2018-12-10,0.019999999999998318,0.06999999999999629,-0.3100000000000002,0.4450000000000005,0.06499999999999995,0.6500000000000082,0.29499999999999144,0.17499999999999288,0.2199999999999945,0.25500000000001216
2018-12-11,0.17000000000000087,-0.09999999999999593,0.0,-0.5699999999999997,-0.21000000000000185,-0.5650000000000099,0.05999999999999929,0.2000000000000005,0.004999999999996327,0.1449999999999889
2018-12-12,0.19499999999999987,0.9099999999999994,0.91,2.3249999999999984,2.84,2.964999999999999,3.0750000000000046,3.250000000000006,3.250000000000006,3.3000000000000043
2018-12-13,0.04000000000000097,-0.41000000000000236,-0.10999999999999983,-1.0649999999999982,-1.2299999999999984,-1.1649999999999943,-1.405,-1.4500000000000104,-1.2249999999999934,-1.3149999999999968
2018-12-14,0.0,-0.6199999999999978,-0.9800000000000002,-1.495000000000001,-1.715000000000002,-1.83,-1.6450000000000058,-1.5249999999999986,-1.2500000000000098,-1.2900000000000065
2018-12-17,-0.0949999999999996,-0.16000000000000172,-0.2599999999999998,0.10000000000000026,0.3500000000000031,0.30000000000000515,0.29999999999999644,0.3250000000000041,0.02499999999999898,0.18000000000000654
2018-12-18,-0.2750000000000018,-0.9099999999999994,-0.9600000000000001,-1.0899999999999994,-1.1649999999999985,-1.3050000000000042,-1.399999999999995,-1.6500000000000021,-1.749999999999998,-1.8250000000000037
2018-12-19,-0.10500000000000093,-0.625999999999999,-0.9000000000000002,-1.25,-1.2850000000000057,-1.4500000000000017,-1.5050000000000046,-1.4999999999999996,-1.1900000000000017,-1.349999999999997
2018-12-20,-0.2000000000000005,-0.0940000000000012,-0.37000000000000033,-0.7900000000000008,-1.1499999999999966,-1.0000000000000027,-1.024999999999993,-0.880000000000004,-1.1399999999999952,-1.0000000000000113
2018-12-21,-0.1100000000000016,-0.2400000000000015,-0.3399999999999996,-0.16000000000000064,-0.1549999999999989,0.12500000000000358,0.5549999999999999,0.7550000000000091,0.924999999999997,1.3500000000000143
2018-12-24,-0.08999999999999894,,-0.3899999999999992,,,,,,,
2018-12-25,,,0.0,,,,,,,
2018-12-26,,,-0.9000000000000002,,,,,,,
2018-12-27,-0.04999999999999796,,-0.6000000000000005,,,,,,,
2018-12-28,0.1899999999999992,0.09499999999999743,-0.5699999999999997,-0.7750000000000009,-0.7550000000000004,-0.9749999999999993,-0.800000000000002,-0.6499999999999996,-0.7250000000000052,-0.5999999999999929
2018-12-31,-0.12499999999999925,,-0.5299999999999999,,,,,,,
2019-01-01,,,0.5000000000000002,,,,,,,
2019-01-02,-0.07000000000000062,,-2.490000000000001,,,,,,,
2019-01-03,0.37500000000000205,0.43999999999999767,0.23000000000000018,0.1749999999999999,-0.0949999999999996,-0.5999999999999929,-0.494999999999992,-0.5499999999999949,-0.2000000000000005,-0.3499999999999944
2019-01-04,0.29499999999999577,1.600000000000002,2.68,3.3749999999999996,3.8150000000000013,4.274999999999995,4.374999999999996,4.49999999999999,4.475,4.550000000000005
2019-01-07,0.2249999999999995,0.6099999999999985,0.6300000000000001,1.1000000000000008,0.8850000000000003,0.8250000000000011,0.7750000000000031,0.800000000000002,0.6749999999999985,0.8499999999999828
2019-01-08,0.45000000000000334,1.34,2.04,2.05,1.9199999999999968,1.820000000000003,1.899999999999992,1.6700000000000048,1.625000000000003,1.520000000000011
2019-01-09,0.04999999999999796,0.245,4.26,0.5499999999999993,0.7750000000000031,0.9299999999999977,0.8250000000000011,0.9299999999999933,0.874999999999999,1.004999999999999
2019-01-10,-0.14000000000000123,-0.29500000000000015,-4.619999999999999,-1.12,-1.3200000000000016,-1.4550000000000023,-1.330000000000003,-1.319999999999993,-1.1149999999999962,-1.1249999999999976
2019-01-11,-0.039999999999996635,-0.2649999999999983,-0.26000000000000034,-0.4299999999999996,-0.6699999999999978,-0.794999999999997,-0.8799999999999953,-0.930000000000002,-1.010000000000004,-1.0250000000000017
2019-01-14,-0.39000000000000407,-1.2450000000000025,-1.8599999999999997,-1.8999999999999995,-1.5950000000000035,-1.3900000000000023,-1.2750000000000001,-0.9500000000000046,-0.9099999999999994,-0.8099999999999947
2019-01-15,-0.17999999999999788,-0.9199999999999985,-1.8800000000000001,-1.9500000000000008,-2.2599999999999962,-2.2099999999999986,-2.065000000000001,-2.044999999999998,-2.0500000000000034,-1.915000000000007
2019-01-16,0.17500000000000154,0.8699999999999983,1.69,1.3000000000000007,1.299999999999997,1.250000000000001,1.0250000000000017,0.8950000000000017,0.935000000000007,0.949999999999996
2019-01-17,0.054999999999998626,0.47000000000000164,0.8599999999999992,1.2499999999999996,1.1500000000000008,1.0500000000000005,1.1500000000000052,1.0750000000000082,0.894999999999993,1.0300000000000067
2019-01-18,0.2599999999999998,1.1099999999999999,1.6400000000000008,2.000000000000001,2.4,2.2000000000000015,1.8349999999999964,1.8199999999999987,2.0050000000000017,1.4300000000000077
2019-01-21,0.010000000000001327,-0.0399999999999988,0.24999999999999958,-0.30000000000000077,-0.7250000000000009,-0.7450000000000034,-0.6800000000000035,-0.7000000000000062,-0.8250000000000011,-0.8650000000000151
2019-01-22,-0.05999999999999929,-0.5250000000000002,-0.9699999999999998,-1.330000000000001,-1.3949999999999987,-1.5149999999999972,-1.584999999999998,-1.8450000000000064,-2.100000000000001,-1.849999999999994
2019-01-23,0.019999999999998318,-0.17499999999999938,-0.76,-0.7199999999999991,-1.03,-1.1900000000000017,-1.4199999999999977,-1.5599999999999903,-1.5749999999999966,-1.7750000000000057
2019-01-24,0.08999999999999894,-0.7200000000000023,-1.4399999999999993,-2.1500000000000004,-2.850000000000001,-3.275000000000001,-3.655000000000004,-3.9749999999999943,-4.204999999999998,-4.344999999999991
2019-01-25,0.0,1.0599999999999998,1.5999999999999988,2.2,2.3499999999999996,2.1500000000000035,1.879999999999998,1.574999999999988,1.5449999999999926,1.5749999999999966
2019-01-28,0.0500000000000023,-0.43999999999999767,-0.2999999999999986,-0.4500000000000001,-0.31999999999999695,-0.09000000000000327,-0.1249999999999949,0.21000000000000185,0.19000000000000788,0.15000000000000258
2019-01-29,-0.0500000000000023,-0.220000000000001,-0.8700000000000006,-0.8899999999999999,-1.1800000000000006,-1.3850000000000018,-1.200000000000003,-1.349999999999997,-1.4799999999999969,-1.3000000000000078
2019-01-30,0.12000000000000291,0.2000000000000005,0.5500000000000004,-0.025000000000000064,-0.30000000000000077,-0.7499999999999954,-1.0850000000000009,-1.324999999999998,-1.3500000000000056,-1.7249999999999992
2019-01-31,-0.39000000000000407,-0.8699999999999983,-1.6300000000000006,-2.9350000000000005,-3.474999999999999,-3.8500000000000036,-4.215,-4.2749999999999995,-4.774999999999996,-4.634999999999995
2019-02-01,0.27000000000000113,0.9999999999999983,1.2899999999999998,2.25,2.624999999999999,2.9450000000000047,3.250000000000002,3.394999999999995,4.025,3.6599999999999913
2019-02-04,0.14000000000000123,0.220000000000001,0.8200000000000004,0.8999999999999997,0.8500000000000001,0.8149999999999954,0.9500000000000003,0.9650000000000023,0.7249999999999965,0.8500000000000087
2019-02-05,0.15999999999999956,0.18999999999999703,-0.2599999999999998,-0.19999999999999998,-0.30000000000000077,-0.4149999999999987,-0.6250000000000006,-0.8100000000000034,-0.794999999999997,-0.8500000000000087
2019-02-06,0.2750000000000018,0.060000000000001455,-0.19000000000000028,-0.2999999999999997,-0.3799999999999984,-0.44499999999999834,-0.7250000000000009,-0.8500000000000001,-0.8299999999999974,-0.924999999999997
2019-02-07,0.20499999999999685,-0.49999999999999917,-1.4099999999999995,-2.045,-2.845,-3.1650000000000036,-3.2249999999999988,-3.2949999999999995,-3.0300000000000034,-3.1999999999999997
2019-02-08,-0.17999999999999788,-0.4300000000000007,-0.9000000000000012,-1.605,-1.9250000000000018,-2.2849999999999997,-2.7050000000000036,-2.655000000000001,-3.180000000000006,-2.950000000000001
2019-02-11,0.08999999999999894,0.15999999999999956,0.25000000000000067,0.9800000000000002,1.5800000000000016,1.83,2.355000000000005,2.4300000000000015,2.660000000000006,2.7399999999999993
2019-02-12,-0.2599999999999998,-0.3300000000000004,0.47999999999999976,0.5199999999999999,0.6749999999999985,0.6900000000000005,0.7950000000000015,0.7900000000000008,0.8649999999999978,1.0600000000000105
2019-02-13,0.09000000000000327,0.570000000000002,0.6000000000000005,0.5499999999999996,0.49500000000000066,0.5250000000000002,0.2649999999999961,0.14499999999999758,0.13499999999999623,-0.1000000000000046
2019-02-14,0.0799999999999976,0.3300000000000004,0.3699999999999992,0.4500000000000001,0.15000000000000038,-0.24500000000000216,-0.49,-0.8149999999999997,-1.0749999999999909,-1.1099999999999999
2019-02-15,-0.14999999999999822,-0.3540000000000032,-0.2499999999999985,-0.2249999999999995,0.0,0.0,-0.19499999999999987,-0.09999999999999593,0.004999999999996327,-0.039999999999996635
2019-02-18,-0.28000000000000247,-0.4009999999999973,-0.18000000000000113,-0.44499999999999995,-0.34999999999999876,-0.04999999999999796,0.2249999999999995,0.42500000000000004,0.3799999999999984,0.5499999999999949
2019-02-19,-0.47000000000000164,-0.8750000000000012,-1.1700000000000002,-0.7600000000000003,-0.7000000000000018,-0.7699999999999981,-0.7799999999999995,-0.8649999999999978,-0.9500000000000046,-0.9849999999999963
2019-02-20,0.2750000000000018,0.060000000000001455,-0.10000000000000026,-0.5599999999999999,-1.1499999999999986,-0.8799999999999997,-1.5449999999999968,-1.5600000000000076,-1.7000000000000002,-1.429999999999999
2019-02-21,0.2249999999999995,1.429999999999999,1.740000000000001,2.34,2.750000000000001,2.3499999999999996,2.8449999999999958,2.650000000000005,2.640000000000012,2.3349999999999933
2019-02-22,0.2000000000000005,-0.400000000000001,-0.6000000000000005,-1.5999999999999999,-2.375000000000001,-2.5749999999999993,-2.68,-2.685000000000005,-2.675000000000004,-2.8949999999999982
2019-02-25,0.06499999999999995,0.1800000000000022,0.06999999999999953,0.5999999999999996,0.9749999999999993,0.9749999999999993,1.1200000000000012,1.1150000000000049,1.024999999999993,1.2950000000000028
2019-02-26,0.26500000000000046,0.5349999999999995,0.4800000000000008,0.1999999999999997,0.220000000000001,0.33499999999999674,0.2650000000000048,0.4200000000000037,0.5300000000000009,0.6049999999999979
2019-02-27,0.045000000000001636,0.5750000000000004,1.25,2.0750000000000006,2.615,2.710000000000004,2.8449999999999958,2.8499999999999965,2.9199999999999973,2.8750000000000044
2019-02-28,0.3199999999999991,0.7499999999999977,1.2499999999999996,1.3749999999999993,1.7599999999999973,1.9549999999999992,2.114999999999999,2.269999999999998,2.4200000000000004,2.749999999999992
2019-03-01,-0.0949999999999996,0.30000000000000077,0.56,0.49,0.2750000000000018,0.499999999999997,0.6199999999999956,0.5099999999999983,0.6800000000000035,0.3199999999999991
2019-03-04,0.0,-0.400000000000001,-0.7199999999999996,-0.9899999999999991,-1.1450000000000002,-1.4849999999999977,-1.679999999999993,-1.6400000000000008,-1.9000000000000006,-1.869999999999988
2019-03-05,-0.34999999999999876,-0.499999999999997,-0.43000000000000016,-0.2000000000000005,-0.3749999999999999,-0.29500000000000015,-0.28000000000000247,-0.38999999999999974,-0.27499999999999747,-0.37500000000000205
2019-03-06,-0.480000000000003,-1.4000000000000015,-1.9400000000000006,-2.95,-3.105,-3.3350000000000004,-3.575000000000002,-3.7449999999999983,-3.885,-3.870000000000002
2019-03-07,-0.7399999999999984,-2.37,-3.6700000000000004,-4.217,-4.974999999999999,-5.595000000000001,-5.81,-6.1949999999999985,-6.375000000000001,-6.254999999999993
2019-03-08,-0.08000000000000194,0.4100000000000002,0.6100000000000008,0.6669999999999998,0.3799999999999995,0.05999999999999929,-0.6049999999999979,-0.9349999999999983,-1.7400000000000055,-2.050000000000012
2019-03-11,0.17500000000000154,0.36000000000000226,-0.07000000000000062,0.42500000000000004,0.6349999999999997,0.6550000000000002,0.7250000000000009,0.9099999999999994,1.0700000000000032,0.899999999999998
2019-03-12,0.0949999999999996,-0.10000000000000026,0.14000000000000123,-0.47500000000000003,-0.36500000000000077,-0.3549999999999994,-0.570000000000002,-0.7850000000000001,-0.6649999999999971,-0.6749999999999985
2019-03-13,0.0,0.0,-0.16000000000000172,0.24999999999999997,0.3300000000000004,0.5000000000000013,0.8649999999999978,1.004999999999999,1.0600000000000018,1.1750000000000043
2019-03-14,-0.020000000000002655,0.01999999999999615,0.3700000000000014,1.0050000000000001,1.3000000000000003,1.244999999999996,1.4000000000000037,1.4349999999999954,1.5199999999999936,1.5249999999999986
2019-03-15,0.0500000000000023,0.18000000000000438,0.15999999999999956,-0.35500000000000004,-0.579999999999999,-0.41499999999999654,-0.579999999999999,-0.5349999999999973,-0.4299999999999964,-0.5499999999999949
2019-03-18,0.14000000000000123,0.12499999999999707,-0.2400000000000004,-0.43499999999999994,-0.595000000000002,-0.800000000000002,-0.970000000000003,-0.9549999999999966,-1.219999999999997,-1.1550000000000102
2019-03-19,0.00999999999999699,0.02499999999999898,0.4600000000000014,0.86,1.1000000000000019,1.1700000000000013,1.5750000000000053,1.5999999999999999,1.619999999999998,1.6050000000000004
2019-03-20,0.14000000000000123,0.3900000000000019,0.19999999999999943,-0.071,-0.6350000000000008,-0.5499999999999993,-0.9900000000000057,-1.1200000000000012,-0.8950000000000017,-1.2649999999999901
2019-03-21,0.05999999999999929,-0.6200000000000021,-0.9199999999999996,-1.554,-1.805,-2.6000000000000005,-2.584999999999996,-2.880000000000001,-3.024999999999998,-2.9850000000000017
2019-03-22,-0.04999999999999796,-0.5699999999999976,-1.5700000000000003,-1.9250000000000005,-2.585,-3.04,-3.825,-4.199999999999998,-4.8700000000000045,-5.350000000000008
2019-03-25,-0.029999999999999645,-0.054999999999998626,-0.12000000000000074,-0.5299999999999999,-0.6,-0.8649999999999999,-1.100000000000003,-1.315000000000001,-1.4999999999999996,-1.4999999999999996
2019-03-26,0.0799999999999976,0.5549999999999999,1.119999999999999,1.1550000000000005,1.34,1.5249999999999986,1.625000000000003,1.6150000000000018,1.5850000000000066,1.6500000000000021
2019-03-27,-1.1500000000000008,-3.7000000000000033,-5.6499999999999995,-6.3500000000000005,-6.545,-6.724999999999998,-6.5950000000000015,-6.405,-5.8250000000000055,-6.045
2019-03-28,0.1800000000000022,0.7500000000000041,1.5300000000000014,2.100000000000001,2.105,2.255,2.179999999999999,2.094999999999996,1.8599999999999997,2.0850000000000035
2019-03-29,0.10000000000000026,0.27499999999999747,0.6699999999999978,0.5249999999999992,0.26000000000000006,0.4299999999999996,0.7450000000000013,1.0099999999999996,1.1699999999999993,1.5099999999999922
2019-04-01,-0.1899999999999992,0.02499999999999898,0.21000000000000185,0.9250000000000003,1.5899999999999996,1.9349999999999987,2.2749999999999986,2.5500000000000047,2.9650000000000034,2.8850000000000056
2019-04-02,-0.30000000000000077,-0.3999999999999967,-0.5400000000000001,-1.16,-1.2999999999999996,-1.569999999999998,-1.5299999999999991,-1.6150000000000018,-1.5700000000000003,-1.7100000000000015
2019-04-03,0.14000000000000123,1.0999999999999963,1.3599999999999983,2.51,3.25,3.904999999999998,3.9999999999999973,4.3900000000000015,4.434999999999994,4.77
2019-04-04,-0.05500000000000296,-0.39999999999999886,-0.2499999999999985,-0.7000000000000002,-0.9499999999999997,-1.104999999999997,-1.3299999999999943,-1.5500000000000018,-1.6949999999999952,-1.749999999999998
2019-04-05,-0.029999999999999645,0.0,0.4699999999999995,0.10000000000000026,0.14999999999999986,0.30499999999999927,0.7999999999999977,0.970000000000003,1.0399999999999991,1.154999999999993
2019-04-08,-0.02499999999999898,-0.2000000000000005,-0.67,-0.03500000000000031,0.01600000000000039,0.020999999999998884,-0.1650000000000002,-0.07000000000000495,-0.10500000000000093,-0.22499999999999082
2019-04-09,0.029999999999999645,-0.1299999999999999,-0.3199999999999991,-0.7649999999999996,-0.8760000000000007,-0.8809999999999981,-0.8799999999999997,-0.974999999999995,-1.0000000000000027,-0.924999999999997
2019-04-10,-0.5250000000000002,-1.8100000000000016,-2.6500000000000026,-2.9250000000000003,-3.1149999999999998,-3.1150000000000015,-3.0250000000000004,-2.925000000000002,-3.0299999999999945,-3.200000000000008
2019-04-11,0.19499999999999987,0.7400000000000028,1.0300000000000022,1.2750000000000001,1.55,1.5799999999999994,1.4050000000000022,1.3600000000000028,1.4500000000000017,1.7300000000000042
2019-04-12,0.3799999999999984,1.2750000000000001,2.2900000000000005,3.3749999999999996,3.8500000000000005,4.220000000000001,4.719999999999998,4.789999999999998,5.154999999999995,5.310000000000002
2019-04-15,0.07500000000000129,0.2249999999999995,0.19000000000000136,-0.025000000000000064,0.3249999999999998,0.39999999999999886,0.2900000000000038,0.4299999999999964,0.06499999999999562,0.2099999999999932
2019-04-16,-0.14999999999999822,-0.15000000000000258,0.04999999999999796,0.23999999999999988,0.2999999999999997,0.5250000000000025,0.6099999999999985,0.6650000000000058,1.0850000000000095,0.8250000000000011
2019-04-17,0.02499999999999898,0.30000000000000077,0.9000000000000002,1.1050000000000002,1.2750000000000001,1.209999999999998,1.3999999999999992,1.3799999999999968,1.349999999999997,1.3750000000000047
2019-04-18,0.0,-0.5300000000000009,-1.690000000000001,-2.5549999999999997,-3.425,-3.8599999999999985,-4.250000000000004,-4.534999999999999,-4.894999999999995,-5.074999999999993
2019-04-19,,0.0,0.10000000000000026,0.06499999999999995,,0.10000000000000026,,0.03500000000000031,0.06999999999999194,0.024999999999990308
2019-04-22,,,0.020000000000000486,,,,,,,
2019-04-23,,0.5000000000000013,0.9500000000000003,0.845,,1.1999999999999988,,1.2999999999999947,1.1750000000000043,1.2100000000000044
2019-04-24,-0.10000000000000026,-0.7099999999999989,-1.7699999999999985,-2.4000000000000004,-3.2050000000000005,-3.700000000000001,-4.005000000000003,-4.324999999999993,-4.724999999999998,-4.5400000000000045
2019-04-25,0.30000000000000077,0.6300000000000012,0.6899999999999984,0.8850000000000003,1.0000000000000002,0.9000000000000002,1.200000000000003,1.219999999999997,1.499999999999991,1.2299999999999984
2019-04-26,0.1100000000000016,0.1349999999999984,0.05999999999999929,-0.2599999999999998,-0.39999999999999997,-0.49999999999999917,-0.6750000000000028,-0.7950000000000015,-1.0499999999999918,-0.924999999999997
2019-04-29,-0.0850000000000026,0.25000000000000067,0.47000000000000164,0.7249999999999998,0.8500000000000001,1.0500000000000005,1.1250000000000018,1.2049999999999994,1.5499999999999976,1.3549999999999933
2019-04-30,0.0,0.054999999999998626,0.15000000000000038,0.39999999999999997,0.47499999999999964,0.449999999999999,0.449999999999999,0.4199999999999994,0.27000000000000113,0.24500000000001082
2019-05-01,,-0.029999999999999645,-0.07000000000000062,,,,,,0.11099999999999999,
2019-05-02,-0.13500000000000056,-0.23000000000000018,0.2499999999999985,0.19999999999999998,0.3250000000000003,0.47500000000000014,0.6499999999999996,0.7250000000000052,0.9189999999999979,1.0199999999999967
2019-05-03,-0.08999999999999894,-0.1450000000000019,-0.2499999999999985,-0.05000000000000013,0.14999999999999986,0.15000000000000038,0.14999999999999822,0.24499999999999783,0.0949999999999996,0.2499999999999985
2019-05-06,-0.07000000000000062,-0.42500000000000004,-0.8300000000000017,-0.8999999999999997,-1.1099999999999999,-1.445000000000001,-1.4099999999999964,-1.4999999999999996,-1.824999999999995,-1.625000000000003
2019-05-07,-0.005000000000000664,-0.5749999999999983,-1.2600000000000002,-2.1100000000000003,-2.815,-2.6349999999999993,-3.045000000000001,-3.2800000000000016,-3.3600000000000034,-3.564999999999992
2019-05-08,-0.10500000000000093,0.0,-0.059999999999997125,0.27000000000000113,0.499,0.2050000000000001,0.10500000000000093,0.07500000000000129,0.49,-0.15500000000000758
2019-05-09,-0.1399999999999969,-0.19999999999999618,0.029999999999997477,-0.020000000000001572,0.22599999999999992,0.34999999999999876,0.434999999999997,0.40999999999999803,0.6199999999999999,0.7900000000000008
2019-05-10,0.07000000000000062,0.02499999999999898,-0.1599999999999974,-0.08999999999999894,-0.3749999999999999,-0.2499999999999985,-0.21999999999999884,0.005000000000000664,-0.47999999999999865,-0.039999999999996635
2019-05-13,-0.30000000000000077,-0.6000000000000015,-0.6100000000000029,-1.3000000000000003,-1.45,-1.9499999999999997,-2.2999999999999994,-2.5049999999999986,-2.6000000000000023,-2.915000000000001
2019-05-14,-0.40899999999999964,-0.9000000000000024,-1.249999999999999,-0.9000000000000002,-0.8999999999999999,-0.7750000000000009,-0.735,-0.8500000000000001,-0.6099999999999985,-0.499999999999997
2019-05-15,-0.6410000000000009,-0.8699999999999983,-1.0500000000000005,-1.0749999999999995,-1.475,-1.625,-1.7799999999999998,-2.000000000000001,-2.0450000000000026,-2.3850000000000087
2019-05-16,-0.30000000000000077,-0.1299999999999999,0.19000000000000136,0.42500000000000004,1.0999999999999999,1.3499999999999992,1.5500000000000018,1.7500000000000024,1.5600000000000032,1.915000000000007
2019-05-17,-0.6699999999999978,-1.1500000000000008,-1.380000000000001,-1.3999999999999992,-1.35,-1.3499999999999992,-1.5000000000000018,-1.5500000000000018,-1.4009999999999978,-1.5499999999999976
2019-05-20,-0.28000000000000247,0.0,0.2599999999999998,0.3549999999999994,0.5499999999999998,0.7999999999999999,1.1749999999999998,1.4649999999999992,1.5559999999999967,1.7599999999999907
2019-05-21,-0.10000000000000026,0.2599999999999998,0.3500000000000009,0.39499999999999824,0.5000000000000002,0.5499999999999993,0.7449999999999991,0.7099999999999989,0.6300000000000012,0.7200000000000089
2019-05-22,0.15000000000000258,-0.3600000000000001,-0.4100000000000002,-1.1549999999999994,-1.7750000000000004,-1.8499999999999994,-2.009999999999998,-2.049999999999999,-1.9799999999999982,-2.0850000000000035
2019-05-23,-0.10000000000000026,-0.47499999999999365,-1.100000000000003,-1.2450000000000006,-1.45,-1.675,-1.96,-2.2250000000000005,-2.695000000000002,-2.8149999999999964
2019-05-24,0.04000000000000097,0.16499999999999587,0.21000000000000185,0.4920000000000011,0.8200000000000004,0.6450000000000005,0.5499999999999993,0.5499999999999993,0.6950000000000012,0.7599999999999968
2019-05-27,0.05999999999999929,-0.2400000000000015,-0.47999999999999865,-0.5670000000000003,-0.8899999999999999,-1.1700000000000002,-1.559999999999999,-1.8449999999999978,-2.06,-2.255
2019-05-28,-0.27000000000000113,-0.474999999999998,-0.6700000000000021,-1.1749999999999998,-1.3050000000000008,-1.4999999999999998,-1.445000000000001,-1.4800000000000013,-1.4249999999999983,-1.4500000000000017
2019-05-29,-0.34999999999999876,-0.5000000000000013,-0.3299999999999961,-0.8500000000000001,-1.1549999999999994,-1.2999999999999998,-1.4000000000000004,-1.479999999999999,-1.2950000000000028,-1.5500000000000018
2019-05-30,-0.3300000000000048,-0.34999999999999876,-0.6500000000000039,-0.12499999999999925,-0.14499999999999974,-0.05000000000000001,0.1100000000000005,0.25499999999999917,-0.045000000000001636,0.2750000000000018
2019-05-31,-0.6899999999999962,-1.1500000000000008,-0.9299999999999977,-1.2450000000000006,-1.4000000000000004,-1.65,-1.9300000000000013,-2.1350000000000016,-1.9749999999999976,-2.2749999999999986
2019-06-03,-0.08499999999999827,-0.10000000000000026,-0.5300000000000009,-0.5299999999999988,-0.45500000000000074,-0.4950000000000001,-0.6300000000000001,-0.6999999999999975,-1.0749999999999995,-0.9900000000000013
2019-06-04,-0.17500000000000587,-0.30000000000000077,-0.3600000000000001,-0.5150000000000011,-0.6499999999999996,-1.0099999999999998,-1.339999999999999,-1.420000000000002,-1.565000000000004,-1.8349999999999964
2019-06-05,-0.8499999999999958,-1.9950000000000003,-3.080000000000001,-3.284999999999998,-3.930000000000001,-3.7200000000000006,-3.33,-3.194999999999999,-2.804999999999995,-2.750000000000005
2019-06-06,0.6000000000000015,1.3949999999999987,1.5400000000000005,1.2949999999999984,1.2300000000000006,0.7800000000000006,0.7250000000000003,0.4100000000000002,-0.025000000000003318,-0.28000000000000247
2019-06-07,-0.7000000000000018,-1.6949999999999994,-1.8400000000000014,-2.025,-1.994999999999998,-1.9550000000000003,-2.5,-2.559999999999999,-2.4799999999999973,-2.4699999999999984
2019-06-10,-0.04000000000000097,0.3049999999999971,0.6700000000000021,0.8550000000000008,1.3349999999999993,1.9250000000000007,2.725,3.274999999999999,3.7800000000000007,4.150000000000005
2019-06-11,-0.00999999999999699,-0.2349999999999965,-0.43999999999999767,-0.5500000000000036,-0.809999999999999,-1.0749999999999995,-1.325,-1.585,-1.6650000000000043,-1.8750000000000018
2019-06-12,-0.4750000000000023,-0.9250000000000014,-1.0600000000000018,-0.874999999999999,-0.5750000000000004,-0.400000000000001,-0.10000000000000026,-0.04000000000000097,-0.019999999999998318,0.17999999999999788
2019-06-13,-0.27499999999999747,-0.3749999999999977,-0.5199999999999996,-0.4050000000000017,-0.36500000000000293,-0.5549999999999999,-1.015,-1.004999999999998,-1.315000000000001,-1.334999999999995
2019-06-14,-0.7000000000000018,-0.9780000000000032,-0.9200000000000007,-0.9449999999999953,-0.907999999999996,-1.095,-1.2850000000000001,-1.445000000000001,-1.5900000000000007,-1.7450000000000017
2019-06-17,0.0,0.23300000000000404,0.449999999999999,0.400000000000001,0.6229999999999972,0.9000000000000002,1.1,1.1499999999999997,1.2600000000000002,1.2999999999999992
2019-06-18,-3.970000000000002,-5.254999999999999,-6.410000000000001,-6.540000000000005,-6.955000000000002,-7.075,-6.715,-6.739999999999999,-6.549999999999998,-6.365000000000001
2019-06-19,-0.4799999999999943,0.8500000000000001,0.1800000000000022,2.3399999999999985,2.800000000000003,3.0449999999999986,2.81,2.7649999999999992,2.750000000000001,2.440000000000001
2019-06-20,-0.7100000000000075,-0.6250000000000049,0.5899999999999959,-0.9299999999999977,-1.1450000000000002,-1.119999999999999,-1.3750000000000004,-1.4499999999999995,-1.5250000000000008,-1.6749999999999967
2019-06-21,0.6350000000000019,1.3750000000000047,2.2600000000000007,2.2849999999999997,2.7000000000000006,2.875,3.18,3.2249999999999996,3.079999999999999,3.2499999999999933
2019-06-24,-0.564999999999997,-1.0150000000000003,-1.2699999999999951,-1.5550000000000026,-1.8999999999999986,-2.24,-2.4249999999999994,-2.475,-2.554999999999999,-2.8499999999999965
2019-06-25,-0.3600000000000001,-0.5549999999999999,-0.43000000000000504,-0.8999999999999937,-1.3000000000000034,-1.584999999999998,-1.7600000000000005,-2.08,-2.245000000000001,-2.2999999999999994
2019-06-26,0.14999999999999822,0.5899999999999959,0.9000000000000024,1.349999999999997,1.749999999999998,1.904999999999997,2.0300000000000007,2.2399999999999998,2.1750000000000003,2.305
2019-06-27,-0.34999999999999876,-0.6199999999999956,-1.1200000000000012,-1.349999999999997,-1.8049999999999966,-1.8599999999999997,-1.945,-2.13,-2.0800000000000005,-2.205
2019-06-28,-0.2000000000000005,-0.8500000000000001,-1.029999999999998,-0.9750000000000036,-0.995000000000002,-0.9449999999999975,-0.9199999999999996,-0.8400000000000001,-0.9599999999999995,-0.5900000000000003
2019-07-01,-0.7999999999999977,-1.1800000000000006,-1.5999999999999999,-2.0300000000000007,-2.274999999999994,-2.3499999999999996,-2.100000000000001,-1.875,-1.895,-1.855000000000001
2019-07-02,-1.2200000000000015,-0.9200000000000007,-1.0500000000000005,-1.0749999999999953,-1.1300000000000068,-1.2450000000000025,-1.364999999999999,-1.415,-1.2450000000000006,-1.3049999999999997
2019-07-03,-0.5800000000000033,-0.6299999999999969,-0.7000000000000018,-0.9700000000000073,-1.2450000000000006,-1.7100000000000015,-2.465000000000002,-2.975,-3.2199999999999998,-3.749999999999999
2019-07-04,-0.20499999999999685,-0.025000000000007655,-0.27499999999999747,-0.8799999999999953,-1.3699999999999997,-1.8749999999999973,-2.2499999999999973,-2.7100000000000004,-2.92,-3.3299999999999996
2019-07-05,0.25499999999999917,0.9950000000000063,1.8550000000000033,1.879999999999998,2.1199999999999997,2.5799999999999996,2.874999999999998,3.160000000000001,2.965,3.5300000000000002
2019-07-08,0.14999999999999822,-0.09000000000000327,-0.27000000000000546,0.2750000000000018,0.28000000000000247,0.0,-0.12499999999999925,-0.35000000000000037,-0.2750000000000002,-0.7250000000000009
2019-07-09,0.5950000000000009,1.0749999999999995,1.519999999999998,1.7750000000000015,2.1450000000000027,2.400000000000002,2.735,2.9600000000000004,3.06,3.2949999999999995
2019-07-10,-0.22499999999999518,-0.2499999999999985,0.6300000000000056,1.0999999999999985,1.929999999999996,2.3999999999999977,2.7149999999999994,3.0849999999999995,3.515,3.629999999999998
2019-07-11,-0.3750000000000064,0.2249999999999995,0.5799999999999946,1.8499999999999983,2.3950000000000014,3.250000000000002,3.850000000000001,4.305000000000001,4.644999999999999,5.050000000000004
2019-07-12,-0.06999999999999629,-0.15000000000000258,-0.22999999999999582,-0.10000000000000026,0.10000000000000026,0.39999999999999886,0.7500000000000001,0.9749999999999993,1.03,1.2999999999999947
2019-07-15,-0.5900000000000003,-1.2999999999999992,-1.8100000000000016,-2.3599999999999968,-2.5999999999999983,-2.8499999999999988,-3.25,-3.475,-3.749999999999999,-4.049999999999995
2019-07-16,-0.935000000000007,-1.0449999999999955,-1.1099999999999999,-1.290000000000002,-1.4999999999999996,-1.730000000000002,-1.7600000000000005,-1.89,-2.1,-2.0500000000000034
2019-07-17,-0.6999999999999889,-0.955000000000001,-1.4999999999999953,-2.0799999999999983,-2.6749999999999994,-2.9450000000000007,-3.2899999999999996,-3.46,-3.5000000000000004,-3.749999999999997
2019-07-18,0.07499999999999694,-0.5199999999999996,-0.9500000000000046,-1.219999999999997,-1.2750000000000044,-1.3499999999999992,-1.2999999999999992,-1.2400000000000004,-0.8500000000000001,-1.0250000000000017
2019-07-19,-0.7500000000000041,-1.4000000000000037,-2.2099999999999986,-1.7500000000000024,-1.749999999999998,-1.9249999999999996,-1.8500000000000028,-1.7099999999999993,-1.679999999999999,-1.4250000000000005
2019-07-22,-0.4299999999999964,-0.17500000000000154,0.2200000000000032,-0.4350000000000014,-0.6999999999999975,-0.794999999999997,-0.9949999999999977,-1.1250000000000009,-1.3800000000000006,-1.4499999999999995
2019-07-23,-0.2000000000000005,-0.3499999999999944,-0.2900000000000038,-0.465000000000001,-0.505000000000002,-0.47000000000000164,-0.4049999999999995,-0.5299999999999999,-0.5399999999999998,-0.48500000000000043
2019-07-24,-0.4849999999999993,-0.4350000000000014,-0.7599999999999968,-0.8500000000000001,-0.8950000000000017,-1.3100000000000005,-1.9500000000000008,-2.4449999999999994,-2.7,-3.064999999999999
2019-07-25,-0.030000000000003982,0.21000000000000185,0.4299999999999964,0.15000000000000258,-0.10000000000000026,-0.12499999999999925,0.13500000000000056,0.21999999999999884,0.55,0.5000000000000002
2019-07-26,1.1150000000000049,1.600000000000004,1.4700000000000042,0.9999999999999983,0.7699999999999981,0.3999999999999967,-0.0850000000000026,-0.26999999999999896,-0.9800000000000002,-0.9500000000000014
2019-07-29,0.505000000000002,0.07999999999999327,-0.2200000000000032,-0.3549999999999994,-0.434999999999997,-0.5999999999999972,-0.6749999999999985,-0.825,-0.8499999999999998,-1.0349999999999997
2019-07-30,0.1949999999999955,0.3500000000000031,0.3199999999999991,0.4199999999999994,0.2149999999999982,0.24499999999999783,0.10000000000000026,0.11999999999999858,-0.21999999999999992,-0.06999999999999953
2019-07-31,-1.0850000000000009,-1.6600000000000035,-1.780000000000002,-2.389999999999996,-2.899999999999999,-3.219999999999998,-3.374999999999999,-3.645,-3.6,-3.945
2019-08-01,-0.010000000000001327,0.04999999999999796,-0.41000000000000236,-0.6000000000000015,-0.949999999999996,-1.324999999999998,-1.8500000000000028,-2.0549999999999975,-2.2500000000000004,-2.7099999999999995
2019-08-02,-0.8850000000000003,-1.250000000000001,-1.159999999999998,-1.910000000000002,-2.3250000000000006,-2.825000000000002,-3.2249999999999988,-4.07,-4.625,-5.015
2019-08-05,-0.3149999999999941,-0.8999999999999894,-1.6500000000000021,-1.3149999999999968,-1.3500000000000014,-1.2550000000000017,-1.6750000000000012,-1.429999999999999,-1.6449999999999994,-1.519999999999999
2019-08-06,-1.200000000000003,-0.8500000000000087,-0.4799999999999943,-0.9080000000000026,-1.0250000000000017,-1.1450000000000002,-0.8250000000000011,-1.0500000000000005,-0.9700000000000009,-1.16
2019-08-07,-1.330000000000003,-2.630000000000002,-3.310000000000006,-3.1020000000000008,-3.5199999999999987,-3.774999999999998,-4.144999999999995,-4.225000000000001,-4.4700000000000015,-4.575000000000002
2019-08-08,-0.2200000000000032,0.1650000000000089,0.2700000000000098,0.6849999999999998,1.2700000000000038,1.7649999999999957,2.5349999999999984,2.68,3.140000000000003,3.535000000000001
2019-08-09,-0.6499999999999996,-0.885000000000009,-0.7300000000000015,-1.4099999999999964,-1.5500000000000063,-1.7199999999999984,-1.9150000000000027,-1.7549999999999988,-1.7750000000000015,-1.9549999999999992
2019-08-12,-0.19999999999999185,0.0,-0.15000000000000258,0.13499999999999623,0.0,-0.2699999999999968,-0.5000000000000013,-0.49500000000000066,-0.8050000000000006,-0.7999999999999999
2019-08-13,0.09999999999999593,0.1000000000000046,-0.1499999999999939,-0.29999999999999644,-0.5499999999999949,-0.9250000000000057,-1.2999999999999992,-1.7000000000000044,-2.099999999999997,-2.149999999999999
2019-08-14,-0.499999999999997,-0.7200000000000002,-0.9700000000000073,-2.200000000000006,-3.1000000000000036,-4.025,-5.049999999999998,-5.714999999999995,-6.2200000000000015,-6.880000000000003
2019-08-15,-3.1999999999999997,-4.910000000000001,-5.729999999999997,-6.4499999999999975,-7.797999999999997,-8.284999999999993,-8.754999999999999,-9.429999999999998,-9.860000000000003,-10.465000000000002
2019-08-16,-0.6000000000000015,-0.11999999999999858,0.3799999999999984,0.45000000000000767,0.4130000000000019,0.014999999999997654,0.05500000000000296,-0.1000000000000046,-0.40999999999999803,-0.3299999999999961
2019-08-19,1.250000000000001,2.0499999999999945,2.390000000000005,3.0999999999999863,4.034999999999993,4.945000000000001,5.824999999999997,6.545000000000002,7.540000000000004,7.924999999999998
2019-08-20,-0.6550000000000046,-0.9299999999999933,-1.5400000000000136,-1.399999999999995,-1.5999999999999954,-1.749999999999998,-2.0750000000000024,-2.100000000000001,-2.3749999999999987,-2.2000000000000015
2019-08-21,1.805000000000001,2.9800000000000053,3.190000000000007,3.4100000000000015,3.8999999999999972,3.7999999999999927,3.5700000000000056,3.3100000000000014,3.2099999999999924,2.9000000000000035
2019-08-22,1.990000000000004,2.4499999999999957,3.0300000000000034,2.964999999999999,3.1999999999999997,3.475000000000006,3.9049999999999936,4.164999999999997,4.4650000000000025,4.624999999999998
2019-08-23,-0.8899999999999967,-2.375000000000007,-2.700000000000003,-2.9249999999999936,-2.630000000000002,-2.8750000000000044,-2.7749999999999995,-2.725000000000002,-2.5500000000000003,-2.5749999999999993
2019-08-26,-0.30000000000000515,-0.23500000000000082,-0.21000000000000185,0.2599999999999911,0.04000000000000531,0.5500000000000036,0.3100000000000021,0.43000000000000504,0.6100000000000029,0.6250000000000006
2019-08-27,-0.42500000000000004,-0.7999999999999934,-1.2899999999999978,-2.1449999999999942,-3.1599999999999944,-3.705000000000002,-4.129999999999997,-4.585000000000002,-5.115000000000002,-5.380000000000003
2019-08-28,-0.6749999999999985,-0.11500000000000225,-0.8500000000000001,-0.6650000000000058,-0.9500000000000046,-1.6299999999999994,-1.8599999999999954,-2.1450000000000027,-2.8449999999999958,-2.8449999999999958
2019-08-29,-0.34000000000000175,-1.3549999999999933,-0.6299999999999969,-0.949999999999996,-0.5000000000000057,0.08000000000000194,0.574999999999994,1.0450000000000044,1.5799999999999972,1.8749999999999973
2019-08-30,-0.35999999999999577,-0.49500000000000066,-1.2400000000000084,-0.5500000000000036,-0.2000000000000005,0.1299999999999999,0.6000000000000015,0.7550000000000004,0.8699999999999983,1.0150000000000003
2019-09-02,-1.4700000000000042,-1.3650000000000033,-0.6549999999999958,-0.7999999999999934,-0.6999999999999975,-0.5750000000000026,-0.6450000000000032,-0.45000000000000334,-0.10000000000000026,-0.10500000000000093
2019-09-03,-0.1599999999999952,0.4299999999999964,0.2050000000000055,0.39999999999999236,0.499999999999997,0.2900000000000038,0.1600000000000039,-0.029999999999995308,-0.6000000000000015,-0.4249999999999957
2019-09-04,0.880000000000004,1.5189999999999995,2.259999999999988,1.9500000000000073,1.9000000000000006,2.1600000000000006,2.434999999999998,2.549999999999996,3.1600000000000033,3.039999999999996
2019-09-05,2.0199999999999907,2.54100000000001,2.770000000000012,3.4499999999999984,4.000000000000011,5.110000000000002,6.145000000000005,7.080000000000003,7.78,8.750000000000002
2019-09-06,0.3799999999999984,-0.050000000000006636,-0.11999999999999858,-1.3000000000000078,-2.080000000000007,-2.8600000000000065,-3.8300000000000054,-4.200000000000002,-4.5400000000000045,-5.299999999999999
2019-09-09,0.4900000000000043,0.8500000000000001,1.3100000000000005,1.7000000000000088,2.279999999999999,2.8000000000000074,3.7699999999999974,4.0200000000000005,4.480000000000005,4.989999999999998
2019-09-10,0.27000000000000113,0.6499999999999996,0.37999999999998973,1.2999999999999992,1.8700000000000054,2.0999999999999925,2.3000000000000016,2.605000000000003,2.68,2.9300000000000006
2019-09-11,0.2900000000000038,0.42500000000000004,0.47000000000000164,0.400000000000001,0.35999999999999577,0.30500000000000144,0.07000000000000062,0.07499999999999694,0.19499999999999987,0.014999999999999823
2019-09-12,4.349999999999996,6.824999999999999,5.220000000000008,7.460999999999995,7.050000000000003,6.694999999999999,6.034999999999998,5.585,5.175,4.985
2019-09-13,1.749999999999998,1.129999999999994,3.3999999999999915,2.6390000000000007,3.8949999999999965,4.835,5.9650000000000025,6.765000000000002,7.470000000000001,8.18
2019-09-16,0.8199999999999961,0.12000000000000725,-0.400000000000001,-1.2999999999999992,-2.019999999999999,-2.660000000000002,-3.275000000000001,-3.700000000000001,-3.8500000000000014,-4.3999999999999995
2019-09-17,-0.3199999999999991,-0.2499999999999985,-0.23999999999999716,-0.6000000000000015,-0.6550000000000002,-0.8249999999999967,-1.0999999999999985,-1.3000000000000012,-1.6649999999999998,-1.4999999999999996
2019-09-18,-0.39999999999999236,-0.5000000000000057,-0.4799999999999943,-1.2999999999999992,-2.000000000000001,-2.500000000000002,-2.999999999999999,-3.3,-3.619999999999999,-4.020000000000001
2019-09-19,0.5999999999999929,0.8500000000000001,0.9699999999999986,0.999999999999994,1.0249999999999972,0.7000000000000018,0.3799999999999984,0.0,-0.465000000000001,-0.5649999999999991
2019-09-20,1.0500000000000005,1.200000000000003,0.6499999999999996,0.6500000000000082,0.025000000000003318,-0.15000000000000258,-0.4549999999999997,-0.7999999999999977,-0.7499999999999977,-1.1749999999999998
2019-09-23,-1.6499999999999935,-2.580000000000004,-2.890000000000002,-3.6499999999999986,-3.8800000000000034,-4.499999999999999,-4.835,-5.23,-5.500000000000002,-5.889999999999999
2019-09-24,-0.7000000000000062,-0.6099999999999942,-1.029999999999998,-1.0000000000000027,-1.4999999999999996,-1.805000000000001,-2.09,-2.2199999999999998,-2.704999999999999,-2.949999999999999
2019-09-25,0.2499999999999985,0.6149999999999992,0.7799999999999995,1.9000000000000006,2.729999999999998,3.655000000000004,4.365000000000003,4.8,4.580000000000001,5.559999999999996
2019-09-26,-0.6999999999999975,-0.9349999999999983,0.09000000000000327,-0.6000000000000015,-0.400000000000001,-0.800000000000002,-1.0900000000000059,-1.3250000000000024,-0.7500000000000041,-1.3849999999999996
2019-09-27,-0.2000000000000005,-0.7150000000000039,-1.1099999999999999,-0.6999999999999975,-0.5499999999999949,-0.14999999999999822,0.2000000000000005,0.5500000000000036,0.37500000000000205,0.570000000000002
2019-09-30,-0.3150000000000028,0.2249999999999995,0.28999999999999515,0.3099999999999978,0.1000000000000046,0.28500000000000314,0.4250000000000044,0.484999999999995,0.8699999999999983,0.6949999999999968
2019-10-01,-0.2849999999999988,-0.14000000000000123,-0.21000000000000185,0.2000000000000005,-0.07000000000000062,-0.2000000000000005,-0.08000000000000194,-0.05999999999999929,0.6850000000000042,0.260000000000002
2019-10-02,-0.3499999999999944,-0.6600000000000008,-0.34000000000000175,-0.3099999999999978,0.16999999999999654,0.3649999999999964,0.6499999999999996,0.8149999999999997,0.18499999999999853,0.9499999999999982
2019-10-03,-0.7000000000000062,-0.98,-1.189999999999993,-1.8500000000000028,-2.0300000000000007,-2.2499999999999996,-2.595000000000002,-2.8649999999999944,-2.440000000000003,-3.0999999999999996
2019-10-04,-0.3499999999999944,-0.7199999999999915,-0.7800000000000081,-0.2000000000000005,-0.01999999999999398,0.07000000000000062,0.10000000000000026,0.30000000000000077,-0.2499999999999985,0.4500000000000012
2019-10-07,0.22999999999999582,0.3099999999999978,0.6100000000000029,0.7250000000000052,0.974999999999995,1.1550000000000016,1.4500000000000017,1.6999999999999957,1.4500000000000017,1.4999999999999996
2019-10-08,-0.3049999999999928,-0.43000000000000504,-0.7399999999999941,-0.6250000000000092,-0.7750000000000031,-0.8250000000000011,-0.800000000000002,-1.250000000000001,-0.7750000000000031,-0.6900000000000005
2019-10-09,1.3649999999999947,2.1700000000000017,2.360000000000001,3.200000000000008,3.800000000000001,4.049999999999995,3.830000000000001,4.0200000000000005,3.8250000000000024,3.825
2019-10-10,1.910000000000002,2.8189999999999986,3.009999999999992,3.8999999999999972,4.100000000000007,4.515000000000001,4.945000000000001,5.460000000000001,5.669999999999998,5.815000000000001
2019-10-11,1.2999999999999992,0.8909999999999995,1.7700000000000007,1.5099999999999967,1.899999999999992,2.335000000000002,2.7749999999999995,3.095000000000001,3.730000000000001,3.81
2019-10-14,0.5449999999999986,0.6400000000000069,0.6800000000000035,0.31499999999999845,-0.1749999999999972,-0.6999999999999975,-1.029999999999998,-1.4250000000000005,-1.649999999999998,-1.8600000000000003
2019-10-15,0.5849999999999996,1.5700000000000003,1.929999999999996,2.375000000000003,2.905,3.349999999999998,3.614999999999996,4.110000000000001,3.7699999999999996,4.51
2019-10-16,0.905000000000003,1.6299999999999952,1.7100000000000015,1.4999999999999996,1.5700000000000045,1.8000000000000005,2.24,2.2749999999999986,2.639999999999999,2.33
2019-10-17,0.2649999999999961,0.2899999999999995,0.5500000000000036,-0.04999999999999796,-0.19000000000000353,-0.7999999999999977,-1.569999999999998,-2.1349999999999993,-2.0349999999999997,-2.7400000000000007
2019-10-18,0.3249999999999998,0.6849999999999998,0.890000000000001,1.774999999999997,2.09,2.499999999999998,2.7150000000000003,2.829999999999999,2.625,2.9600000000000004
2019-10-21,0.4549999999999997,0.7449999999999991,1.4199999999999977,1.3250000000000024,1.8000000000000005,2.4299999999999993,2.949999999999999,3.4100000000000006,3.7800000000000002,4.239999999999999
2019-10-22,0.12000000000000291,0.1800000000000022,-0.30000000000000077,-0.2499999999999985,-0.564999999999997,-1.0800000000000023,-1.3700000000000019,-1.9400000000000006,-2.18,-2.6999999999999993
2019-10-23,-0.15000000000000258,-0.6499999999999996,-0.9599999999999973,-1.4950000000000032,-2.2300000000000053,-2.5449999999999995,-3.129999999999999,-3.2199999999999993,-3.5499999999999994,-3.8499999999999996
2019-10-24,0.09500000000000394,0.12499999999999925,-0.2599999999999998,0.07000000000000495,0.045000000000001636,-0.1299999999999999,0.045000000000001636,0.10999999999999942,0.09000000000000002,0.22000000000000006
2019-10-25,0.40499999999999736,1.4750000000000005,1.8999999999999964,2.5749999999999993,3.0500000000000016,3.6250000000000018,4.135,4.470000000000001,4.56,5.08
2019-10-28,0.25000000000000283,0.1650000000000002,1.7000000000000002,1.1550000000000016,1.7049999999999965,2.06,2.14,2.24,2.3800000000000003,2.3749999999999996
2019-10-29,0.449999999999999,0.1800000000000022,-1.069999999999999,-0.16500000000000456,-0.3549999999999994,-0.8200000000000004,-1.1300000000000003,-1.4400000000000004,-1.44,-1.714999999999999
2019-10-30,0.07499999999999694,-0.0949999999999996,0.6699999999999978,0.03500000000000031,0.21000000000000185,0.41000000000000236,0.43999999999999984,0.49,0.48499999999999993,0.38999999999999974
2019-10-31,-0.7749999999999988,-1.370000000000004,-2.1299999999999963,-2.6000000000000023,-3.324999999999999,-3.7150000000000007,-4.059999999999999,-4.2,-4.675000000000001,-4.535000000000001
2019-11-01,-0.2000000000000005,0.17000000000000087,-0.3300000000000048,0.4250000000000044,0.7649999999999975,1.014999999999996,1.4600000000000009,1.65,2.15,2.135
2019-11-04,0.29500000000000015,0.30000000000000077,1.0800000000000045,0.7000000000000018,1.100000000000003,1.5500000000000018,1.9999999999999987,2.3900000000000006,2.4000000000000004,2.91
2019-11-05,0.6000000000000015,0.9099999999999994,0.8199999999999961,1.5999999999999954,1.8499999999999983,2.050000000000001,2.2499999999999996,2.4099999999999997,2.85,2.7899999999999983
2019-11-06,0.1650000000000002,0.14000000000000123,0.3600000000000001,-0.8149999999999997,-1.1249999999999976,-1.4650000000000014,-1.895,-2.2949999999999995,-2.4499999999999997,-2.7999999999999985
2019-11-07,1.3399999999999956,2.4499999999999957,3.200000000000004,5.7650000000000015,6.834999999999998,7.415000000000002,8.045,8.495,8.72,9.025
2019-11-08,0.5000000000000013,-0.1749999999999972,0.1399999999999969,-1.1300000000000026,-1.2100000000000002,-1.2999999999999992,-1.4349999999999996,-1.75,-1.8699999999999999,-2.0550000000000015
2019-11-11,-0.5899999999999959,-0.47000000000000164,-0.46000000000000035,0.030000000000003982,0.15000000000000038,0.2999999999999986,0.4149999999999998,0.76,0.7399999999999995,0.9750000000000014
2019-11-12,-0.0850000000000026,-0.3799999999999984,-0.2699999999999968,-1.1500000000000008,-1.4000000000000015,-1.4399999999999982,-1.42,-1.5099999999999998,-1.4099999999999995,-1.6449999999999994
2019-11-13,-0.5300000000000009,-0.8350000000000024,-1.590000000000003,-1.4349999999999996,-2.0150000000000006,-2.300000000000004,-2.735,-3.1499999999999995,-3.7100000000000004,-3.825
2019-11-14,0.4549999999999997,0.13500000000000056,-0.3500000000000031,-1.4650000000000036,-2.1699999999999973,-2.654999999999999,-3.0249999999999995,-3.245000000000001,-3.22,-3.49
2019-11-15,-0.010000000000001327,0.21500000000000252,0.08000000000000194,0.400000000000001,0.884999999999996,0.7949999999999993,0.8549999999999985,1.0450000000000004,1.08,1.1149999999999995
2019-11-18,0.15000000000000258,0.520000000000004,0.41000000000000236,0.7499999999999998,0.45000000000000334,0.5950000000000009,0.45500000000000185,0.35000000000000037,0.17000000000000007,0.19999999999999943
2019-11-19,-0.14000000000000123,-0.10500000000000526,-0.10000000000000026,-0.21999999999999884,-0.23500000000000082,-0.29500000000000015,-0.19500000000000203,-0.1850000000000007,-0.2500000000000001,-0.05000000000000013
2019-11-20,-0.5199999999999996,-0.505000000000002,-0.5099999999999983,-0.4199999999999994,-0.21500000000000252,-0.3500000000000009,-0.514999999999999,-0.5649999999999991,-0.6,-0.6699999999999989
2019-11-21,0.3199999999999991,0.9500000000000003,1.5999999999999999,1.5399999999999963,1.8500000000000028,2.130000000000001,2.089999999999999,2.0099999999999993,2.22,1.8999999999999995
2019-11-22,-0.24999999999999414,-0.899999999999998,-1.2100000000000002,-1.5949999999999993,-2.130000000000001,-2.729999999999998,-3.039999999999999,-3.180000000000001,-3.3900000000000006,-3.445
2019-11-25,0.01999999999999398,0.11500000000000225,-0.12000000000000291,0.3600000000000044,0.3799999999999984,0.6499999999999974,0.7999999999999999,0.9700000000000009,1.0999999999999999,1.2149999999999996
2019-11-26,-0.02499999999999898,-0.2650000000000048,-0.28999999999999515,-0.9650000000000066,-1.2999999999999947,-1.5499999999999976,-1.7000000000000002,-1.8499999999999994,-1.98,-1.9500000000000002
2019-11-27,-0.27000000000000113,-0.29999999999999644,-0.43000000000000504,-0.2999999999999921,-0.30000000000000077,-0.4849999999999993,-0.5500000000000015,-0.6600000000000008,-0.8350000000000001,-0.845
2019-11-28,-0.27499999999999747,-0.19999999999999618,-0.10000000000000026,0.04999999999999796,0.5000000000000013,0.4849999999999993,0.6200000000000021,0.7300000000000004,0.8850000000000001,1.0200000000000005
2019-11-29,0.6000000000000015,0.9499999999999916,1.4000000000000037,1.0499999999999963,0.6099999999999985,0.7999999999999999,0.7799999999999995,0.8049999999999995,0.7000000000000001,0.5399999999999996
2019-12-02,0.21999999999999884,1.4200000000000064,2.279999999999999,3.4500000000000024,4.564999999999999,5.325,5.874999999999999,6.280000000000001,6.7,7.035
2019-12-03,0.029999999999995308,-1.3800000000000054,-2.68,-3.650000000000003,-4.734999999999999,-5.525,-5.889999999999999,-6.300000000000002,-6.59,-6.82
2019-12-04,-0.09999999999999593,0.19000000000000353,0.7099999999999989,1.4500000000000017,2.06,2.5500000000000003,2.754999999999999,3.025000000000001,3.24,3.4699999999999998
2019-12-05,0.29999999999999644,1.069999999999999,1.8500000000000028,1.9500000000000028,1.9999999999999987,2.099999999999999,2.0799999999999996,2.03,1.9500000000000002,1.8350000000000006
2019-12-06,0.14999999999999822,0.14999999999999822,0.2499999999999985,0.6000000000000015,0.8200000000000004,0.7299999999999993,0.6300000000000001,0.5399999999999999,0.44999999999999957,0.4149999999999987
2019-12-09,-0.2799999999999938,-0.6999999999999975,-0.7400000000000028,-1.3000000000000034,-1.52,-1.5299999999999971,-1.3999999999999992,-1.38,-1.4,-1.3599999999999983
2019-12-10,-0.0500000000000023,-0.21999999999999884,-0.6199999999999956,-0.10000000000000026,0.2999999999999986,0.19999999999999618,0.4549999999999997,0.49999999999999994,0.6,0.7050000000000003
2019-12-11,-0.10999999999999725,-0.17000000000000087,-0.3600000000000001,-1.0500000000000005,-1.699999999999998,-1.699999999999998,-2.0549999999999997,-2.17,-2.215,-2.295000000000001
2019-12-12,0.43999999999999334,0.939999999999999,1.4499999999999973,2.100000000000001,2.5500000000000003,3.04,3.0999999999999996,3.36,3.3649999999999998,3.5899999999999994
2019-12-13,0.17500000000000587,0.12000000000000291,0.06000000000000363,-0.7000000000000018,-0.9750000000000014,-1.4700000000000022,-1.9099999999999988,-2.37,-2.34,-3.0849999999999995
2019-12-16,-0.13000000000000425,0.029999999999995308,-0.010000000000005664,0.880000000000004,1.1249999999999998,1.3100000000000005,1.8099999999999985,2.1599999999999997,2.1599999999999997,2.5799999999999996
2019-12-17,-0.06999999999999629,-0.08999999999999894,0.030000000000003982,-0.23000000000000018,-0.2999999999999986,-0.3799999999999984,-0.539999999999999,-0.7499999999999999,-0.8199999999999998,-0.9350000000000005
2019-12-18,-0.3250000000000041,0.41500000000000303,1.0099999999999996,1.799999999999996,2.6449999999999996,3.1499999999999995,3.54,3.865,4.105,4.315
2019-12-19,0.4250000000000044,0.5499999999999993,0.7499999999999998,0.800000000000002,0.43499999999999917,0.5000000000000002,0.49999999999999967,0.5349999999999995,0.4450000000000005,0.5800000000000011
2019-12-20,0.8299999999999974,0.3249999999999998,0.3099999999999978,-0.10000000000000026,-0.25499999999999917,-0.4500000000000001,-0.49999999999999967,-0.5999999999999996,-0.6749999999999996,-0.7450000000000013
2019-12-23,-0.3549999999999994,0.04999999999999796,0.010000000000001327,0.5000000000000013,0.874999999999999,1.1500000000000008,1.25,1.35,1.625,1.5550000000000004
2019-12-24,0.7800000000000038,0.7500000000000041,0.5999999999999972,,,,,,-0.0550000000000008,
2019-12-25,,,-0.6999999999999975,,,,,,,
2019-12-26,,,0.6999999999999975,,,,,,,
2019-12-27,0.14499999999999758,0.2899999999999995,0.2000000000000005,0.10000000000000026,-0.2499999999999985,-0.6350000000000008,-0.69,-0.8999999999999997,-0.7950000000000004,-0.955000000000001
2019-12-30,0.25000000000000283,0.9099999999999994,2.19,3.2949999999999973,4.199999999999998,4.83,5.09,5.544999999999999,5.4,5.854999999999999
2019-12-31,0.1049999999999966,-0.04999999999999796,-0.27999999999999814,,,,,,0.0,
2020-01-01,,,-0.00999999999999699,,,,,,,
2020-01-02,-0.08499999999999827,-0.7900000000000051,-1.8000000000000047,-2.7700000000000014,-3.5499999999999985,-3.8450000000000006,-3.9150000000000005,-4.069999999999999,-3.8750000000000004,-4.269999999999999
2020-01-03,-0.6000000000000015,-1.4849999999999977,-1.9699999999999969,-2.989999999999998,-3.5000000000000004,-4.05,-4.5,-4.82,-4.95,-5.184999999999999
2020-01-06,-0.30500000000000144,-0.2550000000000035,-0.7200000000000002,-0.5849999999999996,-0.890000000000001,-0.9099999999999994,-0.874999999999999,-0.7549999999999999,-0.8049999999999984,-0.6100000000000008
2020-01-07,-0.0949999999999996,-0.3199999999999991,-0.6300000000000012,-0.6499999999999996,-0.6650000000000015,-0.6899999999999984,-0.6100000000000018,-0.55,-0.4700000000000006,-0.38999999999999974
2020-01-08,-0.27499999999999747,0.6499999999999996,1.519999999999998,2.19,3.0150000000000032,3.399999999999998,3.580000000000001,3.715,3.75,3.9249999999999985
2020-01-09,0.3549999999999994,0.915,1.4999999999999996,1.6599999999999993,1.9049999999999991,1.9500000000000008,1.76,1.7550000000000001,1.9499999999999986,1.7750000000000015
2020-01-10,-0.07500000000000129,-0.06499999999999562,-0.2499999999999985,-0.14999999999999822,-0.3150000000000006,-0.400000000000001,-0.43999999999999984,-0.5700000000000003,-0.8049999999999984,-0.9000000000000002
2020-01-13,0.6999999999999975,0.974999999999995,1.4599999999999986,1.8499999999999983,2.190000000000002,2.5500000000000003,2.9499999999999997,3.2,3.2550000000000003,3.5500000000000007
2020-01-14,-0.34999999999999876,-0.19499999999999987,-0.10999999999999725,-0.005000000000000664,-0.040000000000003144,-0.15000000000000038,-0.3,-0.39999999999999997,-0.47500000000000014,-0.5499999999999993
2020-01-15,-0.3549999999999994,-0.4299999999999964,-0.6000000000000015,-0.9449999999999996,-1.3999999999999972,-1.7999999999999994,-1.6349999999999998,-2.0500000000000007,-1.7850000000000006,-2.179999999999999
2020-01-16,0.19499999999999987,-0.28199999999999925,-0.899999999999998,-1.3299999999999987,-1.510000000000001,-1.5400000000000016,-1.9650000000000003,-1.6999999999999995,-2.0399999999999996,-1.770000000000003
2020-01-17,-0.14000000000000123,-0.04300000000000484,0.0,0.019999999999998318,0.009999999999999159,0.14000000000000123,-0.05000000000000013,0.1749999999999999,-0.08500000000000044,0.05000000000000013
2020-01-20,-0.0899999999999946,-0.07499999999999694,-0.05799999999999816,-0.05999999999999929,-0.10000000000000026,-0.19499999999999987,-0.05999999999999983,-0.37500000000000017,-0.21499999999999928,-0.4149999999999987
2020-01-21,0.13499999999999623,0.14000000000000123,-0.19200000000000467,-0.7300000000000015,-1.2999999999999992,-1.7549999999999988,-2.1300000000000003,-2.445,-2.7000000000000006,-2.9300000000000006
2020-01-22,0.30500000000000144,-0.10000000000000026,-0.5000000000000013,-0.8250000000000011,-0.7499999999999998,-0.9000000000000024,-0.9849999999999995,-1.0550000000000002,-1.03,-0.98
2020-01-23,0.09999999999999593,-0.6900000000000005,-1.525999999999997,-2.2749999999999986,-2.8700000000000014,-3.274999999999999,-3.325,-3.4999999999999996,-3.65,-3.9499999999999997
2020-01-24,-0.499999999999997,-0.9749999999999993,-1.0490000000000022,-1.2749999999999957,-1.7799999999999978,-2.025,-2.5099999999999993,-2.7250000000000005,-2.8700000000000006,-2.85
2020-01-27,-1.324999999999998,-1.8250000000000037,-2.524999999999997,-3.1750000000000007,-3.800000000000001,-4.250000000000003,-4.4399999999999995,-4.675000000000001,-5.24,-5.4750000000000005
2020-01-28,-0.3749999999999977,0.3850000000000034,1.1999999999999988,1.9999999999999967,2.6500000000000004,2.9600000000000026,3.4199999999999986,3.650000000000001,4.070000000000001,4.300000000000001
2020-01-29,-0.505000000000002,-1.1849999999999967,-1.4999999999999996,-1.6999999999999957,-1.6500000000000021,-1.7100000000000015,-2.0700000000000016,-2.2500000000000018,-2.43,-2.4
2020-01-30,-0.800000000000002,-1.203000000000007,-1.7000000000000002,-2.0000000000000053,-2.3000000000000016,-2.3999999999999977,-2.589999999999999,-2.559999999999999,-2.494999999999999,-2.65
2020-01-31,-0.3999999999999967,-1.196999999999995,-1.3999999999999992,-1.8000000000000005,-2.099999999999997,-2.400000000000002,-2.310000000000001,-2.440000000000001,-2.655000000000001,-2.6699999999999995
2020-02-03,0.0,-0.15000000000000258,-0.29999999999999644,-0.10000000000000026,-0.30000000000000077,0.0,-0.2499999999999985,-0.4199999999999994,-0.4549999999999997,-0.58
2020-02-04,0.6049999999999979,1.3500000000000014,2.0499999999999945,2.350000000000004,2.980000000000001,3.0500000000000016,3.339999999999999,3.520000000000001,3.7549999999999994,3.8
2020-02-05,0.029999999999995308,0.924999999999997,1.2999999999999992,1.9499999999999986,2.5200000000000005,2.8499999999999965,3.0550000000000024,3.324999999999999,3.4000000000000004,3.7949999999999995
2020-02-06,0.1700000000000052,-0.07499999999999694,-0.2499999999999985,-0.449999999999999,-0.7000000000000018,-0.7749999999999945,-0.815000000000002,-0.8649999999999999,-0.8500000000000001,-0.9950000000000001
2020-02-07,-0.10000000000000026,-0.449999999999999,-0.800000000000002,-1.0099999999999996,-1.0999999999999985,-1.3750000000000047,-1.6299999999999972,-1.7099999999999993,-1.7699999999999996,-1.9
2020-02-10,-0.5000000000000013,-0.7000000000000018,-1.1749999999999954,-1.690000000000003,-2.299999999999997,-2.5999999999999983,-2.8000000000000007,-3.0499999999999994,-3.2800000000000007,-3.5000000000000004
2020-02-11,-0.5900000000000003,-0.440000000000002,0.17500000000000154,0.5000000000000013,0.9299999999999977,1.225000000000002,1.624999999999999,1.699999999999998,1.9700000000000002,1.96
2020-02-12,-0.5900000000000003,-0.00999999999999699,-0.025000000000003318,0.2499999999999985,0.36999999999999705,0.4249999999999957,0.34500000000000025,0.440000000000002,0.3500000000000009,0.5400000000000001
2020-02-13,-0.019999999999998318,-0.6000000000000015,-0.5749999999999983,-0.7999999999999977,-1.0999999999999943,-1.2499999999999967,-1.4449999999999987,-1.5700000000000003,-1.61,-1.725
2020-02-14,-0.45000000000000334,-0.6499999999999996,-0.9999999999999983,-1.200000000000003,-1.3000000000000034,-1.2249999999999979,-1.1999999999999988,-1.1450000000000002,-1.1099999999999999,-1.1499999999999992
2020-02-17,0.2000000000000005,-0.15000000000000258,-0.2000000000000005,-0.2000000000000005,-0.20499999999999685,-0.22500000000000384,-0.27000000000000113,-0.2750000000000018,-0.17500000000000154,-0.2250000000000006
2020-02-18,-0.2499999999999985,-0.3299999999999961,-0.4900000000000043,-0.400000000000001,-0.44500000000000267,-0.6099999999999985,-0.7550000000000004,-0.9000000000000002,-1.1249999999999976,-1.2
2020-02-19,0.5950000000000009,0.6550000000000002,0.34000000000000175,-0.29999999999999644,-0.6600000000000008,-0.8799999999999997,-0.9900000000000013,-1.1499999999999986,-1.2700000000000038,-1.3000000000000003
2020-02-20,-0.1450000000000019,0.03499999999999597,0.0,-0.31699999999999523,-0.5900000000000003,-1.2100000000000002,-1.559999999999999,-1.8500000000000028,-2.0549999999999975,-2.2999999999999985
2020-02-21,0.19000000000000353,0.3500000000000031,0.6500000000000039,0.9179999999999953,1.2779999999999996,1.5240000000000002,1.416999999999998,1.152000000000002,0.6349999999999997,0.7049999999999982
2020-02-24,-0.8699999999999983,-1.5600000000000032,-2.0750000000000024,-2.5509999999999984,-3.2280000000000024,-3.524000000000001,-3.6769999999999987,-3.7520000000000002,-3.5849999999999986,-4.055000000000001
2020-02-25,-0.6750000000000028,-1.3500000000000014,-1.6299999999999994,-1.2999999999999992,-1.1749999999999954,-1.1249999999999976,-1.3199999999999974,-1.2999999999999992,-1.3000000000000012,-1.2649999999999988
2020-02-26,-1.0950000000000066,-0.469999999999993,0.20499999999999685,0.499999999999997,0.6749999999999985,1.2299999999999984,1.6649999999999998,1.9499999999999986,1.9250000000000018,2.2649999999999992
2020-02-27,-0.004999999999996327,-0.24000000000000582,-0.449999999999999,-0.7499999999999998,-0.6999999999999975,-1.2550000000000017,-1.1299999999999981,-1.4199999999999977,-1.3850000000000018,-1.544999999999999
2020-02-28,-1.7949999999999997,-2.2900000000000005,-2.249999999999995,-2.319999999999996,-2.3000000000000016,-2.400000000000002,-3.0550000000000024,-3.2800000000000016,-3.774999999999998,-3.9050000000000002
2020-03-02,-3.249999999999998,-3.6999999999999966,-3.80000000000001,-3.5800000000000067,-3.400000000000005,-3.099999999999995,-2.7700000000000036,-2.5799999999999996,-2.3400000000000025,-2.2500000000000036
2020-03-03,-1.4999999999999996,-1.0000000000000027,-0.789999999999992,-0.7999999999999934,-0.8199999999999961,-0.7000000000000018,-0.34000000000000175,-0.34999999999999876,-0.4699999999999973,-0.4499999999999947
2020-03-04,-0.449999999999999,-1.250000000000001,-1.559999999999999,-1.4500000000000017,-1.429999999999999,-1.2999999999999992,-1.4549999999999979,-1.3699999999999997,-1.1300000000000026,-1.200000000000003
2020-03-05,1.0499999999999918,1.5500000000000063,1.0999999999999985,0.5499999999999949,-0.010000000000001327,-0.5000000000000057,-0.800000000000002,-0.9099999999999994,-0.8699999999999983,-1.2750000000000001
2020-03-06,0.5000000000000057,0.800000000000002,0.7599999999999968,0.5500000000000036,0.41000000000000236,0.0,-0.6349999999999976,-1.3900000000000023,-2.130000000000001,-2.3749999999999987
2020-03-09,-1.7399999999999967,-2.5900000000000056,-2.9600000000000026,-2.8999999999999946,-2.9000000000000035,-3.3750000000000013,-3.8000000000000056,-4.3249999999999975,-5.599999999999997,-5.75
2020-03-10,-0.05999999999999929,0.7900000000000008,2.0500000000000034,3.3499999999999934,4.8200000000000065,5.675000000000007,5.76000000000001,6.0449999999999955,6.109999999999996,6.410000000000001
2020-03-11,-1.4500000000000017,-1.899999999999992,-1.9200000000000033,-1.749999999999998,-1.7700000000000007,-1.3400000000000043,-0.7900000000000051,-0.8699999999999983,-0.459999999999996,-0.989999999999997
2020-03-12,3.049999999999997,4.299999999999989,4.270000000000003,5.063999999999997,5.049999999999998,3.240000000000005,2.842000000000001,2.631999999999999,3.1249999999999982,1.1049999999999949
2020-03-13,5.599999999999997,7.025,8.174999999999997,8.796,9.97,12.504999999999999,13.138,13.698,13.325,15.325
2020-03-16,0.7300000000000015,0.050000000000006636,0.39500000000000474,1.140000000000004,1.8299999999999956,2.1449999999999987,2.7100000000000017,3.0900000000000025,3.129999999999999,2.9
2020-03-17,0.11999999999999858,0.8749999999999947,1.4549999999999979,0.6000000000000015,0.6000000000000015,1.1500000000000008,1.0399999999999991,1.2399999999999975,1.38,1.2
2020-03-18,3.3000000000000043,5.625000000000001,7.025,9.399999999999999,12.125,13.700000000000001,15.325,15.865000000000002,17.585,17.125
2020-03-19,3.049999999999997,4.3750000000000036,5.675000000000003,5.249999999999998,3.725,3.65,3.9000000000000004,4.114999999999999,1.1649999999999996,4.175000000000002
2020-03-20,1.1750000000000043,-1.2200000000000057,-3.4949999999999997,-4.749999999999997,-6.425000000000001,-6.75,-8.325,-9.115,-8.66,-9.275
2020-03-23,-0.20500000000000118,-0.6299999999999969,-0.880000000000004,-1.250000000000001,-1.0249999999999995,-2.6000000000000005,-2.3900000000000006,-2.4349999999999996,-2.4499999999999997,-3.375
2020-03-24,0.8799999999999997,1.8500000000000028,2.5500000000000047,2.049999999999999,1.8000000000000005,2.4499999999999997,2.940000000000001,3.565,4.470000000000001,4.7
2020-03-25,1.5999999999999999,1.6749999999999967,1.2499999999999967,2.6749999999999994,3.699999999999999,3.9750000000000005,4.074999999999999,4.16,4.86,4.424999999999999
2020-03-26,-0.5250000000000002,-2.700000000000003,-3.9499999999999997,-5.6499999999999995,-6.975,-7.375000000000001,-7.1000000000000005,-6.915000000000001,-7.055,-6.289999999999999
2020-03-27,-1.4449999999999967,-2.7999999999999945,-3.825,-4.725000000000002,-5.425,-6.65,-7.324999999999999,-7.8999999999999995,-7.5249999999999995,-8.185
2020-03-30,0.06999999999999629,-0.45000000000000334,-1.324999999999998,-1.0899999999999972,-1.1749999999999998,-1.8699999999999988,-2.294999999999999,-2.2650000000000015,-2.075000000000001,-2.0599999999999996
2020-03-31,-0.3249999999999998,0.3749999999999977,1.0249999999999972,1.0050000000000032,1.0250000000000017,1.9300000000000004,2.0949999999999984,2.115000000000001,1.8750000000000007,2.1099999999999994
2020-04-01,1.3250000000000024,1.0900000000000016,0.8500000000000001,0.5099999999999983,-0.10000000000000026,-0.46000000000000035,-1.0000000000000004,-1.3999999999999992,-1.3099999999999994,-2.0
2020-04-02,0.899999999999998,0.9699999999999986,0.6750000000000028,0.07699999999999807,0.14999999999999822,-0.400000000000001,-0.2649999999999983,-0.10000000000000026,-0.2550000000000002,-0.14999999999999986
2020-04-03,-0.37500000000000205,-0.809999999999999,-0.23000000000000018,-0.3919999999999965,-0.2899999999999995,-0.08999999999999894,0.054999999999998626,0.009999999999999159,-0.04500000000000055,0.1600000000000001
2020-04-06,2.2749999999999986,1.6600000000000035,1.0800000000000003,1.489999999999994,0.9900000000000013,1.4900000000000004,1.3600000000000005,1.365000000000001,1.61,1.8150000000000002
2020-04-07,3.0000000000000036,3.939999999999998,4.724999999999998,5.600000000000001,6.349999999999997,6.999999999999999,7.175000000000001,7.824999999999998,7.5200000000000005,7.935
2020-04-08,1.9000000000000006,0.874999999999999,0.5000000000000013,0.17500000000000154,0.2750000000000018,-0.39999999999999886,-0.4500000000000012,-0.8199999999999998,-0.19000000000000014,-1.03
2020-04-09,-1.9000000000000006,-3.6249999999999956,-4.100000000000002,-4.425000000000002,-4.499999999999999,-4.075000000000001,-4.505,-4.655,-4.86,-4.9799999999999995
2020-04-10,-0.2000000000000005,,,,,,,,,
2020-04-14,-1.100000000000003,,,,,,,,,
2020-04-15,0.7000000000000018,-0.28000000000000247,-0.5999999999999972,-1.6549999999999985,-2.3999999999999977,-3.2949999999999995,-3.5400000000000014,-3.9749999999999983,-4.16,-4.750000000000001
2020-04-16,1.1500000000000008,0.43000000000000504,-0.6100000000000029,-1.094999999999998,-1.7000000000000002,-1.7750000000000015,-2.0549999999999997,-2.1450000000000027,-2.149999999999999,-2.27
2020-04-17,-0.10000000000000026,0.34999999999999876,0.6849999999999998,0.6899999999999962,0.6900000000000005,0.6449999999999989,0.7249999999999986,0.9800000000000021,0.7699999999999981,1.1300000000000003
2020-04-20,2.0659999999999994,3.049999999999997,3.064999999999999,3.0000000000000036,3.209999999999997,3.325000000000001,3.420000000000001,3.0900000000000003,3.4400000000000013,3.39
2020-04-21,2.684,3.080000000000001,2.279999999999999,1.7000000000000002,0.9000000000000024,0.2000000000000005,-0.3200000000000013,-0.5000000000000013,-1.1299999999999992,-1.2
2020-04-22,4.199,3.6899999999999995,4.18,4.500000000000001,4.999999999999998,5.449999999999999,5.720000000000002,5.920000000000001,6.609999999999999,6.505000000000001
2020-04-23,-1.1989999999999983,-1.8199999999999987,-2.199999999999997,-2.099999999999999,-2.3499999999999974,-2.5500000000000003,-2.500000000000002,-2.8200000000000003,-2.6900000000000004,-3.005
2020-04-24,-4.25,-5.100000000000005,-5.200000000000005,-5.500000000000002,-5.060000000000004,-4.990000000000001,-4.9499999999999975,-4.6899999999999995,-5.329999999999998,-4.51
2020-04-27,-1.1500000000000008,-0.574999999999994,0.22500000000000384,0.6999999999999975,0.8850000000000003,1.290000000000002,1.1499999999999986,1.389999999999998,1.879999999999999,1.61
2020-04-28,-3.1499999999999972,-3.0250000000000026,-3.0999999999999996,-2.6000000000000023,-2.6249999999999973,-2.500000000000002,-2.295000000000001,-2.099999999999999,-2.140000000000001,-1.9999999999999998
2020-04-29,-0.2900000000000038,-1.0150000000000003,-1.1200000000000012,-1.5499999999999932,-1.6530000000000018,-1.8639999999999977,-1.7539999999999982,-1.918,-2.0799999999999983,-2.1
2020-04-30,-2.06,-3.885,-4.130000000000002,-5.342000000000003,-6.597,-6.735999999999999,-6.333000000000003,-6.479000000000001,-6.520000000000002,-6.650000000000001
2020-05-01,0.10000000000000026,0.29999999999999644,,,,,,,0.30000000000000077,
2020-05-04,0.9000000000000024,0.9500000000000003,0.575000000000007,1.0919999999999983,1.8130000000000013,1.9499999999999986,1.6100000000000012,1.6970000000000005,1.7000000000000024,1.8449999999999998
2020-05-05,-0.0500000000000023,-0.6000000000000015,-0.7250000000000052,-0.999999999999994,-1.1379999999999983,-1.1749999999999998,-1.3529999999999966,-1.250000000000001,-1.5250000000000008,-1.1999999999999988
2020-05-06,2.8500000000000054,2.6300000000000066,2.7249999999999974,3.043999999999994,3.3609999999999975,3.2629999999999986,3.8249999999999957,3.9230000000000014,4.224999999999999,4.6049999999999995
2020-05-07,0.974999999999995,0.47999999999999865,0.025000000000003318,-0.363999999999998,-0.9660000000000007,-1.238000000000003,-1.9999999999999967,-2.3229999999999973,-2.580000000000002,-3.200000000000002
2020-05-08,-1.364999999999999,-0.6500000000000039,-0.37500000000000205,-0.08000000000000194,0.3800000000000027,1.100000000000003,1.4499999999999973,1.799999999999996,1.780000000000002,2.1700000000000017
2020-05-11,0.49,1.2400000000000042,1.3000000000000034,1.1500000000000008,1.2450000000000006,0.5000000000000013,0.7000000000000018,0.49000000000000216,0.3749999999999999,0.1299999999999999
2020-05-12,0.6250000000000006,0.484999999999995,0.04999999999999796,-0.30000000000000077,-1.0650000000000026,-1.1099999999999999,-1.910000000000002,-2.0699999999999994,-2.174999999999998,-2.114999999999999
2020-05-13,-0.06499999999999995,-0.5449999999999943,-0.6799999999999948,-0.5999999999999972,-0.4299999999999964,-0.6899999999999962,-0.890000000000001,-0.9449999999999996,-1.3500000000000014,-1.430000000000001
2020-05-14,0.5399999999999979,0.3099999999999978,0.3299999999999961,-0.11999999999999858,-0.6149999999999992,-0.5150000000000077,-0.5999999999999972,-0.7950000000000015,-0.7999999999999999,-0.8550000000000008
2020-05-15,0.7100000000000032,1.029999999999998,1.324999999999998,1.4199999999999977,1.6899999999999944,0.9650000000000023,1.3699999999999997,1.1399999999999995,1.2999999999999992,0.400000000000001
2020-05-18,-0.15999999999999956,0.470000000000006,1.0500000000000005,1.6500000000000021,1.9000000000000006,2.5500000000000003,2.344999999999999,2.584999999999998,2.6250000000000013,3.0999999999999996
2020-05-19,0.10000000000000026,0.5499999999999949,0.6000000000000015,0.5000000000000013,0.42500000000000004,0.14000000000000123,0.08000000000000194,0.02500000000000115,0.07499999999999911,0.10000000000000026
2020-05-20,-0.5000000000000013,-0.474999999999998,-0.3749999999999977,-0.30000000000000077,-0.3299999999999961,0.005000000000000664,-0.1950000000000042,-0.18000000000000005,-0.5500000000000015,-0.400000000000001
2020-05-21,-0.7499999999999998,-1.0649999999999982,-1.4500000000000017,-1.2750000000000044,-1.3699999999999997,-1.445000000000001,-1.1999999999999944,-1.299999999999997,-1.0499999999999963,-1.0000000000000004
2020-05-22,-0.30000000000000077,-0.0500000000000023,0.1249999999999949,-0.10500000000000093,0.10000000000000026,0.2000000000000005,0.1299999999999999,0.3499999999999944,0.2499999999999963,0.10000000000000026
2020-05-25,0.7999999999999977,0.6400000000000026,0.1950000000000042,0.2300000000000045,0.2000000000000005,0.025000000000003318,-0.035000000000004645,-0.28999999999999515,-0.3349999999999989,-0.4699999999999973
2020-05-26,0.9650000000000023,1.1499999999999966,1.7549999999999988,2.1499999999999946,2.4999999999999933,2.8299999999999983,2.955000000000002,3.0900000000000003,3.3849999999999985,3.669999999999999
2020-05-27,-1.2150000000000007,-0.7499999999999954,-0.5000000000000013,-0.24999999999999414,-0.1249999999999949,-0.005000000000000664,0.0500000000000023,0.05000000000000013,-0.05000000000000013,-0.400000000000001
2020-05-28,0.10000000000000026,-0.15000000000000258,-0.4249999999999957,-0.7000000000000018,-0.8250000000000054,-0.9000000000000024,-0.7499999999999998,-0.6500000000000017,-0.44999999999999685,0.2000000000000005
2020-05-29,-1.5499999999999976,-1.2999999999999992,-1.4000000000000037,-1.5999999999999999,-1.9499999999999942,-2.000000000000001,-2.0000000000000053,-2.000000000000003,-2.100000000000001,-2.4
2020-06-01,-0.3249999999999998,0.20999999999999752,0.6000000000000015,0.8500000000000001,1.2999999999999947,1.7500000000000024,2.0800000000000027,2.650000000000005,2.7999999999999985,2.999999999999999
2020-06-02,-1.475000000000005,-1.0500000000000005,-0.5000000000000013,0.10500000000000093,0.37000000000000577,0.6649999999999971,0.7950000000000015,0.514999999999999,0.7000000000000018,0.9000000000000002
2020-06-03,0.7100000000000032,1.2400000000000042,1.4750000000000005,1.6949999999999952,2.279999999999999,2.4850000000000048,2.6749999999999994,2.934999999999997,3.25,3.250000000000001
2020-06-04,-0.5600000000000006,-0.400000000000001,0.025000000000003318,0.2000000000000005,0.6499999999999996,1.0500000000000005,1.649999999999998,2.030000000000003,2.2750000000000004,2.6499999999999995
2020-06-05,-1.100000000000003,-0.3500000000000031,-0.10000000000000026,0.400000000000001,0.5000000000000013,1.0999999999999963,1.1550000000000016,1.5700000000000003,1.8249999999999993,2.2
2020-06-08,-0.34999999999999876,-0.9900000000000013,-1.5500000000000018,-2.099999999999997,-2.650000000000005,-3.055,-3.055,-3.194999999999999,-3.25,-3.4000000000000004
2020-06-09,0.6800000000000035,1.025000000000006,1.250000000000001,1.399999999999995,1.6500000000000021,1.6800000000000017,1.6600000000000013,1.6149999999999975,1.5999999999999999,2.0849999999999995
2020-06-10,0.3199999999999991,0.3399999999999931,0.400000000000001,0.5000000000000013,0.3199999999999991,-0.07500000000000129,-0.5500000000000015,-0.7200000000000002,-0.9000000000000002,-1.9749999999999999
2020-06-11,0.0,-1.2949999999999942,-2.350000000000004,-3.499999999999996,-4.419999999999997,-5.200000000000001,-5.560000000000003,-5.999999999999998,-6.5,-6.410000000000001
2020-06-12,-1.4000000000000037,-1.4300000000000033,-1.5249999999999986,-1.4249999999999983,-1.4000000000000037,-1.3500000000000014,-1.3149999999999968,-1.4000000000000037,-1.34,-1.3699999999999997
2020-06-15,-0.30000000000000077,-0.15000000000000258,-0.12500000000000358,-0.12500000000000358,-0.09999999999999593,-0.2499999999999985,-0.5750000000000026,-0.7599999999999968,-0.9600000000000016,-1.0500000000000005
2020-06-16,-0.1249999999999949,0.10000000000000026,0.30000000000000077,0.34999999999999876,0.4549999999999997,0.6499999999999996,0.7900000000000051,0.8599999999999971,1.0000000000000004,1.3200000000000016
2020-06-17,-1.0749999999999995,-1.1099999999999999,-1.0500000000000005,-0.9500000000000003,-0.8550000000000008,-0.8500000000000001,0.004999999999996327,0.2000000000000005,0.3200000000000013,0.21999999999999884
2020-06-18,-1.297999999999998,-1.2899999999999934,-1.1999999999999944,-1.1999999999999988,-1.200000000000003,-1.2999999999999947,-2.3050000000000024,-2.5500000000000003,-2.6100000000000017,-2.719999999999999
2020-06-19,-0.5520000000000047,-0.7600000000000011,-0.7750000000000031,-0.8499999999999958,-0.6000000000000015,-0.6500000000000039,-0.5999999999999972,-0.29999999999999644,-0.7099999999999989,-0.30000000000000077
2020-06-22,-1.7500000000000024,-1.9800000000000026,-2.174999999999998,-2.0500000000000034,-2.1999999999999926,-1.9450000000000023,-1.7050000000000007,-1.845000000000002,-1.458999999999998,-1.7000000000000002
2020-06-23,0.400000000000001,1.380000000000001,1.9499999999999986,1.8500000000000028,1.6499999999999935,1.7450000000000017,2.0050000000000017,1.9850000000000032,2.3439999999999985,2.100000000000001
2020-06-24,-0.8500000000000001,-0.5400000000000023,-0.8500000000000001,-0.9000000000000024,-1.1449999999999958,-1.1500000000000008,-1.600000000000004,-1.5450000000000055,-1.9350000000000032,-1.600000000000002
2020-06-25,0.28000000000000247,-0.5499999999999993,-0.449999999999999,-0.5499999999999993,-0.40499999999999736,-0.6499999999999996,-0.5999999999999929,-0.794999999999997,-0.5549999999999999,-0.8699999999999983
2020-06-26,-1.4300000000000033,-1.1299999999999981,-1.250000000000001,-1.200000000000003,-1.250000000000001,-1.395000000000003,-1.5050000000000003,-1.5749999999999966,-1.8949999999999956,-2.0450000000000026
2020-06-29,-0.005000000000000664,0.46000000000000035,0.5750000000000026,0.7100000000000032,0.7349999999999934,0.6750000000000028,0.6749999999999942,0.6799999999999948,0.7249999999999965,0.7950000000000015
2020-06-30,-1.1949999999999938,-0.800000000000002,-0.5750000000000026,-0.42500000000000004,-0.13499999999999623,0.11999999999999858,0.27500000000000613,0.5600000000000006,0.5849999999999996,0.5200000000000018
2020-07-01,0.6499999999999996,0.9200000000000007,1.3999999999999992,1.8650000000000004,2.3499999999999996,2.6000000000000023,2.9549999999999974,3.1000000000000036,3.4000000000000026,3.889999999999998
2020-07-02,-0.5800000000000033,-0.7000000000000018,-1.0999999999999985,-1.5750000000000053,-2.099999999999997,-2.32,-2.4050000000000025,-2.6150000000000047,-2.609999999999997,-2.7499999999999987
2020-07-03,-0.5699999999999976,-0.3600000000000001,-0.1749999999999972,0.030000000000003982,0.29499999999999577,0.27000000000000113,0.3150000000000028,0.480000000000003,0.4549999999999997,0.4699999999999973
2020-07-06,0.47999999999999865,0.5350000000000016,0.2349999999999965,0.1450000000000019,-0.09499999999999525,-0.15000000000000258,-0.15999999999999956,-0.1800000000000022,-0.2249999999999995,-0.14999999999999822
2020-07-07,0.04999999999999796,0.4149999999999987,0.7150000000000039,0.7499999999999998,0.7749999999999945,0.8249999999999967,0.4499999999999947,0.400000000000001,0.2699999999999968,0.1899999999999992
2020-07-08,-0.22999999999999582,0.1100000000000016,0.1749999999999972,0.14999999999999822,0.12499999999999925,-0.07499999999999694,-0.2000000000000005,-0.449999999999999,-0.499999999999997,-0.7499999999999998
2020-07-09,-0.3600000000000001,-0.42500000000000004,-0.7000000000000018,-0.9850000000000007,-1.399999999999995,-1.5999999999999999,-1.6699999999999962,-1.8500000000000028,-2.0000000000000053,-1.9150000000000005
2020-07-10,-0.38999999999999974,-0.5750000000000026,-0.6499999999999996,-0.7650000000000018,-0.6499999999999996,-0.5000000000000013,-0.3799999999999984,-0.2000000000000005,-0.41999999999999504,-0.2849999999999988
2020-07-13,0.8500000000000001,1.630000000000004,2.074999999999998,2.5500000000000047,2.9999999999999947,3.3000000000000043,3.499999999999996,3.650000000000003,3.9199999999999977,3.4000000000000004
2020-07-14,0.22499999999999518,-0.05500000000000296,-0.34999999999999876,-0.7499999999999998,-1.3999999999999992,-1.7000000000000002,-2.125,-2.4499999999999997,-2.679999999999998,-2.6000000000000005
2020-07-15,-0.5249999999999959,-0.7749999999999988,-0.9299999999999977,-0.9500000000000003,-0.5999999999999972,-0.905000000000003,-0.574999999999994,-0.6749999999999985,-0.480000000000003,-0.5000000000000013
2020-07-16,-1.4999999999999996,-1.1500000000000052,-1.1700000000000035,-1.250000000000001,-1.6500000000000021,-1.324999999999998,-1.4150000000000014,-1.1750000000000043,-1.1999999999999988,-1.0999999999999985
2020-07-17,0.30000000000000077,0.25000000000000283,0.42500000000000004,0.899999999999998,1.3849999999999973,1.429999999999999,1.315000000000001,1.4200000000000064,1.6100000000000012,1.8000000000000005
2020-07-20,0.0,-0.1749999999999972,-0.3500000000000031,-0.899999999999998,-1.334999999999995,-1.5999999999999999,-1.6100000000000012,-1.6950000000000038,-1.8000000000000005,-1.8500000000000028
2020-07-21,-0.6149999999999992,-0.6849999999999998,-0.899999999999998,-0.9000000000000024,-0.8500000000000001,-0.7650000000000018,-0.7400000000000028,-0.7749999999999988,-0.5499999999999993,-0.8499999999999958
2020-07-22,-0.3850000000000034,-0.6299999999999969,-0.7249999999999965,-0.9500000000000046,-1.315000000000001,-1.5299999999999991,-1.6399999999999966,-1.8000000000000005,-2.0900000000000043,-1.9050000000000014
2020-07-23,-0.8249999999999967,-0.3099999999999978,0.17500000000000154,0.3500000000000031,0.6649999999999971,0.7950000000000015,0.794999999999997,0.8649999999999978,0.8400000000000031,1.004999999999999
2020-07-24,0.499999999999997,1.1999999999999944,1.399999999999995,1.8000000000000005,2.0000000000000053,2.125,2.1950000000000007,2.134999999999997,2.099999999999997,2.2999999999999994
2020-07-27,-0.42500000000000004,-0.7000000000000062,-0.974999999999995,-1.3500000000000014,-1.7000000000000044,-2.025,-2.3000000000000016,-2.4499999999999957,-2.5500000000000003,-2.9000000000000012
2020-07-28,-0.6000000000000059,-0.974999999999995,-1.0500000000000005,-1.2499999999999925,-1.3500000000000014,-1.3999999999999992,-1.4999999999999996,-1.5999999999999999,-1.4999999999999996,-1.8999999999999964
2020-07-29,-0.5499999999999949,0.08499999999999827,0.474999999999998,0.924999999999997,1.3000000000000034,1.5749999999999966,1.8000000000000005,1.7500000000000024,1.7000000000000002,2.0149999999999983
2020-07-30,-1.449999999999993,-1.9000000000000006,-2.2750000000000026,-2.5749999999999993,-2.899999999999999,-3.024999999999998,-3.249999999999998,-3.129999999999999,-3.299999999999996,-3.615000000000003
2020-07-31,-0.3500000000000031,0.0,0.400000000000001,0.6749999999999985,0.899999999999998,1.1240000000000034,1.6799999999999975,1.8299999999999956,1.9999999999999967,2.6000000000000023
2020-08-03,-0.5000000000000057,0.14000000000000123,0.3200000000000078,0.17500000000000154,0.2000000000000005,0.07599999999999968,-0.3099999999999978,-0.1899999999999992,-0.30000000000000077,-0.2000000000000005
2020-08-04,-0.499999999999997,-0.7499999999999954,-1.0450000000000044,-1.4500000000000017,-1.9749999999999976,-2.2500000000000036,-2.2400000000000024,-2.5799999999999996,-2.6999999999999984,-3.1999999999999997
2020-08-05,0.499999999999997,1.1699999999999993,1.600000000000004,2.5500000000000003,3.274999999999997,3.700000000000001,3.8199999999999994,4.0200000000000005,3.870000000000002,4.199999999999998
2020-08-06,-0.1499999999999939,-0.46000000000000035,-0.5000000000000057,-1.0250000000000017,-1.2549999999999975,-1.6800000000000017,-2.0499999999999945,-1.9000000000000006,-1.5200000000000022,-1.8999999999999964
2020-08-07,0.2099999999999932,0.7900000000000008,0.8500000000000001,1.2750000000000001,1.4549999999999979,1.8300000000000043,1.9999999999999922,1.7500000000000024,1.749999999999998,1.799999999999996
2020-08-10,-0.7099999999999989,-1.1099999999999999,-1.1499999999999966,-1.7000000000000002,-2.100000000000001,-2.3000000000000016,-2.299999999999993,-2.2500000000000036,-2.3999999999999932,-2.299999999999997
2020-08-11,0.2000000000000005,0.9099999999999994,1.4999999999999996,1.9999999999999967,2.6000000000000023,3.0000000000000036,3.5199999999999947,3.6999999999999966,4.109999999999995,4.299999999999998
2020-08-12,0.2499999999999985,0.8500000000000001,0.9149999999999957,1.100000000000003,0.9350000000000027,1.0999999999999943,1.0800000000000045,1.200000000000003,1.200000000000003,1.380000000000001
2020-08-13,-0.04999999999999796,0.7500000000000041,1.4349999999999996,1.8000000000000005,2.364999999999993,2.700000000000003,3.099999999999995,3.4000000000000004,3.675,3.8199999999999994
2020-08-14,-0.1899999999999992,-0.400000000000001,-0.7499999999999998,-0.5999999999999972,-0.39999999999999236,-0.400000000000001,-0.6000000000000015,-0.5999999999999972,-0.7850000000000023,-0.6999999999999996
2020-08-17,-0.3350000000000054,-0.9000000000000067,-0.949999999999996,-1.7000000000000044,-2.300000000000006,-2.500000000000002,-2.4749999999999988,-2.6000000000000023,-2.5999999999999983,-2.8000000000000007
2020-08-18,-0.40499999999999736,-0.8250000000000011,-1.1750000000000043,-0.899999999999998,-0.7999999999999977,-0.8999999999999937,-1.0249999999999972,-1.100000000000003,-1.0999999999999985,-1.1999999999999988
2020-08-19,-0.469999999999993,-0.5500000000000036,-0.6999999999999975,-0.7999999999999934,-0.9000000000000024,-0.9000000000000024,-0.800000000000002,-0.6999999999999932,-0.7000000000000018,-0.5000000000000013
2020-08-20,-0.590000000000009,-0.9049999999999944,-0.9750000000000036,-0.8900000000000053,-0.9399999999999946,-1.100000000000003,-1.2999999999999992,-1.500000000000004,-1.7000000000000002,-1.8000000000000005
2020-08-21,-0.2649999999999961,-0.5999999999999929,-0.7499999999999954,-0.8600000000000014,-0.960000000000006,-0.8749999999999947,-0.7099999999999989,-0.6999999999999975,-0.5100000000000027,-0.474999999999998
2020-08-24,0.08499999999999827,0.1549999999999989,0.29999999999999644,0.46000000000000035,0.5500000000000036,0.6049999999999979,0.5950000000000009,0.7499999999999998,0.7099999999999989,0.7250000000000009
2020-08-25,0.6149999999999992,1.324999999999998,1.8000000000000047,2.09,2.6500000000000004,2.8699999999999948,3.414999999999998,3.749999999999999,3.600000000000001,4.25
2020-08-26,0.45000000000000767,0.5900000000000003,0.7500000000000041,0.9750000000000036,0.9999999999999983,1.3000000000000034,1.200000000000003,1.2999999999999992,1.8000000000000047,1.4999999999999973
2020-08-27,0.1549999999999989,0.10999999999999725,-0.050000000000006636,0.2499999999999985,0.6250000000000006,0.7999999999999977,1.4999999999999953,1.100000000000003,2.099999999999997,2.4
2020-08-28,-0.44500000000000267,-0.6000000000000015,-0.7750000000000031,-0.5250000000000046,-0.5250000000000002,-0.30000000000000077,-0.5000000000000013,0.10000000000000026,-0.2999999999999986,-0.30000000000000077
2020-08-31,-0.2499999999999985,0.27000000000000113,0.4250000000000087,0.1000000000000046,0.15000000000000258,0.02000000000000699,-0.2999999999999921,-0.30000000000000077,-0.6000000000000015,-0.5999999999999972
2020-09-01,-0.050000000000006636,-1.1200000000000012,-1.5200000000000022,-1.6899999999999988,-1.8500000000000028,-1.7700000000000051,-1.6150000000000062,-1.4100000000000006,-1.4350000000000018,-1.3349999999999993
2020-09-02,-1.3450000000000006,-1.8449999999999978,-2.1049999999999973,-2.409999999999999,-2.899999999999999,-3.349999999999998,-3.4849999999999985,-3.79,-3.864999999999997,-4.100000000000002
2020-09-03,-0.7599999999999968,-0.6050000000000065,-0.5250000000000046,-0.7000000000000062,-0.800000000000002,-1.100000000000003,-1.2349999999999992,-1.2999999999999992,-1.3500000000000014,-1.6649999999999998
2020-09-04,0.09000000000000327,-0.17499999999999288,-0.07000000000000062,0.3600000000000044,0.9349999999999983,1.6500000000000021,1.8350000000000006,2.100000000000001,2.2500000000000036,2.6000000000000005
2020-09-07,-0.2650000000000048,-0.2249999999999995,-0.3199999999999991,-0.2000000000000005,-0.43499999999999267,-0.400000000000001,-0.5000000000000013,-0.5500000000000036,-0.5800000000000033,-0.4500000000000012
2020-09-08,-0.2199999999999945,-0.4200000000000037,-0.6099999999999942,-1.2600000000000025,-1.4000000000000037,-2.1000000000000054,-1.9999999999999967,-2.2499999999999996,-2.32,-2.5500000000000003
2020-09-09,0.2199999999999945,0.9200000000000007,1.2499999999999925,1.749999999999998,2.0999999999999925,2.650000000000005,2.699999999999994,2.9999999999999947,3.1999999999999997,3.4000000000000026
2020-09-10,0.7250000000000052,1.0999999999999985,1.0500000000000005,1.7000000000000088,1.500000000000004,1.600000000000004,1.5500000000000018,1.500000000000004,1.3999999999999992,1.3000000000000012
2020-09-11,-0.45000000000000767,-1.2999999999999992,-1.3500000000000056,-2.500000000000002,-2.7999999999999945,-3.200000000000004,-3.4499999999999984,-3.5499999999999985,-3.700000000000001,-3.800000000000001
2020-09-14,-0.5899999999999915,-0.5750000000000026,-0.499999999999997,-0.15000000000000258,0.27499999999999747,0.2499999999999985,0.19999999999999618,0.04999999999999796,0.07500000000000562,0.2000000000000005
2020-09-15,0.0,0.15000000000000258,0.2499999999999985,0.29999999999999644,0.12500000000000358,-0.04999999999999796,0.0500000000000023,-0.10000000000000026,-0.17500000000000587,-0.30000000000000077
2020-09-16,-0.6000000000000015,-0.474999999999998,-0.2499999999999985,-0.1499999999999939,0.2000000000000005,0.10000000000000026,-0.19999999999999618,-0.19999999999999618,-0.34999999999999876,-0.449999999999999
2020-09-17,-0.2549999999999948,-0.6499999999999996,-1.0499999999999918,-1.250000000000001,-1.600000000000004,-1.200000000000003,-1.3500000000000014,-1.3000000000000034,-1.250000000000001,-1.330000000000003
2020-09-18,-0.405000000000006,-0.2499999999999985,0.0,0.2499999999999985,0.5249999999999959,0.30000000000000077,0.7000000000000018,0.800000000000002,1.0000000000000027,0.930000000000002
2020-09-21,-0.800000000000002,-1.4250000000000027,-1.625000000000003,-1.5499999999999976,-1.6249999999999944,-1.5999999999999999,-1.7000000000000044,-2.1500000000000035,-1.8999999999999964,-1.8499999999999983
2020-09-22,0.2050000000000055,0.6499999999999996,0.8250000000000011,0.5999999999999929,0.449999999999999,0.6000000000000015,0.7000000000000018,1.1500000000000008,0.7999999999999934,0.9999999999999983
2020-09-23,0.5949999999999965,0.5250000000000046,0.474999999999998,0.6000000000000015,0.449999999999999,0.6999999999999975,0.800000000000002,0.800000000000002,0.9000000000000024,0.7999999999999977
2020-09-24,-0.04999999999999796,0.3499999999999944,0.7149999999999952,0.7050000000000025,0.8250000000000011,0.5000000000000013,0.2000000000000005,0.2000000000000005,0.12500000000000358,-0.2000000000000005
2020-09-25,0.24500000000000216,-0.2499999999999985,-0.48499999999999066,-0.7300000000000015,-0.9500000000000046,-1.100000000000003,-1.200000000000003,-1.500000000000004,-1.6700000000000004,-1.4999999999999953
2020-09-28,-0.28500000000000747,-0.039999999999996635,-0.18000000000000654,0.02499999999999898,0.27000000000000113,0.30000000000000515,0.3549999999999994,0.4250000000000044,0.444999999999994,0.499999999999997
2020-09-29,-0.2599999999999911,-0.3549999999999994,-0.43499999999999267,-0.6000000000000015,-0.8449999999999951,-0.800000000000002,-1.035000000000003,-1.0250000000000017,-1.1499999999999966,-1.2999999999999992
2020-09-30,-0.050000000000006636,0.49500000000000066,0.6099999999999942,0.800000000000002,1.0549999999999968,0.899999999999998,1.2800000000000051,1.3720000000000008,1.5499999999999976,1.7000000000000002
2020-10-01,-0.1499999999999939,-0.400000000000001,-0.474999999999998,-0.5500000000000036,-0.8549999999999964,-0.499999999999997,-0.5000000000000013,-0.37200000000000255,-0.2499999999999985,-0.2000000000000005
2020-10-02,-0.0050000000000050004,-0.449999999999999,-0.5500000000000036,-0.6499999999999996,-0.2000000000000005,-0.5000000000000057,-0.400000000000001,-0.449999999999999,-0.3449999999999981,-0.499999999999997
2020-10-05,-0.6800000000000035,-0.07500000000000562,0.3250000000000041,0.6750000000000071,0.949999999999996,1.1000000000000072,1.250000000000001,1.374999999999996,1.2949999999999984,1.4999999999999953
2020-10-06,0.3350000000000054,-0.02499999999999898,0.02499999999999898,0.1249999999999949,0.1000000000000046,0.29999999999999644,0.25000000000000283,0.27500000000000613,0.2000000000000005,0.30000000000000077
2020-10-07,-0.7900000000000008,-0.29999999999999644,-0.2249999999999995,-0.2499999999999985,-0.15000000000000258,0.10000000000000026,0.30000000000000077,0.400000000000001,0.5999999999999972,0.7000000000000018
2020-10-08,-0.21000000000000185,-0.6000000000000015,-0.800000000000002,-0.8499999999999914,-1.0000000000000027,-1.100000000000003,-1.200000000000003,-1.200000000000003,-1.2249999999999979,-1.2750000000000001
2020-10-09,0.1549999999999989,-0.1000000000000046,-0.2900000000000038,-0.3250000000000041,-0.499999999999997,-0.3499999999999944,-0.2000000000000005,0.0,0.17000000000000087,0.1749999999999972
2020-10-12,-0.004999999999996327,-0.09999999999999593,-0.10999999999999725,-0.30000000000000515,-0.3249999999999954,-0.6499999999999996,-0.800000000000002,-1.0000000000000027,-1.1950000000000025,-1.1999999999999988
2020-10-13,-0.04999999999999796,-0.37500000000000205,-0.6999999999999975,-0.8500000000000001,-1.0750000000000082,-1.0999999999999985,-1.3999999999999992,-1.4999999999999996,-1.6750000000000012,-1.8000000000000005
2020-10-14,-0.8100000000000034,-0.6499999999999996,-0.6750000000000071,-0.924999999999997,-1.1499999999999966,-1.3100000000000005,-1.3999999999999992,-1.649999999999998,-1.7249999999999992,-1.8000000000000005
2020-10-15,-0.2900000000000038,-0.42500000000000004,-0.6649999999999885,-0.6499999999999908,-0.899999999999998,-1.2900000000000065,-1.4999999999999996,-1.7000000000000002,-1.9499999999999986,-2.099999999999997
2020-10-16,-0.29999999999999644,-0.6499999999999996,-0.6600000000000096,-0.6250000000000092,-0.6750000000000071,-0.5999999999999929,-0.6000000000000015,-0.8500000000000001,-0.7099999999999989,-0.9000000000000024
2020-10-19,-0.059999999999990616,-0.28000000000000247,-0.3499999999999944,-0.6000000000000015,-0.574999999999994,-0.5000000000000057,-0.474999999999998,-0.10000000000000026,-0.09000000000000327,0.2000000000000005
2020-10-20,0.4099999999999937,0.7049999999999939,1.2399999999999998,1.954999999999995,2.5600000000000014,2.6000000000000068,2.7749999999999995,2.950000000000001,3.2950000000000035,3.3
2020-10-21,0.1950000000000042,0.3550000000000081,0.10999999999999725,0.12000000000000725,0.0899999999999946,0.499999999999997,0.899999999999998,0.8500000000000044,0.7049999999999982,0.7999999999999977
2020-10-22,-0.04500000000001031,0.0949999999999996,0.3500000000000031,0.449999999999999,0.7750000000000031,0.9500000000000046,0.9000000000000024,1.0999999999999943,1.3000000000000034,1.500000000000004
2020-10-23,0.21000000000000185,0.3249999999999954,0.3499999999999944,0.2000000000000005,-0.12500000000000358,-0.25000000000000716,-0.25000000000000283,-0.2000000000000005,-0.30000000000000077,-0.400000000000001
2020-10-26,0.04000000000000531,0.050000000000006636,0.0,-0.02499999999999898,0.1000000000000046,0.02499999999999898,0.0,0.0,-0.17500000000000154,-0.17500000000000154
2020-10-27,-1.0450000000000044,-1.4500000000000017,-1.9000000000000006,-2.125,-2.3000000000000016,-2.5250000000000012,-2.749999999999992,-3.0999999999999996,-3.0250000000000026,-3.0250000000000026
2020-10-28,-0.05499999999999429,-0.1000000000000046,0.050000000000006636,-0.02499999999999898,-0.09999999999999593,0.0,0.10499999999999225,0.15000000000000258,0.10500000000000093,-0.0799999999999976
2020-10-29,-0.9500000000000046,-0.7249999999999965,-0.7500000000000041,-0.5750000000000026,-0.44500000000000267,-0.400000000000001,-0.004999999999996327,-0.0500000000000023,0.470000000000006,0.6799999999999992
2020-10-30,-0.6800000000000035,-0.6250000000000006,-0.5000000000000057,-0.5650000000000013,-0.5549999999999999,-0.29999999999999644,-0.400000000000001,0.10000000000000026,-0.6250000000000049,-0.6000000000000015
2020-11-02,0.5400000000000023,0.2249999999999995,0.15000000000001124,-0.010000000000001327,0.29999999999999644,0.29999999999999644,0.30000000000000515,0.3500000000000031,0.800000000000002,0.9000000000000024
2020-11-03,0.14000000000000123,0.4350000000000014,0.7499999999999954,1.1550000000000016,1.140000000000004,1.3000000000000078,1.2999999999999905,1.3500000000000014,1.4499999999999973,1.4999999999999996
2020-11-04,-0.30000000000000515,-0.23999999999999716,-0.3499999999999944,-0.6800000000000035,-0.9900000000000013,-1.200000000000003,-1.2999999999999905,-1.500000000000004,-1.5999999999999999,-1.5999999999999999
2020-11-05,0.30000000000000515,-0.020000000000002655,-0.2000000000000005,-0.1849999999999942,-0.04999999999999796,-0.29999999999999644,-0.400000000000001,-0.5000000000000013,-0.6000000000000015,-0.7000000000000018
2020-11-06,-0.1000000000000046,-0.06500000000000429,-0.15000000000001124,0.08499999999999827,0.0,0.19999999999999185,0.499999999999997,0.9000000000000024,0.9000000000000024,1.500000000000004
2020-11-09,1.2999999999999992,2.5149999999999997,3.3000000000000043,4.200000000000002,5.199999999999997,5.900000000000002,6.399999999999995,6.7,7.200000000000002,6.999999999999999
2020-11-10,0.5250000000000046,0.9500000000000133,1.4999999999999996,1.449999999999993,1.4750000000000005,1.5500000000000018,1.500000000000004,1.4999999999999953,1.5499999999999976,1.600000000000002
2020-11-11,-0.05499999999999429,0.01999999999999398,-0.3249999999999954,-0.6499999999999996,-1.0000000000000027,-1.1500000000000008,-1.1200000000000012,-1.2999999999999947,-1.2499999999999967,-1.240000000000002
2020-11-12,-0.09000000000000327,-0.5700000000000063,-0.7349999999999978,-1.189999999999993,-1.535,-1.5499999999999976,-1.879999999999998,-2.0900000000000043,-2.32,-2.509999999999997
2020-11-13,-0.2550000000000035,-0.5849999999999953,-0.7650000000000018,-0.6100000000000029,-0.48999999999999566,-0.800000000000002,-0.8500000000000001,-0.7099999999999989,-0.880000000000004,-0.8500000000000044
2020-11-16,-0.07499999999999694,0.08499999999999827,0.27500000000000613,0.37500000000000205,0.5499999999999949,0.3500000000000031,0.2499999999999985,0.15000000000000258,0.14999999999999822,0.0
2020-11-17,-0.17500000000000154,-0.2000000000000005,-0.45000000000000767,-0.5750000000000026,-0.899999999999998,-0.6499999999999996,-0.899999999999998,-1.0500000000000005,-1.0199999999999967,-1.0999999999999985
2020-11-18,-0.4900000000000043,-0.2000000000000005,0.09999999999999593,0.3600000000000044,0.6000000000000015,0.449999999999999,0.6499999999999996,0.6999999999999975,0.8699999999999983,0.7999999999999977
2020-11-19,-0.05999999999999929,-0.44999999999999035,-0.800000000000002,-0.955000000000001,-1.134999999999999,-1.200000000000003,-1.3800000000000054,-1.4500000000000017,-1.749999999999998,-1.7249999999999948
2020-11-20,-0.07499999999999694,-0.15000000000001124,-0.29999999999999644,-0.6049999999999979,-0.8650000000000064,-1.0999999999999985,-1.1699999999999948,-1.3499999999999928,-1.349999999999997,-1.3750000000000047
2020-11-23,0.3799999999999984,0.5000000000000057,0.6999999999999975,0.7999999999999934,0.8900000000000053,0.7249999999999965,0.8500000000000001,0.8999999999999937,0.8649999999999978,0.8500000000000044
2020-11-24,0.14000000000000123,0.5549999999999999,0.7250000000000052,0.9000000000000067,1.0099999999999953,1.3250000000000068,1.2999999999999992,1.2999999999999992,1.4349999999999954,1.349999999999997
2020-11-25,0.1000000000000046,-0.004999999999996327,-0.07499999999999694,-0.2000000000000005,-0.499999999999997,-0.5500000000000036,-0.5499999999999993,-0.499999999999997,-0.5999999999999929,-0.499999999999997
2020-11-26,-0.07000000000000929,-0.25000000000000716,-0.42000000000001236,-0.6000000000000015,-0.6450000000000032,-0.7499999999999954,-1.0000000000000027,-1.1999999999999988,-1.3450000000000006,-1.500000000000004
2020-11-27,-0.014999999999997654,0.09999999999999593,0.03500000000000898,-0.04999999999999796,-0.10500000000000093,-0.30000000000000515,-0.5000000000000013,-0.3999999999999967,-0.4050000000000017,-0.400000000000001
2020-11-30,-0.08499999999999827,-0.054999999999985616,0.13499999999999623,0.1499999999999939,0.25000000000000716,0.3500000000000031,0.7000000000000018,0.6499999999999952,0.6499999999999996,0.7000000000000018
2020-12-01,0.27500000000000613,0.45499999999998664,0.7000000000000062,1.2750000000000001,1.5649999999999953,1.899999999999992,1.9000000000000006,2.149999999999999,2.299999999999997,2.425000000000001
2020-12-02,-0.1000000000000046,-0.01999999999999398,0.0,-0.17499999999999288,-0.11499999999999358,-0.17499999999999288,0.10000000000000026,0.0500000000000023,0.10000000000000026,0.07500000000000129
2020-12-03,-0.400000000000001,-0.8299999999999974,-0.9900000000000013,-1.1000000000000072,-1.3500000000000056,-1.225000000000002,-1.3999999999999992,-1.3500000000000014,-1.4999999999999953,-1.3999999999999992
2020-12-04,-0.5249999999999959,-0.8500000000000087,-0.869999999999994,-0.6000000000000015,0.04000000000000531,-0.09999999999999593,0.2000000000000005,0.2000000000000005,0.48999999999999566,0.5000000000000013
2020-12-07,-0.5250000000000046,-0.800000000000002,-1.040000000000008,-1.2999999999999992,-1.7399999999999967,-1.7000000000000002,-1.900000000000005,-1.9999999999999967,-2.289999999999996,-2.200000000000006
2020-12-08,-0.39999999999999236,-0.4249999999999914,-0.43999999999999767,-0.6749999999999985,-1.0500000000000005,-1.1500000000000052,-1.2999999999999905,-1.3500000000000014,-1.3000000000000034,-1.5999999999999999
2020-12-09,-0.5250000000000133,-0.3250000000000041,-0.30000000000000515,-0.30000000000000515,-0.25000000000000716,-0.2499999999999985,-0.2000000000000005,-0.15000000000000258,-0.2000000000000005,-0.04999999999999796
2020-12-10,0.2250000000000082,0.15000000000000258,0.14000000000000123,0.2250000000000082,0.30000000000000515,0.2000000000000005,-0.12500000000000358,-0.2000000000000005,-0.3099999999999978,-0.400000000000001
2020-12-11,-0.1849999999999942,-0.43000000000000504,-0.7249999999999965,-1.1750000000000043,-1.600000000000004,-1.8500000000000028,-2.0250000000000044,-2.3499999999999996,-2.5899999999999967,-2.8499999999999965
2020-12-14,-0.015000000000006328,0.2300000000000045,0.25000000000000716,0.24500000000000216,0.474999999999998,0.449999999999999,0.6499999999999996,0.800000000000002,0.949999999999996,0.9500000000000003
2020-12-15,0.27499999999999747,0.3500000000000031,0.44999999999999035,0.579999999999999,0.42500000000000004,0.5000000000000057,0.6000000000000015,0.34999999999999876,0.34999999999999876,0.449999999999999
2020-12-16,0.6099999999999942,1.5200000000000022,1.9149999999999983,2.200000000000006,2.3999999999999977,2.750000000000001,2.500000000000002,2.750000000000001,2.9950000000000028,2.7999999999999985
2020-12-17,0.5650000000000099,0.17999999999999788,0.21000000000000185,0.029999999999995308,0.1000000000000046,-0.3500000000000031,-0.2000000000000005,-0.2499999999999985,-0.3950000000000004,-0.2000000000000005
2020-12-18,0.09999999999999593,0.36999999999999705,0.6000000000000015,0.7699999999999981,0.499999999999997,0.5000000000000057,0.400000000000001,0.400000000000001,0.30000000000000077,0.30000000000000077
2020-12-21,0.1000000000000046,0.10499999999999225,-0.02499999999999898,-0.09999999999999593,0.0,0.09999999999999593,0.19999999999999618,0.18999999999999487,0.2499999999999985,0.30000000000000077
2020-12-22,0.04999999999998929,0.47500000000000664,0.5249999999999959,0.29999999999999644,0.2000000000000005,0.02499999999999898,-0.19999999999999618,-0.3399999999999974,-0.5000000000000013,-0.6250000000000006
2020-12-23,0.5000000000000057,1.0000000000000027,1.4999999999999996,1.799999999999996,1.9000000000000006,2.0750000000000024,2.199999999999997,2.3499999999999996,2.350000000000004,2.4499999999999997
2020-12-24,0.08499999999999827,0.0,0.0,0.2000000000000005,0.400000000000001,,0.30000000000000077,,0.400000000000001,0.2750000000000018
2020-12-25,0.0,0.0,0.0,0.0,0.0,,0.0,,0.0,0.0
2020-12-28,-0.039999999999996635,-0.1000000000000046,-0.29999999999999644,-0.7999999999999934,-1.2999999999999992,,-1.3599999999999983,,-1.500000000000004,-1.4500000000000017
2020-12-29,-0.8450000000000037,-1.0399999999999905,-1.2499999999999925,-1.0999999999999985,-0.899999999999998,-0.800000000000002,-0.8400000000000031,-0.9399999999999946,-0.7999999999999977,-0.8500000000000001
2020-12-30,-0.0849999999999896,-0.31000000000000644,-0.15000000000001124,-0.07500000000000562,-0.050000000000006636,-0.19999999999999185,0.0,0.0,0.0,0.14999999999999822
2020-12-31,-0.3400000000000104,0.04999999999999796,0.0,-0.02499999999999898,-0.04999999999999796,,,,,
2021-01-01,0.0,0.0,,,,,,,,
2021-01-04,-1.2249999999999934,-2.3999999999999977,-2.5999999999999983,-2.5999999999999983,-2.5999999999999983,,,,,
2021-01-05,0.400000000000001,0.449999999999999,0.34000000000000175,0.6999999999999975,0.9000000000000067,1.324999999999998,1.5999999999999954,1.8500000000000028,2.100000000000001,2.299999999999997
2021-01-06,0.024999999999990308,0.6499999999999996,0.9599999999999973,1.0000000000000027,1.2999999999999905,1.3750000000000047,1.5999999999999999,1.6999999999999957,1.8000000000000005,1.9000000000000006
2021-01-07,0.5250000000000133,0.45000000000000767,0.499999999999997,0.499999999999997,0.7500000000000041,0.949999999999996,1.1450000000000002,1.3000000000000034,1.4000000000000037,1.5999999999999999
2021-01-08,0.09999999999998725,0.44999999999999035,0.400000000000001,0.45000000000000767,0.3500000000000031,0.2499999999999985,0.2550000000000035,0.34999999999999876,0.39999999999999236,0.2000000000000005
2021-01-11,0.400000000000001,0.37000000000000577,0.6500000000000082,1.024999999999993,1.374999999999996,1.7000000000000002,1.8749999999999973,2.0500000000000034,2.1250000000000044,2.2250000000000005
2021-01-12,0.09999999999999593,0.8299999999999974,1.374999999999996,1.6750000000000012,2.0250000000000044,2.3000000000000016,2.3650000000000015,2.549999999999996,2.499999999999998,2.704999999999999
2021-01-13,-0.2000000000000005,-0.9750000000000036,-1.5249999999999986,-2.249999999999995,-2.8249999999999975,-3.4000000000000004,-3.79,-4.3500000000000005,-4.525000000000002,-4.905
2021-01-14,-0.7499999999999868,-0.894999999999993,-1.1750000000000043,-1.3000000000000078,-1.4750000000000092,-1.4000000000000037,-1.3750000000000004,-1.1999999999999988,-1.2749999999999957,-1.2249999999999979
2021-01-15,-0.15000000000000258,-0.28000000000000247,-0.13499999999999623,0.2000000000000005,0.3500000000000031,0.5000000000000057,0.6000000000000015,0.6000000000000015,0.6750000000000028,0.7550000000000004
2021-01-18,0.02499999999999898,0.2000000000000005,0.3099999999999978,0.5750000000000026,0.7499999999999954,0.800000000000002,0.7249999999999965,0.7999999999999977,0.949999999999996,1.0150000000000003
2021-01-19,0.449999999999999,0.6250000000000006,0.6999999999999975,0.5250000000000046,0.5000000000000057,0.3749999999999934,0.400000000000001,0.6000000000000015,0.499999999999997,0.4299999999999964
2021-01-20,-0.04999999999999796,0.0,-0.011999999999998123,-0.025000000000007655,-0.02499999999999898,0.1249999999999949,0.30000000000000077,0.0,0.07500000000000562,0.12500000000000358
2021-01-21,0.7000000000000062,1.029999999999998,1.4120000000000017,1.625000000000003,2.125,2.375000000000007,2.660000000000002,2.7749999999999995,3.0199999999999974,3.219999999999998
2021-01-22,0.1499999999999939,-0.10500000000000093,-0.29999999999999644,-0.6749999999999985,-1.0000000000000027,-1.1750000000000043,-1.259999999999998,-1.2750000000000001,-1.3199999999999974,-1.3999999999999992
2021-01-25,-0.36999999999999705,-1.0000000000000027,-1.4000000000000037,-1.324999999999998,-1.600000000000004,-1.749999999999998,-2.0500000000000034,-2.000000000000001,-2.2750000000000026,-2.490000000000001
2021-01-26,-0.28000000000000247,0.25000000000000716,0.6500000000000082,0.6999999999999975,1.1000000000000072,1.0500000000000005,1.5299999999999991,1.7000000000000044,1.749999999999998,2.0450000000000026
2021-01-27,-0.7400000000000028,-1.2750000000000001,-1.4500000000000104,-1.2999999999999992,-1.4500000000000017,-0.7999999999999934,-0.7799999999999995,-0.7000000000000018,-0.3749999999999977,-0.3249999999999998
2021-01-28,-0.6600000000000008,-0.47500000000000664,-0.33499999999999674,0.0949999999999996,0.4099999999999937,0.2999999999999878,0.465000000000001,0.5000000000000013,0.6749999999999985,0.8249999999999967
2021-01-29,0.3499999999999944,0.27500000000000613,0.33499999999999674,0.5300000000000009,0.6650000000000058,0.8750000000000078,0.9350000000000027,1.1999999999999988,1.3000000000000034,1.4000000000000015
2021-02-01,0.3250000000000128,0.3500000000000031,0.5500000000000036,0.400000000000001,0.4149999999999987,0.3249999999999954,0.2999999999999921,0.30000000000000077,0.1749999999999972,0.10000000000000026
2021-02-02,0.3449999999999981,0.5099999999999983,0.6000000000000015,0.924999999999997,1.0200000000000053,1.4000000000000037,1.4500000000000017,1.5999999999999954,1.7249999999999992,1.8999999999999986
2021-02-03,0.5299999999999923,0.7149999999999952,0.999999999999994,1.1499999999999966,1.7399999999999967,1.8000000000000005,2.1500000000000035,2.2000000000000015,2.400000000000002,2.400000000000002
2021-02-04,-0.07499999999999694,0.04999999999999796,0.15000000000000258,0.30000000000000515,0.30000000000000515,0.400000000000001,0.6499999999999996,0.7000000000000018,0.6999999999999996,0.9999999999999983
2021-02-05,0.6049999999999979,0.6999999999999975,0.9819999999999968,0.899999999999998,1.0999999999999899,1.2999999999999992,1.250000000000001,1.4999999999999996,1.7000000000000024,1.7000000000000002
2021-02-08,0.24500000000000216,0.25000000000000716,0.01800000000000586,0.12500000000000358,-0.09999999999999593,0.04999999999999796,0.00999999999999699,-0.0500000000000023,0.0,-0.09999999999999809
2021-02-09,-0.46000000000000035,-0.5500000000000036,-0.6000000000000015,-0.5250000000000046,-0.400000000000001,-0.4499999999999947,-0.3099999999999978,-0.3499999999999944,-0.25000000000000067,-0.2000000000000005
2021-02-10,0.10999999999999725,0.09999999999999593,0.09999999999999593,0.0,-0.04999999999999796,0.10000000000000026,0.30000000000000077,0.5499999999999949,0.5999999999999972,0.7999999999999977
2021-02-11,-0.029999999999995308,-0.1499999999999939,-0.39999999999999236,-0.499999999999997,-0.6499999999999996,-1.0000000000000027,-1.3000000000000034,-1.349999999999997,-1.649999999999998,-1.7000000000000002
2021-02-12,0.04000000000000531,0.5499999999999949,0.974999999999995,1.1999999999999944,1.4999999999999996,2.0499999999999945,2.499999999999998,2.899999999999999,3.3,3.5000000000000018
2021-02-15,0.36499999999999205,0.3150000000000028,0.6250000000000006,1.600000000000004,2.3400000000000025,2.650000000000005,2.9350000000000036,3.1999999999999997,3.5749999999999997,3.799999999999999
2021-02-16,0.3500000000000031,0.7850000000000045,1.0749999999999995,1.2750000000000001,1.8849999999999942,2.4249999999999967,2.915000000000001,3.1999999999999997,3.6249999999999996,3.8750000000000004
2021-02-17,-0.12500000000000358,-0.4299999999999964,-0.6499999999999996,-1.0500000000000005,-1.4999999999999996,-1.5999999999999999,-1.7000000000000002,-1.7250000000000012,-1.9000000000000006,-1.9749999999999999
2021-02-18,0.27499999999999747,0.5849999999999953,0.874999999999999,1.225000000000002,1.7750000000000057,1.8250000000000037,1.9449999999999978,1.7750000000000015,1.9499999999999997,2.05
2021-02-19,0.3850000000000034,0.44500000000000267,0.899999999999998,1.5499999999999976,1.9499999999999942,2.7499999999999964,3.005,3.849999999999999,3.650000000000001,3.8499999999999996
2021-02-22,0.06500000000000429,-0.1000000000000046,-0.6649999999999971,-0.999999999999994,-1.7249999999999992,-2.2000000000000015,-2.499999999999998,-3.0999999999999974,-2.965,-3.1999999999999997
2021-02-23,0.0849999999999896,0.04999999999999796,0.43999999999999767,0.5999999999999929,1.0749999999999995,1.100000000000003,1.1150000000000004,1.324999999999998,1.265,1.2249999999999999
2021-02-24,-0.1849999999999855,-0.04999999999999796,-0.12500000000000358,0.27500000000000613,0.30000000000000077,0.30000000000000077,0.2849999999999988,0.27499999999999963,0.025000000000000064,0.275
2021-02-25,1.5499999999999976,3.705000000000002,5.9250000000000105,6.824999999999995,7.599999999999998,8.049999999999999,8.749999999999998,8.9,9.124999999999998,9.25
2021-02-26,0.09999999999999593,-0.3300000000000004,-1.8000000000000047,-3.1250000000000027,-4.074999999999998,-4.6750000000000025,-5.325,-5.725,-5.874999999999999,-6.450000000000001
2021-03-01,-0.6800000000000035,-2.200000000000006,-3.274999999999997,-4.174999999999999,-4.824999999999994,-5.224999999999995,-5.625000000000001,-5.874999999999999,-5.975,-6.1000000000000005
2021-03-02,-0.8549999999999964,-0.8749999999999903,-1.0749999999999995,-1.1999999999999944,-1.3000000000000034,-1.3250000000000024,-1.3999999999999992,-1.3250000000000024,-1.3999999999999992,-1.2999999999999996
2021-03-03,0.13499999999999623,0.7799999999999908,1.5499999999999976,2.549999999999996,3.299999999999996,3.9749999999999983,4.8,5.225000000000001,5.779999999999999,6.2
2021-03-04,0.1000000000000046,0.3200000000000078,0.1249999999999949,0.04999999999999796,0.400000000000001,-0.499999999999997,0.3350000000000011,0.39999999999999886,0.3699999999999998,0.34000000000000014
2021-03-05,-0.014999999999997654,-0.2000000000000005,0.0,-0.19999999999999618,-0.7999999999999977,0.19999999999999618,-0.735,-0.6999999999999996,-0.6500000000000001,-0.6400000000000003
2021-03-08,0.36500000000000077,0.8249999999999924,1.255000000000006,2.044999999999998,2.5749999999999993,2.6250000000000013,2.7249999999999996,2.8000000000000007,2.8249999999999997,2.825
2021-03-09,-0.1350000000000049,-0.17499999999999288,-0.3300000000000004,-0.7449999999999991,-0.874999999999999,-1.1249999999999976,-1.355000000000002,-1.4999999999999996,-1.9100000000000001,-1.9250000000000003
2021-03-10,-0.2000000000000005,-0.449999999999999,-0.8250000000000011,-0.9000000000000024,-1.100000000000003,-1.4000000000000037,-1.4699999999999978,-1.3999999999999992,-1.6150000000000002,-1.945
2021-03-11,-0.1899999999999992,-0.6000000000000015,-0.6499999999999996,-0.8149999999999954,-1.014999999999996,-0.6999999999999975,-0.6999999999999996,-0.9000000000000024,-0.5499999999999993,-0.45500000000000007
2021-03-12,0.2000000000000005,0.474999999999998,0.949999999999996,0.9900000000000013,1.414999999999997,1.7000000000000002,2.2000000000000015,2.500000000000002,2.7499999999999996,3.2
2021-03-15,-0.2599999999999998,-0.874999999999999,-1.5999999999999954,-1.5500000000000063,-1.9000000000000006,-1.9000000000000006,-2.0750000000000024,-2.000000000000001,-2.025,-2.2750000000000004
2021-03-16,-0.480000000000003,-0.5549999999999999,-0.5000000000000057,-0.6299999999999969,-0.6999999999999932,-0.7499999999999998,-0.6949999999999968,-0.7999999999999999,-0.8500000000000001,-0.725
2021-03-17,0.3449999999999981,0.36500000000000077,0.7750000000000031,1.4549999999999979,2.0999999999999925,2.6000000000000023,3.2199999999999958,3.675,4.3,4.475
2021-03-18,-0.07999999999999327,0.29500000000000015,0.6000000000000015,0.8250000000000011,1.4249999999999983,1.6749999999999967,1.8250000000000015,2.025,2.175,2.599999999999999
2021-03-19,-0.3500000000000031,-0.880000000000004,-0.9750000000000036,-1.349999999999997,-1.5849999999999935,-1.624999999999999,-1.6500000000000021,-1.4999999999999996,-1.425,-1.4499999999999995
2021-03-22,-0.29999999999999644,-0.3449999999999981,-0.499999999999997,-0.5000000000000057,-0.7400000000000028,-0.9000000000000024,-0.899999999999998,-1.0000000000000004,-1.175,-1.2499999999999996
2021-03-23,0.0,0.045000000000001636,-0.30000000000000515,-0.7249999999999965,-1.0999999999999985,-1.3999999999999992,-1.9249999999999996,-2.1999999999999993,-2.3000000000000003,-2.3750000000000004
2021-03-24,-0.12500000000000358,-0.42500000000000004,-0.7999999999999934,-1.0999999999999985,-1.225000000000002,-1.2249999999999979,-1.2999999999999992,-1.3000000000000012,-1.3999999999999992,-1.5000000000000002
2021-03-25,0.05499999999999429,0.02499999999999898,-0.27500000000000613,-0.6250000000000006,-0.9500000000000003,-1.2750000000000001,-1.4750000000000005,-1.7000000000000002,-1.7000000000000002,-1.8
2021-03-26,-0.1799999999999892,-0.2000000000000005,0.3250000000000041,1.0500000000000005,1.5999999999999999,1.799999999999996,2.2749999999999986,2.8000000000000007,2.8,3.2
2021-03-29,0.13499999999999623,0.29999999999999644,0.6499999999999996,0.9750000000000036,1.2850000000000057,1.6500000000000021,2.000000000000001,1.8000000000000005,2.0999999999999996,2.0999999999999996
2021-03-30,-0.03500000000000031,0.6049999999999979,1.200000000000003,1.3649999999999947,1.589999999999994,1.8500000000000028,1.8199999999999987,2.099999999999999,2.0000000000000004,1.9999999999999998
2021-03-31,0.6250000000000006,0.44500000000000267,0.4200000000000037,0.5650000000000013,0.7750000000000031,0.7250000000000009,0.6550000000000002,0.39999999999999997,0.5000000000000001,0.400000000000001
2021-04-01,-0.4900000000000043,-0.7999999999999934,-1.3700000000000083,-1.755000000000003,-2.1750000000000025,-2.425000000000001,-2.7749999999999995,-2.6999999999999993,-2.9999999999999996,-3.275000000000001
2021-04-02,0.015000000000006328,-0.07500000000000562,-0.04999999999999796,-0.17499999999999288,0.0,-0.07500000000000129,0.02500000000000115,,0.0,0.07500000000000019
2021-04-06,-0.1950000000000042,-0.09999999999999593,0.0,0.2199999999999945,0.025000000000003318,-0.02499999999999898,-0.12500000000000142,,-0.2000000000000005,-0.10000000000000026
2021-04-07,-0.16999999999999654,-0.3499999999999944,-0.499999999999997,-0.7200000000000002,-0.7350000000000021,-1.0000000000000027,-0.8649999999999978,-0.9749999999999993,-0.7999999999999994,-0.8999999999999997
2021-04-08,-0.2200000000000032,-0.35000000000001175,-0.499999999999997,-0.6000000000000015,-1.0899999999999972,-0.7499999999999998,-0.8350000000000024,-0.9000000000000024,-1.1199999999999997,-0.9999999999999999
2021-04-09,0.004999999999996327,0.5600000000000049,1.2999999999999905,1.9249999999999996,2.659999999999993,2.750000000000001,2.725000000000002,2.9000000000000012,3.119999999999999,2.9999999999999996
2021-04-12,0.47000000000000164,0.1950000000000042,0.18000000000000654,0.15000000000000258,0.3150000000000071,0.4750000000000023,0.7499999999999977,0.9000000000000002,0.8500000000000001,1.0750000000000002
2021-04-13,-0.2849999999999988,0.04499999999999296,0.11999999999999858,0.02499999999999898,0.024999999999994645,-0.17500000000000154,-0.17499999999999938,-0.10000000000000026,-0.15000000000000013,-0.3749999999999999
2021-04-14,1.194999999999998,1.2999999999999992,1.9000000000000006,2.6249999999999973,2.800000000000003,3.1999999999999997,3.45,3.7750000000000004,4.075,4.2250000000000005
2021-04-15,-0.400000000000001,-0.6549999999999958,-1.7000000000000002,-2.5999999999999983,-3.1999999999999997,-3.5000000000000004,-3.8999999999999972,-4.450000000000001,-4.665,-4.8500000000000005
2021-04-16,0.30000000000000515,0.579999999999999,1.1399999999999952,1.500000000000004,2.0249999999999955,2.5999999999999983,2.899999999999999,3.1000000000000005,3.315,3.4499999999999997
2021-04-19,0.29999999999999644,0.874999999999999,1.3100000000000005,1.9999999999999967,2.500000000000002,2.3000000000000016,2.2349999999999994,2.1750000000000003,2.075,2.0149999999999997
2021-04-20,-0.034999999999991635,-0.29999999999999644,-0.8500000000000001,-1.2499999999999967,-1.8000000000000005,-1.8749999999999973,-2.084999999999999,-2.2,-2.5,-2.4399999999999995
2021-04-21,-0.06500000000000429,-0.1000000000000046,0.0,-0.17500000000000154,-0.3249999999999954,-0.5250000000000002,-0.3500000000000009,-0.49999999999999917,-0.3800000000000001,-0.39999999999999997
2021-04-22,-0.1950000000000042,0.12500000000000358,0.30000000000000515,0.400000000000001,0.499999999999997,0.499999999999997,0.6499999999999974,0.49999999999999917,0.28,-0.9999999999999993
2021-04-23,0.0949999999999996,0.13499999999999623,0.29999999999999644,0.29999999999999644,0.474999999999998,0.6000000000000015,0.25000000000000067,0.6000000000000005,0.8000000000000002,2.424999999999999
2021-04-26,0.11999999999999858,0.25000000000000716,0.5000000000000057,0.7000000000000018,0.5650000000000013,0.5000000000000013,0.5500000000000015,0.5999999999999994,0.49999999999999967,0.07500000000000019
2021-04-27,-0.06999999999999194,0.29999999999999644,0.37999999999998973,0.400000000000001,0.5600000000000049,0.43999999999999767,0.5999999999999994,0.49,0.6499999999999998,0.5600000000000006
2021-04-28,0.1499999999999939,0.38999999999999974,0.8400000000000074,0.9000000000000024,0.7999999999999934,1.4500000000000017,0.9000000000000002,1.0600000000000003,1.1450000000000002,1.2200000000000015
2021-04-29,0.2000000000000005,0.5699999999999976,1.1499999999999966,1.8999999999999964,2.620000000000005,2.540000000000001,3.520000000000001,3.7299999999999995,4.015,4.209999999999999
2021-04-30,-0.480000000000003,-0.7200000000000002,-0.9449999999999996,-1.200000000000003,-1.420000000000002,-1.330000000000001,-1.3200000000000007,-1.2800000000000002,-1.3099999999999994,-1.1899999999999997
2021-05-03,0.07000000000000929,-0.010000000000001327,0.05500000000000296,-0.15999999999999956,-0.0799999999999976,0.07999999999999978,-0.029999999999999645,0.15000000000000013,0.21999999999999884,0.2800000000000003
2021-05-04,-0.19000000000000788,-0.7499999999999954,-1.4199999999999977,-1.5399999999999963,-2.000000000000001,-2.37,-2.8949999999999996,-3.2199999999999998,-3.4899999999999993,-3.705000000000002
2021-05-05,0.25000000000000716,0.30000000000000515,0.38999999999999974,0.0,-0.10500000000000093,-0.20999999999999752,0.3249999999999998,0.3699999999999998,0.56,0.5250000000000002
2021-05-06,0.14000000000000123,0.0849999999999896,0.34000000000000175,0.2599999999999998,0.22499999999999518,0.1499999999999939,0.06999999999999845,-0.17500000000000046,-0.31500000000000006,-0.18000000000000005
2021-05-07,0.2000000000000005,0.7450000000000078,0.7349999999999978,1.5899999999999985,1.6700000000000004,1.6500000000000044,1.5150000000000017,1.6850000000000003,1.6350000000000002,1.3600000000000005
2021-05-10,0.009999999999992654,-0.1950000000000042,-0.2149999999999982,-0.3749999999999977,-0.13499999999999623,-0.02500000000000115,0.08999999999999894,0.19,0.2899999999999995,0.5199999999999996
2021-05-11,0.2200000000000032,0.7250000000000052,1.1149999999999962,1.7249999999999992,2.425000000000001,2.7249999999999996,2.9250000000000003,3.1,3.2000000000000006,3.1900000000000004
2021-05-12,-0.1000000000000046,0.32999999999999174,0.874999999999999,1.7000000000000002,1.9699999999999969,1.9099999999999997,1.7850000000000006,2.0149999999999997,1.9650000000000005,2.2149999999999967
2021-05-13,-0.06999999999999194,0.11999999999999858,0.31000000000000644,0.04999999999999796,-0.25999999999999546,-0.2599999999999976,-0.26500000000000046,-0.625,-0.7600000000000011,-1.0999999999999963
2021-05-14,-0.050000000000006636,-0.10500000000000093,-0.11000000000000593,-0.440000000000002,-0.3700000000000014,-0.30000000000000077,-0.46499999999999886,-0.9149999999999999,-0.9950000000000009,-1.0850000000000009
2021-05-17,0.050000000000006636,0.2950000000000088,0.3199999999999991,0.4900000000000043,0.40999999999999803,0.4500000000000012,0.6549999999999991,1.025,1.0900000000000005,1.0800000000000003
2021-05-18,-0.09999999999999593,-0.08499999999999827,0.17999999999999788,0.7149999999999995,1.5299999999999991,1.4749999999999985,1.69,1.8250000000000004,1.920000000000001,2.099999999999999
2021-05-19,0.3399999999999931,0.2449999999999935,0.10000000000000026,0.2849999999999988,-0.1299999999999999,0.17499999999999938,-0.05000000000000013,-0.12500000000000033,-0.220000000000001,-0.39999999999999886
2021-05-20,-0.07000000000000062,0.1600000000000039,0.3500000000000031,0.0,0.2599999999999998,0.010000000000001327,-0.05000000000000013,-0.15999999999999956,-0.220000000000001,-0.2000000000000005
2021-05-21,0.0899999999999946,-0.6000000000000015,-1.0800000000000003,-1.749999999999998,-2.329999999999997,-2.2900000000000005,-1.7299999999999998,-1.8500000000000003,-1.829999999999999,-1.9749999999999999
2021-05-24,0.2000000000000005,-0.03500000000000031,-0.3300000000000004,-0.3500000000000031,-0.6199999999999999,-0.6600000000000008,-1.119999999999999,-0.9150000000000001,-1.0099999999999996,-0.9350000000000005
2021-05-25,0.1400000000000099,-0.10500000000000093,-0.7399999999999941,-1.1999999999999988,-1.6299999999999994,-1.6100000000000012,-1.7750000000000004,-1.9349999999999998,-1.8150000000000002,-1.8649999999999982
2021-05-26,-0.050000000000006636,-0.26999999999999247,-0.6499999999999996,-1.5050000000000003,-2.0100000000000025,-2.6599999999999975,-3.1050000000000013,-3.325,-3.5500000000000003,-3.6450000000000022
2021-05-27,0.029999999999995308,0.7499999999999868,1.369999999999991,2.09,2.5799999999999996,2.984999999999997,3.04,3.2649999999999997,3.320000000000001,3.6950000000000025
2021-05-28,-0.3199999999999991,-0.6199999999999956,-0.6199999999999956,-0.9149999999999957,-0.9799999999999957,-1.1749999999999976,-0.9699999999999986,-1.1849999999999998,-0.9750000000000014,-1.2750000000000024
2021-05-31,-0.1899999999999992,0.010000000000001327,-0.08000000000000194,-0.07000000000000495,-0.25000000000000283,-0.41000000000000236,-0.27000000000000113,0.09999999999999999,-0.1299999999999988,-0.2099999999999997
2021-06-01,-0.22999999999999582,-0.28999999999999515,-0.3500000000000031,-0.34999999999999876,-0.19499999999999987,-0.0399999999999988,-0.1699999999999987,-0.39500000000000013,-0.37000000000000033,-0.0900000000000011
2021-06-02,-0.1600000000000039,-0.38999999999999974,-0.6199999999999956,-0.6399999999999982,-0.955000000000001,-0.9599999999999995,-1.0000000000000004,-1.0000000000000004,-0.9200000000000002,-0.9999999999999983
2021-06-03,0.08000000000000194,0.43999999999999767,0.6499999999999996,0.6899999999999962,1.0050000000000032,1.1499999999999986,1.42,1.6750000000000005,1.899999999999999,1.9899999999999973
2021-06-04,0.21000000000000185,-0.37000000000000577,-0.5400000000000023,-0.999999999999994,-1.355000000000002,-1.5949999999999993,-1.8000000000000005,-1.9749999999999999,-2.1999999999999993,-2.419999999999998
2021-06-07,0.28000000000000247,0.5099999999999983,0.3600000000000044,0.8999999999999937,1.259999999999998,1.3549999999999998,1.405,1.4499999999999997,1.5300000000000002,1.6400000000000008
2021-06-08,-0.19000000000000788,-0.11499999999999358,-0.400000000000001,-0.8049999999999984,-1.259999999999998,-1.4499999999999995,-1.5749999999999986,-1.75,-1.9300000000000004,-2.0699999999999994
2021-06-09,-0.28999999999999515,-0.6550000000000046,-0.9000000000000067,-1.2949999999999984,-1.3750000000000004,-1.6850000000000025,-2.1750000000000025,-2.4449999999999994,-2.525,-2.6250000000000013
2021-06-10,-0.2799999999999938,-0.4799999999999943,-0.6199999999999956,-0.5250000000000046,-0.5950000000000009,-0.5899999999999959,-0.449999999999999,-0.43000000000000177,-0.37499999999999994,-0.3400000000000007
2021-06-11,-0.2900000000000038,-0.3199999999999991,-0.2499999999999985,-0.564999999999997,-0.8700000000000028,-0.8500000000000044,-0.9249999999999992,-1.224999999999999,-1.2000000000000002,-0.9749999999999993
2021-06-14,0.14000000000000123,0.45999999999999164,0.6900000000000048,1.290000000000002,1.7700000000000051,1.935000000000001,2.2100000000000004,2.6999999999999993,2.6849999999999996,2.540000000000001
2021-06-15,0.01999999999999398,0.37000000000000577,0.5349999999999886,0.7000000000000018,0.8249999999999967,1.0150000000000003,1.2899999999999998,1.5000000000000002,1.7149999999999999,1.8099999999999985
2021-06-16,0.11999999999999858,-0.12500000000000358,-0.27499999999999747,-0.6499999999999996,-0.7499999999999998,-0.949999999999996,-1.2100000000000002,-1.4,-1.4499999999999997,-1.5099999999999998
2021-06-17,0.47000000000000164,0.8250000000000097,1.4650000000000079,1.5749999999999966,1.5749999999999966,1.324999999999998,0.7099999999999989,0.30000000000000077,-0.14999999999999986,-0.43999999999999984
2021-06-18,0.25000000000000716,0.5999999999999929,0.8849999999999917,1.3750000000000004,1.1500000000000008,0.9000000000000002,0.6999999999999996,0.3999999999999994,0.09499999999999988,-0.19999999999999943
2021-06-21,0.4799999999999943,0.8500000000000001,1.1500000000000008,1.3199999999999974,1.9050000000000014,2.099999999999999,2.360000000000001,2.39,2.475,2.6000000000000005
2021-06-22,0.2900000000000038,0.17500000000000154,0.10000000000000026,-0.11999999999999858,-0.40499999999999736,-0.30000000000000077,-0.09000000000000002,0.07999999999999978,0.26000000000000034,0.30999999999999994
2021-06-23,-0.1700000000000052,-0.0949999999999996,-0.38999999999999974,-0.5199999999999996,-0.5650000000000013,-0.6999999999999975,-0.6700000000000012,-0.5700000000000003,-0.6000000000000005,-0.49500000000000066
2021-06-24,0.25000000000000716,0.34000000000000175,0.21000000000000185,0.27999999999999814,0.03500000000000031,0.0,-0.2599999999999998,-0.2999999999999997,-0.4100000000000002,-0.5450000000000008
2021-06-25,-0.27000000000000113,0.07000000000000062,0.6199999999999999,1.0400000000000036,1.5700000000000003,1.9299999999999982,2.27,2.5999999999999996,2.8400000000000007,3.12
2021-06-28,-0.11000000000000593,-0.1600000000000039,-0.4699999999999973,-0.874999999999999,-1.2150000000000007,-1.5299999999999991,-1.7850000000000006,-2.2,-2.3800000000000003,-2.459999999999999
2021-06-29,0.0,0.14000000000000123,0.43999999999999767,0.7449999999999948,1.1049999999999993,1.3199999999999996,1.5950000000000013,1.795,1.9499999999999997,2.099999999999999
2021-06-30,-0.41000000000000236,-0.7500000000000041,-1.159999999999998,-1.6399999999999966,-2.19,-2.3800000000000017,-2.6900000000000013,-2.6749999999999994,-2.7799999999999994,-3.0099999999999985
2021-07-01,0.0,-0.10999999999999725,-0.15000000000000258,-0.1299999999999999,-0.04000000000000097,0.060000000000001455,0.27000000000000113,0.1799999999999995,0.3499999999999993,0.579999999999999
2021-07-02,-0.09999999999999593,-0.480000000000003,-1.010000000000004,-1.820000000000003,-2.1600000000000006,-2.5099999999999993,-2.8300000000000005,-2.94,-3.09,-3.4299999999999997
2021-07-05,0.17999999999999788,0.34000000000000175,0.7400000000000028,1.5500000000000018,1.870000000000001,2.1500000000000012,2.310000000000001,2.4850000000000003,2.59,2.820000000000001
2021-07-06,-0.13999999999999257,-0.5199999999999996,-1.2799999999999965,-2.229999999999997,-3.0999999999999996,-3.8000000000000034,-4.2700000000000005,-4.695000000000001,-5.0,-5.190000000000001
2021-07-07,0.10999999999999725,-0.29999999999999644,-0.7500000000000041,-1.1600000000000021,-1.709999999999997,-1.9099999999999977,-2.2099999999999986,-2.4499999999999997,-2.79,-2.9
2021-07-08,-0.28000000000000247,-0.04999999999999796,0.07000000000000062,-0.2400000000000015,-0.400000000000001,-0.7399999999999984,-0.8299999999999996,-0.7900000000000008,-0.8099999999999996,-0.9999999999999999
2021-07-09,0.1599999999999952,0.3799999999999984,0.6300000000000056,0.7100000000000032,0.9000000000000024,1.259999999999998,1.519999999999998,1.590000000000003,1.7999999999999994,1.9899999999999998
2021-07-12,0.09000000000000327,-0.010000000000001327,-0.15000000000000258,0.08999999999999894,0.19999999999999618,0.16999999999999654,0.10999999999999942,0.09999999999999809,0.0,-0.014999999999999823
2021-07-13,0.10999999999999725,0.3799999999999984,0.8299999999999974,0.5000000000000013,0.5250000000000002,0.5000000000000013,0.5999999999999994,0.6000000000000005,0.6300000000000007,0.7999999999999999
2021-07-14,0.04000000000000531,-0.14499999999999758,-0.7799999999999995,-0.800000000000002,-1.0249999999999972,-1.219999999999997,-1.4999999999999973,-1.600000000000001,-1.7400000000000007,-1.9749999999999999
2021-07-15,0.010000000000001327,-0.015000000000006328,-0.1499999999999939,-0.2400000000000015,-0.6000000000000015,-1.0000000000000027,-1.34,-1.5999999999999999,-1.8599999999999985,-1.9700000000000002
2021-07-16,-0.09000000000000327,-0.05999999999999929,-0.020000000000011328,-0.46000000000000035,-0.5000000000000013,-0.6099999999999985,-0.6600000000000008,-0.8299999999999996,-0.7800000000000006,-0.9299999999999999
2021-07-19,-0.1499999999999939,-0.3300000000000004,-0.9049999999999944,-1.0749999999999953,-1.8749999999999973,-2.289999999999996,-2.179999999999999,-2.869999999999999,-2.6599999999999997,-3.2900000000000005
2021-07-20,0.11999999999999858,-0.029999999999995308,-0.3249999999999954,-0.9250000000000057,-0.9250000000000014,-1.0000000000000027,-1.330000000000003,-0.8500000000000001,-1.3400000000000023,-0.9200000000000002
2021-07-21,0.23999999999999716,0.2000000000000005,0.3099999999999978,0.9099999999999994,1.4899999999999982,1.799999999999996,1.820000000000003,2.139999999999998,2.180000000000001,2.5900000000000007
2021-07-22,-0.7399999999999941,-1.2999999999999992,-1.4000000000000037,-1.9099999999999977,-1.9899999999999953,-2.3799999999999994,-2.68,-2.989999999999998,-3.105,-3.2100000000000004
2021-07-23,-0.5099999999999983,-0.7200000000000002,-0.5199999999999996,-0.17500000000000154,-0.11000000000000593,0.05999999999999929,0.21999999999999884,0.3500000000000009,0.5849999999999996,0.6400000000000003
2021-07-26,-0.07000000000000929,0.029999999999995308,0.07000000000000062,0.12500000000000358,0.4100000000000067,0.6099999999999985,0.7699999999999981,0.8499999999999979,0.8800000000000019,0.7799999999999995
2021-07-27,-0.22999999999999582,-0.3099999999999978,-0.3199999999999991,-0.7400000000000028,-1.100000000000003,-1.1399999999999952,-1.3449999999999964,-1.3900000000000001,-1.430000000000001,-1.38
2021-07-28,-0.27500000000000613,0.015000000000006328,0.17999999999999788,0.1899999999999992,0.21999999999999884,0.15999999999999956,0.33499999999999674,0.2800000000000003,0.43999999999999984,0.2400000000000004
2021-07-29,0.06500000000000429,-0.2950000000000088,-0.43999999999999767,-0.09999999999999593,-0.4199999999999994,-0.21999999999999884,-0.2899999999999995,-0.38999999999999974,-0.5499999999999993,-0.2800000000000003
2021-07-30,-0.10999999999999725,-0.2599999999999911,-0.4900000000000043,-0.5199999999999996,-0.3250000000000041,-0.7150000000000039,-0.800000000000002,-0.8200000000000004,-0.8599999999999992,-1.0799999999999992
2021-08-02,-0.27000000000000113,-0.6800000000000035,-0.9599999999999973,-1.4550000000000067,-1.6749999999999967,-1.8449999999999978,-2.2199999999999998,-2.1700000000000017,-2.6400000000000015,-2.5000000000000013
2021-08-03,-0.18000000000000654,-0.22999999999999582,-0.400000000000001,-0.22499999999999082,-0.34999999999999876,-0.40499999999999736,-0.22999999999999582,-0.6179999999999988,-0.3500000000000009,-0.5899999999999981
2021-08-04,-0.3499999999999944,-0.030000000000012655,-0.05999999999999929,-0.30000000000000515,-0.5400000000000023,-0.6250000000000049,-0.8200000000000004,-0.8019999999999989,-0.9000000000000002,-0.8100000000000013
2021-08-05,0.4799999999999943,0.3850000000000034,0.3300000000000004,0.5000000000000057,0.3700000000000014,0.30000000000000077,0.1299999999999999,0.21000000000000185,0.07499999999999911,0.07000000000000062
2021-08-06,0.3099999999999978,0.6250000000000006,1.0099999999999953,1.619999999999998,2.4200000000000004,2.730000000000002,3.210000000000001,3.2999999999999976,3.715000000000003,3.6399999999999997
2021-08-09,-0.01999999999999398,0.09000000000000327,0.19000000000000788,-0.2200000000000032,-0.5000000000000013,-0.6300000000000012,-0.8350000000000024,-0.9000000000000002,-1.0700000000000012,-1.1500000000000008
2021-08-10,-0.1299999999999999,-0.1899999999999992,-0.2000000000000005,-0.09999999999999593,0.5000000000000013,-0.1749999999999972,-0.24500000000000216,-0.29999999999999644,-0.400000000000001,-0.2800000000000003
2021-08-11,-0.22999999999999582,-0.46000000000000035,-0.43999999999999767,-0.7000000000000062,-1.1950000000000025,-0.6550000000000002,-0.7600000000000011,-0.6000000000000015,-0.679999999999997,-0.8799999999999997
2021-08-12,0.1599999999999952,0.21000000000000185,0.3249999999999954,0.5400000000000023,0.8550000000000008,0.46000000000000035,0.5500000000000036,0.2499999999999985,0.5349999999999995,0.30000000000000077
2021-08-13,0.0,0.17999999999999788,-0.004999999999996327,-0.14000000000000123,-0.8599999999999971,-0.7300000000000059,-1.0000000000000027,-1.0500000000000005,-1.3750000000000024,-0.5400000000000001
2021-08-16,0.14000000000000123,0.07000000000000062,0.009999999999992654,-0.09999999999999593,0.34999999999999876,0.5400000000000023,0.2000000000000005,0.809999999999999,0.2000000000000005,0.24999999999999958
2021-08-17,-0.04999999999999796,0.11999999999999858,0.15000000000000258,0.21000000000000185,-0.10999999999999725,-0.11499999999999791,0.32000000000000345,-0.2499999999999985,0.34000000000000175,-0.25999999999999873
2021-08-18,-0.1299999999999999,-0.2599999999999998,-0.400000000000001,-0.21000000000000185,-0.25000000000000283,-0.3549999999999994,-0.2200000000000032,-0.2599999999999998,-0.2400000000000015,-0.2400000000000015
2021-08-19,-0.15000000000000258,-0.16999999999999654,-0.16999999999999654,-0.7000000000000062,-0.7900000000000008,-0.7700000000000025,-0.9399999999999946,-0.9999999999999983,-1.0099999999999996,-1.1099999999999999
2021-08-20,0.1299999999999999,0.11999999999999858,0.010000000000001327,0.11999999999999858,-0.10000000000000026,-0.2000000000000005,-0.440000000000002,-0.30000000000000077,-0.6200000000000021,0.10999999999999942
2021-08-23,-0.1549999999999989,-0.1299999999999999,-0.09000000000000327,0.050000000000006636,0.449999999999999,0.32000000000000345,0.400000000000001,0.5499999999999993,0.6300000000000012,0.4500000000000012
2021-08-24,0.05500000000000296,-0.010000000000001327,0.35999999999999577,0.17999999999999788,-0.12599999999999764,0.0799999999999976,0.2699999999999968,-0.020000000000002655,0.2000000000000005,-0.38000000000000056
2021-08-25,0.1299999999999999,0.4799999999999943,0.9150000000000044,1.6499999999999935,2.276000000000001,2.899999999999999,3.4599999999999995,3.845000000000003,4.225000000000001,4.53
2021-08-26,-0.020000000000002655,0.3600000000000044,0.44500000000000267,0.6000000000000015,0.9500000000000003,1.100000000000003,1.1749999999999998,1.3250000000000002,1.4249999999999983,1.4749999999999994
2021-08-27,0.039999999999996635,-0.1299999999999999,-0.3500000000000031,-0.2199999999999945,-0.3600000000000044,-0.38999999999999974,-0.514999999999999,-0.5900000000000003,-0.7400000000000007,-0.7649999999999996
2021-08-30,0.060000000000007964,0.010000000000001327,-0.07999999999999327,-0.46000000000000035,-0.8699999999999983,-1.0400000000000036,-1.0899999999999972,-1.1899999999999997,-1.2399999999999975,-1.34
2021-08-31,0.6699999999999935,1.029999999999998,1.4399999999999917,1.9399999999999973,2.760000000000002,3.129999999999999,3.5599999999999956,3.7849999999999993,3.929999999999999,4.329999999999999
2021-09-01,0.04999999999999796,-0.08000000000000194,0.020000000000002655,0.21500000000000252,0.6299999999999969,0.5350000000000016,0.6200000000000042,0.8850000000000003,1.0800000000000003,1.0800000000000003
2021-09-02,0.020000000000002655,-0.19999999999999185,-0.4099999999999937,-0.4750000000000023,-0.9849999999999963,-0.46499999999999664,-0.400000000000001,-0.25000000000000067,-0.24999999999999958,-0.24999999999999983
2021-09-03,0.07000000000000062,0.2499999999999898,0.5799999999999903,0.9099999999999994,1.9249999999999996,1.529999999999995,1.7899999999999991,1.8099999999999996,2.0699999999999994,2.17
2021-09-06,0.1299999999999999,0.4400000000000064,0.5800000000000076,0.32000000000000345,0.499999999999997,0.1700000000000052,-0.07000000000000062,-0.07000000000000062,-0.2000000000000005,-0.30000000000000004
2021-09-07,0.41999999999999504,0.9699999999999986,1.579999999999993,2.3999999999999977,2.0500000000000034,2.9299999999999984,3.2799999999999994,3.3100000000000014,3.3800000000000003,3.48
2021-09-08,0.24000000000000582,0.2599999999999998,0.2599999999999998,0.28000000000000247,0.30000000000000077,0.2699999999999968,0.15000000000000038,0.18000000000000113,0.42000000000000043,0.1699999999999998
2021-09-09,-0.2499999999999985,-0.5400000000000023,-1.1399999999999952,-1.7000000000000002,-2.32,-2.7599999999999976,-3.0599999999999983,-3.1700000000000013,-3.5200000000000005,-3.5699999999999994
2021-09-10,0.3099999999999978,0.7600000000000054,1.429999999999999,1.6149999999999975,2.5200000000000005,2.4200000000000004,2.6099999999999994,2.76,2.8200000000000003,2.92
2021-09-13,0.01999999999999398,0.1899999999999992,0.2599999999999998,0.22500000000000384,0.2499999999999985,0.28000000000000247,0.34999999999999876,0.3400000000000007,0.39999999999999997,0.38
2021-09-14,-0.04999999999998929,-0.12000000000000725,-0.449999999999999,-0.5000000000000013,-0.8100000000000034,-0.5100000000000027,-1.0000000000000004,-1.2,-1.34,-1.23
2021-09-15,0.07000000000000062,0.3600000000000044,0.9099999999999994,1.349999999999997,1.9099999999999977,1.9099999999999977,2.4600000000000013,2.8,2.95,3.08
2021-09-16,0.16999999999998788,0.6899999999999962,0.8399999999999987,0.7600000000000054,0.4050000000000017,0.7800000000000038,0.8700000000000006,0.7999999999999988,0.9199999999999998,1.0500000000000005
2021-09-17,-0.2199999999999945,0.020000000000002655,0.5000000000000013,1.2399999999999956,1.9450000000000023,2.2899999999999983,2.5099999999999993,2.670000000000001,2.8300000000000005,2.679999999999999
2021-09-20,-0.010000000000001327,0.1000000000000046,-0.400000000000001,-0.9999999999999983,-1.0500000000000005,-1.2699999999999994,-2.19,-1.8100000000000007,-2.72,-2.3099999999999996
2021-09-21,-0.13999999999999257,-0.1299999999999999,-0.19999999999999618,0.0,0.08000000000000194,-0.010000000000001327,0.029999999999999645,-0.6599999999999998,-0.16,-0.67
2021-09-22,0.41000000000000236,0.45499999999999535,0.6699999999999978,0.3999999999999967,-0.5300000000000009,-0.7999999999999999,-0.5900000000000003,-0.9499999999999993,-1.105,-1.3499999999999996
2021-09-23,0.08000000000000194,1.4850000000000019,2.5799999999999956,3.7000000000000055,5.249999999999998,5.505000000000002,5.710000000000001,6.609999999999999,5.975,6.494999999999999
2021-09-24,0.26999999999999247,0.029999999999995308,0.4200000000000037,0.8999999999999937,1.3999999999999992,1.5949999999999993,2.0200000000000005,1.7100000000000002,2.7800000000000002,2.505000000000001
2021-09-27,0.17999999999999788,0.36999999999999705,0.48999999999999566,0.7900000000000051,0.5000000000000013,0.8049999999999984,0.7299999999999993,1.39,0.71,0.8949999999999996
2021-09-28,-0.07000000000000062,0.3600000000000044,0.800000000000002,0.9350000000000027,1.5000000000000018,1.6149999999999998,2.075,1.6399999999999997,2.4200000000000004,2.2750000000000004
2021-09-29,-0.039999999999996635,-0.1600000000000039,-0.5600000000000006,-0.47500000000000664,-1.03,-0.7699999999999981,-0.5549999999999999,-0.5899999999999997,-1.185,0.029999999999999645
2021-09-30,-0.3099999999999978,-0.400000000000001,-0.40499999999999736,-0.459999999999996,-0.5900000000000024,-0.3600000000000001,-0.22999999999999962,-0.1600000000000001,0.2249999999999995,-0.42999999999999855
2021-10-01,-0.2200000000000032,-0.7799999999999908,-1.0450000000000044,-1.2899999999999978,-1.4049999999999978,-1.479999999999999,-1.6800000000000002,-1.5399999999999998,-1.2,-1.6500000000000021
2021-10-04,-0.14000000000000123,-0.21000000000000185,-0.29999999999999644,-0.10000000000000026,0.1549999999999989,0.47999999999999865,0.5499999999999993,0.6399999999999998,0.5249999999999992,0.8200000000000004
2021-10-05,0.2199999999999945,0.6799999999999948,1.194999999999998,1.7249999999999992,2.5700000000000007,2.590000000000001,2.3200000000000007,2.95,2.7550000000000003,3.129999999999999
2021-10-06,0.2849999999999988,0.7700000000000068,1.0250000000000017,0.8249999999999967,0.38000000000000056,0.5599999999999984,1.1200000000000003,0.7000000000000007,1.1300000000000003,0.6100000000000008
2021-10-07,0.2050000000000055,0.21000000000000185,0.29999999999999644,0.07000000000000495,-0.14000000000000123,-0.15000000000000038,0.1999999999999997,0.34999999999999876,0.29000000000000165,0.260000000000002
2021-10-08,0.880000000000004,1.6299999999999994,2.5800000000000085,3.1499999999999972,3.8599999999999985,3.700000000000001,3.4299999999999997,3.870000000000001,3.5799999999999983,3.8549999999999978
2021-10-11,-0.010000000000001327,1.2899999999999978,2.1699999999999973,3.159999999999999,3.700000000000001,4.319999999999999,4.090000000000001,4.140000000000001,4.119999999999998,4.425000000000002
2021-10-12,0.2499999999999985,1.7299999999999998,3.1249999999999982,2.9449999999999985,2.750000000000001,5.415,3.0049999999999986,4.564999999999999,2.5750000000000033,4.274999999999995
2021-10-13,-0.400000000000001,-0.6600000000000008,-0.9949999999999977,-1.0849999999999986,-1.3999999999999992,-4.8149999999999995,-2.624999999999999,-5.425,-3.675,-6.4249999999999945
2021-10-14,-0.800000000000002,-2.5399999999999947,-4.170000000000003,-5.019999999999999,-6.0249999999999995,-5.9,-6.4,-5.84,-6.300000000000002,-5.8500000000000005
2021-10-15,0.15000000000000258,1.7299999999999955,3.0600000000000027,1.749999999999998,2.4749999999999988,2.4000000000000004,2.4499999999999997,2.599999999999999,2.7300000000000004,2.6999999999999984
2021-10-18,1.910000000000002,5.180000000000002,6.169999999999999,7.35,5.7,4.79,5.2749999999999995,4.170000000000003,2.9950000000000006,2.2749999999999986
2021-10-19,-0.07000000000000062,0.08499999999999394,0.6699999999999978,0.8799999999999997,1.8600000000000003,2.3000000000000003,1.8749999999999996,1.9599999999999977,3.1649999999999996,2.8649999999999984
2021-10-20,-1.1600000000000066,-3.304999999999996,-4.400000000000003,-3.939999999999998,-3.2600000000000007,-3.5,-3.162,-3.089999999999998,-2.7899999999999996,-2.4899999999999967
2021-10-21,1.0600000000000018,3.970000000000002,6.240000000000002,5.21,4.050000000000001,4.3,3.8620000000000005,3.45,3.325000000000001,2.500000000000002
2021-10-22,-0.36999999999999705,-0.2750000000000018,-0.009999999999999159,0.07999999999999978,1.6500000000000004,1.5099999999999998,0.7299999999999993,0.8799999999999997,0.474999999999998,0.5499999999999949
2021-10-25,-0.41000000000000236,-1.2349999999999992,-1.4999999999999996,-0.7800000000000016,-1.8500000000000003,-1.7499999999999998,-0.9299999999999998,-0.8700000000000028,-0.7699999999999981,-0.4499999999999947
2021-10-26,-0.17999999999999788,0.28999999999999515,0.4300000000000007,0.5800000000000011,0.76,0.22999999999999962,-0.15999999999999956,-0.40999999999999803,-0.6700000000000021,-0.7900000000000008
2021-10-27,2.059999999999996,3.4900000000000033,2.2199999999999975,-0.23999999999999932,-2.3099999999999996,-3.4899999999999998,-4.44,-5.450000000000001,-6.16,-6.610000000000001
2021-10-28,2.4200000000000004,4.94,5.350000000000003,4.09,4.05,4.25,4.4,4.6499999999999995,4.700000000000001,4.499999999999999
2021-10-29,0.2900000000000038,3.5699999999999967,5.499999999999998,6.3999999999999995,5.95,5.49,4.300000000000002,3.9000000000000017,3.5999999999999965,3.5499999999999985
2021-11-01,-1.7100000000000015,-3.380000000000002,-3.4949999999999988,-4.109999999999999,-1.5900000000000007,-1.34,-0.5000000000000013,-0.6099999999999985,-0.18999999999999487,-0.7399999999999984
2021-11-02,-2.2899999999999916,-5.869999999999994,-7.2250000000000005,-6.04,-7.819999999999999,-8.03,-8.17,-7.700000000000003,-7.580000000000002,-6.83
2021-11-03,-0.7000000000000062,-1.879999999999998,-2.530000000000002,1.0500000000000005,1.1599999999999995,0.825,0.7699999999999992,1.0300000000000022,0.245,0.6449999999999989
2021-11-04,-0.15000000000000258,-2.9200000000000017,-5.019999999999994,-9.28,-10.299999999999999,-9.395,-8.434999999999999,-7.9700000000000015,-6.460000000000001,-6.22
2021-11-05,-0.1599999999999952,-0.8200000000000047,-1.5200000000000067,-1.100000000000003,-1.3750000000000024,-2.114999999999999,-3.1650000000000005,-3.7199999999999998,-4.54,-4.955000000000001
2021-11-08,0.47000000000000164,2.6500000000000004,3.9550000000000045,2.930000000000003,2.6750000000000016,2.8949999999999982,3.4100000000000006,3.445,3.9100000000000006,3.97
2021-11-09,-0.07000000000000062,-1.250000000000001,-2.235000000000006,-1.9700000000000013,-2.1999999999999993,-2.8799999999999986,-3.635,-4.1049999999999995,-4.535000000000001,-4.869999999999999
2021-11-10,1.7200000000000029,5.840000000000003,8.350000000000003,8.145000000000001,8.15,7.949999999999999,7.73,7.654999999999999,7.45,7.450000000000001
2021-11-11,0.499999999999997,2.3499999999999996,4.209999999999999,3.744999999999999,3.8299999999999987,3.54,3.395,3.2249999999999996,3.0999999999999996,2.899999999999999
2021-11-12,-1.2800000000000051,-4.360000000000002,-6.259999999999998,-4.529999999999999,-3.799999999999999,-2.99,-2.5100000000000002,-1.9999999999999987,-1.619999999999998,-1.2200000000000015
2021-11-15,-0.22999999999999582,-0.2899999999999995,-0.6199999999999999,-0.030000000000001813,0.4299999999999996,0.6100000000000002,0.9099999999999999,0.9999999999999993,1.119999999999999,1.2200000000000015
2021-11-16,-0.08000000000000194,0.14000000000000123,0.1800000000000022,-0.23999999999999932,-0.16000000000000064,-0.38,-0.12499999999999979,-0.08499999999999935,0.2000000000000005,0.30000000000000077
2021-11-17,-1.0000000000000027,-1.600000000000004,-1.7700000000000007,-1.5399999999999985,-1.7500000000000002,-1.0499999999999998,-0.9749999999999999,-0.7050000000000003,-0.800000000000002,-0.6250000000000006
2021-11-18,-0.10999999999999725,-0.7799999999999951,-0.7200000000000002,-0.8599999999999992,-0.449999999999999,-1.1900000000000002,-1.5000000000000002,-1.7099999999999993,-1.7099999999999993,-2.000000000000001
2021-11-19,-0.2599999999999998,-1.3500000000000014,-1.6700000000000004,-3.6200000000000014,-5.265000000000001,-5.0,-5.4750000000000005,-5.4,-5.814999999999999,-5.6999999999999975
2021-11-22,0.5400000000000023,1.0300000000000022,1.2399999999999998,2.0699999999999994,2.5399999999999987,2.8799999999999994,3.1750000000000007,2.999999999999999,3.4250000000000003,3.5249999999999972
2021-11-23,0.6600000000000008,0.999999999999994,1.1799999999999962,3.8500000000000014,5.175000000000002,5.480000000000001,6.1499999999999995,6.700000000000001,6.800000000000001,7.150000000000001
2021-11-24,-0.7200000000000089,-0.6399999999999939,0.09500000000000394,-0.570000000000002,-0.6749999999999996,-0.4000000000000001,-0.19999999999999998,0.03500000000000031,0.30000000000000077,0.34999999999999876
2021-11-25,-0.2599999999999998,-0.6400000000000026,-1.1249999999999976,-1.0599999999999998,-0.9750000000000014,-1.05,-1.1250000000000002,-1.3600000000000005,-1.3000000000000012,-1.2999999999999992
2021-11-26,-0.7199999999999915,-3.049999999999997,-5.360000000000005,-6.389999999999998,-6.349999999999998,-6.77,-7.5249999999999995,-7.4350000000000005,-7.8,-7.749999999999998
2021-11-29,0.3199999999999991,1.3399999999999956,2.730000000000002,2.7599999999999976,2.3499999999999996,2.359999999999999,2.84,2.3099999999999996,2.549999999999999,2.7349999999999985
2021-11-30,0.23999999999999716,0.8300000000000061,0.8799999999999997,0.36000000000000226,-0.07500000000000129,-0.5599999999999984,-1.5699999999999996,-1.4799999999999998,-2.549999999999999,-2.884999999999999
2021-12-01,0.1599999999999952,-0.10000000000000026,-0.3700000000000014,0.7499999999999977,0.32500000000000195,-0.029999999999999645,0.029999999999999645,-0.77,-0.5000000000000002,-1.1000000000000008
2021-12-02,0.010000000000001327,0.5499999999999949,0.800000000000002,-1.1699999999999993,-1.3750000000000024,-1.2400000000000009,-1.5999999999999999,-1.0799999999999998,-1.3000000000000003,-0.7749999999999988
2021-12-03,-0.09999999999999593,-0.5100000000000027,-0.7650000000000018,-1.0099999999999996,-1.3849999999999996,-1.9400000000000006,-1.5999999999999999,-2.0100000000000002,-1.8000000000000005,-2.0950000000000015
2021-12-06,0.480000000000003,1.0900000000000059,1.4550000000000023,0.6400000000000003,1.1400000000000017,0.9300000000000009,1.0100000000000002,0.915,0.9900000000000002,0.49000000000000105
2021-12-07,0.3099999999999978,0.2149999999999982,-0.6900000000000005,1.494999999999999,1.8199999999999987,1.454999999999999,0.7899999999999997,0.8099999999999999,0.19000000000000028,0.9299999999999998
2021-12-08,0.1599999999999952,0.6849999999999998,1.7799999999999978,2.7000000000000006,2.575,3.0700000000000003,3.6999999999999997,3.935000000000001,4.319999999999999,3.849999999999999
2021-12-09,-0.3399999999999931,-1.2649999999999988,-2.264999999999997,-3.324999999999999,-3.299999999999999,-3.2750000000000004,-3.2,-3.3700000000000006,-3.4499999999999993,-3.1999999999999997
2021-12-10,-0.41000000000000236,-0.8400000000000031,-0.39500000000000474,0.2000000000000005,0.49999999999999917,0.30000000000000077,0.19999999999999998,0.23999999999999988,0.06000000000000037,-0.15000000000000038
2021-12-13,-0.3799999999999984,-0.1049999999999966,-0.8199999999999961,-1.420000000000002,-1.8750000000000018,-2.3999999999999986,-2.699999999999999,-3.1399999999999997,-2.8800000000000012,-3.1499999999999995
2021-12-14,0.4799999999999943,1.0099999999999996,1.6799999999999975,1.3700000000000019,1.1000000000000008,1.6249999999999978,1.5999999999999994,1.5999999999999999,1.4,2.149999999999999
2021-12-15,0.5000000000000057,1.879999999999998,2.2100000000000026,1.7999999999999983,1.9500000000000008,1.3750000000000013,1.3000000000000003,1.9200000000000002,1.4499999999999995,1.3999999999999992
2021-12-16,-1.4200000000000064,-2.409999999999995,-2.765000000000003,-0.8750000000000012,-1.0249999999999995,-0.49,0.05000000000000013,-0.39500000000000013,0.010000000000000243,-0.05000000000000013
2021-12-17,-1.0199999999999967,-1.6500000000000021,-1.5150000000000017,-1.8549999999999969,-1.3750000000000004,-1.0000000000000016,-1.8500000000000005,-1.95,-1.6649999999999994,-2.069999999999998
2021-12-20,-0.05999999999999929,0.49,1.5700000000000045,0.6799999999999992,0.9000000000000002,1.3000000000000012,1.8000000000000005,2.885,2.5749999999999997,3.4199999999999995
2021-12-21,0.8899999999999967,1.5799999999999972,1.3599999999999983,3.5500000000000007,4.5,4.09,5.3,5.6,5.8,6.1000000000000005
2021-12-22,0.9700000000000073,2.2100000000000026,3.1500000000000017,2.649999999999998,1.8999999999999995,2.91,1.9000000000000001,1.2750000000000012,1.5799999999999994,0.8500000000000001
2021-12-23,0.6299999999999969,1.1799999999999962,1.4199999999999977,2.3000000000000007,3.0000000000000004,3.07,3.6999999999999997,3.815,4.07,4.399999999999999
2021-12-24,0.030000000000003982,0.0,0.10000000000000026,0.0,-0.14999999999999986,-0.18000000000000005,0.10000000000000026,-0.25000000000000067,0.05000000000000013,0.2000000000000005
2021-12-27,-0.18000000000000654,1.1500000000000008,2.076999999999999,2.4049999999999994,1.7999999999999998,1.42,0.849999999999999,0.8899999999999989,0.4800000000000008,-0.29500000000000015
2021-12-28,0.0,0.8500000000000001,1.273000000000001,0.46900000000000003,0.5399999999999999,0.5200000000000001,0.3799999999999995,0.3550000000000016,0.3950000000000004,0.3950000000000004
2021-12-29,0.5800000000000076,0.30000000000000077,0.25000000000000067,1.7260000000000002,3.06,3.76,4.470000000000002,4.955000000000001,5.474999999999998,5.599999999999997
2021-12-30,-0.3500000000000031,0.17999999999999788,0.07999999999999978,-0.22500000000000006,-0.7999999999999999,-0.7899999999999997,-0.7999999999999999,-0.800000000000002,-0.8699999999999983,-0.3999999999999967
2021-12-31,0.2000000000000005,-0.054999999999998626,-0.07999999999999978,-0.07499999999999911,0.09999999999999999,0.09000000000000002,0.0,0.0,0.11999999999999858,0.10000000000000026
2022-01-03,0.29999999999999644,1.5749999999999966,2.4499999999999997,2.7999999999999994,2.8,3.1800000000000015,3.4000000000000004,3.5000000000000027,3.595,3.66
2022-01-04,0.1000000000000046,-0.5999999999999929,-0.6500000000000017,-0.2700000000000001,-0.2999999999999997,-0.480000000000003,-0.400000000000001,-0.400000000000001,-0.44499999999999834,-0.3600000000000001
2022-01-05,-0.6000000000000015,-0.7000000000000018,-0.7999999999999999,-1.1549999999999998,-1.1,-0.8999999999999991,-0.6000000000000015,-0.37500000000000205,0.0500000000000023,-0.37500000000000205
2022-01-06,0.499999999999997,1.5750000000000008,1.9500000000000028,2.725,2.48,2.6300000000000012,2.7000000000000006,2.605000000000003,2.1299999999999963,2.3550000000000004
2022-01-07,0.2000000000000005,1.1049999999999993,1.8999999999999986,1.5000000000000002,2.0949999999999993,1.870000000000001,1.7750000000000015,1.6449999999999971,1.4500000000000017,1.2450000000000048
2022-01-10,0.3500000000000031,0.3799999999999984,0.5500000000000004,0.5,1.1050000000000002,1.3999999999999972,1.324999999999998,1.475000000000005,1.749999999999998,1.4549999999999979
2022-01-11,0.949999999999996,1.7599999999999993,1.7999999999999994,2.2,1.9200000000000002,0.9000000000000024,1.9800000000000026,2.0499999999999945,0.7099999999999989,1.7499999999999938
2022-01-12,0.2200000000000032,-1.020000000000001,-2.13,-2.5500000000000003,-3.1999999999999997,-2.000000000000003,-3.5550000000000015,-3.359999999999995,-2.239999999999998,-3.5799999999999983
2022-01-13,-0.38000000000000705,-0.8500000000000001,-0.9699999999999998,-1.8499999999999999,-1.9999999999999998,-2.139999999999998,-2.7249999999999996,-3.3100000000000014,-3.6499999999999986,-2.8999999999999946
2022-01-14,1.1300000000000026,3.2249999999999988,3.8999999999999995,4.749999999999999,4.799999999999999,4.840000000000001,5.600000000000001,5.4700000000000015,5.8500000000000005,5.449999999999999
2022-01-17,0.5500000000000036,0.8250000000000011,1.3000000000000003,1.4000000000000004,1.9000000000000006,1.2399999999999998,1.4999999999999953,1.5999999999999954,1.349999999999997,1.0499999999999963
2022-01-18,0.1299999999999999,0.3250000000000041,0.7000000000000002,0.3499999999999998,0.6000000000000015,1.0599999999999998,1.200000000000003,1.4999999999999996,1.4599999999999986,2.0500000000000034
2022-01-19,0.020000000000002655,-0.9750000000000036,-1.1,-0.5749999999999998,-0.5250000000000002,-0.400000000000001,-0.6250000000000006,-0.7999999999999977,-0.6099999999999985,-0.924999999999997
2022-01-20,-0.18000000000000654,-0.2249999999999995,0.0,-0.13499999999999948,-0.25000000000000067,-1.0000000000000004,-0.5750000000000026,-0.474999999999998,-1.100000000000003,-0.7750000000000031
2022-01-21,-0.469999999999993,-1.134999999999999,-1.3749999999999993,-1.6200000000000003,-1.7750000000000015,-1.969999999999999,-2.2449999999999988,-2.3000000000000016,-1.8999999999999964,-2.3499999999999996
2022-01-24,-0.12000000000000725,-0.9149999999999957,-1.3550000000000009,-1.6900000000000002,-2.3499999999999988,-1.330000000000001,-2.0549999999999997,-2.2250000000000005,-2.06,-2.450000000000004
2022-01-25,0.12000000000000725,0.899999999999998,1.4999999999999996,1.5699999999999998,3.2249999999999996,3.4000000000000004,2.500000000000002,3.725,2.8100000000000045,4.100000000000007
2022-01-26,0.3799999999999984,1.1249999999999976,0.5300000000000009,1.0100000000000002,-0.17499999999999938,1.1000000000000008,0.5999999999999972,-0.5250000000000046,0.024999999999994645,-0.7000000000000018
2022-01-27,1.0999999999999985,3.349999999999998,3.9,3.4399999999999995,2.7249999999999996,0.10999999999999942,1.5999999999999999,1.0000000000000027,1.2249999999999979,-0.23500000000000082
2022-01-28,0.5300000000000009,1.8500000000000028,2.7,3.0750000000000006,3.1250000000000004,3.1600000000000033,3.0750000000000006,2.800000000000003,2.2000000000000015,3.135
2022-01-31,2.7700000000000036,6.3999999999999995,7.199999999999999,6.824999999999999,6.699999999999996,6.079999999999996,5.225000000000004,5.299999999999996,4.800000000000004,4.3249999999999975
2022-02-01,0.2499999999999898,-0.10000000000000026,0.010000000000000243,1.1000000000000008,1.100000000000003,1.9800000000000026,1.5999999999999999,1.3100000000000005,2.100000000000001,1.7500000000000067
2022-02-02,0.800000000000002,2.7000000000000006,3.2899999999999996,3.349999999999998,3.3000000000000043,2.6699999999999986,2.8999999999999946,2.2900000000000005,1.799999999999996,1.824999999999995
2022-02-03,6.750000000000003,14.055000000000001,15.7,14.350000000000001,14.099999999999994,12.299999999999997,11.825000000000005,10.975000000000003,9.489999999999993,8.875000000000004
2022-02-04,4.524999999999998,9.845,9.799999999999999,9.674999999999995,8.400000000000004,8.325,7.1750000000000025,6.999999999999992,6.710000000000006,5.925000000000002
2022-02-07,0.3749999999999977,-1.2199999999999993,-0.9000000000000024,2.125,3.3000000000000043,3.3000000000000043,4.399999999999994,4.600000000000012,4.800000000000004,5.399999999999988
2022-02-08,-0.6499999999999952,1.42,2.800000000000003,4.200000000000002,5.399999999999988,6.705000000000001,6.6000000000000085,6.799999999999992,6.840000000000006,7.500000000000007
2022-02-09,-0.7999999999999977,-2.9000000000000012,-2.850000000000001,-4.299999999999998,-4.599999999999994,-5.104999999999997,-4.500000000000007,-4.475,-4.640000000000009,-4.499999999999999
2022-02-10,5.029999999999996,11.999999999999998,14.650000000000002,10.19,12.400000000000006,12.57499999999999,9.699999999999996,11.700000000000001,10.100000000000005,9.300000000000002
2022-02-11,-0.794999999999997,-1.5999999999999999,-2.439999999999994,2.0600000000000045,-2.100000000000001,-1.4999999999999996,2.500000000000002,-0.29999999999999644,3.789999999999991,3.4000000000000004
2022-02-14,0.3549999999999994,0.6600000000000008,0.16999999999999654,-0.12500000000001227,1.4999999999999996,1.9000000000000006,1.0000000000000027,2.5999999999999983,0.8850000000000003,1.899999999999992
2022-02-15,-1.1500000000000008,-2.5099999999999993,-3.290000000000003,-3.4249999999999994,-3.1000000000000036,-2.3899999999999877,-2.2750000000000026,-1.799999999999996,-0.9549999999999836,-0.999999999999994
2022-02-16,-1.9500000000000028,-3.4500000000000024,-3.3400000000000007,-2.9999999999999907,-2.999999999999999,-3.610000000000002,-3.3250000000000033,-3.6000000000000094,-4.240000000000007,-4.050000000000009
2022-02-17,-1.929999999999996,-4.099999999999998,-4.8,-4.774999999999996,-3.6749999999999976,-3.6000000000000094,-3.599999999999992,-3.1999999999999997,-2.630000000000011,-2.3499999999999908
2022-02-18,-0.6099999999999985,-1.7000000000000002,-2.3700000000000023,-3.165000000000008,-4.225000000000001,-3.4000000000000004,-3.4000000000000004,-2.9999999999999907,-2.725000000000002,-2.3749999999999987
2022-02-21,0.499999999999997,1.1000000000000008,1.5800000000000058,2.440000000000003,3.1999999999999997,2.6249999999999973,2.9000000000000035,2.4999999999999933,2.2750000000000115,2.3250000000000006
2022-02-22,0.6400000000000026,3.600000000000001,4.3900000000000015,4.600000000000003,4.099999999999998,3.3000000000000043,3.3749999999999925,3.299999999999996,3.000000000000008,2.649999999999996
2022-02-23,1.0499999999999963,2.5749999999999993,3.099999999999995,3.1000000000000036,2.8750000000000044,3.0750000000000046,2.3250000000000006,1.9000000000000092,1.5249999999999986,1.399999999999995
2022-02-24,-3.464999999999996,-5.975,-6.090000000000002,-6.900000000000005,-6.649999999999998,-6.100000000000003,-5.299999999999992,-4.690000000000007,-3.7500000000000036,-3.399999999999983
2022-02-25,0.9449999999999953,3.0099999999999985,3.8900000000000046,5.149999999999999,6.074999999999996,6.6000000000000085,6.599999999999992,6.790000000000008,6.82499999999999,6.999999999999992
2022-02-28,-5.169999999999996,-13.209999999999999,-15.16,-15.799999999999999,-15.950000000000001,-11.025000000000011,-12.500000000000002,-10.950000000000005,-9.799999999999999,-8.599999999999996
2022-03-01,-3.774999999999998,-11.0,-16.540000000000003,-14.450000000000005,-13.649999999999999,-17.845,-13.699999999999998,-14.05,-13.8,-13.700000000000006
2022-03-02,4.114999999999999,9.47,12.700000000000001,9.900000000000004,8.899999999999993,8.790000000000001,6.900000000000005,6.699999999999996,6.200000000000007,5.599999999999997
2022-03-03,2.6399999999999992,3.93,1.9999999999999967,2.899999999999999,2.6150000000000047,1.205000000000008,1.200000000000003,2.9000000000000035,3.129999999999999,3.499999999999996
2022-03-04,-1.1099999999999999,-4.275,-5.339999999999995,-6.800000000000001,-5.314999999999999,-2.925000000000002,-1.9000000000000006,-2.999999999999999,-3.849999999999999,-2.5999999999999983
2022-03-07,3.6300000000000003,2.875,1.9399999999999995,3.2249999999999988,3.8999999999999972,3.299999999999996,2.700000000000003,2.3999999999999977,2.3949999999999925,1.4999999999999996
2022-03-08,3.279999999999997,5.9,7.000000000000001,7.675000000000008,9.100000000000001,8.320000000000002,9.799999999999992,9.899999999999995,9.600000000000009,10.500000000000005
2022-03-09,2.230000000000001,3.5899999999999985,3.939999999999998,4.099999999999998,3.800000000000001,5.579999999999995,4.999999999999996,5.400000000000006,6.965000000000001,6.200000000000007
2022-03-10,4.259999999999997,12.629999999999997,14.889999999999995,12.499999999999993,9.900000000000004,8.999999999999998,8.400000000000013,7.0100000000000025,6.45999999999999,6.149999999999992
2022-03-11,0.2300000000000045,1.4000000000000037,2.870000000000008,2.100000000000001,2.700000000000003,1.600000000000004,-1.1000000000000072,-0.11000000000000593,-1.229999999999981,-2.3250000000000006
2022-03-14,1.4899999999999982,4.28,5.1000000000000005,7.300000000000006,7.749999999999988,7.6999999999999895,9.600000000000009,8.900000000000002,10.23999999999999,10.775000000000004
2022-03-15,-0.6199999999999999,-3.6300000000000003,-3.800000000000001,-3.600000000000001,-2.750000000000001,-1.6999999999999829,-2.400000000000006,-1.0999999999999899,-1.2099999999999957,-1.799999999999996
2022-03-16,3.054999999999998,4.805000000000001,2.9000000000000035,4.099999999999998,4.400000000000003,3.799999999999984,4.100000000000007,2.499999999999985,1.999999999999988,2.6999999999999766
2022-03-17,-3.4650000000000003,-5.774999999999999,-4.100000000000007,-4.000000000000002,-4.099999999999998,-4.299999999999981,-4.200000000000002,-4.199999999999985,-4.209999999999995,-4.200000000000002
2022-03-18,1.8150000000000024,1.1699999999999993,1.0000000000000027,0.29999999999999644,0.0,-0.1899999999999992,0.0,0.09999999999999593,-0.28999999999999515,-0.09999999999997858
2022-03-21,1.5149999999999995,5.999999999999998,7.620000000000005,7.099999999999997,7.120000000000008,8.17,8.044999999999996,8.219999999999999,8.490000000000007,8.699999999999992
2022-03-22,0.9099999999999994,4.155000000000001,5.1799999999999935,5.000000000000004,3.779999999999981,3.189999999999981,3.454999999999986,3.180000000000006,3.234999999999974,2.8000000000000074
2022-03-23,-0.6399999999999982,-2.5250000000000012,-2.9800000000000053,-3.4000000000000004,-4.199999999999985,-3.959999999999988,-4.8999999999999915,-5.07500000000001,-5.4249999999999785,-5.424999999999995
2022-03-24,1.8399999999999992,6.325000000000003,7.920000000000002,8.1,8.299999999999992,7.779999999999991,7.600000000000002,7.375000000000003,7.594999999999998,6.82499999999999
2022-03-25,2.624999999999999,5.855,7.260000000000001,8.525000000000007,8.699999999999992,7.410000000000004,6.800000000000001,6.300000000000003,4.7050000000000045,4.800000000000012
2022-03-28,1.8650000000000004,1.619999999999998,1.6700000000000048,0.7749999999999945,0.5750000000000026,1.0000000000000113,1.0000000000000113,1.010000000000004,1.6999999999999829,1.2999999999999816
2022-03-29,2.480000000000001,6.6000000000000085,8.03,8.12499999999999,7.125000000000013,6.699999999999987,6.499999999999996,5.989999999999989,5.599999999999997,5.1000000000000005
2022-03-30,2.4549999999999996,6.124999999999985,5.629999999999993,5.564999999999997,5.1000000000000005,4.600000000000003,3.4999999999999787,3.5000000000000133,1.6500000000000021,2.199999999999997
2022-03-31,-3.465000000000001,-8.624999999999988,-10.529999999999983,-11.269999999999978,-11.300000000000008,-10.410000000000002,-10.024999999999983,-9.940999999999995,-7.474999999999982,-7.974999999999996
2022-04-01,0.36500000000000077,0.7299999999999928,0.800000000000002,1.7299999999999955,1.600000000000004,1.205000000000008,1.1249999999999976,0.7409999999999882,0.5149999999999946,-0.024999999999990308
2022-04-04,0.025000000000000064,0.41000000000000236,1.1999999999999857,-0.6500000000000082,-1.399999999999995,-2.3950000000000187,-2.400000000000006,-2.199999999999997,-2.7749999999999995,-2.900000000000021
2022-04-05,2.575,6.835000000000001,8.599999999999996,9.399999999999999,10.299999999999997,10.200000000000019,10.49999999999999,10.49999999999999,10.310000000000006,10.800000000000011
2022-04-06,0.025000000000000064,-0.07500000000000562,0.30000000000000515,0.10000000000001327,0.0,2.0199999999999907,2.300000000000028,2.900000000000021,3.7749999999999937,4.400000000000012
2022-04-07,1.625,2.6599999999999975,2.8000000000000074,3.4999999999999787,3.4000000000000004,2.8899999999999935,2.899999999999986,2.7999999999999727,3.200000000000008,2.5999999999999983
2022-04-08,4.425,9.240000000000004,9.424999999999988,8.400000000000022,7.699999999999998,6.280000000000001,6.699999999999987,6.300000000000021,5.299999999999992,5.299999999999992
2022-04-11,2.28,4.300000000000007,5.07500000000001,6.2999999999999865,7.399999999999993,8.780000000000003,8.300000000000026,8.599999999999978,9.669999999999991,9.600000000000009
2022-04-12,-1.96,-5.30000000000001,-5.469999999999989,-4.299999999999998,-3.199999999999991,-2.9700000000000037,-1.8750000000000018,-0.8249999999999751,-0.944999999999991,-0.07500000000000562
2022-04-13,2.1100000000000003,0.9000000000000067,0.4699999999999843,-0.2099999999999845,0.0,0.10000000000001327,-0.22500000000001685,-0.5250000000000046,-0.22500000000001685,-1.0250000000000017
2022-04-14,-0.7300000000000001,-2.4499999999999957,-0.5999999999999929,2.1099999999999763,4.099999999999989,5.000000000000004,6.400000000000016,6.999999999999975,7.875000000000018,9.10000000000001
2022-04-15,0.1999999999999997,0.8499999999999914,0.5999999999999929,0.30000000000002247,-0.2999999999999878,0.0,0.0,0.05000000000003266,-0.37500000000001077,-0.09999999999999593
2022-04-18,0.0,,,,,0.0,,,0.0,
2022-04-19,-0.9899999999999998,0.13000000000000858,1.2999999999999992,2.5999999999999983,3.199999999999991,4.179999999999982,5.099999999999983,5.399999999999971,6.324999999999994,6.499999999999978
2022-04-20,0.665,-2.304999999999998,-3.4499999999999984,-3.5000000000000133,-3.7000000000000055,-5.204999999999984,-5.499999999999984,-5.899999999999985,-7.8499999999999925,-7.099999999999988
2022-04-21,9.0,14.084999999999983,12.849999999999996,11.699999999999992,11.099999999999998,11.024999999999993,9.399999999999999,9.299999999999985,9.724999999999994,7.999999999999987
2022-04-22,7.295000000000001,9.410000000000009,8.800000000000006,6.50000000000003,4.775000000000023,4.030000000000006,3.8749999999999893,3.1000000000000125,2.6299999999999937,2.79999999999999
2022-04-25,-1.8899999999999992,-9.02,-11.83,-12.07500000000002,-11.775000000000015,-10.305000000000001,-9.975000000000001,-9.299999999999985,-8.054999999999971,-8.099999999999982
2022-04-26,-0.25500000000000134,-0.899999999999998,-2.320000000000013,-0.9250000000000057,-1.5000000000000082,-3.199999999999991,-1.6999999999999829,-1.9000000000000092,-3.3500000000000196,-2.299999999999976
2022-04-27,-1.2149999999999985,-3.4400000000000057,-2.899999999999986,-3.5249999999999866,-2.499999999999985,-1.2299999999999984,-1.7750000000000057,-1.0250000000000017,0.25000000000000716,0.0
2022-04-28,6.064999999999999,10.715000000000012,11.224999999999985,10.675000000000008,10.599999999999984,10.704999999999986,10.774999999999986,10.624999999999993,10.425000000000018,10.599999999999984
2022-04-29,5.225,6.849999999999981,6.300000000000003,5.549999999999982,5.100000000000017,4.900000000000008,4.700000000000017,4.550000000000005,5.1000000000000005,4.449999999999974
2022-05-02,0.5000000000000013,-0.9249999999999883,0.2249999999999995,1.200000000000003,2.1249999999999916,3.6249999999999996,3.099999999999978,3.599999999999992,4.009999999999986,4.050000000000026
2022-05-03,2.125,4.425000000000002,4.400000000000012,3.200000000000008,2.7749999999999995,1.0749999999999995,1.3000000000000165,0.6499999999999908,-0.21000000000000185,-0.30000000000002247
2022-05-04,-0.2149999999999982,0.09999999999999593,-0.30000000000002247,0.400000000000001,0.19999999999999185,0.2999999999999878,0.25000000000000716,0.30000000000002247,-0.09999999999999593,0.25000000000000716
2022-05-05,0.10000000000000026,0.5500000000000123,1.7500000000000155,2.2750000000000026,3.3000000000000043,4.550000000000023,4.849999999999993,5.299999999999992,5.999999999999998,6.250000000000005
2022-05-06,2.5699999999999985,6.19999999999999,8.150000000000015,9.224999999999998,10.700000000000015,10.830000000000005,10.200000000000001,11.9,12.099999999999993,10.69999999999998
2022-05-09,-1.5200000000000022,-6.750000000000003,-7.2750000000000075,-4.85000000000001,-4.100000000000007,-3.140000000000018,-0.25000000000000716,-0.7500000000000215,-0.049999999999980616,2.300000000000045
2022-05-10,-3.259999999999999,-6.435,-7.125000000000013,-8.024999999999993,-7.9000000000000075,-7.414999999999991,-8.249999999999993,-8.449999999999951,-8.45000000000002,-8.700000000000028
2022-05-11,-2.0450000000000026,-6.390000000000007,-7.600000000000002,-7.625000000000011,-8.1,-8.025000000000029,-7.500000000000007,-7.600000000000037,-7.29999999999998,-7.099999999999988
2022-05-12,-4.329999999999998,-10.359999999999996,-12.599999999999989,-13.799999999999994,-13.699999999999998,-13.879999999999969,-14.099999999999998,-13.899999999999988,-14.200000000000012,-14.200000000000012
2022-05-13,2.049999999999999,1.935000000000001,1.0999999999999899,2.5999999999999983,3.6000000000000094,4.184999999999987,5.000000000000004,5.199999999999997,5.800000000000007,6.2999999999999865
2022-05-16,4.25,4.200000000000002,2.5000000000000195,1.499999999999991,-0.9000000000000153,-1.7050000000000052,-1.0999999999999899,-2.795000000000002,-3.200000000000008,-2.694999999999989
2022-05-17,7.1099999999999985,9.300000000000002,9.699999999999987,8.30000000000001,9.800000000000017,9.294999999999998,7.249999999999982,9.095000000000024,8.799999999999988,7.750000000000014
2022-05-18,4.1600000000000055,3.4600000000000084,3.200000000000008,1.799999999999996,0.4999999999999796,-0.19999999999999185,-0.6500000000000082,-1.600000000000004,-2.0999999999999837,-2.730000000000024
2022-05-19,2.000000000000001,0.9649999999999936,0.2999999999999878,-0.2999999999999878,-1.399999999999995,-2.2900000000000005,-3.299999999999987,-3.700000000000023,-4.299999999999998,-5.324999999999982
2022-05-20,-1.5350000000000041,-6.099999999999994,-7.499999999999989,-6.100000000000012,-5.999999999999981,-5.205000000000001,-3.4950000000000085,-3.9999999999999933,-2.8000000000000247,-1.5050000000000132
2022-05-23,2.245000000000003,6.724999999999977,7.364999999999993,7.200000000000002,7.494999999999984,7.29500000000001,6.44500000000001,6.825000000000008,6.000000000000033,5.754999999999996
2022-05-24,0.1299999999999999,-3.4249999999999905,-5.964999999999998,-5.999999999999998,-5.194999999999991,-4.734999999999999,-5.350000000000008,-4.924999999999999,-4.700000000000017,-4.650000000000001
2022-05-25,0.7449999999999991,-1.3050000000000042,-0.07500000000000562,0.400000000000001,0.7999999999999847,0.8999999999999807,2.100000000000001,2.400000000000006,2.4300000000000015,3.0000000000000164
2022-05-26,-1.510000000000001,-0.444999999999994,1.4750000000000179,1.7000000000000002,1.899999999999992,2.735000000000012,3.6500000000000075,4.200000000000002,4.769999999999983,5.205000000000001
2022-05-27,1.3599999999999983,1.849999999999994,0.6999999999999889,-0.5999999999999929,-1.499999999999991,-2.2000000000000144,-2.749999999999992,-3.1000000000000125,-3.2199999999999935,-3.610000000000002
2022-05-30,3.684999999999999,7.904999999999996,8.015,7.400000000000011,6.695000000000017,6.154999999999998,5.499999999999984,5.00500000000001,4.620000000000006,5.355000000000013
2022-05-31,3.024999999999998,5.340000000000015,5.760000000000002,6.199999999999973,5.899999999999985,7.250000000000017,6.400000000000016,6.499999999999978,7.600000000000002,6.745000000000015
2022-06-01,3.3600000000000034,6.159999999999985,7.124999999999996,6.7000000000000215,7.280000000000012,5.2949999999999875,5.999999999999998,5.999999999999998,4.860000000000003,4.599999999999952
2022-06-02,3.9599999999999964,5.895000000000015,7.00000000000001,8.1,7.624999999999993,7.3450000000000255,6.799999999999966,6.095000000000024,5.549999999999999,5.405000000000028
2022-06-03,4.110000000000007,5.699999999999993,6.099999999999994,5.000000000000004,4.700000000000017,4.339999999999969,4.000000000000011,3.799999999999984,3.739999999999993,3.099999999999978
2022-06-06,2.429999999999993,2.8749999999999956,2.320000000000013,2.999999999999982,3.4949999999999912,4.250000000000018,3.500000000000031,3.595000000000022,3.7500000000000036,4.6550000000000065
2022-06-07,1.83,-0.4099999999999937,-1.4550000000000154,-1.899999999999992,-1.3900000000000023,-3.070000000000017,-1.799999999999996,-1.6900000000000248,-1.999999999999988,-1.9600000000000173
2022-06-08,2.9800000000000053,2.760000000000002,3.5299999999999914,4.099999999999972,4.399999999999994,5.14500000000001,4.899999999999974,5.1000000000000005,5.674999999999986,5.100000000000035
2022-06-09,10.709999999999999,14.799999999999986,13.590000000000009,12.800000000000033,10.895000000000001,10.485000000000008,9.399999999999999,8.695000000000022,7.624999999999993,7.30999999999999
2022-06-10,9.479999999999992,11.600000000000014,11.81999999999999,11.29999999999999,11.024999999999993,10.970000000000008,9.025000000000006,8.204999999999982,8.219999999999999,7.200000000000019
2022-06-13,10.270000000000001,21.469999999999995,22.940000000000044,21.475,19.974999999999994,18.34499999999996,18.775000000000006,18.294999999999977,17.26000000000002,16.900000000000006
2022-06-14,17.140000000000004,20.92,19.009999999999966,19.02499999999998,19.395000000000003,21.125000000000032,21.925,22.845000000000017,24.369999999999983,24.769999999999964
2022-06-15,-12.06999999999998,-23.815000000000015,-23.054999999999986,-20.599999999999994,-18.294999999999977,-27.77999999999999,-17.625,-17.245000000000005,-17.45,-16.980000000000015
2022-06-16,10.169999999999987,8.300000000000043,8.699999999999992,8.95,8.95,17.669999999999977,8.049999999999967,7.500000000000007,6.850000000000016,6.20500000000003
2022-06-17,-5.070000000000005,-8.200000000000014,-7.699999999999998,-8.649999999999977,-9.750000000000002,-8.219999999999999,-8.649999999999977,-8.899999999999984,-7.740000000000038,-8.30000000000001
2022-06-20,1.410000000000005,6.145000000000005,6.999999999999992,9.499999999999995,9.499999999999995,8.90000000000002,9.59999999999999,9.719999999999972,8.640000000000036,9.499999999999995
2022-06-21,-0.029999999999995308,0.5549999999999653,0.3999999999999837,-0.10000000000003062,1.899999999999992,1.8499999999999766,2.0999999999999837,1.9800000000000373,1.6599999999999948,3.2249999999999988
2022-06-22,-3.3600000000000123,-8.969999999999985,-10.72,-11.319999999999975,-12.700000000000003,-12.44999999999996,-12.699999999999969,-12.32500000000001,-12.209999999999999,-13.324999999999969
2022-06-23,-10.784999999999997,-20.689999999999998,-27.279999999999976,-27.580000000000002,-25.79999999999999,-24.700000000000035,-23.700000000000006,-23.175,-21.99999999999997,-21.300000000000033
2022-06-24,-5.2650000000000095,-5.240000000000002,-1.4000000000000123,-0.9750000000000036,-1.5500000000000236,-0.800000000000002,0.7000000000000062,0.5999999999999756,2.0199999999999734,2.300000000000045
2022-06-27,4.25,11.289999999999997,13.535000000000005,11.574999999999989,12.150000000000007,12.530000000000006,11.474999999999993,11.100000000000033,10.955000000000027,10.199999999999966
2022-06-28,3.66,4.079999999999987,3.7650000000000183,5.700000000000011,6.500000000000012,6.369999999999987,6.1250000000000195,7.29999999999998,7.074999999999963,7.300000000000015
2022-06-29,-2.520000000000005,-7.369999999999981,-8.809999999999999,-9.374999999999973,-9.650000000000006,-9.02,-7.775000000000004,-7.2900000000000045,-6.700000000000005,-6.099999999999994
2022-06-30,-9.939999999999984,-19.375,-20.69000000000003,-20.525000000000023,-19.850000000000005,-17.379999999999963,-19.325000000000003,-18.71000000000001,-18.949999999999974,-18.20000000000002
2022-07-01,-10.65000000000001,-14.52499999999999,-15.3,-14.599999999999994,-13.199999999999983,-15.060000000000038,-11.800000000000004,-11.000000000000004,-10.790000000000001,-9.499999999999995
2022-07-04,8.290000000000008,12.799999999999981,13.350000000000028,12.299999999999985,11.199999999999994,11.120000000000019,11.099999999999998,10.900000000000007,11.189999999999985,12.549999999999992
2022-07-05,-7.32,-14.099999999999998,-14.985000000000015,-13.44999999999999,-12.35,-11.459999999999978,-11.399999999999986,-11.189999999999985,-11.029999999999998,-12.649999999999988
2022-07-06,0.17999999999999788,-3.9750000000000028,-4.8999999999999915,-4.749999999999997,-4.149999999999987,-1.020000000000014,-4.800000000000012,-4.900000000000008,-4.869999999999979,-5.199999999999997
2022-07-07,8.3,14.500000000000016,14.935,13.500000000000005,11.700000000000008,8.30000000000001,11.099999999999998,10.690000000000005,10.200000000000001,10.000000000000009
2022-07-08,4.145,-1.1249999999999976,-1.8000000000000134,-0.09999999999999593,1.1999999999999857,1.7199999999999855,2.79999999999999,3.099999999999978,3.5749999999999673,3.9000000000000146
2022-07-11,0.2700000000000098,-4.800000000000012,-7.00000000000001,-8.400000000000022,-7.200000000000019,-7.300000000000015,-7.659999999999993,-6.899999999999961,-7.0749999999999975,-7.175000000000028
2022-07-12,-5.955000000000005,-8.400000000000004,-8.299999999999992,-7.899999999999991,-8.599999999999996,-9.125000000000002,-9.639999999999995,-10.100000000000005,-10.149999999999986,-11.024999999999993
2022-07-13,6.5299999999999905,6.100000000000012,5.800000000000007,4.100000000000007,1.799999999999996,0.7249999999999965,0.4999999999999796,-0.7000000000000062,-1.575000000000014,-1.899999999999992
2022-07-14,7.249999999999999,6.399999999999982,6.200000000000007,5.299999999999992,6.500000000000012,3.0000000000000164,4.500000000000025,5.499999999999984,2.725000000000019,4.299999999999998
2022-07-15,3.0849999999999973,-0.999999999999994,-2.5000000000000195,-3.1000000000000125,-4.299999999999998,-1.0999999999999899,-3.7500000000000036,-4.399999999999994,-1.7000000000000002,-3.699999999999988
2022-07-18,0.6050000000000153,4.100000000000007,4.800000000000012,6.3999999999999995,5.800000000000007,5.699999999999976,6.4499999999999975,5.299999999999992,5.000000000000004,5.8999999999999675
2022-07-19,8.919999999999987,11.350000000000007,11.400000000000004,9.900000000000013,9.59999999999999,8.45000000000002,7.600000000000002,7.500000000000007,6.800000000000001,5.900000000000037
2022-07-20,3.3900000000000077,-1.3750000000000047,-1.799999999999996,-2.400000000000006,-2.999999999999982,-4.049999999999991,-3.1499999999999932,-3.3000000000000043,-4.300000000000033,-3.300000000000039
2022-07-21,4.4899999999999975,5.225000000000004,2.79999999999999,2.500000000000002,2.1999999999999797,0.999999999999994,-0.05000000000001531,-0.7000000000000062,-0.6999999999999715,-2.400000000000006
2022-07-22,-8.940000000000007,-18.600000000000005,-21.499999999999993,-21.89999999999999,-21.499999999999993,-20.700000000000024,-18.89999999999999,-18.09999999999999,-16.50000000000002,-16.299999999999994
2022-07-25,-5.659999999999988,-5.400000000000006,-4.699999999999999,-4.600000000000003,-4.950000000000006,-3.039999999999987,-4.299999999999998,-4.189999999999992,-4.299999999999998,-3.4000000000000004
2022-07-26,-3.5800000000000067,-5.0500000000000025,-5.999999999999998,-7.549999999999987,-8.850000000000003,-8.459999999999996,-8.800000000000006,-8.410000000000014,-8.39999999999997,-8.699999999999992
2022-07-27,6.589999999999999,8.25000000000001,8.479999999999999,6.949999999999977,6.900000000000014,5.299999999999992,3.8999999999999972,3.3000000000000043,2.3999999999999715,1.899999999999992
2022-07-28,-8.69,-14.700000000000008,-14.579999999999993,-13.799999999999994,-14.00000000000002,-13.699999999999998,-11.499999999999982,-11.099999999999998,-10.800000000000011,-9.399999999999999
2022-07-29,-0.009999999999992654,0.30000000000002247,-0.400000000000001,-0.7000000000000062,-0.09999999999997858,0.5000000000000143,-1.399999999999995,-0.899999999999998,-0.4999999999999796,-1.7000000000000002
2022-08-01,0.5699999999999976,0.7099999999999815,0.5249999999999873,-0.2999999999999878,-1.3000000000000165,-1.600000000000004,-0.800000000000002,-1.9000000000000092,-1.999999999999988,-1.5249999999999986
2022-08-02,2.4300000000000015,4.3900000000000015,4.475000000000017,5.600000000000015,5.500000000000002,4.9700000000000095,4.399999999999977,4.400000000000012,4.024999999999966,2.7500000000000093
2022-08-03,3.5199999999999987,5.500000000000002,6.499999999999996,5.899999999999985,5.999999999999998,5.2299999999999915,4.675000000000009,3.9000000000000146,3.275000000000014,3.1749999999999834
2022-08-04,-1.4799999999999882,-2.9000000000000035,-5.000000000000004,-5.699999999999993,-6.3999999999999995,-6.500000000000012,-7.174999999999994,-5.90000000000002,-5.499999999999984,-6.399999999999982
2022-08-05,8.129999999999995,13.799999999999994,16.299999999999994,17.199999999999992,17.20000000000001,17.0,18.10000000000001,16.30000000000001,15.829999999999975,17.600000000000012
2022-08-08,0.7099999999999989,-3.099999999999978,-4.000000000000011,-3.800000000000001,-4.000000000000011,-3.6299999999999875,-4.200000000000002,-4.299999999999998,-4.129999999999967,-4.420000000000014
2022-08-09,2.5199999999999876,3.89999999999998,4.000000000000011,3.07,3.200000000000008,3.2300000000000035,3.099999999999978,3.499999999999996,3.4000000000000004,2.920000000000006
2022-08-10,0.6999999999999889,-2.199999999999997,-2.199999999999997,-3.270000000000009,-2.999999999999999,-2.7000000000000286,-3.699999999999988,-2.400000000000006,-1.9500000000000073,-2.9699999999999864
2022-08-11,0.25000000000002454,4.000000000000011,3.4000000000000004,5.100000000000017,4.099999999999989,4.400000000000029,6.700000000000005,5.399999999999988,5.450000000000004,7.369999999999981
2022-08-12,1.0499999999999918,3.9999999999999933,4.609999999999996,3.099999999999995,2.900000000000021,1.6999999999999655,0.09999999999999593,0.10000000000003062,-0.5000000000000143,-1.5000000000000082
2022-08-15,-4.980000000000002,-6.899999999999997,-7.910000000000018,-7.800000000000011,-8.150000000000015,-7.999999999999969,-8.5,-8.599999999999996,-8.799999999999988,-8.400000000000004
2022-08-16,1.1800000000000006,2.9000000000000035,4.200000000000002,3.6000000000000094,3.9499999999999953,4.074999999999998,4.49999999999999,4.799999999999978,5.299999999999992,4.900000000000008
2022-08-17,10.100000000000005,15.700000000000003,15.800000000000033,15.650000000000004,13.700000000000014,12.764999999999999,12.999999999999991,11.399999999999986,10.60000000000002,11.199999999999994
2022-08-18,6.099999999999994,5.699999999999976,4.799999999999978,4.550000000000005,5.499999999999984,4.760000000000007,2.900000000000021,4.000000000000011,3.5999999999999575,1.899999999999992
2022-08-19,6.829999999999996,8.600000000000032,11.999999999999996,12.299999999999985,12.200000000000024,12.199999999999989,12.799999999999999,12.899999999999995,13.199999999999983,13.100000000000021
2022-08-22,9.370000000000003,14.799999999999986,13.799999999999994,14.499999999999998,14.149999999999995,13.93000000000002,13.200000000000017,11.9,11.20000000000003,11.399999999999986
2022-08-23,-0.3500000000000031,-1.7000000000000002,-1.799999999999996,-1.4999999999999736,-0.8500000000000174,-0.13000000000002593,1.2999999999999816,2.3000000000000105,2.9749999999999917,3.4000000000000004
2022-08-24,6.000000000000016,6.999999999999992,7.200000000000019,7.3250000000000055,7.000000000000027,7.565000000000002,7.399999999999976,7.099999999999988,7.125000000000013,7.400000000000011
2022-08-25,-1.3200000000000192,-5.399999999999988,-6.899999999999997,-7.925000000000015,-7.900000000000025,-8.265000000000008,-8.099999999999982,-7.499999999999972,-7.300000000000015,-7.500000000000007
2022-08-26,10.370000000000015,11.999999999999996,10.899999999999972,13.099999999999987,13.100000000000021,11.660000000000004,11.950000000000017,10.49999999999999,10.67499999999999,10.599999999999984
2022-08-29,15.730000000000015,15.3,15.000000000000014,12.899999999999995,12.600000000000007,13.039999999999996,12.449999999999996,12.899999999999995,12.025000000000022,11.900000000000036
2022-08-30,8.039999999999992,5.199999999999997,3.0000000000000164,1.7000000000000348,0.5999999999999756,0.10000000000003062,-0.5749999999999853,-1.0999999999999899,-1.3000000000000165,-1.400000000000047
2022-08-31,3.3299999999999996,4.199999999999967,3.3999999999999657,2.5999999999999632,2.2000000000000144,2.0749999999999935,1.5749999999999793,1.4000000000000123,1.400000000000047,1.4750000000000527
2022-09-01,0.23999999999999716,-2.1999999999999797,-2.4999999999999676,-1.600000000000004,-0.800000000000002,0.3250000000000128,1.3799999999999923,1.999999999999988,2.6949999999999545,3.224999999999964
2022-09-02,-2.1699999999999844,-6.700000000000005,-6.999999999999992,-6.099999999999994,-7.000000000000027,-6.800000000000001,-5.080000000000015,-4.299999999999998,-5.594999999999975,-3.5499999999999767
2022-09-05,4.849999999999993,10.400000000000027,12.099999999999993,10.69999999999998,11.9,11.499999999999948,10.000000000000009,9.399999999999999,11.210000000000004,9.459999999999988
2022-09-06,0.789999999999992,0.19999999999999185,1.3999999999999777,2.520000000000057,3.799999999999984,3.1000000000000125,3.849999999999999,4.299999999999998,4.089999999999962,3.88999999999997
2022-09-07,-0.4900000000000043,-4.625000000000011,-5.59999999999998,-6.345000000000031,-6.999999999999957,-6.950000000000012,-8.824999999999978,-9.375000000000009,-9.949999999999994,-10.399999999999958
2022-09-08,9.779999999999998,11.22500000000002,10.124999999999961,10.72500000000004,10.999999999999968,11.050000000000018,10.474999999999998,10.075000000000015,9.97500000000002,9.399999999999999
2022-09-09,4.325000000000023,1.1749999999999954,0.7750000000000118,-0.6000000000000449,-1.3999999999999777,-1.600000000000004,-1.0999999999999899,-1.0999999999999899,-1.2749999999999915,-1.0000000000000286
2022-09-12,2.79499999999995,-0.5499999999999949,-2.899999999999986,-3.374999999999975,-3.9250000000000047,-4.760000000000007,-5.399999999999988,-5.725000000000035,-6.450000000000032,-6.499999999999978
2022-09-13,10.360000000000023,11.775000000000015,12.600000000000007,12.174999999999999,11.424999999999978,10.960000000000033,10.49999999999999,9.925000000000002,9.780000000000031,9.10000000000001
2022-09-14,4.1399999999999775,5.275000000000002,4.49999999999999,2.699999999999994,1.400000000000047,1.309999999999957,0.2999999999999878,-0.19999999999999185,-0.5549999999999999,-1.0000000000000286
2022-09-15,7.980000000000001,9.224999999999998,7.999999999999987,6.414999999999997,5.199999999999997,3.6550000000000122,3.254999999999994,2.3949999999999667,1.8500000000000114,1.3149999999999968
2022-09-16,0.3300000000000525,-2.600000000000033,-4.49999999999999,-3.5150000000000112,-3.500000000000031,-3.564999999999992,-3.3549999999999898,-3.0749999999999527,-2.5750000000000424,-2.915000000000001
2022-09-19,8.81999999999994,8.799999999999988,7.7999999999999945,6.800000000000035,6.400000000000016,6.18500000000001,5.199999999999997,4.679999999999997,3.95000000000003,5.000000000000039
2022-09-20,4.190000000000027,8.599999999999996,11.000000000000037,11.249999999999975,11.600000000000014,11.415000000000001,11.949999999999982,12.099999999999993,12.099999999999993,11.099999999999964
2022-09-21,5.990000000000023,9.200000000000006,9.399999999999963,7.074999999999963,5.600000000000015,4.400000000000029,3.1499999999999932,2.299999999999976,1.500000000000043,0.4000000000000184
2022-09-22,2.479999999999982,5.100000000000035,6.6000000000000085,8.875000000000028,9.599999999999955,9.599999999999955,8.925000000000043,8.5,7.599999999999933,7.699999999999964
2022-09-23,6.595000000000003,13.399999999999974,15.3,13.699999999999998,11.9,10.730000000000045,10.574999999999994,9.700000000000056,9.350000000000017,8.600000000000032
2022-09-26,3.90500000000002,8.5,11.500000000000018,12.700000000000038,14.52499999999999,18.65999999999996,15.624999999999979,16.074999999999942,16.2,16.124999999999993
2022-09-27,2.6399999999999686,2.400000000000006,4.199999999999967,6.575000000000018,8.30000000000001,5.835000000000007,11.075000000000008,12.200000000000024,13.225000000000007,14.049999999999965
2022-09-28,-7.249999999999999,-12.024999999999988,-11.499999999999982,-9.850000000000032,-9.924999999999969,-7.750000000000014,-7.699999999999998,-7.165000000000019,-6.6000000000000085,-5.829999999999967
2022-09-29,-5.240000000000002,-8.575000000000006,-8.499999999999966,-5.400000000000023,-1.935000000000027,0.16500000000002624,1.5000000000000082,2.5899999999999883,3.6450000000000022,4.45499999999998
2022-09-30,-0.959999999999954,-3.5250000000000212,-4.400000000000029,-5.4249999999999785,-6.66499999999997,-7.140000000000028,-6.800000000000001,-6.800000000000001,-6.76999999999997,-6.699999999999935
2022-10-03,-10.700000000000049,-15.77499999999999,-18.89000000000002,-19.15500000000004,-19.580000000000013,-19.85999999999998,-19.30000000000001,-19.199999999999946,-19.27500000000002,-19.200000000000017
2022-10-04,-4.324999999999989,-6.500000000000012,-6.610000000000019,-7.1199999999999735,-6.76000000000003,-6.689999999999994,-6.950000000000012,-6.650000000000024,-6.124999999999985,-6.19999999999999
2022-10-05,3.3150000000000195,9.70000000000002,12.899999999999995,13.574999999999976,14.11500000000003,14.519999999999984,14.225000000000037,14.299999999999972,14.07499999999999,14.09999999999998
2022-10-06,14.479999999999979,16.30000000000003,15.67500000000003,15.000000000000014,14.459999999999994,13.530000000000001,13.199999999999948,13.150000000000002,12.525000000000002,11.9
2022-10-07,7.169999999999989,8.799999999999955,9.925000000000002,11.099999999999998,11.465000000000018,11.69,11.89500000000003,11.550000000000066,11.77499999999998,12.21499999999997
2022-10-10,4.150000000000022,4.800000000000012,6.700000000000039,7.525000000000031,9.300000000000002,10.370000000000031,11.029999999999998,11.649999999999993,12.225000000000014,13.030000000000056
2022-10-11,0.019999999999985307,-4.200000000000002,-6.250000000000005,-5.850000000000022,-5.59999999999998,-4.850000000000063,-4.025,-3.300000000000039,-2.874999999999961,-2.484999999999987
2022-10-12,-2.4099999999999815,-2.7249999999999845,-1.050000000000044,-2.549999999999983,-2.7000000000000286,-1.8599999999999173,-1.7500000000000155,-1.2250000000000454,-0.950000000000048,-0.5350000000000493
2022-10-13,4.159999999999997,5.124999999999991,3.0000000000000164,2.4749999999999774,0.800000000000002,-0.4500000000000337,-1.9249999999999823,-2.639999999999934,-3.254999999999994,-4.294999999999993
2022-10-14,2.6399999999999686,1.7500000000000155,1.600000000000004,2.1550000000000042,3.065000000000012,3.049999999999997,4.405000000000034,4.4649999999999554,4.979999999999984,5.520000000000039
2022-10-17,-0.3799999999999984,-0.05000000000001531,-2.149999999999999,-2.2849999999999953,-2.2400000000000198,-3.089999999999968,-4.680000000000032,-5.764999999999937,-6.525000000000003,-7.250000000000034
2022-10-18,-0.899999999999998,-3.4000000000000004,-3.049999999999997,-3.720000000000008,-4.369999999999999,-4.885000000000063,-4.629999999999981,-4.685000000000036,-4.8749999999999485,-4.8250000000000375
2022-10-19,5.290000000000017,7.499999999999972,8.84999999999997,7.724999999999989,7.194999999999979,7.4950000000000365,6.629999999999969,6.374999999999992,6.12499999999995,5.790000000000031
2022-10-20,3.3300000000000343,4.775000000000023,5.1500000000000155,4.050000000000026,3.0000000000000164,3.8549999999999693,2.899999999999986,3.4000000000000004,3.3500000000000196,3.284999999999955
2022-10-21,-6.040000000000004,-10.77500000000002,-11.29999999999999,-8.725000000000017,-6.724999999999995,-7.225000000000009,-4.324999999999954,-3.92499999999997,-2.904999999999991,-2.0349999999999535
2022-10-24,-1.1100000000000345,-4.800000000000012,-4.974999999999979,-7.3250000000000055,-6.975000000000002,-7.324999999999935,-9.875000000000023,-10.300000000000031,-9.245000000000017,-9.865000000000013
2022-10-25,-5.014999999999985,-5.399999999999953,-8.775000000000032,-9.099999999999977,-12.174999999999999,-13.415000000000024,-12.369999999999985,-13.074999999999996,-15.000000000000014,-15.349999999999982
2022-10-26,-2.3950000000000014,-4.800000000000012,-4.910000000000019,-4.170000000000007,-3.4000000000000004,-3.4099999999999757,-3.5550000000000166,-3.3249999999999598,-3.6149999999999722,-3.249999999999989
2022-10-27,-10.100000000000039,-15.125,-15.589999999999979,-16.11500000000002,-16.875000000000014,-15.85000000000003,-15.000000000000014,-14.215000000000027,-13.190000000000007,-12.749999999999984
2022-10-28,5.830000000000002,13.825000000000017,15.849999999999996,16.51000000000003,17.300000000000022,16.375,15.3,14.414999999999983,13.580000000000016,12.899999999999995
2022-10-31,8.640000000000036,6.299999999999952,5.250000000000046,4.075000000000016,3.4249999999999905,5.149999999999981,4.000000000000011,4.324999999999989,4.674999999999957,4.949999999999955
2022-11-01,2.449999999999987,1.2000000000000206,-0.15000000000001124,-0.5750000000000546,-1.2250000000000107,-2.2849999999999953,-1.0000000000000286,-0.8549999999999878,-0.974999999999969,-0.7499999999999868
2022-11-02,3.040000000000022,3.0000000000000164,2.114999999999999,1.9000000000000266,1.4000000000000123,0.460000000000009,0.5350000000000146,0.5800000000000249,-0.09999999999999593,-0.09999999999999593
2022-11-03,5.9199999999999875,8.599999999999996,9.684999999999972,9.59999999999999,10.299999999999962,10.100000000000005,9.765000000000017,9.549999999999976,8.839999999999995,8.90000000000002
2022-11-04,5.260000000000022,5.1000000000000005,4.049999999999991,3.704999999999993,2.9000000000000554,2.999999999999982,3.275000000000014,2.5999999999999983,4.070000000000011,3.099999999999978
2022-11-07,2.9299999999999464,2.1999999999999797,0.6800000000000208,0.9950000000000236,1.8549999999999818,1.2999999999999816,0.7249999999999965,0.7700000000000068,0.28000000000000247,0.7599999999999968
2022-11-08,-0.059999999999990616,-3.249999999999989,-4.53000000000002,-6.300000000000021,-7.995000000000016,-8.199999999999978,-8.525000000000025,-8.589999999999986,-8.715000000000007,-8.96000000000001
2022-11-09,-3.259999999999999,-8.649999999999977,-10.599999999999984,-11.399999999999986,-11.76,-11.999999999999996,-12.174999999999999,-12.38000000000003,-12.375000000000025,-12.224999999999978
2022-11-10,-6.4299999999999775,-11.150000000000015,-12.449999999999996,-13.874999999999998,-14.399999999999968,-14.69999999999999,-14.09999999999998,-13.799999999999994,-13.329999999999973,-12.624999999999996
2022-11-11,3.5749999999999673,6.650000000000024,6.550000000000028,7.674999999999973,8.299999999999974,8.699999999999992,8.299999999999974,8.300000000000043,8.029999999999982,7.850000000000009
2022-11-14,2.505000000000042,1.0499999999999745,0.09999999999996123,-0.8750000000000078,-1.449999999999993,-1.799999999999996,-1.8249999999999864,-1.7250000000000252,-1.825000000000021,-1.9000000000000266
2022-11-15,-4.070000000000011,-4.550000000000005,-5.1000000000000005,-5.064999999999966,-5.2500000000000115,-5.474999999999993,-5.67500000000002,-6.049999999999979,-5.999999999999964,-6.22499999999998
2022-11-16,-0.17000000000003124,-3.1000000000000125,-3.5699999999999967,-6.059999999999989,-6.899999999999997,-7.824999999999985,-8.299999999999974,-7.725000000000024,-8.134999999999982,-8.494999999999996
2022-11-17,0.31000000000003247,2.500000000000037,2.970000000000021,4.3999999999999595,4.249999999999983,4.869999999999944,4.825000000000003,4.000000000000011,4.234999999999968,3.819999999999969
2022-11-18,1.5749999999999793,0.399999999999949,0.5999999999999756,1.1900000000000106,2.249999999999995,1.480000000000023,1.1900000000000106,0.8999999999999633,0.05500000000002031,0.3099999999999978
2022-11-21,-0.22500000000001685,-0.8749999999999383,-1.5000000000000082,-1.915000000000007,-2.6999999999999593,-2.5799999999999783,-2.490000000000027,-2.6999999999999593,-2.5299999999999976,-2.710000000000004
2022-11-22,-0.3499999999999684,-2.175000000000059,-2.449999999999987,-2.849999999999971,-3.200000000000008,-3.200000000000008,-3.4749999999999712,-3.6650000000000222,-3.700000000000023,-3.8999999999999453
2022-11-23,2.689999999999984,2.350000000000026,1.6199999999999894,0.26000000000001716,-1.2999999999999816,-2.2000000000000144,-2.950000000000001,-3.5349999999999966,-3.9749999999999854,-4.600000000000056
2022-11-24,-1.1299999999999852,-3.2999999999999696,-5.06999999999997,-6.2850000000000055,-7.1500000000000385,-7.769999999999964,-8.000000000000021,-7.899999999999991,-8.225000000000003,-8.199999999999978
2022-11-25,2.710000000000004,6.64999999999999,6.800000000000001,8.074999999999957,8.550000000000017,8.869999999999989,9.575,9.399999999999963,9.324999999999992,9.324999999999992
2022-11-28,2.7299999999999893,1.8500000000000114,2.5499999999999483,2.3650000000000406,2.79999999999999,2.9549999999999716,2.350000000000026,2.475000000000012,2.704999999999999,2.925000000000011
2022-11-29,-3.249999999999989,-4.900000000000008,-4.650000000000001,-5.04000000000001,-5.199999999999997,-4.899999999999974,-3.9550000000000347,-3.3000000000000043,-2.6299999999999937,-2.2000000000000144
2022-11-30,-0.8900000000000228,-1.5000000000000082,-1.6999999999999655,-1.7000000000000002,-1.600000000000004,-1.6550000000000245,-1.6949999999999952,-1.7499999999999807,-1.8000000000000307,-1.6599999999999948
2022-12-01,-5.234999999999997,-9.504999999999999,-11.459999999999978,-12.309999999999995,-12.309999999999995,-12.369999999999985,-12.250000000000004,-12.32500000000001,-11.924999999999956,-11.989999999999986
2022-12-02,4.5450000000000355,8.004999999999992,8.25999999999997,8.209999999999988,7.0100000000000025,6.599999999999974,5.725000000000035,5.475000000000028,4.725000000000007,4.399999999999994
2022-12-05,2.5299999999999976,2.699999999999994,3.0000000000000164,2.6249999999999885,3.499999999999996,3.4299999999999957,2.574999999999973,2.475000000000012,2.4049999999999767,2.0499999999999687
2022-12-06,-1.999999999999988,-4.4199999999999795,-5.350000000000008,-5.700000000000011,-5.999999999999998,-6.4299999999999775,-5.924999999999993,-6.23500000000006,-6.304999999999991,-6.349999999999967
2022-12-07,-1.1900000000000452,-2.380000000000021,-2.525000000000027,-2.23499999999998,-2.125000000000009,-2.0999999999999837,-1.460000000000003,-1.3149999999999968,-1.0299999999999891,-0.7000000000000062
2022-12-08,1.600000000000004,2.720000000000014,4.425000000000054,3.860000000000009,4.275000000000008,4.769999999999983,3.1849999999999934,3.0750000000000224,2.549999999999983,2.4749999999999774
2022-12-09,2.249999999999995,4.129999999999967,3.649999999999973,5.2749999999999675,5.499999999999984,5.2299999999999915,6.005000000000038,6.000000000000033,6.129999999999989,5.725000000000035
2022-12-12,5.15000000000005,6.600000000000043,7.699999999999998,5.9750000000000085,4.650000000000001,4.229999999999998,3.5949999999999522,2.83499999999999,2.0749999999999935,1.5400000000000136
2022-12-13,-4.6100000000000305,-6.050000000000049,-5.000000000000004,-2.5299999999999976,-1.0999999999999552,-1.1499999999999706,-0.09999999999999593,0.414999999999964,0.7500000000000215,1.1599999999999457
2022-12-14,1.025000000000019,-1.0249999999999844,-2.699999999999994,-3.5699999999999967,-3.860000000000044,-3.5800000000000067,-3.9250000000000047,-3.5749999999999673,-3.8750000000000244,-4.099999999999972
2022-12-15,13.094999999999981,18.525000000000034,18.19999999999999,17.800000000000004,18.46000000000004,18.09999999999999,14.475000000000044,14.009999999999994,13.070000000000025,11.9
2022-12-16,8.920000000000003,9.199999999999973,7.400000000000011,7.300000000000015,5.674999999999986,5.9750000000000085,8.99999999999998,8.239999999999984,8.804999999999993,9.375000000000009
2022-12-19,2.79999999999999,2.324999999999966,1.600000000000004,1.5099999999999836,1.8249999999999864,1.0749999999999995,2.3250000000000006,2.6249999999999885,2.83499999999999,3.200000000000008
2022-12-20,6.109999999999969,6.875000000000006,7.249999999999999,7.6900000000000235,8.074999999999992,9.350000000000017,8.400000000000004,8.775000000000032,9.365000000000032,9.450000000000014
2022-12-21,3.5750000000000366,3.5500000000000806,4.499999999999956,4.724999999999972,4.725000000000007,4.170000000000007,4.974999999999979,4.349999999999979,3.9049999999999847,4.224999999999958
2022-12-22,3.625000000000017,3.549999999999942,3.0250000000000417,3.5750000000000366,4.075000000000016,4.359999999999954,4.150000000000022,4.900000000000008,5.2800000000000065,5.000000000000039
2022-12-23,3.9000000000000146,5.600000000000049,6.824999999999956,6.2999999999999865,6.024999999999954,5.590000000000039,4.574999999999996,4.050000000000026,3.5299999999999914,2.6499999999999786
2022-12-27,3.4999999999999614,4.949999999999955,6.470000000000087,7.535000000000042,8.51500000000005,9.55000000000001,10.04999999999999,10.499999999999954,10.980000000000018,11.72999999999997
2022-12-28,-0.7599999999999968,-3.249999999999989,-4.270000000000038,-4.1350000000000415,-3.7150000000000376,-3.4700000000000006,-3.179999999999988,-3.1749999999999834,-3.2100000000000186,-3.0550000000000024
2022-12-29,-1.8149999999999418,-2.190000000000039,-2.009999999999998,-3.4499999999999806,-5.199999999999997,-5.375000000000033,-5.369999999999993,-5.425000000000013,-5.560000000000009,-5.874999999999978
2022-12-30,0.7399999999999074,3.7900000000000436,5.409999999999998,7.649999999999949,10.100000000000039,10.275000000000006,10.649999999999931,11.060000000000029,11.410000000000032,11.880000000000015
2023-01-02,-1.4149999999999578,-5.500000000000019,-8.400000000000004,-10.10999999999998,-12.100000000000028,-12.600000000000007,-12.85999999999992,-13.330000000000009,-13.210000000000027,-13.680000000000012
2023-01-03,-1.8800000000000066,-4.229999999999998,-5.625000000000005,-6.659999999999999,-7.300000000000015,-7.989999999999976,-8.51000000000001,-7.830000000000024,-8.094999999999978,-7.7999999999999945
2023-01-04,-2.720000000000014,-7.170000000000024,-9.074999999999985,-10.77500000000002,-11.899999999999967,-11.780000000000019,-11.390000000000011,-11.19999999999996,-10.615000000000034,-10.000000000000009
2023-01-05,2.7749999999999995,4.025,5.199999999999997,5.220000000000017,5.324999999999982,5.194999999999991,5.385000000000008,5.074999999999975,4.930000000000004,4.825000000000003
2023-01-06,0.28500000000000747,-2.1749999999999545,-5.000000000000004,-6.074999999999969,-7.425000000000001,-7.92499999999998,-7.9500000000000055,-8.674999999999967,-8.920000000000003,-9.025000000000006
2023-01-09,1.1400000000000299,0.15000000000001124,0.2999999999999878,-0.025000000000025002,1.0500000000000091,1.5249999999999986,0.899999999999998,1.4249999999999678,1.449999999999993,1.600000000000004
2023-01-10,3.224999999999964,2.3999999999999715,1.8500000000000114,3.200000000000008,4.0749999999999815,4.2450000000000125,4.749999999999997,4.974999999999979,5.125000000000026,5.1500000000000155
2023-01-11,-3.599999999999992,-7.37500000000002,-10.15000000000002,-11.574999999999989,-12.724999999999959,-12.785000000000018,-12.975,-13.150000000000002,-13.150000000000002,-13.06500000000002
2023-01-12,-2.745000000000039,-4.050000000000026,-4.599999999999986,-5.360000000000052,-5.985000000000053,-6.689999999999994,-6.675000000000014,-6.749999999999985,-6.82499999999999,-6.984999999999977
2023-01-13,4.930000000000073,3.850000000000034,2.950000000000001,2.1600000000000437,1.3350000000000515,1.5050000000000132,1.250000000000001,1.1000000000000245,0.8750000000000078,0.5499999999999949
2023-01-16,-1.9800000000000373,-2.3050000000000153,-2.3000000000000105,-1.7500000000000155,-0.6250000000000006,-0.7400000000000115,-0.5499999999999603,-0.17500000000000154,0.0,0.2999999999999878
2023-01-17,-5.919999999999953,-8.219999999999963,-8.224999999999968,-8.375000000000014,-8.850000000000039,-9.134999999999977,-8.300000000000043,-8.249999999999993,-7.895000000000055,-7.599999999999968
2023-01-18,-1.2700000000000211,-1.3999999999999777,-0.12500000000002093,-0.6999999999999715,-1.5749999999999793,-2.2250000000000396,-3.049999999999997,-3.550000000000046,-3.979999999999956,-4.300000000000033
2023-01-19,4.4199999999999795,5.799999999999937,5.199999999999997,4.975000000000014,5.600000000000015,5.200000000000031,5.425000000000013,5.000000000000039,3.8900000000000046,4.349999999999979
2023-01-20,4.429999999999989,5.625000000000005,6.099999999999994,7.79999999999996,8.330000000000004,9.300000000000002,8.829999999999984,9.105000000000016,10.10999999999998,9.600000000000025
2023-01-23,3.4400000000000404,4.574999999999996,5.575000000000024,4.875000000000018,4.5699999999999905,5.039999999999975,4.795000000000043,5.094999999999961,5.425000000000013,5.049999999999985
2023-01-24,-1.6549999999999898,-2.099999999999949,-2.3250000000000006,-1.925000000000017,-1.7000000000000348,-2.3499999999999908,-2.0250000000000474,-2.3049999999999806,-3.0050000000000217,-2.4500000000000215
2023-01-25,-0.7350000000000412,-2.3000000000000105,-2.2500000000000298,-1.575000000000014,-1.1999999999999857,-1.2650000000000508,-0.4749999999999546,-0.14500000000004093,0.3550000000000081,0.12500000000002093
2023-01-26,0.28500000000000747,2.2499999999999605,4.299999999999998,3.6000000000000267,3.7500000000000036,4.275000000000043,3.374999999999975,3.4750000000000405,3.425000000000025,3.5250000000000212
2023-01-27,2.0749999999999935,2.425000000000066,2.3000000000000105,2.695000000000024,2.525000000000027,2.5750000000000077,3.0900000000000025,2.899999999999986,2.7249999999999845,2.899999999999986
2023-01-30,4.644999999999996,6.824999999999956,7.500000000000007,7.804999999999965,7.949999999999971,7.899999999999991,7.509999999999982,7.249999999999999,7.150000000000004,6.64999999999999
2023-01-31,1.0450000000000044,-1.4000000000000123,-2.699999999999994,-3.025000000000007,-3.224999999999964,-3.124999999999968,-2.8500000000000054,-2.9499999999999664,-2.600000000000033,-2.4999999999999676
2023-02-01,2.360000000000001,1.0500000000000091,-0.05000000000001531,-0.399999999999949,-0.800000000000002,-1.070000000000064,-1.6499999999999848,-1.6250000000000293,-2.024999999999978,-2.4249999999999967
2023-02-02,-8.91999999999997,-15.999999999999973,-19.34999999999996,-21.400000000000066,-21.125000000000032,-19.239999999999952,-21.69999999999998,-20.799999999999986,-19.974999999999994,-19.75000000000001
2023-02-03,2.679999999999974,5.149999999999946,6.999999999999957,9.350000000000017,9.52500000000002,8.060000000000011,11.15999999999999,10.60499999999999,9.814999999999998,10.634999999999986
2023-02-06,3.4400000000000404,8.175000000000058,11.000000000000004,11.460000000000047,11.759999999999964,10.969999999999938,11.565000000000012,11.745000000000019,12.009999999999971,11.515000000000033
2023-02-07,2.9599999999999764,3.275000000000014,2.8000000000000247,3.4299999999999957,3.840000000000024,4.810000000000023,3.4000000000000004,3.3249999999999598,3.1900000000000333,2.9249999999999763
2023-02-08,2.015000000000003,-0.19999999999999185,-0.6100000000000203,-1.840000000000036,-2.7249999999999845,-4.154999999999992,-2.075000000000028,-2.0999999999999837,-1.8649999999999918,-1.7000000000000002
2023-02-09,2.0549999999999735,0.6499999999999562,-0.6899999999999962,-1.0249999999999844,-1.5500000000000236,0.23499999999999216,-2.699999999999994,-2.899999999999986,-3.3350000000000044,-3.599999999999992
2023-02-10,2.570000000000003,5.900000000000002,6.19999999999999,5.5950000000000095,5.275000000000002,3.840000000000024,5.180000000000011,4.599999999999986,4.604999999999956,4.860000000000003
2023-02-13,3.0300000000000464,3.0000000000000164,3.4499999999999806,3.1549999999999634,2.375000000000016,2.109999999999959,1.3699999999999823,1.4000000000000123,0.9350000000000678,0.5399999999999849
2023-02-14,3.939999999999916,8.089999999999971,9.250000000000021,9.545000000000039,9.925000000000002,9.370000000000038,9.10000000000001,8.599999999999996,8.31999999999996,7.999999999999987
2023-02-15,1.480000000000023,2.009999999999998,0.4749999999999893,0.6799999999999862,0.9499999999999786,1.6999999999999655,1.6499999999999848,2.1749999999999896,2.79999999999999,3.0750000000000224
2023-02-16,0.7499999999999868,0.5999999999999756,2.7749999999999995,1.8499999999999766,0.8500000000000174,0.7599999999999968,0.4200000000000037,0.27500000000003216,0.15000000000001124,-0.17500000000003624
2023-02-17,1.3700000000000516,-0.3999999999999837,-1.0249999999999844,-0.7000000000000062,-0.800000000000002,-1.9399999999999973,-1.8699999999999966,-2.149999999999999,-2.510000000000012,-2.6499999999999786
2023-02-20,0.25999999999998247,1.5750000000000486,1.999999999999988,2.5000000000000715,3.1000000000000125,3.400000000000035,3.3000000000000043,2.999999999999947,2.910000000000031,2.7500000000000093
2023-02-21,4.4399999999999995,5.624999999999936,6.615000000000023,6.499999999999978,6.499999999999978,7.024999999999983,7.000000000000027,7.000000000000062,6.999999999999957,6.999999999999992
2023-02-22,-2.1100000000000287,-1.9749999999999628,-1.840000000000036,-1.0399999999999991,-0.30000000000002247,-0.3250000000000475,0.2999999999999878,0.6799999999999515,0.8750000000000078,1.1400000000000299
2023-02-23,-0.28500000000000747,-0.3749999999999587,-0.899999999999998,-1.2600000000000111,-1.600000000000004,-2.0299999999999487,-2.3999999999999715,-2.279999999999956,-2.444999999999982,-2.5400000000000076
2023-02-24,6.625000000000034,11.349999999999971,11.400000000000022,9.230000000000002,7.500000000000007,6.880000000000011,6.809999999999941,6.189999999999945,5.744999999999986,5.700000000000011
2023-02-27,2.3899999999999615,5.199999999999997,5.199999999999997,5.345000000000002,5.800000000000042,5.175000000000041,5.515000000000033,6.010000000000043,6.175,5.899999999999933
2023-02-28,4.485000000000045,5.59999999999998,5.824999999999997,5.799999999999972,5.124999999999991,5.904999999999938,4.949999999999955,4.424999999999985,4.5699999999999905,4.300000000000067
2023-03-01,5.000000000000004,6.2750000000000306,6.175,6.675000000000014,7.674999999999973,7.144999999999999,6.700000000000039,6.349999999999967,5.810000000000051,5.749999999999991
2023-03-02,4.6349999999999865,2.2749999999999853,2.1249999999999742,2.4500000000000215,2.7749999999999995,3.3500000000000196,3.405000000000005,3.825000000000009,4.045000000000021,4.175000000000012
2023-03-03,-0.4200000000000037,-3.374999999999975,-3.974999999999951,-3.650000000000042,-3.850000000000034,-4.250000000000018,-3.9800000000000253,-4.650000000000001,-5.050000000000054,-5.225000000000021
2023-03-06,4.6999999999999815,5.549999999999999,4.119999999999957,3.200000000000008,2.765000000000059,1.8649999999999918,1.600000000000004,1.3500000000000316,0.6500000000000256,0.7499999999999868
2023-03-07,5.510000000000029,1.6449999999999798,-0.6599999999999662,-3.049999999999997,-4.989999999999995,-4.639999999999992,-5.474999999999993,-5.625000000000005,-5.474999999999993,-5.850000000000022
2023-03-08,3.219999999999959,3.304999999999975,1.7149999999999803,1.1250000000000149,0.19999999999999185,-0.10000000000003062,-1.4650000000000079,-2.500000000000002,-2.600000000000033,-3.099999999999978
2023-03-09,-3.199999999999939,-5.299999999999957,-4.6999999999999815,-4.725000000000007,-3.9499999999999953,-6.069999999999965,-2.4349999999999374,-1.4750000000000179,-1.2899999999999716,-0.7000000000000062
2023-03-10,-9.764999999999983,-14.704999999999997,-14.684999999999976,-14.380000000000019,-13.350000000000028,-11.180000000000009,-13.000000000000094,-12.864999999999995,-11.985000000000017,-12.169999999999993
2023-03-13,-27.50500000000003,-24.380000000000027,-15.54,-13.62000000000002,-14.499999999999998,-13.999999999999984,-12.174999999999963,-12.334999999999985,-12.124999999999982,-11.029999999999998
2023-03-14,-7.430000000000006,5.409999999999998,6.6000000000000085,7.500000000000076,9.600000000000025,11.25000000000001,8.550000000000017,9.70000000000002,9.359999999999994,8.650000000000011
2023-03-15,-13.260000000000009,-21.274999999999974,-17.85000000000002,-13.45000000000006,-12.650000000000022,-7.570000000000042,-10.749999999999996,-10.024999999999999,-11.410000000000032,-10.100000000000005
2023-03-16,-3.4849999999999466,-1.1000000000000592,-0.12499999999998623,-2.139999999999989,-0.6749999999999812,-4.549999999999936,1.6750000000000098,1.504999999999944,3.849999999999999,3.9499999999999953
2023-03-17,-3.515000000000046,-11.924999999999992,-15.224999999999996,-13.109999999999962,-12.400000000000015,-15.580000000000037,-11.549999999999997,-10.354999999999983,-9.774999999999991,-9.724999999999977
2023-03-20,-1.419999999999963,-5.049999999999985,-4.700000000000017,-3.2800000000000535,-1.6750000000000098,2.139999999999989,-1.3250000000000415,-1.3999999999999777,-1.4749999999999832,-1.7750000000000057
2023-03-21,10.249999999999982,13.900000000000023,13.125000000000012,12.080000000000007,11.000000000000004,10.210000000000012,9.949999999999994,9.274999999999977,8.699999999999992,8.749999999999973
2023-03-22,14.235000000000012,10.999999999999968,8.624999999999952,7.000000000000062,6.050000000000014,4.800000000000012,4.800000000000012,4.000000000000011,3.700000000000023,3.200000000000008
2023-03-23,-2.149999999999999,-10.04999999999999,-12.44999999999996,-12.000000000000032,-11.949999999999982,-10.200000000000001,-10.299999999999962,-9.499999999999995,-8.740000000000032,-8.149999999999997
2023-03-24,-6.2750000000000306,-9.10000000000001,-8.850000000000003,-7.400000000000011,-6.950000000000012,-5.699999999999976,-5.400000000000023,-4.49999999999999,-4.109999999999982,-3.89999999999998
2023-03-27,2.9099999999999957,5.700000000000011,6.500000000000012,6.180000000000005,7.750000000000014,6.899999999999997,7.600000000000002,7.174999999999994,7.000000000000027,7.349999999999961
2023-03-28,3.814999999999999,5.500000000000019,5.499999999999949,4.219999999999987,2.82499999999998,4.349999999999979,3.1499999999999586,3.249999999999989,3.4999999999999614,3.6150000000000073
2023-03-29,1.6499999999999848,3.099999999999978,2.549999999999983,2.3999999999999715,1.874999999999967,0.7000000000000062,2.050000000000038,1.2000000000000206,1.449999999999993,1.8850000000000118
2023-03-30,8.350000000000025,9.274999999999977,8.275000000000018,7.250000000000034,6.950000000000012,4.900000000000008,4.174999999999978,4.424999999999985,3.700000000000023,2.7000000000000286
2023-03-31,-0.5449999999999899,-2.4749999999999774,-3.2749999999999444,-4.200000000000037,-5.450000000000004,-5.850000000000022,-5.749999999999991,-5.924999999999993,-6.225000000000016,-6.250000000000005
2023-04-03,-0.7999999999999674,-3.599999999999992,-4.125000000000031,-4.734999999999948,-3.4499999999999806,-3.1250000000000027,-4.524999999999981,-4.850000000000028,-4.024999999999966,-5.175000000000006
2023-04-04,-3.3800000000000496,-5.900000000000002,-6.775000000000045,-6.415000000000032,-5.374999999999998,-4.299999999999998,-3.3000000000000043,-1.5749999999999793,-1.7000000000000348,-0.05000000000001531
2023-04-05,-4.415000000000044,-7.725000000000024,-8.774999999999963,-6.619999999999994,-6.800000000000001,-6.049999999999979,-6.085000000000014,-6.800000000000001,-7.300000000000015,-7.27499999999999
2023-04-06,1.9150000000000418,1.825000000000021,2.2749999999999853,1.8199999999999814,1.6249999999999944,0.8750000000000078,1.570000000000009,1.3100000000000265,1.2000000000000206,1.1450000000000002
2023-04-11,,,,,,,,,,
2023-04-12,8.024999999999977,7.549999999999987,7.120000000000043,6.72500000000003,7.000000000000027,6.899999999999997,5.749999999999991,5.300000000000027,5.174999999999971,4.99999999999997
2023-04-13,0.8400000000000074,-1.4749999999999486,-1.9950000000000523,-1.6100000000000836,-2.7500000000000093,-2.0000000000000226,-1.375000000000022,-1.1249999999999802,-0.899999999999998,-0.6749999999999812
2023-04-14,4.359999999999989,7.049999999999973,7.474999999999982,6.260000000000016,5.924999999999993,4.900000000000008,4.900000000000043,4.650000000000001,4.3750000000000036,4.100000000000007
2023-04-17,3.9000000000000146,3.275000000000014,3.425000000000025,3.8749999999999893,4.600000000000056,4.424999999999985,4.449999999999974,4.949999999999955,5.000000000000004,5.124999999999991
2023-04-18,0.7999999999999674,3.799999999999984,4.000000000000045,3.525000000000056,3.87499999999992,3.7750000000000283,3.0749999999999873,2.27500000000002,2.024999999999978,0.5000000000000143
2023-04-19,4.800000000000012,4.924999999999999,4.0999999999999375,4.49999999999999,3.150000000000028,3.0000000000000164,3.5750000000000366,3.0999999999999432,2.87500000000003,4.824999999999968
2023-04-20,-1.4999999999999736,-5.699999999999942,-5.834999999999938,-5.675000000000055,-4.749999999999963,-4.375000000000073,-4.800000000000047,-4.274999999999938,-3.95000000000003,-4.9499999999999895
2023-04-21,0.7999999999999674,1.8999999999999573,1.5849999999999893,1.4750000000000179,2.0749999999999935,2.4750000000000467,2.125000000000009,2.5249999999999924,2.5500000000000176,2.375000000000016
2023-04-24,6.099999999999994,5.924999999999958,5.800000000000042,5.549999999999999,4.574999999999996,3.799999999999984,4.3750000000000036,3.599999999999992,3.249999999999989,3.4749999999999712
2023-04-25,-5.59999999999998,-9.424999999999919,-10.650000000000034,-11.469999999999953,-11.475000000000026,-15.424999999999986,-11.150000000000015,-10.724999999999971,-10.474999999999964,-10.124999999999995
2023-04-26,-0.5999999999999756,-1.1000000000000592,-1.250000000000001,-0.3550000000000081,0.3750000000000281,5.049999999999985,1.7500000000000155,2.0749999999999935,2.6999999999999593,3.3250000000000295
2023-04-27,-2.180000000000029,-0.7750000000000118,0.09999999999996123,0.9750000000000036,1.749999999999946,2.075000000000028,2.2000000000000144,2.3250000000000006,2.249999999999995,2.0999999999999837
2023-04-28,-2.4199999999999915,-7.949999999999971,-9.874999999999954,-10.900000000000007,-11.274999999999965,-10.800000000000011,-11.649999999999993,-11.17500000000004,-11.274999999999965,-11.12499999999999
2023-05-02,-3.424999999999956,-5.474999999999993,-5.725000000000035,-5.824999999999997,-6.075000000000004,-6.300000000000021,-4.950000000000024,-4.749999999999963,-4.550000000000005,-4.700000000000017
2023-05-03,2.624999999999919,1.6750000000000098,0.4000000000000531,-0.17500000000000154,-0.7750000000000118,-0.25000000000000716,-1.4749999999999832,-1.8500000000000114,-1.7500000000000155,-1.7750000000000057
2023-05-04,-6.799999999999931,-12.24999999999997,-11.93500000000007,-10.67499999999999,-9.249999999999988,-7.750000000000014,-6.599999999999974,-5.56499999999998,-4.749999999999997,-3.6749999999999976
2023-05-05,-0.30000000000002247,4.650000000000001,5.835000000000007,6.494999999999973,7.050000000000008,6.200000000000025,7.034999999999993,6.964999999999957,7.050000000000008,6.6000000000000085
2023-05-08,3.2999999999999696,4.0749999999999815,4.305000000000003,4.030000000000006,4.150000000000022,3.280000000000019,3.439999999999971,3.140000000000018,2.5750000000000077,3.0649999999999773
2023-05-09,1.0000000000000286,2.0499999999999687,1.8599999999999866,1.7399999999999707,1.600000000000004,2.8199999999999754,1.9500000000000073,2.260000000000005,3.1000000000000125,2.27500000000002
2023-05-10,-1.460000000000003,-5.524999999999975,-6.369999999999987,-6.014999999999944,-5.750000000000026,-6.674999999999979,-5.649999999999995,-5.524999999999975,-6.050000000000049,-5.240000000000002
2023-05-11,-0.4300000000000137,-3.5949999999999873,-4.769999999999983,-4.925000000000034,-5.310000000000002,-4.625000000000011,-5.5099999999999945,-5.800000000000042,-5.149999999999981,-5.949999999999983
2023-05-12,3.7500000000000036,6.419999999999967,6.999999999999992,5.900000000000002,5.759999999999967,5.299999999999992,5.259999999999987,5.350000000000008,4.639999999999992,4.630000000000016
2023-05-15,0.5299999999999749,-0.5999999999999756,-0.8500000000000174,0.15000000000001124,0.4000000000000184,0.9500000000000133,0.800000000000002,0.8500000000000174,1.2100000000000306,1.6699999999999702
2023-05-16,1.6599999999999948,4.860000000000003,5.525000000000044,5.7250000000000005,5.67500000000002,4.550000000000005,5.2500000000000115,4.949999999999955,4.624999999999941,4.349999999999979
2023-05-17,2.5500000000000522,5.264999999999922,5.199999999999997,3.3349999999999698,2.025000000000013,2.400000000000006,0.3500000000000031,-0.04999999999994592,-0.6249999999999658,-1.0500000000000091
2023-05-18,2.3000000000000105,4.775000000000057,7.2499999999999645,8.190000000000003,9.07500000000002,8.99999999999998,9.799999999999983,10.254999999999987,10.350000000000012,10.420000000000012
2023-05-19,1.399999999999943,1.2999999999999816,0.9750000000000036,0.925000000000023,0.024999999999955613,-0.3999999999999837,-0.6499999999999908,-0.9550000000000183,-1.025000000000019,-1.1399999999999952
2023-05-22,1.2000000000000206,2.6249999999999885,2.6249999999999885,2.204999999999985,1.7500000000000155,0.5499999999999949,1.8000000000000307,1.600000000000004,1.5249999999999986,1.5949999999999993
2023-05-23,1.759999999999956,1.8050000000000703,2.2500000000000298,1.5600000000000336,1.4999999999999736,2.375000000000016,1.4249999999999332,1.4250000000000373,1.3749999999999873,1.400000000000047
2023-05-24,2.8800000000001047,4.8949999999999685,4.050000000000026,4.009999999999986,3.92500000000004,3.1250000000000027,2.7750000000000346,1.9999999999999531,1.5249999999999986,1.774999999999971
2023-05-25,2.859999999999946,4.474999999999965,5.404999999999993,4.670000000000021,4.175000000000012,4.250000000000018,3.9700000000000153,4.275000000000043,4.424999999999985,3.4999999999999614
2023-05-26,0.3999999999999837,2.1000000000000183,1.620000000000024,1.779999999999976,1.2499999999999316,0.9999999999999593,0.7299999999999668,0.7000000000000062,0.5050000000000193,0.8100000000000468
2023-05-29,-0.3799999999999637,-4.3300000000000285,-5.470000000000058,-6.779999999999981,-7.449999999999957,-7.940000000000031,-8.109999999999992,-8.5,-8.680000000000007,-9.11000000000002
2023-05-30,-5.3200000000000465,-10.319999999999983,-11.579999999999993,-11.234999999999996,-10.949999999999987,-10.484999999999973,-10.539999999999994,-10.17500000000001,-9.899999999999979,-9.699999999999987
2023-05-31,-4.159999999999997,-6.2750000000000306,-6.424999999999972,-6.035000000000033,-5.750000000000026,-6.274999999999996,-4.280000000000013,-4.125000000000031,-3.730000000000018,-3.4499999999999806
2023-06-01,-2.314999999999956,-2.5750000000000077,-2.8500000000000054,-3.5249999999999866,-3.7749999999999937,-2.939999999999991,-4.069999999999976,-3.8749999999999893,-3.92,-3.5750000000000366
2023-06-02,3.3149999999999844,6.550000000000028,7.0749999999999975,6.999999999999957,6.899999999999997,6.539999999999983,5.050000000000019,4.749999999999997,4.3500000000000485,3.725000000000013
2023-06-05,2.9599999999999764,4.974999999999979,5.874999999999978,5.725000000000035,4.875000000000018,5.225000000000021,5.674999999999986,5.2500000000000115,5.724999999999966,5.620000000000035
2023-06-06,-3.459999999999991,-4.6999999999999815,-5.474999999999993,-4.924999999999999,-3.720000000000008,-4.200000000000002,-3.2050000000000134,-3.0750000000000224,-3.3449999999999798,-2.395000000000036
2023-06-07,3.860000000000044,7.650000000000018,9.124999999999966,8.325,8.195000000000007,8.05,7.594999999999998,8.050000000000036,8.169999999999982,7.925000000000015
2023-06-08,-0.20000000000006124,-3.374999999999975,-4.574999999999996,-4.40999999999997,-4.775000000000023,-5.250000000000046,-4.5900000000000105,-5.175000000000041,-4.725000000000007,-4.680000000000032
2023-06-09,-0.4699999999999843,0.0,-0.15000000000001124,-0.4400000000000237,-1.1999999999999857,-1.3999999999999777,-2.5249999999999577,-2.574999999999973,-3.3750000000000098,-4.044999999999986
2023-06-12,-1.0299999999999891,-0.9750000000000036,-1.1499999999999706,-1.3250000000000068,-0.9699999999999986,-0.3499999999999684,-0.24000000000003185,-0.15000000000001124,0.07500000000000562,0.5799999999999903
2023-06-13,4.299999999999998,6.9499999999999424,7.740000000000038,7.204999999999989,6.69999999999997,5.525000000000009,5.185000000000016,4.700000000000017,3.849999999999999,3.595000000000022
2023-06-14,1.409999999999953,3.500000000000031,4.035000000000011,4.170000000000007,3.3199999999999896,3.049999999999997,2.8549999999999756,2.685000000000014,2.4250000000000314,1.899999999999992
2023-06-15,5.590000000000039,8.200000000000014,8.400000000000004,7.79999999999996,7.0749999999999975,6.349999999999967,5.5500000000000345,4.789999999999968,4.624999999999976,3.84499999999996
2023-06-16,0.910000000000008,0.5249999999999699,-0.3750000000000281,-0.6999999999999368,-0.9249999999999536,-1.4249999999999678,-1.7500000000000502,-1.9249999999999823,-2.3749999999999813,-2.444999999999982
2023-06-19,5.389999999999978,5.050000000000054,5.099999999999966,4.749999999999963,4.574999999999996,4.899999999999974,4.625000000000011,4.724999999999972,4.900000000000008,5.000000000000039
2023-06-20,0.10000000000003062,-4.3500000000000485,-6.4499999999999975,-7.949999999999971,-9.185000000000027,-9.575,-10.069999999999975,-10.375000000000002,-10.550000000000038,-10.795000000000005
2023-06-21,1.6999999999999655,3.300000000000039,3.719999999999973,4.880000000000023,4.009999999999986,2.899999999999986,4.694999999999977,3.625000000000017,3.3750000000000098,4.244999999999978
2023-06-22,4.870000000000013,7.2499999999999645,7.250000000000034,6.594999999999934,8.000000000000021,8.42500000000003,6.150000000000009,6.910000000000006,6.600000000000043,5.310000000000002
2023-06-23,-3.2599999999999296,-7.749999999999979,-10.07000000000001,-11.149999999999979,-11.31,-11.425000000000011,-11.610000000000023,-11.490000000000041,-11.525000000000007,-11.659999999999968
2023-06-26,-1.7850000000000503,-2.9000000000000554,-3.680000000000003,-4.129999999999967,-4.730000000000012,-4.700000000000017,-4.254999999999988,-4.544999999999966,-4.500000000000025,-4.000000000000011
2023-06-27,2.499999999999933,5.22500000000009,6.350000000000036,7.484999999999991,6.1650000000000595,5.600000000000015,5.9400000000000075,4.814999999999959,4.624999999999976,4.674999999999992
2023-06-28,-0.9499999999999093,-2.225000000000005,-3.070000000000017,-3.820000000000004,-4.225000000000062,-3.840000000000024,-3.7749999999999937,-3.5199999999999467,-3.4499999999999806,-3.275000000000014
2023-06-29,1.4249999999999678,7.369999999999946,9.149999999999991,9.090000000000002,10.525000000000048,10.989999999999993,9.249999999999988,9.72999999999998,9.425000000000024,8.650000000000011
2023-06-30,-0.19999999999999185,-0.07000000000000062,-0.4499999999999643,-0.8950000000000624,-1.6950000000000298,-2.649999999999944,-2.8399999999999954,-1.9800000000000026,-2.035000000000023,-2.920000000000006
2023-07-03,3.599999999999992,5.500000000000019,6.524999999999934,6.2950000000000506,6.169999999999995,5.59999999999998,6.110000000000005,4.585000000000006,4.240000000000007,4.819999999999998
2023-07-04,-3.659999999999983,-4.3500000000000485,-2.9249999999999416,-2.1749999999999545,-0.9499999999999786,0.09999999999996123,0.029999999999960614,0.9699999999999986,1.5949999999999644,1.799999999999996
2023-07-05,0.25999999999998247,-0.4499999999999643,-0.8750000000000424,0.2749999999999281,0.5499999999999949,0.8000000000000368,2.1250000000000435,2.0999999999999837,2.500000000000037,2.8749999999999956
2023-07-06,3.500000000000031,7.875000000000035,11.374999999999996,11.935,13.904999999999959,14.269999999999976,14.325000000000031,14.899999999999983,14.700000000000026,14.475000000000009
2023-07-07,0.23000000000002185,-3.7750000000000283,-5.0699999999999354,-2.8600000000000154,-2.879999999999966,-1.8299999999999566,-0.8000000000000368,-1.2999999999999816,-0.970000000000068,0.8199999999999874
2023-07-10,0.8899999999999186,2.400000000000041,2.9699999999999864,2.1750000000000242,2.055000000000043,1.234999999999986,1.0199999999999791,1.4000000000000123,1.2700000000000211,-0.044999999999975615
2023-07-11,0.8099999999999774,1.3499999999999623,0.3500000000000031,-0.14999999999994185,-0.7550000000000612,-0.17499999999996685,-0.4699999999999843,-0.3249999999999781,-0.19999999999999185,-0.17500000000003624
2023-07-12,-2.0299999999999487,-7.349999999999995,-8.800000000000058,-9.15000000000006,-8.95,-9.200000000000042,-9.025000000000006,-8.98999999999997,-8.90000000000002,-8.699999999999958
2023-07-13,-3.6550000000000473,-8.05,-9.724999999999943,-10.270000000000001,-9.949999999999958,-9.475000000000039,-10.034999999999975,-9.710000000000031,-9.174999999999947,-8.899999999999984
2023-07-14,2.055000000000043,4.940000000000014,5.374999999999963,5.794999999999967,5.210000000000006,4.075000000000051,4.759999999999972,4.499999999999956,3.999999999999976,3.6899999999999435
2023-07-17,0.30000000000002247,-1.3900000000000023,-2.294999999999936,-3.199999999999939,-3.7349999999999883,-3.500000000000031,-3.9499999999999953,-4.024999999999966,-4.114999999999987,-3.6899999999999435
2023-07-18,-3.9700000000000153,-8.400000000000004,-9.49500000000006,-9.629999999999987,-9.200000000000042,-8.799999999999988,-9.10499999999998,-9.250000000000021,-9.009999999999991,-9.180000000000021
2023-07-19,-0.4699999999999843,1.2000000000000206,1.815000000000011,3.1049999999999827,3.2999999999999696,3.2999999999999696,4.769999999999983,4.399999999999994,4.674999999999957,5.579999999999995
2023-07-20,2.0399999999999583,5.500000000000019,6.374999999999992,5.849999999999953,6.925000000000056,7.32500000000004,6.254999999999976,7.575000000000013,7.300000000000015,5.974999999999973
2023-07-21,0.0,-2.1750000000000935,-2.500000000000002,-1.724999999999921,-2.0749999999999935,-2.1249999999999742,-1.6249999999999598,-2.375000000000016,-2.3749999999999813,-1.774999999999971
2023-07-24,-1.8999999999999573,-5.574999999999955,-5.160000000000026,-5.525000000000044,-4.950000000000024,-4.400000000000029,-4.52000000000001,-3.699999999999988,-3.300000000000039,-3.5750000000000366
2023-07-25,-1.600000000000004,-0.3700000000000231,-0.4399999999999543,-1.250000000000001,-1.2750000000000261,-1.2000000000000206,-1.4250000000000027,-1.2049999999999907,-1.1999999999999857,-1.5749999999999444
2023-07-26,2.3000000000000105,6.6200000000000285,7.300000000000015,7.720000000000018,6.575000000000053,6.300000000000056,5.990000000000058,5.304999999999997,4.900000000000043,5.249999999999977
2023-07-27,-2.3999999999999715,-5.299999999999957,-5.275000000000071,-4.369999999999999,-2.8000000000000247,-2.600000000000033,-2.065000000000053,-1.2000000000000206,-0.6000000000000449,-0.800000000000002
2023-07-28,-1.8400000000001056,-2.4700000000000415,-1.8249999999999518,-1.500000000000043,-1.600000000000004,-0.8000000000000368,0.12500000000002093,-0.04999999999994592,0.0,0.9000000000000328
2023-07-31,-1.359999999999903,-2.730000000000024,-2.3999999999999715,-2.294999999999936,-1.799999999999996,-1.949999999999938,-1.7250000000000252,-1.6500000000000195,-1.449999999999993,-1.500000000000043
2023-08-01,0.5999999999999062,1.600000000000004,2.1249999999999742,3.8199999999999346,5.02499999999996,5.674999999999986,6.2750000000000306,6.500000000000012,7.025000000000052,7.300000000000015
2023-08-02,-2.099999999999949,-3.6249999999999476,-3.5750000000000366,-3.324999999999925,-3.5249999999999866,-2.750000000000044,-3.0500000000000664,-2.3950000000000014,-2.5750000000000424,-2.1999999999999797
2023-08-03,0.21500000000000685,1.5249999999999986,2.750000000000044,4.299999999999929,5.950000000000053,5.925000000000027,6.375000000000061,6.619999999999994,6.77500000000001,6.824999999999956
2023-08-04,0.8049999999999724,1.2999999999999816,0.5999999999999756,-0.7999999999999674,-1.7000000000000348,-2.400000000000041,-2.775000000000069,-3.1750000000000527,-3.475000000000006,-4.174999999999943
2023-08-07,0.5650000000000099,-1.0500000000000091,-0.3999999999999837,1.1300000000000199,1.6499999999999848,2.9500000000000357,3.475000000000075,3.700000000000023,4.2249999999999925,4.949999999999955
2023-08-08,-3.300000000000039,-4.5250000000000155,-6.350000000000036,-7.650000000000018,-9.074999999999985,-9.725000000000012,-10.17500000000001,-10.924999999999997,-11.325000000000015,-11.87500000000001
2023-08-09,0.9150000000000824,1.3749999999999873,2.050000000000038,2.119999999999969,1.7750000000000403,1.4950000000000379,1.8249999999999864,1.9750000000000323,2.0000000000000226,2.28500000000003
2023-08-10,1.0799999999999699,2.3000000000000105,2.689999999999984,2.2500000000000298,3.1250000000000027,3.480000000000011,2.5999999999999632,2.9249999999999763,2.5249999999999924,2.389999999999996
2023-08-11,1.4950000000000379,5.59999999999998,7.035000000000028,7.949999999999971,8.249999999999993,8.400000000000004,9.149999999999991,8.82000000000001,9.375000000000009,9.499999999999995
2023-08-14,2.9649999999999817,1.8200000000000855,1.4449999999999878,1.0250000000000536,0.7249999999999618,0.2999999999999531,0.02500000000009439,0.10500000000003562,-0.19999999999999185,-0.3899999999999737
2023-08-15,0.5599999999999355,3.3799999999999804,4.305000000000003,4.924999999999999,5.199999999999997,5.560000000000009,5.474999999999924,5.549999999999999,5.674999999999986,5.689999999999931
2023-08-16,0.5700000000000149,-1.840000000000036,-2.4749999999999774,-2.82500000000005,-3.0000000000000164,-3.259999999999999,-2.9399999999999564,-2.6650000000000285,-2.489999999999992,-2.324999999999966
2023-08-17,-0.8099999999999774,0.7900000000000268,2.0749999999999935,2.9749999999999917,3.500000000000031,3.9499999999999953,4.564999999999985,4.564999999999985,4.515000000000005,4.824999999999968
2023-08-18,-2.3100000000000205,-5.520000000000039,-6.6850000000000245,-6.410000000000027,-7.199999999999984,-7.450000000000026,-6.984999999999977,-8.125000000000007,-7.600000000000037,-6.974999999999968
2023-08-21,1.9600000000000173,4.769999999999983,5.71000000000002,5.530000000000049,6.4499999999999975,6.800000000000001,5.859999999999962,7.175000000000028,6.800000000000001,6.190000000000015
2023-08-22,-0.8099999999999774,-2.3999999999999715,-3.3400000000000096,-4.2699999999999685,-4.849999999999993,-5.149999999999946,-5.275000000000002,-5.485000000000004,-5.350000000000008,-5.614999999999995
2023-08-23,-5.520000000000039,-10.900000000000007,-13.810000000000002,-12.92500000000002,-13.700000000000031,-13.950000000000005,-12.679999999999984,-12.89000000000002,-12.649999999999952,-12.450000000000031
2023-08-24,-0.5799999999999556,0.30000000000002247,1.8699999999999966,1.0550000000000144,2.050000000000038,2.2499999999999605,1.229999999999981,1.7250000000000252,1.355000000000002,1.600000000000004
2023-08-25,3.4300000000000304,6.050000000000014,6.5799999999999885,6.359999999999976,5.349999999999938,4.750000000000032,4.974999999999979,3.774999999999959,3.329999999999965,3.760000000000013
2023-08-28,0.9699999999999293,1.0249999999999844,0.5000000000000143,-0.11500000000004562,0.050000000000050004,0.049999999999980616,-0.5249999999999699,0.08000000000001062,0.26499999999998747,-0.6300000000000056
2023-08-29,-1.4999999999999736,-2.549999999999983,-3.799999999999984,-4.374999999999934,-4.900000000000043,-5.199999999999997,-5.799999999999972,-5.804999999999977,-5.799999999999972,-5.879999999999982
2023-08-30,2.8299999999999854,2.674999999999969,2.699999999999994,2.7299999999999547,2.8500000000000747,2.6500000000000137,3.4000000000000004,3.4000000000000004,3.249999999999989,3.3500000000000196
2023-08-31,-4.930000000000004,-10.350000000000012,-10.900000000000077,-10.939999999999978,-10.975000000000012,-10.000000000000009,-10.200000000000001,-9.800000000000017,-9.424999999999988,-9.050000000000031
2023-09-01,-1.6900000000000248,1.7500000000000155,3.4000000000000696,5.080000000000015,5.604999999999985,5.999999999999964,7.399999999999976,7.190000000000009,7.624999999999993,8.37499999999998
2023-09-04,2.400000000000041,2.500000000000002,2.999999999999947,2.8800000000000354,3.9499999999999953,3.820000000000073,3.065000000000012,3.359999999999995,3.280000000000019,2.5150000000000174
2023-09-05,-1.4850000000000279,-0.5000000000000143,-0.17499999999996685,0.6999999999999368,1.219999999999971,1.4899999999999636,1.8599999999999866,2.2749999999999853,2.4949999999999974,2.684999999999979
2023-09-06,1.5750000000000486,4.100000000000007,4.3750000000000036,4.3300000000000285,3.799999999999984,3.589999999999982,3.275000000000014,2.6700000000000337,2.2599999999999705,2.225000000000005
2023-09-07,-0.5000000000000143,-2.3499999999999908,-2.8500000000000054,-3.3299999999999996,-3.374999999999975,-3.424999999999956,-3.425000000000025,-3.244999999999984,-3.234999999999974,-3.4999999999999614
2023-09-08,1.0500000000000091,0.4499999999999643,0.30000000000002247,0.5499999999999949,0.4749999999999893,0.6249999999999312,0.3250000000000475,0.19999999999999185,0.19999999999999185,0.024999999999955613
2023-09-11,1.6499999999999848,1.7000000000000348,1.8499999999999766,1.5500000000000236,1.7600000000000255,1.9500000000000766,1.9749999999999628,2.1999999999999797,2.2500000000000298,2.425000000000066
2023-09-12,1.600000000000004,3.3500000000000196,3.3199999999999896,3.060000000000007,2.6400000000000032,2.449999999999952,1.9949999999999828,1.7000000000000348,1.4999999999999736,0.9599999999999193
2023-09-13,3.699999999999953,3.3499999999999504,2.980000000000066,2.2149999999999945,1.4999999999999736,-0.2999999999999531,0.3800000000000331,0.04999999999991123,-0.19999999999999185,-0.25999999999998247
2023-09-14,1.600000000000004,-2.5999999999999632,-4.800000000000012,-5.775000000000016,-6.4499999999999975,-5.100000000000035,-5.824999999999997,-5.704999999999946,-5.374999999999963,-5.435000000000024
2023-09-15,3.100000000000047,4.349999999999979,4.49999999999999,5.299999999999957,6.425000000000042,6.099999999999994,6.4499999999999975,6.755000000000025,6.549999999999959,7.085000000000008
2023-09-18,2.400000000000041,3.669999999999993,4.0999999999999375,4.100000000000007,3.324999999999995,3.2999999999999696,3.3500000000000196,2.9449999999999616,2.7749999999999995,3.065000000000012
2023-09-19,0.0,1.9800000000000373,2.9500000000000357,2.620000000000053,2.679999999999974,2.600000000000033,2.4749999999999774,2.620000000000053,2.899999999999986,2.2849999999999953
2023-09-20,-1.4000000000000123,-2.9000000000000554,-3.3500000000000196,-3.179999999999988,-2.9799999999999964,-3.300000000000039,-3.200000000000008,-3.0050000000000217,-3.2999999999999696,-3.049999999999997
2023-09-21,0.3999999999999143,0.950000000000048,2.149999999999999,2.7899999999999454,3.200000000000008,3.9000000000000146,3.93499999999998,3.8399999999999546,4.119999999999957,4.299999999999998
2023-09-22,0.8750000000000424,-0.3999999999999837,-0.9899999999999493,-0.8299999999999974,-0.8249999999999924,-0.30000000000002247,-0.3349999999999881,0.24500000000003685,0.4799999999999943,0.22500000000001685
2023-09-25,0.9449999999999736,-1.1000000000000592,-0.6100000000000549,0.5499999999999949,2.0249999999999435,2.6700000000000337,3.9900000000000353,4.604999999999956,5.310000000000037,6.245000000000001
2023-09-26,-1.6449999999999798,-0.19999999999999185,0.09500000000002562,0.5350000000000493,0.8650000000000324,0.910000000000008,0.9949999999999543,0.8500000000000174,0.7900000000000268,0.9399999999999686
2023-09-27,2.5999999999999632,1.620000000000024,1.8349999999999618,2.664999999999959,3.1549999999999634,3.620000000000012,3.160000000000038,3.300000000000039,3.3199999999999896,2.9000000000000554
2023-09-28,1.1900000000000106,4.8050000000000175,6.580000000000058,7.430000000000006,7.955000000000045,8.799999999999988,8.29499999999997,9.149999999999991,8.97999999999996,8.190000000000003
2023-09-29,-2.3999999999999715,-6.545000000000023,-7.899999999999991,-8.840000000000028,-9.257000000000016,-9.619999999999976,-8.239999999999984,-8.650000000000047,-8.150000000000032,-7.125000000000048
2023-10-02,0.935000000000033,2.4149999999999867,3.189999999999929,4.229999999999998,5.082000000000003,5.920000000000022,6.349999999999967,6.845000000000045,7.185000000000039,8.37500000000005
2023-10-03,-0.7000000000000062,-0.3549999999999387,0.910000000000008,1.6700000000000048,2.559999999999993,2.999999999999947,3.7500000000000036,4.364999999999994,4.680000000000032,4.44999999999994
2023-10-04,-1.0000000000000286,-2.4900000000000615,-2.859999999999946,-2.6249999999999885,-2.6099999999999737,-2.6249999999999885,-3.019999999999967,-3.259999999999999,-3.140000000000018,-3.4499999999999806
2023-10-05,-2.0499999999999687,-4.149999999999987,-4.6750000000000265,-5.355000000000013,-5.874999999999978,-5.900000000000002,-5.705000000000016,-5.700000000000011,-5.724999999999966,-5.700000000000011
2023-10-06,-0.8550000000000224,-0.8400000000000074,-0.4250000000000087,0.050000000000050004,0.5249999999999699,1.7450000000000103,1.1049999999999949,1.439999999999983,2.8099999999999654,1.8000000000000655
2023-10-09,-2.6099999999999737,-7.24499999999996,-8.724999999999984,-9.209999999999981,-9.395000000000028,-10.11999999999999,-9.379999999999944,-9.389999999999954,-10.360000000000023,-9.450000000000014
2023-10-10,-0.060000000000060005,1.3599999999999723,1.3250000000000068,1.749999999999946,1.6950000000000298,0.9750000000000036,0.7799999999999474,0.4149999999999987,0.049999999999980616,0.049999999999980616
2023-10-11,1.3749999999999873,2.5750000000000077,2.129999999999979,0.4500000000000337,-0.9999999999999593,-2.2849999999999953,-3.3899999999999904,-4.280000000000047,-5.199999999999997,-5.840000000000012
2023-10-12,2.5000000000000715,5.249999999999977,5.705000000000016,5.500000000000019,5.149999999999946,5.659999999999971,5.625000000000005,5.664999999999976,5.950000000000053,6.540000000000018
2023-10-13,-0.7750000000000812,-1.4750000000000179,-1.8549999999999818,-2.3700000000000805,-2.7499999999999747,-3.7500000000000036,-3.650000000000042,-3.8349999999999493,-4.635000000000056,-4.45000000000001
2023-10-16,-0.824999999999923,0.10000000000003062,0.6799999999999862,1.7500000000000155,2.694999999999989,3.300000000000039,3.685000000000077,4.1150000000000215,4.735000000000017,4.49999999999999
2023-10-17,3.4000000000000004,6.4299999999999775,7.389999999999966,7.650000000000018,7.904999999999996,7.79999999999996,7.749999999999909,7.714999999999944,7.399999999999976,7.549999999999987
2023-10-18,1.2699999999999516,1.0950000000000544,1.9000000000000266,1.8699999999999966,1.600000000000004,2.1000000000000183,2.3000000000000105,2.484999999999987,2.9500000000000357,3.96500000000001
2023-10-19,-1.4100000000000223,-1.2050000000000254,-0.3999999999999837,-0.059999999999990616,0.7050000000000112,1.0199999999999791,1.2500000000000706,1.3450000000000268,1.650000000000054,0.4850000000000687
2023-10-20,-3.659999999999983,-5.070000000000005,-5.500000000000019,-4.465000000000025,-3.6550000000000473,-2.9099999999999957,-2.6500000000000137,-2.035000000000023,-1.7000000000000348,-1.1750000000000649
2023-10-23,0.055000000000055005,-0.9249999999999536,-1.3799999999999923,-1.6849999999999503,-2.0499999999999687,-2.559999999999993,-2.6249999999999885,-2.9399999999999564,-3.249999999999989,-3.109999999999988
2023-10-24,-2.3100000000000205,-4.0250000000000705,-5.165000000000031,-5.360000000000017,-5.254999999999982,-5.269999999999997,-4.6750000000000265,-4.574999999999996,-4.800000000000012,-4.3950000000000236
2023-10-25,-0.030000000000030003,0.9499999999999786,1.7250000000000598,2.3999999999999715,3.304999999999975,4.619999999999972,4.299999999999998,4.624999999999976,5.900000000000002,5.1299999999999955
2023-10-26,-2.6099999999999737,-6.549999999999959,-7.3300000000000445,-6.7549999999999555,-6.700000000000039,-6.950000000000012,-5.799999999999972,-5.479999999999999,-5.850000000000022,-4.539999999999961
2023-10-27,-1.8050000000000703,-3.700000000000023,-4.1800000000000175,-3.8749999999999893,-3.3499999999999504,-2.499999999999933,-2.500000000000002,-2.119999999999969,-1.7000000000000348,-2.9099999999999957
2023-10-30,-1.2999999999999816,-1.8750000000000018,-1.5199999999999936,-1.7500000000000155,-1.7050000000000398,-1.3500000000000316,-1.500000000000043,-1.3000000000000511,-0.9699999999999986,-0.4000000000000531
2023-10-31,-1.2799999999999616,-1.6599999999999948,-1.4750000000000179,-1.5900000000000636,-1.6949999999999603,-1.9000000000000266,-1.5449999999999493,-1.8999999999999573,-1.6299999999999648,-1.7999999999999265
2023-11-01,-2.319999999999961,-5.339999999999928,-6.634999999999974,-6.589999999999999,-6.350000000000036,-6.399999999999947,-6.355000000000041,-5.915000000000018,-6.250000000000005,-5.600000000000049
2023-11-02,-0.8000000000000368,-0.9000000000000674,-1.2899999999999716,-2.319999999999961,-3.239999999999979,-3.5400000000000014,-4.544999999999966,-5.184999999999981,-5.500000000000019,-5.944999999999978
2023-11-03,-1.4999999999999736,-3.024999999999972,-5.050000000000054,-5.849999999999953,-5.909999999999978,-6.660000000000034,-6.755000000000059,-7.099999999999988,-7.049999999999973,-7.855000000000015
2023-11-06,1.4000000000000123,3.275000000000014,5.300000000000027,6.12499999999995,6.2249999999999455,6.20000000000006,6.730000000000034,6.995000000000022,6.875000000000006,7.549999999999987
2023-11-07,-0.8350000000000024,-1.1400000000000299,-1.7199999999999855,-2.725000000000019,-3.6249999999999476,-4.300000000000033,-5.2299999999999915,-5.6150000000000295,-6.374999999999992,-7.214999999999999
2023-11-08,0.6049999999999806,0.7200000000000262,0.3399999999999931,-0.5799999999999556,-1.6499999999999848,-2.300000000000045,-3.200000000000008,-3.9800000000000253,-4.275000000000008,-4.629999999999981
2023-11-09,-0.7700000000000068,-0.5299999999999749,-0.5000000000000143,0.10999999999997123,0.6899999999999615,1.3250000000000415,2.024999999999978,2.475000000000012,2.574999999999973,2.8199999999999754
2023-11-10,2.9399999999999564,4.749999999999963,5.530000000000049,5.920000000000022,6.16000000000002,5.875000000000012,5.475000000000064,5.199999999999997,5.100000000000035,5.100000000000035
2023-11-13,1.2000000000000899,1.250000000000001,1.4000000000000123,1.1500000000000399,0.7000000000000062,0.3500000000000031,0.19999999999992246,0.025000000000025002,-0.5499999999999949,-0.3600000000000131
2023-11-14,-3.760000000000013,-7.969999999999991,-9.300000000000072,-9.930000000000078,-10.350000000000012,-10.375000000000037,-10.409999999999968,-10.425000000000018,-9.850000000000032,-10.389999999999983
2023-11-15,0.019999999999950613,1.3649999999999773,1.500000000000043,1.7299999999999955,2.149999999999999,2.4350000000000067,2.81,3.065000000000012,3.200000000000008,4.2249999999999925
2023-11-16,-3.4000000000000004,-5.220000000000017,-5.409999999999998,-5.584999999999965,-5.420000000000008,-5.409999999999998,-4.944999999999984,-4.7400000000000215,-4.849999999999959,-4.585000000000006
2023-11-17,1.3499999999999623,1.8750000000000018,1.589999999999994,1.6850000000000198,1.4200000000000323,1.2999999999999816,0.5449999999999553,0.30000000000002247,0.6999999999999368,-0.11500000000001093
2023-11-20,0.940000000000038,1.7800000000000455,1.5199999999999936,1.5300000000000036,1.2999999999999816,1.0000000000000286,0.830000000000032,0.5999999999999756,-0.04999999999994592,0.049999999999980616
2023-11-21,-0.4900000000000043,-2.2800000000000598,-2.8199999999999754,-3.280000000000019,-3.5299999999999914,-3.499999999999996,-3.2049999999999788,-3.1499999999999932,-2.9749999999999917,-3.099999999999978
2023-11-22,1.9000000000000266,4.325000000000023,4.114999999999952,3.475000000000006,2.8699999999999557,2.5999999999999632,1.4250000000000027,0.9500000000000133,0.9249999999999536,-0.3200000000000078
2023-11-23,0.884999999999983,2.3250000000000353,3.405000000000005,4.149999999999987,4.770000000000052,4.730000000000047,5.459999999999979,5.450000000000004,5.070000000000005,5.819999999999991
2023-11-24,0.899999999999998,1.8999999999999573,2.0799999999999983,1.9749999999999628,1.8399999999999666,1.7700000000000007,1.8699999999999966,1.9749999999999976,1.7299999999999955,2.1000000000000534
2023-11-27,-5.070000000000005,-8.325,-9.380000000000013,-9.601999999999979,-9.58999999999998,-9.270000000000007,-9.050000000000031,-8.92500000000001,-8.30000000000001,-8.300000000000043
2023-11-28,-4.414999999999974,-6.599999999999939,-7.299999999999946,-6.938000000000014,-6.495000000000008,-5.954999999999988,-5.979999999999978,-5.499999999999984,-5.249999999999977,-5.350000000000008
2023-11-29,-3.444999999999976,-7.2000000000000535,-6.650000000000024,-6.359999999999942,-6.165000000000025,-6.075000000000004,-5.60999999999999,-5.525000000000009,-5.450000000000004,-5.739999999999982
2023-11-30,-2.8900000000000454,-2.3949999999999667,-1.3799999999999923,-0.3750000000000281,0.6500000000000256,0.800000000000002,1.1849999999999707,1.1749999999999607,1.1800000000000006,1.3900000000000023
2023-12-01,-11.865,-14.279999999999987,-14.09500000000001,-12.575000000000017,-12.250000000000004,-11.29000000000005,-10.664999999999946,-9.909999999999988,-9.460000000000024,-8.369999999999974
2023-12-04,-2.899999999999986,-2.6500000000000137,-0.4749999999999893,-0.8249999999999924,-0.4949999999999746,-0.6099999999999856,-1.1049999999999949,-1.4749999999999832,-1.6699999999999702,-2.735000000000029
2023-12-05,-4.349999999999979,-7.26000000000001,-8.710000000000003,-9.274999999999977,-9.425000000000024,-9.59999999999999,-10.000000000000009,-10.22000000000002,-10.49999999999999,-10.310000000000006
2023-12-06,0.3299999999999831,0.3099999999999978,-0.4900000000000043,-1.1000000000000245,-2.1599999999999744,-2.9499999999999664,-3.1849999999999934,-3.5450000000000066,-3.8000000000000185,-4.519999999999976
2023-12-07,-0.940000000000038,-1.559999999999999,-2.400000000000006,-2.675000000000004,-2.8600000000000154,-2.5400000000000422,-2.2900000000000698,-1.999999999999988,-1.9000000000000266,-1.0900000000000145
2023-12-08,3.4100000000000104,6.059999999999989,6.74000000000001,7.095000000000018,7.329999999999975,7.265000000000015,7.470000000000011,7.37500000000002,6.775000000000045,7.275000000000024
2023-12-11,2.070000000000058,2.025000000000013,1.7599999999999907,1.2300000000000157,1.0950000000000195,1.1549999999999754,0.9000000000000328,0.5750000000000199,1.4250000000000027,0.774999999999977
2023-12-12,-0.24500000000003685,0.4499999999999643,-0.049999999999980616,-1.3000000000000165,-2.5149999999999824,-2.919999999999971,-3.7500000000000036,-3.585000000000012,-4.300000000000033,-4.545000000000001
2023-12-13,-3.324999999999995,-5.614999999999995,-5.3200000000000465,-4.849999999999993,-4.580000000000036,-5.330000000000022,-5.425000000000013,-5.895000000000032,-6.075000000000004,-6.280000000000001
2023-12-14,-6.410000000000027,-9.909999999999988,-10.964999999999968,-10.350000000000012,-9.440000000000005,-8.879999999999999,-7.675000000000008,-6.639999999999979,-6.6249999999999645,-5.350000000000008
2023-12-15,-3.3399999999999403,-6.780000000000015,-6.9650000000000265,-7.425000000000001,-7.649999999999949,-7.0999999999999535,-8.29,-9.04000000000002,-8.400000000000004,-10.489999999999979
2023-12-18,1.5749999999999793,3.530000000000026,4.200000000000037,4.475,4.299999999999963,3.629999999999953,4.730000000000047,4.940000000000048,4.369999999999965,6.089999999999949
2023-12-19,-1.4050000000000173,-2.79999999999999,-4.079999999999987,-4.300000000000033,-4.49999999999999,-4.429999999999954,-5.0400000000000444,-5.305000000000032,-4.969999999999974,-5.5999999999999455
2023-12-20,-2.484999999999987,-4.950000000000024,-4.620000000000041,-4.749999999999963,-4.650000000000001,-4.510000000000034,-4.619999999999972,-4.725000000000007,-4.800000000000012,-5.325000000000017
2023-12-21,-2.385000000000026,-2.580000000000013,-1.8699999999999966,-1.6499999999999848,-1.3500000000000316,-1.0899999999999799,-0.29000000000004716,0.18000000000004124,0.16999999999999654,0.5749999999999853
2023-12-22,-2.4500000000000215,-3.1699999999999786,-3.480000000000011,-2.83000000000002,-2.3299999999999708,-1.600000000000004,-1.2999999999999816,-0.6050000000000153,-0.06999999999996592,0.794999999999997
2023-12-26,0.7500000000000562,,,,,-0.30000000000002247,,,-0.5000000000000491,
2023-12-27,-2.9300000000000157,,,,,-5.290000000000017,,,-6.299999999999952,
2023-12-28,-1.4750000000000179,-2.180000000000029,-1.365000000000012,0.5300000000000096,2.400000000000006,3.090000000000037,3.5299999999999914,3.739999999999993,4.219999999999953,4.325000000000023
2023-12-29,0.4300000000000137,2.0800000000000334,3.464999999999996,4.275000000000008,4.900000000000008,5.519999999999969,5.999999999999998,6.500000000000012,6.580000000000058,6.854999999999986
2024-01-02,1.3749999999999873,3.7599999999999785,4.7400000000000215,4.224999999999958,3.7500000000000036,3.2550000000000288,3.4400000000000057,3.300000000000039,2.9499999999999664,2.82000000000001
2024-01-03,-0.19999999999999185,-3.0349999999999824,-5.420000000000043,-5.939999999999938,-6.225000000000016,-6.409999999999992,-6.420000000000002,-6.500000000000047,-6.000000000000033,-4.925000000000034
2024-01-04,5.574999999999955,10.404999999999998,12.230000000000018,12.339999999999955,12.274999999999995,13.009999999999966,11.530000000000012,11.25000000000001,11.900000000000036,9.675000000000031
2024-01-05,3.330000000000069,3.8900000000000046,4.064999999999971,4.01000000000002,4.200000000000002,4.725000000000007,3.849999999999999,3.8349999999999844,4.000000000000011,3.3600000000000296
2024-01-08,-0.4049999999999887,-1.910000000000002,-2.3649999999999713,-2.81,-3.1999999999999735,-3.4000000000000004,-2.625000000000023,-2.3849999999999913,-2.625000000000023,-2.085000000000038
2024-01-09,0.7049999999999418,4.9299999999999695,5.980000000000013,6.504999999999983,6.4749999999999535,5.290000000000017,6.200000000000025,5.964999999999998,4.975000000000014,6.030000000000029
2024-01-10,2.1850000000000342,2.7900000000000147,2.4949999999999974,2.6450000000000085,2.525000000000027,2.559999999999993,2.1749999999999896,1.9850000000000076,2.1749999999999896,1.794999999999991
2024-01-11,-1.0500000000000091,-1.9599999999999826,-1.6249999999999944,-1.7500000000000155,-1.7000000000000002,-1.6500000000000195,-1.590000000000029,-1.5149999999999886,-1.7099999999999755,-2.0749999999999935
2024-01-12,-7.0500000000000425,-9.49499999999999,-9.45500000000002,-8.310000000000018,-7.600000000000002,-6.975000000000002,-6.354999999999972,-5.935000000000003,-5.565000000000015,-4.52500000000005
2024-01-15,1.4100000000000223,3.029999999999977,3.405000000000005,3.5100000000000406,3.699999999999988,3.2500000000000235,3.0949999999999727,3.0000000000000164,2.8850000000000056,3.150000000000028
2024-01-16,0.8500000000000174,0.23999999999999716,1.0249999999999844,1.589999999999994,1.9000000000000266,3.735000000000023,2.8000000000000247,3.0949999999999727,4.415000000000009,2.7900000000000147
2024-01-17,4.650000000000001,8.055000000000007,9.07500000000002,8.309999999999985,7.675000000000008,5.389999999999978,5.645000000000025,4.954999999999994,3.200000000000008,3.3600000000000296
2024-01-18,2.200000000000049,1.559999999999999,1.360000000000007,1.600000000000004,2.128999999999985,2.6259999999999826,3.1549999999999634,3.4000000000000004,3.599999999999992,4.649999999999967
2024-01-19,2.4249999999999967,3.7649999999999837,3.994999999999971,2.8749999999999956,1.4959999999999973,0.7390000000000174,0.07500000000000562,-0.4749999999999546,-0.815000000000017,-1.2050000000000254
2024-01-22,-1.0250000000000536,-3.3649999999999998,-4.504999999999961,-3.9000000000000146,-3.3000000000000043,-3.2149999999999888,-3.175000000000018,-3.1000000000000125,-2.9850000000000017,-3.244999999999984
2024-01-23,2.2199999999999998,3.070000000000017,3.8999999999999453,4.125000000000031,4.149999999999987,4.599999999999986,5.250000000000046,5.679999999999991,5.400000000000023,6.19999999999999
2024-01-24,-2.8800000000000354,-2.470000000000007,-2.054999999999939,-2.3300000000000405,-2.580000000000013,-3.0349999999999824,-2.5630000000000095,-2.5550000000000224,-2.5950000000000277,-2.239999999999985
2024-01-25,-5.839999999999942,-7.810000000000004,-8.44500000000005,-7.469999999999977,-6.469999999999948,-5.4650000000000185,-5.847000000000005,-5.499999999999984,-4.6550000000000065,-5.259999999999987
2024-01-26,-1.6399999999999748,-0.049999999999980616,0.7500000000000215,0.5000000000000143,0.12499999999995154,0.15000000000001124,0.06499999999999562,0.07499999999997092,0.30000000000002247,0.30000000000002247
2024-01-29,-2.710000000000004,-4.660000000000012,-5.285000000000012,-5.475000000000028,-5.5549999999999695,-5.700000000000011,-5.255000000000017,-5.334999999999993,-5.625000000000005,-5.350000000000042
2024-01-30,-0.14000000000007062,2.0900000000000087,2.410000000000016,2.750000000000044,3.0649999999999773,2.900000000000021,2.8100000000000347,2.735000000000029,2.675000000000004,3.049999999999997
2024-01-31,-4.109999999999947,-6.23000000000002,-7.129999999999984,-8.145000000000028,-8.92500000000001,-8.800000000000024,-8.810000000000032,-8.695000000000022,-8.424999999999995,-9.025000000000006
2024-02-01,2.6299999999999937,2.625000000000023,1.8299999999999914,1.590000000000029,1.3000000000000165,0.7000000000000062,0.15000000000001124,-0.26999999999999247,-0.25000000000000716,-1.3949999999999727
2024-02-02,7.069999999999993,9.574999999999966,9.524999999999984,9.204999999999977,8.990000000000006,8.43499999999997,8.200000000000014,7.88999999999998,6.975000000000002,7.669999999999969
2024-02-05,4.989999999999995,6.140000000000034,6.124999999999985,6.549999999999994,6.499999999999978,6.190000000000015,6.9899999999999824,7.075000000000033,6.550000000000028,7.449999999999991
2024-02-06,-0.5899999999999656,-1.5949999999999993,-1.899999999999992,-2.339999999999981,-2.3499999999999908,-1.9749999999999628,-2.689999999999984,-2.6750000000000385,-2.375000000000016,-2.849999999999971
2024-02-07,0.6999999999999368,2.605000000000003,3.3200000000000243,3.265000000000004,3.3000000000000043,3.329999999999965,3.1899999999999986,3.100000000000047,3.5249999999999866,3.1499999999999932
2024-02-08,1.4050000000000173,3.1499999999999932,4.029999999999971,4.280000000000013,4.300000000000033,4.2450000000000125,4.084999999999991,3.9000000000000146,3.699999999999988,3.6749999999999976
2024-02-09,2.5950000000000277,3.5249999999999866,4.150000000000022,3.8399999999999546,3.5749999999999673,2.574999999999973,2.4550000000000267,2.3999999999999715,1.1499999999999706,1.7750000000000057
2024-02-12,-2.1000000000000183,-3.499999999999996,-3.97500000000002,-3.7449999999999637,-3.8249999999999744,-3.1849999999999934,-3.2050000000000134,-3.349999999999985,-2.449999999999952,-3.1899999999999986
2024-02-13,3.5349999999999966,6.700000000000039,6.400000000000016,5.884999999999953,5.394999999999984,5.495000000000048,4.374999999999969,4.014999999999956,4.599999999999986,3.364999999999965
2024-02-14,-1.3699999999999823,-3.4850000000000505,-5.07500000000001,-5.8999999999999675,-6.695000000000034,-7.135000000000023,-6.64999999999999,-6.66499999999997,-8.199999999999978,-6.444999999999958
2024-02-15,0.910000000000008,0.5849999999999953,1.375000000000022,1.439999999999983,1.7500000000000155,1.3949999999999727,1.349999999999997,1.3999999999999777,2.3000000000000105,1.869999999999962
2024-02-16,2.72499999999995,6.400000000000016,6.974999999999968,6.64999999999999,6.075000000000004,5.5300000000000145,5.500000000000019,5.14500000000001,4.564999999999951,3.500000000000031
2024-02-19,0.6750000000000506,-0.5849999999999606,-0.7249999999999965,-0.5999999999999756,-0.3749999999999934,0.19999999999999185,0.09999999999999593,0.3649999999999834,0.9850000000000136,1.5000000000000082
2024-02-20,-2.1750000000000242,-3.2650000000000734,-3.6749999999999976,-3.7500000000000036,-3.7500000000000036,-3.725000000000013,-3.575000000000002,-3.4100000000000104,-3.8749999999999893,-3.860000000000009
2024-02-21,2.4550000000000267,5.400000000000057,6.225000000000016,6.475000000000023,6.64999999999999,6.425000000000042,6.2750000000000306,6.050000000000049,6.425000000000007,6.360000000000012
2024-02-22,3.0949999999999727,4.94499999999995,4.259999999999993,3.0399999999999525,1.899999999999992,1.1999999999999857,0.3299999999999831,-0.3400000000000278,-0.17500000000000154,-1.1750000000000302
2024-02-23,-3.049999999999997,-6.319999999999936,-7.484999999999991,-7.88999999999998,-8.049999999999967,-8.109999999999992,-8.040000000000026,-7.91,-8.724999999999984,-8.024999999999977
2024-02-26,3.249999999999989,6.64999999999999,7.674999999999973,7.92499999999998,8.199999999999978,7.834999999999995,8.385000000000025,8.37499999999998,8.124999999999973,8.575000000000006
2024-02-27,1.250000000000001,1.2750000000000261,1.2749999999999915,1.3400000000000565,1.4200000000000323,1.774999999999971,1.544999999999984,1.600000000000004,1.9000000000000266,1.6499999999999848
2024-02-28,-2.570000000000003,-2.025000000000082,-1.7249999999999557,-1.1900000000000452,-1.2250000000000454,-1.1099999999999652,-1.4199999999999977,-1.3749999999999873,-1.4250000000000373,-1.3749999999999873
2024-02-29,-0.6549999999999612,-1.7249999999999903,-2.375000000000016,-3.2099999999999835,-3.994999999999971,-4.200000000000002,-4.799999999999978,-5.2299999999999915,-5.1099999999999755,-6.050000000000014
2024-03-01,-0.7250000000000312,-1.3250000000000068,-1.904999999999997,-1.7400000000000055,-1.5249999999999986,-1.5150000000000232,-1.3749999999999873,-1.2699999999999865,-1.610000000000014,-0.3999999999999837
2024-03-04,1.0750000000000344,1.1250000000000149,0.15499999999998154,-0.4400000000000237,-0.874999999999973,-1.1249999999999802,-1.1750000000000302,-1.324999999999972,-1.2049999999999907,-2.2749999999999853
2024-03-05,-2.400000000000041,-5.199999999999997,-5.924999999999993,-6.509999999999954,-7.100000000000023,-7.549999999999987,-7.549999999999987,-7.3650000000000455,-8.274999999999984,-7.675000000000008
2024-03-06,-0.9999999999999593,0.025000000000025002,-0.029999999999995308,0.049999999999980616,0.4749999999999893,0.22999999999998716,0.12499999999998623,-0.2999999999999878,0.19999999999995716,0.12499999999995154
2024-03-07,-1.2150000000000354,-2.87500000000003,-3.044999999999992,-2.6500000000000137,-2.3000000000000105,-2.5299999999999976,-1.899999999999992,-1.8349999999999964,-2.1249999999999742,-1.8999999999999573
2024-03-08,-3.9099999999999553,-6.994999999999988,-7.465000000000006,-7.899999999999956,-7.674999999999973,-6.400000000000016,-6.624999999999999,-6.150000000000009,-4.974999999999979,-4.974999999999979
2024-03-11,1.4749999999999486,2.970000000000021,3.1649999999999734,3.4499999999999806,3.359999999999995,3.2250000000000334,3.1250000000000027,3.0000000000000164,2.82499999999998,2.324999999999966
2024-03-12,2.4670000000000245,3.2719999999999625,3.3560000000000185,3.030000000000012,2.539999999999973,2.074999999999959,1.8450000000000064,1.6549999999999898,1.2749999999999915,1.3500000000000316
2024-03-13,-0.09200000000000874,2.868000000000037,3.0689999999999884,3.0949999999999727,3.259999999999999,2.940000000000026,3.099999999999978,2.9699999999999864,2.920000000000006,3.024999999999972
2024-03-14,1.8499999999999766,4.584999999999936,6.550000000000028,7.215000000000034,7.290000000000039,8.034999999999986,7.429999999999971,7.400000000000011,8.055000000000007,7.349999999999995
2024-03-15,1.9000000000000266,2.3550000000000653,2.2099999999999898,1.7100000000000102,1.319999999999967,0.7000000000000062,1.0900000000000492,1.0999999999999899,0.3999999999999837,0.8550000000000224
2024-03-18,1.0999999999999899,0.7949999999999624,0.9399999999999686,1.4749999999999832,1.8299999999999914,1.8750000000000018,1.989999999999978,2.1000000000000183,2.1000000000000183,1.9349999999999576
2024-03-19,-1.4990000000000143,-1.6750000000000098,-1.6249999999999598,-1.6750000000000098,-1.5000000000000082,-1.3250000000000068,-1.0699999999999945,-0.9299999999999933,-0.8750000000000078,-0.8149999999999478
2024-03-20,-0.5009999999999737,0.6500000000000256,0.4149999999999987,0.0,-0.409999999999959,-0.5499999999999949,-0.810000000000012,-0.9500000000000133,-0.999999999999994,-0.6750000000000506
2024-03-21,-2.82499999999998,-4.5250000000000155,-4.615000000000001,-4.000000000000011,-3.390000000000025,-3.0749999999999873,-2.6399999999999686,-2.360000000000001,-1.9800000000000026,-1.7299999999999955
2024-03-22,-3.0750000000000224,-4.674999999999957,-5.674999999999986,-6.130000000000024,-6.659999999999999,-6.724999999999995,-6.88500000000005,-6.909999999999972,-7.040000000000032,-7.229999999999979
2024-03-25,0.5999999999999756,3.649999999999973,3.999999999999976,4.03000000000004,3.9100000000000246,3.7399999999999585,3.5750000000000366,3.454999999999986,3.4400000000000404,3.6700000000000275
2024-03-26,-0.17499999999996685,-0.899999999999998,-0.7249999999999965,-1.1500000000000052,-1.349999999999997,-1.334999999999982,-1.575000000000014,-1.580000000000019,-1.6500000000000195,-2.395000000000036
2024-03-27,-2.0850000000000035,-3.9000000000000146,-4.625000000000011,-5.000000000000004,-5.02500000000003,-5.205000000000001,-5.099999999999966,-5.195000000000026,-5.269999999999997,-4.965000000000004
2024-03-28,0.5200000000000343,1.0100000000000386,1.3500000000000316,1.349999999999997,0.8249999999999924,0.6400000000000156,0.5249999999999699,0.5200000000000343,0.6999999999999715,-0.12499999999998623
2024-04-02,,,,,,,,,,
2024-04-03,-0.6600000000000356,-0.049999999999980616,-0.15000000000001124,-0.5350000000000146,-1.0500000000000091,-1.6249999999999598,-1.2900000000000065,-1.6899999999999902,-2.3000000000000105,0.16999999999999654
2024-04-04,2.1100000000000287,1.6999999999999655,0.7300000000000015,0.10999999999997123,-0.024999999999990308,-0.10000000000003062,-0.915000000000013,-1.1849999999999707,-0.9500000000000133,-3.6450000000000022
2024-04-05,0.15000000000001124,1.8750000000000018,2.720000000000014,3.275000000000014,3.475000000000006,3.92499999999997,3.7950000000000483,3.8749999999999893,3.97500000000002,3.794999999999979
2024-04-08,2.500000000000002,4.5499999999999705,4.899999999999974,4.9499999999999895,4.625000000000011,3.9000000000000146,3.9250000000000047,3.6249999999999822,3.1149999999999927,3.080000000000027
2024-04-09,-0.22500000000001685,-2.699999999999994,-3.7699999999999885,-4.749999999999963,-5.250000000000046,-5.59999999999998,-5.985000000000018,-6.1349999999999945,-6.449999999999963,-6.124999999999985
2024-04-10,1.7249999999999903,6.475000000000023,7.549999999999987,7.524999999999997,7.235000000000019,7.100000000000023,6.770000000000005,6.499999999999978,6.384999999999967,5.819999999999991
2024-04-11,2.6299999999999937,2.699999999999994,3.119999999999998,3.2999999999999696,3.90999999999999,3.9799999999999907,4.2899999999999885,4.490000000000014,4.774999999999988,4.810000000000023
2024-04-12,-5.52999999999998,-9.450000000000014,-10.03999999999998,-9.97500000000002,-9.894999999999973,-9.504999999999999,-9.270000000000042,-9.180000000000021,-8.87499999999996,-8.41000000000005
2024-04-15,0.3999999999999837,4.175000000000012,5.049999999999985,6.150000000000009,6.599999999999974,6.374999999999957,6.76000000000003,6.959999999999987,6.759999999999961,7.30500000000002
2024-04-16,2.5750000000000077,5.02500000000003,6.4700000000000175,6.72500000000003,6.77500000000001,7.35000000000003,6.910000000000006,6.935000000000032,7.640000000000008,6.345000000000031
2024-04-17,-0.09999999999996123,-1.3500000000000316,-2.3000000000000105,-2.8500000000000054,-3.374999999999975,-3.825000000000009,-3.9000000000000146,-4.219999999999987,-4.725000000000007,-4.045000000000056
2024-04-18,1.6249999999999598,3.8749999999999893,4.420000000000014,4.5499999999999705,4.650000000000001,4.550000000000005,4.424999999999985,4.324999999999989,4.050000000000026,3.500000000000031
2024-04-19,0.7599999999999968,0.9750000000000036,1.0749999999999649,1.1250000000000149,0.9500000000000133,0.5749999999999853,0.5500000000000296,0.4000000000000184,0.07500000000000562,0.05000000000001531
2024-04-22,-2.160000000000009,-3.004999999999952,-3.109999999999988,-3.3000000000000043,-3.0950000000000424,-2.500000000000002,-2.2749999999999853,-1.8900000000000166,-1.4250000000000373,-1.1000000000000245
2024-04-23,0.4500000000000337,0.25499999999997747,0.4950000000000093,0.8750000000000078,0.8199999999999874,0.899999999999998,0.8999999999999633,0.8649999999999978,0.899999999999998,1.3749999999999873
2024-04-24,1.7350000000000003,4.730000000000012,6.045000000000009,6.700000000000005,7.600000000000037,7.925000000000015,8.300000000000043,8.625000000000021,8.525000000000025,8.349999999999989
2024-04-25,1.9649999999999528,3.769999999999954,3.669999999999993,3.649999999999973,3.569999999999962,3.3549999999999898,3.370000000000005,3.2099999999999835,3.200000000000008,3.170000000000048
2024-04-26,-0.49499999999993993,-2.2900000000000005,-3.5500000000000114,-4.399999999999994,-5.269999999999962,-5.2800000000000065,-5.670000000000015,-5.910000000000013,-5.849999999999987,-6.170000000000029
2024-04-29,-2.89500000000005,-3.6349999999999576,-3.789999999999974,-3.974999999999951,-4.200000000000037,-4.694999999999977,-4.809999999999988,-4.800000000000012,-4.9900000000000295,-4.779999999999992
2024-04-30,2.6400000000000032,6.875000000000006,7.594999999999963,7.149999999999969,6.675000000000049,6.519999999999998,6.034999999999964,5.700000000000011,5.514999999999999,4.904999999999979
2024-05-02,-0.5749999999999506,-3.700000000000023,-4.929999999999934,-4.974999999999979,-4.900000000000008,-4.700000000000017,-4.849999999999993,-4.844999999999988,-4.625000000000011,-4.644999999999961
2024-05-03,-4.5250000000000155,-6.899999999999961,-6.400000000000052,-5.825000000000031,-5.199999999999997,-4.800000000000012,-4.565000000000021,-4.329999999999994,-4.0749999999999815,-4.054999999999996
2024-05-06,-1.0000000000000286,-1.5750000000000486,-2.1699999999999844,-2.149999999999999,-2.27500000000002,-2.659999999999954,-2.349999999999956,-2.225000000000005,-2.6099999999999737,-2.1250000000000435
2024-05-07,0.5000000000000143,-0.889999999999988,-1.630000000000034,-2.725000000000019,-3.280000000000019,-3.739999999999993,-3.9350000000000493,-4.199999999999967,-4.215000000000052,-4.574999999999996
2024-05-08,0.6899999999999962,2.4949999999999974,3.175000000000018,3.4750000000000405,3.7050000000000276,3.799999999999984,3.5750000000000366,3.6249999999999822,3.8000000000000185,3.8000000000000185
2024-05-09,0.11000000000004062,0.19500000000005624,0.5500000000000296,1.224999999999976,1.600000000000004,1.9749999999999976,2.249999999999995,2.424999999999962,2.6500000000000137,2.9750000000000263
2024-05-10,1.0999999999999899,2.915000000000001,3.4249999999999905,3.1499999999999932,2.9749999999999917,2.8000000000000247,2.8500000000000054,2.7500000000000093,2.500000000000002,2.1999999999999797
2024-05-13,-0.5750000000000199,-1.840000000000036,-2.4500000000000215,-2.3749999999999467,-2.400000000000006,-2.400000000000006,-2.3250000000000006,-2.249999999999995,-2.0600000000000134,-1.8500000000000114
2024-05-14,1.419999999999963,2.2699999999999805,2.525000000000027,2.9549999999999716,3.200000000000008,3.4999999999999614,3.4350000000000005,3.5249999999999866,3.6099999999999675,3.6749999999999976
2024-05-15,-4.2699999999999685,-8.055000000000007,-9.575000000000035,-10.49999999999999,-11.075000000000044,-11.499999999999982,-11.330000000000021,-11.474999999999993,-11.739999999999979,-11.249999999999975
2024-05-16,1.7450000000000103,3.285000000000024,3.840000000000024,4.119999999999992,4.3500000000000485,4.150000000000022,3.9900000000000353,3.8900000000000046,3.9900000000000353,3.5999999999999575
2024-05-17,2.180000000000029,4.829999999999973,6.239999999999996,5.799999999999972,5.5749999999999895,5.64999999999996,5.429999999999984,5.310000000000002,5.02499999999996,4.600000000000021
2024-05-20,-0.17500000000003624,0.5700000000000149,0.424999999999974,1.0900000000000145,1.250000000000001,1.3000000000000165,1.3000000000000165,1.360000000000007,1.5050000000000132,1.4250000000000027
2024-05-21,-1.1250000000000149,-2.2500000000000298,-2.854999999999941,-3.039999999999987,-3.3000000000000043,-2.999999999999982,-3.1250000000000027,-3.2099999999999835,-3.0799999999999925,-3.004999999999987
2024-05-22,2.225000000000005,3.9000000000000146,3.9549999999999654,3.7500000000000036,4.005000000000016,3.4749999999999712,3.4499999999999806,3.2749999999999795,2.950000000000001,2.5649999999999977
2024-05-23,2.1550000000000042,5.425000000000013,6.2349999999999905,5.924999999999993,5.194999999999991,4.945000000000019,4.585000000000006,4.299999999999998,3.9250000000000047,3.8900000000000046
2024-05-24,0.8450000000000124,1.244999999999996,0.5200000000000343,0.0,-0.21000000000000185,-0.5600000000000396,-0.6600000000000008,-0.7249999999999965,-0.925000000000023,-0.025000000000025002
2024-05-27,-2.4249999999999967,-3.9199999999999653,-3.9100000000000246,-3.6749999999999976,-3.2600000000000335,-2.9599999999999764,-2.8749999999999956,-2.675000000000004,-2.424999999999962,-3.165000000000008
2024-05-28,-0.7000000000000062,1.229999999999981,2.225000000000005,2.7450000000000045,2.920000000000041,3.275000000000014,3.5249999999999866,3.604999999999997,3.825000000000009,3.6650000000000222
2024-05-29,1.0650000000000244,3.220000000000028,4.974999999999979,6.329999999999981,7.324999999999971,8.249999999999993,8.225000000000037,8.47000000000004,8.899999999999984,9.324999999999992
2024-05-30,-1.6800000000000148,-3.640000000000032,-3.700000000000023,-4.025,-4.2699999999999685,-4.795000000000008,-4.420000000000014,-4.3950000000000236,-4.695000000000012,-5.434999999999988
2024-05-31,2.5150000000000174,3.7650000000000183,2.3499999999999908,2.999999999999982,2.6949999999999545,2.4049999999999767,2.0749999999999935,1.7700000000000007,1.6949999999999952,1.3849999999999627
2024-06-03,-3.625000000000017,-7.465000000000041,-8.174999999999988,-9.149999999999991,-9.049999999999962,-8.93499999999995,-8.629999999999992,-8.380000000000019,-8.47500000000001,-7.449999999999991
2024-06-04,-1.7099999999999755,-3.9499999999999953,-4.454999999999945,-4.749999999999963,-5.049999999999985,-4.550000000000005,-4.744999999999992,-4.694999999999977,-4.325000000000023,-4.445000000000005
2024-06-05,-1.8950000000000218,-1.6999999999999655,-1.6700000000000048,-1.600000000000004,-1.3250000000000068,-1.8500000000000114,-1.6550000000000245,-2.1400000000000237,-1.879999999999972,-1.9449999999999676
2024-06-06,2.2299999999999405,3.8399999999999546,3.849999999999999,3.799999999999984,3.575000000000002,3.699999999999988,3.4500000000000157,3.7900000000000085,3.4300000000000304,3.94499999999999
2024-06-07,1.4000000000000816,4.250000000000018,6.15999999999995,6.609999999999984,6.659999999999965,6.325000000000011,6.299999999999952,5.875000000000012,6.049999999999979,5.08999999999999
2024-06-10,2.669999999999964,3.6749999999999976,4.390000000000019,5.290000000000017,6.14,6.500000000000012,6.775000000000045,7.204999999999989,6.974999999999968,7.515000000000022
2024-06-11,-1.620000000000024,-3.475000000000006,-3.3149999999999844,-3.1250000000000027,-2.9449999999999616,-2.725000000000019,-2.475000000000012,-2.229999999999975,-2.2749999999999506,-2.3100000000000205
2024-06-12,-4.45000000000001,-8.179999999999993,-9.909999999999988,-10.450000000000008,-10.905000000000047,-10.55999999999998,-10.659999999999975,-10.570000000000023,-10.200000000000001,-10.07499999999998
2024-06-13,-2.1249999999999742,-4.339999999999969,-4.405000000000034,-3.9250000000000047,-3.239999999999979,-2.8399999999999954,-2.165000000000049,-1.7299999999999955,-1.559999999999999,-1.5500000000000236
2024-06-14,-2.6750000000000385,-4.580000000000001,-5.329999999999953,-5.585,-5.735000000000011,-6.18000000000004,-6.484999999999963,-6.74000000000001,-6.765000000000001,-6.325000000000011
2024-06-17,-0.6999999999999368,0.6999999999999368,1.1849999999999707,1.7850000000000157,2.2050000000000196,2.6800000000000086,2.9349999999999863,3.0150000000000317,2.984999999999967,2.79999999999999
2024-06-18,-1.4000000000000123,-2.139999999999989,-1.7500000000000155,-2.0900000000000087,-2.1300000000000137,-2.0500000000000034,-2.3250000000000006,-2.2750000000000545,-2.109999999999959,-2.1900000000000044
2024-06-19,0.7000000000000062,1.840000000000036,1.825000000000021,2.0900000000000087,2.1000000000000183,1.8499999999999766,2.009999999999998,1.9000000000000266,1.6199999999999894,1.6450000000000493
2024-06-20,-0.4100000000000631,0.7499999999999868,1.3999999999999777,1.7000000000000002,1.8599999999999866,1.5500000000000582,1.789999999999986,1.799999999999996,1.529999999999969,1.8850000000000118
2024-06-21,-1.6899999999999555,-2.82499999999998,-2.884999999999971,-2.720000000000014,-2.5099999999999776,-1.6500000000000195,-1.3749999999999873,-1.0500000000000091,-0.989999999999984,0.18499999999994216
2024-06-24,-1.4000000000000123,0.0,0.3350000000000228,0.5450000000000246,0.8499999999999828,0.779999999999982,0.7499999999999868,0.810000000000012,1.3849999999999973,0.30000000000002247
2024-06-25,0.11000000000004062,0.15000000000001124,0.3749999999999587,0.2999999999999878,0.07000000000000062,0.030000000000030003,-0.09999999999999593,-0.13499999999999623,-0.22499999999998216,-0.5749999999999853
2024-06-26,0.3899999999999737,1.3249999999999373,2.0999999999999837,2.594999999999993,3.004999999999987,3.1149999999999927,3.2500000000000235,3.275000000000014,3.1299999999999732,3.7500000000000036
2024-06-27,-0.19999999999999185,-0.22499999999994746,-0.3249999999999781,-0.24500000000000216,-0.09999999999999593,-0.024999999999990308,0.19999999999999185,0.3749999999999587,0.6400000000000156,0.3749999999999587
2024-06-28,1.4749999999999486,2.2499999999999605,2.8500000000000054,3.049999999999997,3.1250000000000027,3.4249999999999905,3.475000000000006,3.5250000000000212,3.5600000000000214,3.870000000000054
2024-07-01,1.4000000000000816,2.894999999999981,3.730000000000018,4.700000000000017,5.2500000000000115,5.299999999999992,5.399999999999988,5.500000000000019,5.5999999999999455,5.4049999999999585
2024-07-02,-1.3250000000000761,-2.2499999999999605,-1.805000000000001,-1.9249999999999823,-2.025000000000013,-1.8249999999999864,-1.999999999999988,-2.0000000000000226,-1.8249999999999518,-1.805000000000001
2024-07-03,0.4300000000000137,0.10500000000003562,-1.4250000000000373,-2.525000000000027,-3.3350000000000044,-4.150000000000022,-4.050000000000026,-4.2899999999999885,-5.175000000000041,-4.774999999999988
2024-07-04,1.0900000000000492,2.0549999999999735,2.590000000000023,2.664999999999994,2.915000000000001,3.275000000000014,2.950000000000001,2.8649999999999856,3.3250000000000295,2.480000000000017
2024-07-05,-2.4700000000000415,-4.940000000000014,-5.2800000000000065,-5.3150000000000075,-5.0799999999999805,-5.000000000000004,-4.994999999999999,-4.825000000000003,-4.725000000000007,-5.06000000000003
2024-07-08,0.15000000000001124,0.3600000000000131,-0.6600000000000008,-0.800000000000002,-1.4849999999999932,-1.4250000000000027,-1.579999999999984,-1.7250000000000252,-1.6250000000000293,-1.1349999999999902
2024-07-09,0.049999999999980616,0.7750000000000118,1.575000000000014,2.0000000000000226,2.4350000000000067,2.1249999999999742,2.79999999999999,2.9500000000000357,2.85000000000004,3.049999999999997
2024-07-10,-0.18999999999998185,-1.7550000000000203,-2.7450000000000045,-3.1149999999999927,-3.275000000000014,-2.9249999999999763,-3.825000000000009,-3.9849999999999954,-3.9200000000000346,-3.8799999999999946
2024-07-11,-5.1099999999999755,-8.82000000000001,-8.550000000000017,-7.610000000000013,-6.76999999999997,-6.749999999999985,-5.819999999999991,-5.4650000000000185,-5.329999999999988,-5.374999999999998
2024-07-12,0.0,1.7200000000000202,2.245000000000025,2.4450000000000167,2.1699999999999497,2.9499999999999664,2.6200000000000183,2.6400000000000032,2.825000000000015,3.080000000000027
2024-07-15,-2.1000000000000183,-3.045000000000027,-3.175000000000018,-3.2450000000000188,-2.77999999999997,-3.019999999999967,-2.5649999999999977,-2.360000000000001,-2.2099999999999898,-1.955000000000047
2024-07-16,-1.7500000000000155,-3.649999999999973,-4.49999999999999,-4.574999999999996,-4.545000000000001,-4.430000000000025,-4.410000000000039,-4.284999999999983,-4.264999999999998,-4.449999999999974
2024-07-17,-0.4300000000000137,0.4999999999999796,0.5749999999999853,0.5349999999999799,0.424999999999974,-0.024999999999990308,-0.24999999999997247,-0.5449999999999899,-0.7499999999999868,-0.800000000000002
2024-07-18,-0.14499999999993685,-1.3849999999999973,-1.5149999999999886,-0.7599999999999968,-0.15000000000001124,0.12500000000002093,0.5250000000000046,1.1749999999999607,0.9249999999999536,1.4250000000000373
2024-07-19,1.0249999999999844,2.3100000000000205,3.039999999999987,3.040000000000022,2.950000000000001,3.2999999999999696,3.249999999999989,2.9500000000000357,3.400000000000035,2.9299999999999464
2024-07-22,1.8999999999999573,3.6249999999999822,3.9000000000000146,3.6349999999999922,3.540000000000036,3.3500000000000196,3.050000000000032,2.899999999999986,2.899999999999986,2.0700000000000234
2024-07-23,-2.1999999999999797,-4.924999999999999,-5.299999999999992,-5.475000000000028,-5.439999999999993,-5.500000000000019,-5.100000000000035,-5.114999999999981,-5.175000000000006,-4.305000000000003
2024-07-24,-3.099999999999978,-3.649999999999973,-3.040000000000022,-1.8999999999999573,-1.1900000000000106,-0.3299999999999831,0.19999999999999185,0.7149999999999865,1.1749999999999954,1.3050000000000215
2024-07-25,-3.200000000000008,-2.3000000000000105,-1.4599999999999682,-1.7000000000000002,-1.600000000000004,-1.570000000000009,-1.600000000000004,-1.4999999999999736,-1.5500000000000236,-1.4000000000000123
2024-07-26,-2.7599999999999847,-3.200000000000008,-3.1499999999999932,-2.699999999999994,-2.510000000000012,-2.400000000000006,-2.299999999999976,-2.200000000000049,-2.1499999999999644,-1.8500000000000114
2024-07-29,-1.0900000000000492,-1.7750000000000057,-2.6600000000000232,-3.025000000000007,-3.4199999999999857,-3.699999999999988,-3.625000000000017,-3.908999999999961,-4.200000000000002,-4.249999999999983
2024-07-30,-2.8500000000000054,-5.164999999999996,-4.669999999999987,-3.97500000000002,-3.3500000000000196,-3.200000000000008,-2.9249999999999763,-2.581000000000007,-2.400000000000006,-2.1000000000000183
2024-07-31,-2.5999999999999632,-2.0799999999999983,-2.3200000000000305,-2.894999999999981,-3.229999999999969,-3.099999999999978,-3.4500000000000157,-3.6399999999999975,-3.485000000000016,-3.8499999999999646
2024-08-01,-4.535000000000025,-6.609999999999984,-6.609999999999984,-6.1250000000000195,-5.900000000000002,-4.800000000000012,-5.400000000000023,-5.195000000000026,-3.96500000000001,-4.850000000000028
2024-08-02,-6.804999999999936,-6.610000000000019,-4.5049999999999955,-4.47999999999997,-4.350000000000014,-4.974999999999979,-3.799999999999984,-3.7549999999999737,-4.47999999999997,-4.175000000000012
2024-08-05,-3.110000000000057,1.0699999999999945,0.999999999999994,1.759999999999956,2.449999999999987,1.9749999999999628,2.1250000000000435,2.3899999999999615,1.904999999999997,2.475000000000012
2024-08-06,-4.019999999999961,-3.140000000000018,-1.8850000000000118,-1.4099999999999877,-1.3200000000000016,-0.424999999999974,-1.2250000000000454,-1.4399999999999482,-1.0450000000000044,-1.2999999999999816
2024-08-07,3.669999999999958,3.300000000000039,3.049999999999997,3.2500000000000235,3.520000000000016,3.4249999999999905,4.100000000000007,4.279999999999943,4.310000000000043,4.829999999999973
2024-08-08,1.1450000000000349,-0.18000000000000654,-0.5799999999999903,-0.23499999999999216,-0.10000000000003062,0.049999999999980616,0.14999999999997654,0.3200000000000078,0.2599999999999478,-0.22999999999998716
2024-08-09,-2.745000000000039,-2.3700000000000108,-2.470000000000007,-2.9900000000000064,-3.3999999999999657,-3.3999999999999657,-3.749999999999934,-3.984999999999961,-3.9499999999999953,-3.9000000000000146
2024-08-12,0.4149999999999987,0.029999999999995308,-0.475000000000024,-0.7249999999999965,-0.8950000000000278,-1.1500000000000052,-1.040000000000034,-1.0650000000000244,-1.380000000000027,-1.0999999999999899
2024-08-13,-3.774999999999959,-5.320000000000012,-5.224999999999986,-4.650000000000001,-4.314999999999978,-4.299999999999998,-4.159999999999997,-4.130000000000002,-4.109999999999947,-4.019999999999996
2024-08-14,-2.340000000000016,-0.16999999999999654,-0.09999999999996123,-0.6050000000000153,-0.9400000000000033,-0.899999999999998,-0.999999999999994,-1.0399999999999645,-0.910000000000008,-0.9299999999999933
2024-08-15,4.299999999999998,7.710000000000009,8.749999999999973,8.5,8.240000000000018,7.769999999999964,7.29999999999998,6.7099999999999795,6.549999999999994,6.199999999999956
2024-08-16,-1.1700000000000252,-0.7399999999999768,-1.2999999999999816,-1.3699999999999823,-1.4750000000000179,-1.4099999999999877,-1.3999999999999777,-1.040000000000034,-1.1399999999999952,-0.9499999999999786
2024-08-19,1.4950000000000379,-0.22000000000004655,-0.3900000000000431,-0.3750000000000281,-0.4649999999999793,-0.5299999999999749,-0.5199999999999996,-0.5949999999999706,-0.5850000000000299,-0.759999999999962
2024-08-20,-1.9500000000000073,-3.6099999999999675,-3.7019999999999413,-3.699999999999988,-3.620000000000012,-3.630000000000022,-3.5500000000000114,-3.5149999999999766,-3.649999999999973,-3.540000000000036
2024-08-21,-3.249999999999989,-4.389999999999985,-4.488000000000027,-4.049999999999991,-3.630000000000022,-3.249999999999989,-2.9799999999999964,-2.720000000000014,-1.774999999999971,-1.9749999999999976
2024-08-22,3.2350000000000088,5.379999999999968,6.204999999999996,6.560000000000003,6.675000000000014,6.630000000000004,6.524999999999968,5.909999999999978,5.774999999999982,5.750000000000026
2024-08-23,-3.0350000000000517,-3.6249999999999822,-3.5050000000000012,-3.359999999999995,-3.175000000000018,-2.980000000000031,-2.674999999999969,-1.899999999999992,-2.3250000000000006,-1.925000000000017
2024-08-26,1.7000000000000348,1.9649999999999876,1.9399999999999973,2.1799999999999944,2.7500000000000093,2.3200000000000305,2.219999999999965,2.034999999999988,2.0000000000000226,2.0099999999999634
2024-08-27,-1.2250000000000107,-0.5250000000000046,0.19000000000001654,0.4200000000000037,0.4900000000000043,1.4300000000000077,1.7300000000000302,2.015000000000003,2.249999999999995,2.5350000000000024
2024-08-28,-0.4250000000000087,-0.8750000000000078,-1.250000000000001,-1.2049999999999907,-1.439999999999983,-1.8500000000000114,-1.9500000000000073,-2.0500000000000034,-2.1000000000000534,-2.3899999999999615
2024-08-29,-3.049999999999997,-2.939999999999991,-1.7499999999999807,-1.0450000000000044,-0.30000000000002247,0.16999999999999654,0.449999999999999,0.7900000000000268,1.1150000000000395,1.5949999999999993
2024-08-30,1.6500000000000195,2.5400000000000076,2.6499999999999786,2.7499999999999747,2.7000000000000286,3.130000000000008,2.6500000000000483,2.5099999999999776,2.9349999999999863,2.1999999999999797
2024-09-02,-0.2999999999999878,0.6799999999999862,1.1349999999999902,1.4899999999999982,1.7899999999999514,1.5000000000000082,2.0999999999999837,2.2000000000000144,1.7500000000000155,2.400000000000006
2024-09-03,0.04999999999994592,-2.6599999999999886,-3.6349999999999576,-4.119999999999992,-4.789999999999968,-4.819999999999998,-4.890000000000033,-4.930000000000004,-4.850000000000028,-5.1000000000000005
2024-09-04,-3.024999999999972,-3.9399999999999853,-4.680000000000032,-4.769999999999983,-4.619999999999972,-4.780000000000027,-4.51,-4.4399999999999995,-4.599999999999986,-4.275000000000008
2024-09-05,-3.124999999999968,-3.4600000000000257,-2.470000000000007,-2.5400000000000076,-2.1300000000000137,-1.920000000000012,-2.129999999999979,-1.9600000000000173,-1.7150000000000152,-1.884999999999977
2024-09-06,-3.5750000000000366,-3.794999999999979,-3.4000000000000004,-2.350000000000026,-1.600000000000004,-0.7299999999999668,-0.8700000000000028,-0.6949999999999665,-0.13499999999999623,-2.0899999999999737
2024-09-09,-4.9149999999999885,-5.08500000000002,-4.200000000000002,-3.809999999999994,-4.000000000000011,-4.350000000000014,-3.3500000000000196,-3.1849999999999934,-3.9000000000000146,-1.2600000000000458
2024-09-10,-2.1100000000000287,-3.3899999999999904,-3.1499999999999932,-3.099999999999978,-2.8749999999999956,-2.2000000000000144,-2.574999999999973,-2.5650000000000324,-1.8499999999999766,-2.365000000000006
2024-09-11,-2.249999999999995,-2.915000000000001,-3.649999999999973,-3.259999999999999,-2.675000000000004,-2.6100000000000083,-2.135000000000019,-2.084999999999969,-2.369999999999976,-1.6699999999999702
2024-09-12,4.430000000000025,6.010000000000009,6.399999999999982,5.959999999999958,5.430000000000018,4.910000000000019,4.580000000000001,4.099999999999972,4.270000000000003,3.394999999999995
2024-09-13,-3.179999999999988,-3.444999999999976,-3.459999999999991,-3.2999999999999696,-2.730000000000024,-2.79999999999999,-2.570000000000003,-2.009999999999998,-2.1300000000000137,-1.2999999999999816
2024-09-16,-1.1000000000000245,-2.3200000000000305,-2.5500000000000176,-2.3000000000000105,-2.675000000000004,-2.2000000000000144,-2.3499999999999908,-2.0799999999999983,-2.170000000000019,-2.725000000000019
2024-09-17,1.2250000000000454,4.035000000000011,4.6349999999999865,4.209999999999978,4.1249999999999964,3.6500000000000075,3.499999999999996,3.150000000000028,2.999999999999982,3.200000000000008
2024-09-18,0.5149999999999946,2.9900000000000064,3.4249999999999905,3.5900000000000514,3.599999999999992,3.94000000000002,3.799999999999984,3.9499999999999953,4.075000000000016,3.475000000000006
2024-09-19,-2.740000000000034,-3.435000000000035,-2.899999999999986,-2.2200000000000344,-1.6499999999999848,-1.1400000000000299,-0.3499999999999684,-0.09999999999999593,0.20000000000002655,1.1249999999999802
2024-09-20,-3.3299999999999996,-2.2449999999999553,-1.460000000000003,-1.1749999999999607,-1.0000000000000286,-0.959999999999954,-0.9400000000000033,-0.8500000000000174,-0.800000000000002,-0.16500000000002624
2024-09-23,-2.999999999999982,-5.420000000000043,-5.264999999999992,-5.385000000000042,-5.59999999999998,-5.290000000000017,-4.670000000000021,-4.625000000000011,-4.450000000000045,-4.659999999999977
2024-09-24,-3.4700000000000357,-4.954999999999994,-4.349999999999979,-3.144999999999988,-1.9500000000000073,-1.7000000000000002,-1.0399999999999991,-0.4499999999999643,-0.3999999999999837,-0.05000000000001531
2024-09-25,-0.9750000000000036,1.7500000000000155,2.1349999999999842,2.2749999999999853,2.1000000000000183,2.299999999999976,1.7000000000000002,1.6249999999999598,1.6250000000000293,1.6800000000000148
2024-09-26,0.19000000000001654,0.27499999999999747,0.4649999999999793,0.5499999999999949,0.999999999999994,0.3500000000000031,0.6600000000000356,0.5399999999999849,0.4499999999999643,0.019999999999985307
2024-09-27,-4.179999999999982,-5.050000000000019,-5.2099999999999715,-5.58999999999997,-6.379999999999997,-5.240000000000002,-6.060000000000024,-6.0649999999999595,-5.255000000000017,-5.799999999999972
2024-09-30,-3.2949999999999995,-1.4699999999999782,-1.2450000000000307,-1.0600000000000191,-1.0000000000000286,-1.9900000000000126,-0.8599999999999928,-0.9750000000000036,-1.9449999999999676,-1.0500000000000091
2024-10-01,-2.6699999999999986,-5.1299999999999955,-6.064999999999994,-6.549999999999994,-6.869999999999966,-6.869999999999966,-7.6900000000000235,-7.850000000000009,-7.694999999999993,-7.699999999999998
2024-10-02,1.0599999999999499,3.8749999999999893,4.895000000000003,5.520000000000004,6.169999999999995,6.274999999999961,6.350000000000001,6.440000000000022,6.494999999999973,5.700000000000011
2024-10-03,1.395000000000042,2.8749999999999956,3.699999999999988,4.079999999999987,4.380000000000009,4.855000000000033,4.150000000000022,4.359999999999989,4.840000000000018,4.249999999999983
2024-10-04,6.350000000000001,10.840000000000016,11.280000000000005,10.495000000000019,9.245000000000017,8.36,7.920000000000011,7.684999999999984,6.395000000000012,5.954999999999988
2024-10-07,3.4499999999999806,6.5599999999999685,6.645000000000019,6.630000000000004,6.80499999999997,6.284999999999971,6.329999999999981,5.474999999999993,5.390000000000013,5.845000000000017
2024-10-08,-0.424999999999974,-2.82499999999998,-2.9749999999999917,-2.899999999999986,-3.0000000000000164,-2.624999999999954,-2.375000000000016,-2.0899999999999737,-1.6500000000000195,-1.4849999999999932
2024-10-09,0.7599999999999968,2.76499999999999,2.9649999999999817,2.664999999999994,2.5500000000000176,2.339999999999981,2.1950000000000096,2.0349999999999535,1.899999999999992,1.7249999999999903
2024-10-10,-1.884999999999977,-3.9399999999999507,-4.325000000000023,-3.7900000000000085,-3.1499999999999932,-2.940000000000026,-2.644999999999974,-2.429999999999967,-2.249999999999995,-1.6399999999999748
2024-10-11,0.04999999999994592,-1.1700000000000252,-1.289999999999937,-1.0000000000000286,-0.8500000000000174,-0.8099999999999774,-0.5000000000000491,-0.424999999999974,-0.8750000000000078,-0.9000000000000328
2024-10-14,0.12500000000002093,1.339999999999987,1.519999999999959,1.0950000000000195,0.3750000000000281,0.3299999999999831,-0.09999999999996123,-0.25000000000004186,-0.05000000000001531,-0.23000000000002185
2024-10-15,-3.049999999999997,-4.595000000000016,-5.159999999999991,-5.194999999999991,-5.05499999999999,-4.959999999999964,-4.865000000000008,-4.825000000000003,-4.5900000000000105,-4.719999999999967
2024-10-16,-2.804999999999995,-3.799999999999984,-3.9600000000000053,-4.200000000000002,-4.220000000000022,-3.95000000000003,-4.01000000000002,-3.849999999999999,-3.534999999999962,-3.625000000000017
2024-10-17,-3.4200000000000204,-3.699999999999988,-3.049999999999997,-2.1000000000000183,-1.3999999999999777,-1.360000000000007,-0.2999999999999531,0.059999999999990616,-0.15000000000001124,1.2250000000000454
2024-10-18,-3.649999999999973,-3.2450000000000188,-2.699999999999994,-2.899999999999986,-2.84000000000003,-2.7299999999999893,-2.85000000000004,-2.784999999999975,-2.625000000000023,-3.200000000000008
2024-10-21,0.6799999999999862,4.9499999999999895,6.19999999999999,6.800000000000001,7.165000000000019,7.780000000000009,7.474999999999982,7.580000000000017,7.975000000000031,7.474999999999982
2024-10-22,0.054999999999985616,1.585000000000024,2.0600000000000134,2.704999999999999,3.1000000000000125,2.8500000000000054,2.7850000000000446,2.5999999999999632,2.2199999999999998,2.2050000000000196
2024-10-23,-3.885,-4.664999999999981,-4.1800000000000175,-3.454999999999986,-3.0750000000000224,-2.5500000000000176,-2.160000000000009,-1.904999999999997,-1.585000000000024,-1.380000000000027
2024-10-24,-4.049999999999956,-3.3750000000000444,-3.0949999999999727,-3.745000000000033,-4.170000000000007,-3.999999999999976,-4.340000000000038,-4.404999999999999,-4.284999999999983,-4.49999999999999
2024-10-25,-0.15000000000001124,1.480000000000023,2.1649999999999796,2.29500000000004,2.375000000000016,1.7999999999999614,1.9900000000000473,1.8850000000000118,1.4199999999999977,0.8500000000000174
2024-10-28,-0.7500000000000215,-1.8699999999999966,-2.299999999999976,-1.7000000000000348,-1.7350000000000003,-1.7000000000000002,-1.7250000000000252,-1.764999999999961,-1.6249999999999598,-0.9800000000000433
2024-10-29,-0.6000000000000103,1.1649999999999854,1.6699999999999702,1.5500000000000236,1.3300000000000116,1.2500000000000357,0.800000000000002,0.5349999999999799,0.4049999999999887,0.010000000000010001
2024-10-30,5.000000000000004,9.650000000000041,10.300000000000031,9.610000000000001,9.49999999999996,8.899999999999984,7.725000000000024,6.889999999999986,6.420000000000002,5.420000000000008
2024-10-31,0.800000000000002,0.7499999999999868,0.6599999999999662,-0.3099999999999978,-1.549999999999989,-2.8500000000000054,-2.2150000000000296,-2.444999999999982,-3.3549999999999898,-2.299999999999976
2024-11-01,1.2900000000000065,-0.3700000000000231,-1.1799999999999657,-0.9850000000000136,-1.0299999999999891,-0.4000000000000184,-0.23499999999999216,0.07999999999997592,0.21999999999994246,0.06999999999996592
2024-11-04,1.4099999999999877,2.7700000000000293,2.999999999999982,2.4350000000000067,2.1300000000000137,1.950000000000042,1.339999999999987,1.0000000000000286,1.040000000000034,0.22000000000001185
2024-11-05,2.7000000000000286,4.124999999999962,4.700000000000017,4.619999999999972,4.5499999999999705,4.399999999999994,4.140000000000047,4.060000000000001,3.9699999999999807,4.110000000000016
2024-11-06,-9.750000000000002,-13.694999999999958,-14.300000000000042,-12.969999999999962,-11.9,-11.190000000000019,-9.820000000000038,-8.910000000000029,-8.41999999999999,-6.050000000000014
2024-11-07,-1.794999999999991,-0.030000000000030003,1.0500000000000091,1.0499999999999745,0.899999999999998,1.2900000000000065,0.940000000000038,0.800000000000002,1.0499999999999745,-0.3550000000000081
2024-11-08,-3.2500000000000235,-3.370000000000005,-3.7799999999999985,-3.8000000000000185,-3.7599999999999785,-4.49999999999999,-4.890000000000033,-5.049999999999985,-5.699999999999976,-5.994999999999993
2024-11-11,-0.6049999999999806,-3.554999999999982,-4.369999999999965,-4.599999999999986,-4.539999999999996,-4.329999999999994,-4.320000000000018,-4.450000000000045,-4.025,-4.899999999999974
2024-11-12,-1.4000000000000123,0.7499999999999868,2.0999999999999837,3.500000000000031,4.599999999999986,4.849999999999993,4.819999999999998,4.850000000000028,4.924999999999999,4.599999999999986
2024-11-13,-0.800000000000002,0.999999999999994,1.6199999999999894,1.6449999999999798,1.6099999999999794,1.8599999999999866,1.6400000000000095,1.3900000000000023,1.349999999999997,0.22499999999998216
2024-11-14,-4.950000000000024,-7.055000000000013,-7.920000000000011,-8.489999999999956,-9.229999999999967,-9.329999999999998,-8.869999999999989,-8.660000000000021,-8.734999999999992,-6.374999999999992
2024-11-15,0.05000000000001531,1.1800000000000352,1.4750000000000179,0.8449999999999778,0.7199999999999915,0.5199999999999996,0.4099999999999937,0.7400000000000115,0.5499999999999949,0.9400000000000033
2024-11-18,3.6000000000000267,4.824999999999968,4.690000000000007,4.739999999999987,4.385000000000014,3.5800000000000067,3.8000000000000185,3.3649999999999998,2.78500000000001,2.459999999999997
2024-11-19,0.4999999999999796,0.3449999999999981,0.13499999999999623,0.10999999999997123,0.11499999999997623,0.779999999999982,0.3349999999999881,0.4150000000000334,0.899999999999998,0.25000000000000716
2024-11-20,0.800000000000002,1.0150000000000436,1.3999999999999777,1.385000000000032,1.7000000000000002,1.5200000000000282,1.6749999999999752,1.6249999999999944,1.6999999999999655,2.5999999999999632
2024-11-21,0.24999999999997247,-1.0000000000000286,-1.2999999999999816,-1.5300000000000036,-1.7500000000000155,-1.375000000000022,-1.1999999999999857,-1.0050000000000336,-0.8999999999999633,-1.529999999999969
2024-11-22,-7.549999999999987,-9.289999999999992,-8.96000000000001,-7.604999999999973,-7.050000000000008,-6.694999999999999,-6.509999999999954,-6.420000000000002,-6.024999999999989,-6.269999999999991
2024-11-25,-0.5499999999999949,0.9800000000000086,0.9700000000000333,-0.08000000000004531,-1.0499999999999745,-1.0550000000000144,-1.855000000000051,-2.0999999999999837,-1.9750000000000323,-2.5750000000000077
2024-11-26,-1.0299999999999891,-0.5000000000000143,-1.010000000000004,-1.0299999999999891,-0.5500000000000296,-1.5249999999999986,-0.784999999999987,-0.7499999999999868,-1.349999999999997,-0.024999999999990308
2024-11-27,2.7800000000000047,2.239999999999985,1.0999999999999552,0.22999999999998716,-0.6999999999999368,-0.5749999999999853,-1.1499999999999706,-1.349999999999997,-1.3499999999999623,-1.7750000000000403
2024-11-28,-1.6800000000000148,-3.4149999999999805,-3.830000000000014,-3.720000000000008,-3.3000000000000043,-3.1250000000000027,-2.9500000000000357,-2.8000000000000247,-2.6299999999999937,-2.7249999999999845
2024-11-29,-4.264999999999998,-4.725000000000007,-5.159999999999957,-5.59999999999998,-5.2500000000000115,-5.290000000000017,-4.930000000000004,-4.7649999999999775,-4.52500000000005,-4.000000000000011
2024-12-02,-4.660000000000012,-6.215000000000005,-6.310000000000031,-5.800000000000007,-5.839999999999977,-5.659999999999971,-5.809999999999982,-5.835000000000007,-5.844999999999982,-5.979999999999978
2024-12-03,-0.07500000000000562,1.339999999999987,1.3000000000000165,1.010000000000004,0.7199999999999568,0.419999999999969,0.019999999999985307,-0.12000000000001593,-0.4000000000000184,-0.920000000000018
2024-12-04,0.6800000000000208,1.6750000000000098,1.8500000000000114,1.0900000000000145,1.2599999999999765,1.1050000000000295,0.3200000000000078,0.5700000000000149,0.475000000000024,0.30000000000002247
2024-12-05,4.035000000000011,5.63000000000001,5.549999999999999,5.400000000000023,4.710000000000061,4.1249999999999964,4.5250000000000155,3.8000000000000185,3.4350000000000005,3.349999999999985
2024-12-06,0.7650000000000018,-1.0849999999999749,-1.736000000000029,-1.600000000000004,-1.6950000000000298,-1.250000000000001,-0.9750000000000383,-0.839000000000048,-0.6099999999999856,-0.4049999999999887
2024-12-09,-0.9500000000000133,-0.29500000000001747,-0.5639999999999812,-0.5250000000000393,-0.11499999999997623,0.024999999999990308,0.025000000000025002,0.16399999999999748,0.2999999999999531,0.434999999999984
2024-12-10,-1.3500000000000316,-2.675000000000004,-1.9500000000000073,-1.324999999999972,-1.0150000000000436,-0.5499999999999603,-0.17499999999996685,0.15000000000001124,0.5600000000000396,0.7199999999999915
2024-12-11,-0.6499999999999908,-0.26499999999998747,0.12500000000002093,0.5249999999999699,1.0000000000000286,1.1749999999999607,1.1749999999999607,1.449999999999993,1.3900000000000023,1.7750000000000057
2024-12-12,3.650000000000042,6.289999999999976,6.674999999999979,7.100000000000023,7.399999999999976,7.150000000000004,7.175000000000028,6.899999999999997,6.849999999999981,6.430000000000012
2024-12-13,1.999999999999988,4.875000000000018,5.399999999999988,5.7250000000000005,5.325000000000017,5.300000000000027,5.249999999999977,5.225000000000056,5.049999999999985,4.994999999999999
2024-12-16,-0.05000000000001531,-1.9750000000000323,-2.299999999999976,-2.5999999999999983,-2.699999999999994,-2.7000000000000286,-2.6500000000000137,-2.6750000000000385,-2.549999999999983,-2.699999999999994
2024-12-17,0.6499999999999908,0.800000000000002,1.0500000000000091,0.5799999999999903,0.030000000000030003,-0.18999999999998185,-0.5799999999999903,-0.899999999999998,-1.0500000000000091,-1.3200000000000016
2024-12-18,-1.1999999999999857,-1.6999999999999655,-0.7500000000000215,0.019999999999985307,0.869999999999968,1.1399999999999952,1.4799999999999882,1.8699999999999966,1.9000000000000266,2.2699999999999805
2024-12-19,1.0000000000000286,3.0000000000000164,4.324999999999989,5.199999999999997,5.800000000000007,6.325000000000011,6.675000000000014,6.280000000000036,6.899999999999997,6.999999999999992
2024-12-20,-2.200000000000049,-2.2000000000000144,-2.3749999999999467,-1.999999999999988,-1.8000000000000307,-1.925000000000017,-1.8249999999999864,-1.3500000000000316,-1.6500000000000195,-1.749999999999946
2024-12-23,-0.6199999999999608,1.449999999999993,2.442999999999959,2.79999999999999,2.3250000000000006,2.6500000000000137,2.6249999999999885,2.5750000000000077,2.5750000000000424,2.674999999999969
2024-12-24,0.0,0.24999999999997247,,,,,,,,
2024-12-25,0.0,,,,,,,,,
2024-12-26,0.3200000000000078,,,,,,,,,
2024-12-27,-0.800000000000002,2.1000000000000534,3.3570000000000126,4.000000000000011,5.08500000000002,5.359999999999983,5.600000000000015,6.04399999999998,6.174999999999965,6.19999999999999
2024-12-30,-1.5000000000000082,-3.175000000000018,-3.3000000000000043,-3.7749999999999937,-3.809999999999994,-3.5800000000000067,-3.4249999999999905,-3.2940000000000054,-3.150000000000028,-2.774999999999965
2024-12-31,-0.4000000000000184,0.07500000000000562,-0.800000000000002,,,,,,,
2025-01-02,2.1999999999999797,2.891999999999964,3.1749999999999834,2.1749999999999896,1.899999999999992,1.7400000000000055,1.7549999999999857,1.7050000000000398,1.7000000000000348,1.5749999999999444
2025-01-03,3.200000000000008,4.783000000000044,5.045000000000015,4.705000000000021,4.049999999999991,3.6800000000000375,3.4949999999999912,3.1699999999999786,2.9749999999999917,2.82500000000005
2025-01-06,3.8349999999999844,4.159999999999962,4.130000000000002,3.8949999999999747,3.9350000000000147,3.6249999999999822,3.349999999999985,3.2500000000000235,3.2249999999999988,3.024999999999972
2025-01-07,1.6650000000000345,0.6650000000000058,0.3500000000000031,0.8500000000000174,1.6150000000000193,1.969999999999958,2.505000000000042,3.049999999999997,3.3000000000000043,3.7750000000000283
2025-01-08,0.800000000000002,1.600000000000004,2.2000000000000144,2.899999999999986,3.1499999999999932,3.7250000000000476,4.044999999999986,4.603000000000003,4.810000000000023,4.975000000000014
2025-01-09,1.999999999999988,2.1000000000000183,2.7549999999999795,2.5500000000000176,2.79999999999999,2.479999999999982,2.379999999999986,1.431999999999961,1.1899999999999757,0.9999999999999593
2025-01-10,2.7549999999999795,4.249999999999983,4.600000000000021,4.849999999999959,4.448000000000022,4.154999999999992,3.394999999999995,3.1900000000000333,2.8500000000000054,2.375000000000016
2025-01-13,1.0450000000000044,1.575000000000014,1.6949999999999952,1.7500000000000155,1.5019999999999616,1.4070000000000054,1.5249999999999986,1.549999999999989,1.5450000000000186,1.4749999999999832
2025-01-14,2.400000000000006,3.659999999999983,4.189999999999992,4.200000000000037,4.399999999999994,4.737999999999964,4.844999999999988,5.07500000000001,5.124999999999991,5.264999999999992
2025-01-15,-4.299999999999963,-7.785000000000014,-10.024999999999999,-10.600000000000055,-11.290000000000015,-11.499999999999948,-11.444999999999963,-11.924999999999992,-11.42000000000004,-11.76499999999997
2025-01-16,-0.9420000000000261,-1.6299999999999648,-1.585000000000024,-1.9499999999999726,-1.859999999999952,-1.834000000000037,-1.9750000000000323,-1.3749999999999873,-1.8999999999999573,-1.2750000000000261
2025-01-17,-1.708000000000022,-1.2200000000000057,-1.0999999999999552,-0.9999999999999593,-0.8500000000000174,-0.9209999999999774,-1.1499999999999706,-1.5000000000000082,-1.4000000000000123,-1.7249999999999557
2025-01-20,-0.45699999999995744,0.3149999999999681,0.019999999999985307,0.04999999999994592,0.17499999999996685,-0.12000000000001593,-0.22500000000001685,0.02599999999998437,0.18000000000000654,0.2749999999999628
2025-01-21,-1.2430000000000079,-0.7609999999999908,-0.3500000000000378,-0.5999999999999756,-0.9699999999999293,-0.8729999999999849,-0.7000000000000062,-0.9750000000000036,-1.3169999999999848,-1.600000000000004
2025-01-22,-0.4000000000000184,0.9120000000000308,1.3500000000000316,1.7000000000000002,1.569999999999974,1.5730000000000257,1.825000000000021,1.873999999999973,1.771999999999954,2.027000000000001
2025-01-23,1.0860000000000036,1.3840000000000032,1.5500000000000236,1.1999999999999857,1.1450000000000002,1.337999999999964,0.8999999999999633,0.9490000000000193,1.1280000000000316,1.0229999999999961
2025-01-24,2.4640000000000426,3.999999999999976,3.89999999999998,3.6000000000000267,3.5299999999999914,2.937000000000009,2.5750000000000077,2.2509999999999892,2.177000000000012,1.9500000000000073
2025-01-27,-0.3500000000000378,-1.9090000000000078,-1.799999999999996,-1.7000000000000002,-1.8500000000000114,-1.5000000000000082,-1.2999999999999816,-1.349999999999997,-1.2400000000000257,-1.2000000000000206
2025-01-28,0.3020000000000106,1.6500000000000195,1.1749999999999607,1.0999999999999552,1.2999999999999816,1.1610000000000094,1.1999999999999857,1.4000000000000123,1.4300000000000077,1.400000000000047
2025-01-29,-0.0019999999999881224,0.2589999999999884,1.3250000000000415,1.400000000000047,1.400000000000047,1.3390000000000277,1.1750000000000302,1.549999999999989,1.3300000000000116,1.5999999999999694
2025-01-30,-3.6649999999999876,-5.5749999999999895,-6.350000000000001,-6.19999999999999,-6.000000000000033,-5.900000000000037,-6.150000000000009,-6.124999999999985,-5.78100000000005,-5.849999999999987
2025-01-31,-4.875000000000018,-7.925000000000015,-8.400000000000004,-8.400000000000004,-8.400000000000004,-7.934999999999956,-6.950000000000012,-6.950000000000012,-7.078999999999939,-6.800000000000001
2025-02-03,-7.060000000000017,-7.9500000000000055,-7.8200000000000145,-7.600000000000002,-6.69999999999997,-6.665000000000039,-6.575000000000018,-6.524999999999968,-6.400000000000016,-6.250000000000005
2025-02-04,-2.0999999999999837,-0.18999999999998185,-0.6999999999999715,0.3569999999999615,-0.820000000000022,-1.0399999999999991,-1.1399999999999952,-1.0950000000000195,-0.994999999999989,-1.0699999999999945
2025-02-05,0.24999999999997247,0.23999999999999716,0.21999999999997716,-1.1569999999999636,-1.355000000000002,-1.0599999999999845,-1.9349999999999576,-1.7800000000000107,-2.3300000000000405,-2.280000000000025
2025-02-06,0.12500000000002093,0.6999999999999715,1.1300000000000199,0.9999999999999593,1.3250000000000068,0.5999999999999756,1.1749999999999607,0.8249999999999924,1.0730000000000115,0.899999999999998
2025-02-07,-0.825000000000027,-1.297999999999959,-1.8690000000000373,-1.9349999999999576,-2.149999999999999,-1.6799999999999802,-2.0999999999999837,-2.0500000000000034,-1.8299999999999914,-1.779999999999976
2025-02-10,-0.9999999999999593,-1.7960000000000198,-1.3360000000000107,-1.0229999999999961,-0.7249999999999965,-0.8199999999999874,-0.19999999999999185,-0.2869999999999609,-0.1280000000000031,0.030000000000030003
2025-02-11,3.6189999999999833,5.35299999999999,5.825000000000031,6.457999999999984,6.850000000000016,6.957999999999965,7.08799999999999,7.090999999999973,6.955000000000017,6.9499999999999424
2025-02-12,2.880999999999995,5.041000000000004,5.849999999999987,5.59999999999998,5.674999999999951,5.341999999999985,5.111999999999998,4.796000000000002,4.692999999999989,4.330000000000063
2025-02-13,-0.7000000000000062,-3.4000000000000004,-3.9499999999999953,-3.999999999999976,-4.299999999999963,-4.099999999999972,-4.199999999999967,-3.8249999999999744,-3.9589999999999765,-3.880000000000029
2025-02-14,1.899999999999992,3.4000000000000004,3.4000000000000004,3.499999999999996,3.799999999999984,3.8349999999999844,3.8649999999999447,4.074999999999947,3.951999999999983,4.100000000000007
2025-02-17,-0.6099999999999856,0.3999999999999837,0.899999999999998,1.0999999999999899,1.1049999999999949,1.3130000000000432,1.4600000000000377,1.449999999999993,1.7690000000000068,1.799999999999996
2025-02-18,-0.4900000000000043,-0.777999999999994,-0.800000000000002,-0.6000000000000103,-0.029999999999960614,0.05199999999996874,0.3699999999999537,-0.04999999999994592,0.0,0.5600000000000049
2025-02-19,1.6599999999999948,3.5820000000000296,3.8000000000000185,4.55000000000004,4.199999999999967,4.424999999999985,4.430000000000025,4.674999999999957,4.650000000000001,4.565000000000021
2025-02-20,-1.7099999999999755,-2.4040000000000172,-2.050000000000038,-2.6500000000000137,-2.4500000000000215,-2.4249999999999967,-2.342999999999963,-2.021999999999996,-1.950000000000042,-2.1250000000000435
2025-02-21,-2.149999999999999,-4.100000000000007,-4.854999999999999,-5.300000000000027,-5.174999999999971,-5.59999999999998,-5.677000000000043,-5.033999999999976,-4.449999999999974,-5.049999999999985
2025-02-24,-2.7000000000000286,-1.1749999999999607,-0.9989999999999652,-0.5000000000000143,-0.6499999999999908,0.09999999999999593,0.29500000000001747,-0.06900000000000656,-0.4300000000000137,0.17500000000000154
2025-02-25,-2.110999999999953,-3.0640000000000183,-2.8710000000000195,-2.5149999999999824,-2.7749999999999995,-2.5750000000000077,-3.025000000000007,-3.364999999999965,-3.2249999999999988,-3.324999999999995
2025-02-26,-0.48900000000001026,-0.8609999999999868,-1.2750000000000261,-1.6849999999999852,-3.2050000000000134,-2.309999999999986,-1.8750000000000018,-1.926000000000011,-1.894999999999987,-1.950000000000042
2025-02-27,-1.5000000000000082,-2.900000000000021,-3.0999999999999432,-2.79999999999999,-0.5250000000000046,-1.9550000000000123,-1.6499999999999848,-1.459000000000009,-1.429999999999973,-1.0499999999999745
2025-02-28,-2.1999999999999797,-1.7000000000000002,-2.1500000000000337,-2.38600000000002,-2.994999999999977,-2.2599999999999705,-2.9900000000000064,-2.009999999999998,-1.935000000000027,-1.519999999999959
2025-03-03,1.199999999999951,3.2999999999999696,4.000000000000011,3.785999999999998,4.170000000000007,4.349999999999979,5.7899999999999965,5.760000000000002,6.029999999999994,6.069999999999965
2025-03-04,-0.6480000000000028,-1.7999999999999614,-2.26500000000001,-1.2999999999999816,0.20499999999999685,0.6600000000000008,0.8499999999999828,1.004999999999999,1.2600000000000111,1.575000000000014
2025-03-05,7.748000000000026,17.85499999999999,22.735000000000014,24.199999999999985,25.544999999999977,25.570000000000004,24.875000000000036,24.430000000000007,23.275,22.674999999999986
2025-03-06,1.1999999999999857,-0.28000000000000247,0.4799999999999943,1.2999999999999816,0.3300000000000178,0.6199999999999956,0.8549999999999878,1.1649999999999854,1.9499999999999726,2.1000000000000183
2025-03-07,1.9000000000000266,1.2250000000000107,1.349999999999997,2.1000000000000534,4.049999999999991,4.899999999999974,5.070000000000005,3.89999999999998,4.9700000000000095,5.129999999999961
2025-03-10,-2.87500000000003,-3.049999999999997,-2.6399999999999686,-3.009000000000067,-3.814999999999999,-4.069999999999976,-3.1000000000000125,-1.7099999999999755,-1.9699999999999926,-1.6549999999999898
2025-03-11,-0.26499999999998747,-0.20499999999999685,0.3949999999999787,1.3790000000000329,4.130000000000002,5.364999999999988,5.374999999999998,6.369999999999987,5.1500000000000155,6.925000000000021
2025-03-12,-0.13000000000002593,0.8550000000000224,0.7199999999999915,0.5300000000000096,-2.114999999999999,-2.4949999999999974,-2.8749999999999956,-3.534999999999962,-2.1999999999999797,-3.400000000000035
2025-03-13,-1.204999999999956,-3.170000000000048,-3.479999999999976,-2.9550000000000063,-2.3250000000000006,-2.880000000000001,-2.469999999999972,-2.2150000000000643,-2.2300000000000098,-2.7599999999999847
2025-03-14,1.774999999999971,2.4199999999999915,2.904999999999991,2.904999999999991,2.82499999999998,3.259999999999999,3.88999999999997,4.240000000000042,4.329999999999994,4.54000000000003
2025-03-17,1.025000000000019,0.3250000000000128,-0.20000000000002655,-1.5279999999999807,-2.2000000000000144,-2.004999999999993,-3.394999999999995,-3.95000000000003,-4.106999999999999,-4.380000000000009
2025-03-18,-0.05000000000001531,-1.5749999999999793,-2.2149999999999945,-1.5220000000000165,-2.0999999999999837,-2.1749999999999896,-1.920000000000012,-1.4999999999999736,-1.7930000000000377,-1.355000000000002
2025-03-19,-0.6749999999999812,0.6249999999999658,1.2650000000000161,0.3999999999999837,0.20000000000002655,-0.800000000000002,-0.15499999999998154,-1.600000000000004,-1.2499999999999665,-1.6450000000000145
2025-03-20,-0.07500000000000562,-1.2999999999999816,-2.125000000000009,-1.5000000000000082,-1.6249999999999944,-1.3749999999999873,-1.4000000000000123,-0.20000000000002655,-0.5000000000000143,-0.6249999999999658
2025-03-21,-1.9750000000000323,-2.82499999999998,-3.1250000000000027,-3.1749999999999488,-2.440000000000046,-1.470000000000013,-1.1500000000000052,-1.0999999999999552,-0.4950000000000093,-0.30000000000002247
2025-03-24,-0.4999999999999796,-0.30000000000002247,-0.09999999999999593,0.2749999999999628,0.5550000000000346,0.3449999999999981,0.5149999999999946,0.8249999999999924,0.8900000000000228,1.0500000000000091
2025-03-25,0.15000000000001124,1.3749999999999873,2.0900000000000434,2.1749999999999896,2.6049999999999685,2.5750000000000077,2.725000000000019,2.774999999999965,2.815000000000005,2.8449999999999656
2025-03-26,-3.0000000000000164,-4.149999999999952,-4.565000000000021,-4.270000000000003,-4.369999999999965,-2.7950000000000195,-3.5150000000000112,-3.524999999999952,-3.2350000000000088,-2.82000000000001
2025-03-27,-0.8499999999999828,-1.2250000000000454,-0.8750000000000078,-0.7049999999999765,-0.22500000000001685,-0.9199999999999833,0.4099999999999937,1.309999999999957,1.250000000000001,1.3400000000000565
2025-03-28,-2.9099999999999957,-4.349999999999979,-4.200000000000002,-3.994999999999971,-3.684999999999973,-3.7599999999999785,-3.9350000000000147,-4.014999999999956,-3.7050000000000276,-3.710000000000033
2025-03-31,0.3999999999999837,1.600000000000004,1.4650000000000079,1.3949999999999727,1.4650000000000079,1.2999999999999816,1.2750000000000261,1.5549999999999593,0.30000000000002247,0.09999999999999593
2025-04-01,-3.0900000000000025,-2.6500000000000137,-2.9950000000000117,-3.131999999999996,-3.7000000000000575,-4.695000000000012,-4.524999999999981,-5.499999999999984,-4.5699999999999905,-4.829999999999973
2025-04-02,1.3999999999999777,1.3149999999999968,1.6050000000000093,1.832000000000014,2.1050000000000235,2.7349999999999945,2.4949999999999974,2.3999999999999715,2.379999999999986,2.7499999999999747
2025-04-03,-4.49999999999999,-8.489999999999991,-9.125000000000002,-9.265000000000038,-9.709999999999997,-9.209999999999981,-8.795000000000018,-8.164999999999978,-7.829999999999989,-7.4689999999999825
2025-04-04,-6.70500000000001,-5.455000000000008,-7.32,-7.32,-5.185000000000016,-4.469999999999994,-4.210000000000012,-4.369999999999999,-3.610000000000002,-3.610999999999996
2025-04-07,-0.12499999999995154,-0.8700000000000028,1.9699999999999926,2.9850000000000363,3.710000000000033,4.739999999999987,6.059999999999989,7.585000000000022,7.559999999999962,8.229999999999974
2025-04-08,-4.620000000000041,-4.274999999999974,-0.3750000000000281,0.22500000000001685,-2.1000000000000183,-1.3749999999999873,-3.7549999999999737,-3.3800000000000496,-2.509999999999943,-3.7749999999999937
2025-04-09,-0.25999999999998247,-1.1150000000000049,-2.8719999999999786,0.13999999999996654,2.4249999999999967,1.874999999999967,3.2949999999999995,2.695000000000024,1.973999999999969,2.6249999999999885
2025-04-10,-0.6199999999999956,1.768999999999972,-0.31300000000001466,-3.1849999999999934,-3.7599999999999785,-4.49999999999999,-4.314999999999978,-4.275000000000008,-4.733999999999988,-4.429999999999954
2025-04-11,4.1800000000000175,4.004000000000022,5.64000000000002,5.799999999999972,6.73499999999997,5.600000000000015,4.774999999999953,2.9550000000000063,2.1469999999999825,1.6399999999999748
2025-04-14,-3.9000000000000146,-5.482999999999981,-7.104999999999993,-7.704999999999969,-9.58999999999998,-10.225000000000026,-8.325,-6.914999999999977,-6.584999999999959,-6.755000000000025
2025-04-15,-0.899999999999998,-1.3000000000000165,-0.7850000000000218,-0.27500000000003216,0.09000000000002062,1.7250000000000252,0.8550000000000224,0.894999999999993,1.8319999999999448,2.1050000000000235
2025-04-16,-1.2900000000000065,-0.4999999999999796,-0.6799999999999862,-1.0999999999999552,-0.800000000000002,-0.5300000000000096,-0.4649999999999793,-0.20499999999999685,-0.6239999999999718,-0.20999999999996716
2025-04-17,-5.709999999999986,-5.551000000000029,-4.359999999999989,-3.500000000000031,-3.200000000000008,-2.869999999999991,-2.6650000000000285,-2.5600000000000276,-2.475000000000012,-2.1500000000000337
2025-04-21,,0.05100000000000937,-0.20000000000002655,-0.4999999999999796,,-0.5000000000000143,-0.9709999999999928,-0.3850000000000034,-0.7069999999999645,-0.20000000000002655
2025-04-22,,-2.9699999999999864,-3.999999999999976,-4.000000000000011,,-3.599999999999992,-3.128999999999979,-3.784999999999969,-3.0180000000000136,-3.649999999999973
2025-04-23,0.3350000000000228,4.169999999999972,4.9499999999999895,4.5049999999999955,4.700000000000017,3.9350000000000147,3.4979999999999736,3.2849999999999895,3.089999999999968,2.825000000000015
2025-04-24,-0.7199999999999915,-3.4000000000000004,-4.000000000000011,-4.3549999999999836,-4.875000000000018,-4.735000000000017,-4.748000000000009,-4.300000000000033,-3.9600000000000053,-3.97500000000002
2025-04-25,1.4199999999999977,2.6910000000000127,2.2000000000000144,1.7500000000000155,1.025000000000019,0.8750000000000078,0.915000000000013,0.4500000000000337,0.07000000000003531,0.15000000000001124
2025-04-28,-0.10000000000003062,0.5089999999999956,1.250000000000001,3.3249999999999598,3.0749999999999527,3.5249999999999866,4.334999999999998,4.700000000000017,3.5050000000000012,4.885000000000028
2025-04-29,0.455000000000004,0.4950000000000093,0.3999999999999837,-1.1349999999999554,-0.784999999999987,-1.2999999999999816,-2.2000000000000144,-2.6750000000000385,-1.4750000000000179,-2.7900000000000493
2025-04-30,-2.354999999999996,-3.595000000000022,-3.8249999999999744,-4.52500000000005,-4.769999999999983,-4.735000000000017,-4.43499999999996,-4.179999999999982,-3.96500000000001,-3.89999999999998
2025-05-01,-0.449999999999999,0.0,-0.4250000000000087,0.035000000000035,,0.03500000000000031,0.034999999999965614,-0.09499999999999093,0.05500000000002031,0.054999999999985616
2025-05-02,4.830000000000008,6.805000000000005,6.8259999999999845,8.074999999999992,8.654999999999982,9.10000000000001,8.209999999999988,7.675000000000008,7.497999999999984,7.279999999999995
2025-05-05,-0.18000000000000654,-1.2049999999999907,-1.121000000000004,-1.7400000000000402,-1.8499999999999766,-2.229999999999975,-1.4549999999999632,-1.9600000000000173,-0.9529999999999608,-1.879999999999972
2025-05-06,-1.2700000000000211,-1.355000000000002,-0.9549999999999836,-1.209999999999961,-0.7499999999999868,-0.8800000000000474,-0.3049999999999928,1.1600000000000152,-0.3650000000000181,1.449999999999993
2025-05-07,-1.2899999999999716,-2.135000000000019,-2.669000000000005,-3.425000000000025,-4.700000000000017,-4.790000000000003,-5.65000000000003,-5.820000000000027,-5.510000000000029,-6.425000000000007
2025-05-08,2.5899999999999883,4.920000000000028,5.368999999999999,6.000000000000033,6.934999999999997,7.300000000000015,6.800000000000001,6.525000000000038,6.430000000000012,6.2649999999999855
2025-05-09,-1.429999999999973,-0.27000000000002716,0.4099999999999937,0.3999999999999837,0.5650000000000099,0.7000000000000062,1.1000000000000245,0.8999999999999633,1.0699999999999945,0.9299999999999933
2025-05-12,7.624999999999993,11.315000000000005,11.639999999999983,10.153999999999996,11.800000000000004,10.900000000000007,8.231999999999996,9.350000000000017,8.725000000000017,8.555000000000021
2025-05-13,0.31599999999996214,0.19000000000001654,1.2350000000000207,2.4360000000000355,0.6899999999999962,0.6699999999999762,3.3430000000000266,2.129999999999979,2.464999999999967,2.7500000000000093
2025-05-14,1.6280000000000114,1.3729999999999645,1.825000000000021,2.8549999999999756,2.309999999999986,2.7450000000000045,2.659999999999954,2.1650000000000142,2.4850000000000567,1.9749999999999976
2025-05-15,-2.1689999999999903,-4.57099999999995,-6.356000000000001,-7.752000000000002,-8.274999999999984,-8.387999999999971,-8.959999999999974,-8.585000000000017,-9.165000000000006,-8.570000000000036
2025-05-16,-1.0899999999999799,-2.3909999999999902,-2.4290000000000074,-2.6980000000000057,-2.389999999999996,-2.642000000000026,-2.0100000000000326,-2.1699999999999497,-1.630000000000034,-1.9499999999999726
2025-05-19,-1.8600000000000214,-0.5580000000000168,-1.1000000000000245,-0.6650000000000058,-0.5750000000000199,0.06400000000000156,-0.3699999999999884,0.23999999999996247,0.05500000000002031,0.5199999999999996
2025-05-20,-0.3500000000000031,-0.3250000000000128,0.20000000000002655,0.3850000000000034,0.7400000000000115,0.8509999999999768,1.8349999999999964,2.065000000000018,2.379999999999986,2.794999999999985
2025-05-21,0.800000000000002,2.1220000000000265,2.9249999999999763,3.557000000000005,3.825000000000009,3.715000000000003,3.7699999999999885,3.67799999999998,3.7850000000000383,3.604999999999997
2025-05-22,-1.5249999999999986,-2.915000000000001,-2.4999999999999676,-1.8469999999999944,-0.999999999999994,-0.8249999999999578,-0.2999999999999878,0.022000000000008124,0.2849999999999728,0.5350000000000146
2025-05-23,-2.9749999999999917,-3.425000000000025,-3.7700000000000236,-4.1249999999999964,-4.324999999999989,-4.190000000000027,-4.650000000000001,-4.3950000000000236,-4.3750000000000036,-4.169999999999972
2025-05-26,-0.30000000000002247,-0.5300000000000096,-1.2700000000000211,-1.5249999999999986,-1.9000000000000266,-1.889999999999982,-1.439999999999983,-1.6149999999999844,-1.9000000000000266,-2.030000000000018
2025-05-27,-1.904999999999997,-0.9750000000000036,-0.3299999999999831,-0.8750000000000078,-1.1249999999999802,-1.8850000000000118,-2.5750000000000077,-2.9900000000000064,-3.224999999999964,-3.6099999999999675
2025-05-28,-0.19499999999998685,0.4100000000000284,0.19800000000000373,0.6010000000000043,0.5749999999999853,1.2150000000000007,1.4650000000000079,1.2700000000000211,1.8299999999999914,2.3949999999999667
2025-05-29,-0.19999999999999185,-1.7000000000000002,-1.8279999999999685,-2.0010000000000168,-2.050000000000038,-2.1650000000000142,-2.4300000000000015,-2.2749999999999853,-2.605000000000003,-2.8899999999999757
2025-05-30,1.0500000000000091,0.6399999999999808,0.08999999999995123,-0.4000000000000184,-1.1999999999999857,-1.1149999999999702,-0.769999999999972,-0.480000000000029,-0.5350000000000146,-0.4250000000000434
2025-06-02,0.24999999999997247,0.5400000000000196,0.4100000000000284,0.8950000000000278,1.6450000000000145,1.439999999999983,1.4649999999999386,1.460000000000003,1.5350000000000086,1.544999999999984
2025-06-03,-0.043999999999981554,-0.6350000000000106,-0.25000000000000716,-0.4219999999999918,-0.04500000000001031,0.14000000000003593,0.09100000000001468,0.10699999999998905,0.3800000000000331,0.4300000000000484
2025-06-04,-0.2010000000000206,0.8750000000000078,0.7400000000000115,0.8270000000000153,0.6000000000000103,0.3899999999999737,-0.1809999999999659,-0.3569999999999962,-0.6550000000000306,-0.930000000000028
2025-06-05,2.9449999999999963,6.299999999999952,6.4840000000000035,6.880000000000011,7.1099999999999985,6.694000000000005,6.822999999999968,6.666999999999993,6.807999999999987,6.672000000000032
2025-06-06,-0.09999999999999593,0.5070000000000421,0.8760000000000018,0.7199999999999568,1.040000000000034,0.875999999999967,1.3470000000000495,0.7330000000000183,0.46700000000000214,0.5529999999999771
2025-06-09,0.3500000000000031,-0.8570000000000105,-1.1840000000000461,-1.600000000000004,-2.075000000000028,-1.549999999999989,-1.7950000000000603,-1.0749999999999995,-0.9699999999999986,-0.905000000000003
2025-06-10,-1.3200000000000016,-1.6649999999999998,-1.7659999999999552,-1.910000000000002,-1.9850000000000423,-2.6499999999999786,-2.449999999999952,-2.505000000000007,-2.559999999999993,-2.7700000000000293
2025-06-11,-0.12999999999999123,-0.5250000000000046,-0.6250000000000353,-0.5249999999999699,-0.626999999999954,0.12499999999998623,-0.005000000000039695,0.08999999999998592,0.19999999999999185,0.13000000000002593
2025-06-12,-0.7000000000000062,-1.910000000000002,-2.76499999999999,-2.7550000000000145,-3.037999999999999,-2.83499999999999,-3.444999999999976,-3.584999999999977,-3.2849999999999895,-3.394999999999995
2025-06-13,2.6249999999999885,4.049999999999991,5.140000000000006,4.985000000000024,5.00500000000001,4.809999999999988,5.050000000000019,5.03499999999997,4.294999999999993,4.864999999999974
2025-06-16,-0.4499999999999643,-1.2499999999999665,-1.8499999999999766,-1.2950000000000115,-0.4650000000000487,-0.5799999999999903,-0.5700000000000149,-1.0299999999999891,-0.08000000000001062,-0.3999999999999837
2025-06-17,1.874999999999967,2.004999999999993,1.5749999999999793,1.0999999999999552,0.5350000000000146,0.2799999999999678,0.06999999999996592,0.5199999999999996,-0.4499999999999643,-0.09999999999999593
2025-06-18,-1.3749999999999873,-2.1550000000000042,-2.4749999999999774,-2.5999999999999632,-2.7479999999999865,-2.999999999999947,-3.1999999999999735,-3.459999999999991,-3.150000000000028,-3.359999999999995
2025-06-19,-0.8249999999999924,0.43399999999998995,1.3499999999999623,1.7000000000000002,1.8479999999999885,2.249999999999995,2.549999999999983,2.6699999999999986,2.920000000000041,2.710000000000004
2025-06-20,-0.3749999999999934,-0.12899999999999717,-0.17500000000000154,-0.7450000000000165,-1.0500000000000091,-1.2000000000000206,-0.9750000000000036,-0.925000000000023,-1.1750000000000302,-1.0500000000000091
2025-06-23,-0.17500000000000154,-1.0550000000000144,-1.3900000000000023,-1.234999999999986,-0.864999999999963,-0.8449999999999778,-1.319999999999967,-1.4649999999999386,-1.349999999999997,-1.4849999999999932
2025-06-24,0.19199999999996997,0.5500000000000296,0.3900000000000431,0.6799999999999862,0.4899999999999696,1.0399999999999645,1.794999999999991,2.3299999999999708,2.3299999999999708,3.1550000000000327
2025-06-25,-1.191999999999964,-0.38900000000001433,0.5599999999999703,0.9599999999999886,1.6500000000000195,1.580000000000019,1.5150000000000232,1.2999999999999816,1.7610000000000543,1.0299999999999891
2025-06-26,-0.5300000000000096,-1.2109999999999899,-1.010000000000004,-0.779999999999982,-0.8350000000000024,-0.3250000000000128,-0.3650000000000528,0.3700000000000231,0.14399999999997748,0.5950000000000053
2025-06-27,1.370000000000017,2.449999999999987,2.6349999999999985,2.319999999999996,1.9099999999999673,1.8000000000000307,1.7000000000000348,1.1549999999999754,1.344999999999992,1.304999999999952
2025-06-30,0.25999999999998247,0.5499999999999949,1.2200000000000057,1.3250000000000415,1.3900000000000023,0.7050000000000112,1.4099999999999877,1.3749999999999873,1.8669999999999798,1.9600000000000173
2025-07-01,-0.37399999999999933,-1.1999999999999857,-1.672999999999987,-1.920000000000012,-2.0899999999999737,-1.9750000000000323,-2.3000000000000105,-2.3809999999999456,-3.1919999999999864,-3.359999999999995
2025-07-02,-0.42600000000000277,1.0479999999999865,2.3029999999999924,3.1849999999999934,3.750000000000038,4.219999999999987,4.3100000000000085,4.710999999999986,4.920000000000028,4.9900000000000295
2025-07-03,-1.1500000000000052,-1.7479999999999927,-2.3950000000000014,-2.9900000000000064,-3.3500000000000196,-3.649999999999973,-3.820000000000004,-4.116000000000016,-4.070000000000011,-4.140000000000047
2025-07-04,-1.6799999999999802,-2.6800000000000086,-2.5549999999999877,-1.799999999999996,-1.999999999999988,-1.6800000000000148,-1.4099999999999877,-0.9790000000000145,-0.879999999999978,-0.5099999999999549
2025-07-07,0.20999999999996716,1.2800000000000311,1.794999999999991,1.4749999999999832,1.8249999999999864,2.1849999999999996,2.330000000000006,2.365000000000006,2.055000000000008,2.0199999999999734
2025-07-08,1.9100000000000366,3.200000000000008,3.6350000000000273,4.105000000000011,4.574999999999996,4.5250000000000155,4.380000000000009,4.49999999999999,4.8749999999999485,4.840000000000018
2025-07-09,1.250000000000001,-0.4000000000000184,-1.1650000000000549,-1.4300000000000423,-1.9500000000000073,-1.8800000000000066,-1.8699999999999966,-1.837999999999944,-2.2149999999999945,-2.340000000000016
2025-07-10,2.2599999999999705,3.1800000000000233,3.3500000000000196,3.3100000000000143,3.8699999999999846,3.2760000000000082,3.419999999999951,2.9379999999999686,3.2350000000000088,3.2400000000000135
2025-07-11,1.1450000000000002,1.6949999999999952,1.6799999999999802,2.1400000000000583,1.7050000000000052,2.3340000000000165,2.3500000000000605,2.6390000000000096,2.835000000000025,2.9349999999999863
2025-07-14,-0.7050000000000112,-1.605000000000044,-1.0179999999999565,-0.7000000000000408,0.07500000000000562,0.28099999999996184,0.6999999999999368,0.8309999999999915,0.9199999999999833,1.3999999999999777
2025-07-15,-0.8399999999999728,-0.899999999999998,-0.9870000000000365,-1.0699999999999599,-0.9199999999999833,-1.1509999999999994,-1.514999999999954,-1.3200000000000016,-1.1850000000000054,-1.2849999999999668
2025-07-16,-1.400000000000047,-2.4109999999999756,-3.2749999999999795,-3.3700000000000396,-3.3350000000000044,-3.1250000000000027,-2.485000000000022,-2.5049999999999724,-2.3049999999999806,-2.139999999999989
2025-07-17,0.6750000000000506,1.1309999999999794,1.2900000000000065,1.4049999999999827,1.344999999999992,1.244999999999996,0.3799999999999984,-0.14500000000004093,-0.5150000000000293,-0.8100000000000468
2025-07-18,-1.0749999999999995,-0.7209999999999855,-0.4150000000000334,-0.789999999999992,-0.4900000000000043,-0.47399999999999526,-0.455000000000004,0.4000000000000184,0.5100000000000243,0.4200000000000037
2025-07-21,-1.0999999999999899,-2.6699999999999986,-3.6099999999999675,-3.7449999999999983,-4.524999999999981,-5.0309999999999935,-4.9499999999999895,-5.350000000000008,-5.880000000000017,-5.699999999999976
2025-07-22,-1.3500000000000316,-0.773999999999983,-0.8450000000000124,-0.9599999999999886,-0.9750000000000036,-0.8750000000000078,-0.6250000000000006,-0.8499999999999828,-0.6199999999999608,-0.820000000000022
2025-07-23,2.1500000000000337,3.331999999999988,4.604999999999991,4.629999999999981,5.735000000000011,5.734999999999976,6.024999999999989,4.914999999999954,5.046999999999969,5.245000000000006
2025-07-24,3.3999999999999657,5.642999999999968,4.910000000000019,5.399999999999988,4.168999999999978,4.035000000000011,2.5650000000000324,3.645000000000037,3.3230000000000066,2.7550000000000145
2025-07-25,1.2999999999999816,1.5500000000000236,2.0799999999999983,1.1000000000000245,0.6010000000000043,0.26500000000002216,0.7199999999999568,0.3749999999999587,0.3399999999999931,0.3099999999999978
2025-07-28,1.365000000000012,-1.2799999999999965,-1.5550000000000286,-1.600000000000004,-0.979999999999974,-1.4450000000000227,-1.4099999999999877,-1.2799999999999616,-1.4199999999999977,-1.1800000000000006
2025-07-29,-0.029999999999995308,1.1549999999999754,1.7000000000000348,1.889999999999982,1.6749999999999752,2.380000000000021,1.600000000000004,2.094999999999979,1.6899999999999902,1.8699999999999966
2025-07-30,0.7400000000000115,1.8750000000000364,1.229999999999981,0.8100000000000468,0.2999999999999878,0.09999999999999593,-0.14999999999997654,-0.9399999999999686,-0.6250000000000006,-0.7300000000000015
2025-07-31,0.825000000000027,1.0729999999999769,0.9600000000000233,0.8299999999999974,0.20000000000002655,-0.21999999999997716,0.6099999999999856,0.4599999999999743,0.3750000000000281,-0.030000000000030003
2025-08-01,-2.3300000000000405,-3.2729999999999912,-4.0749999999999815,-3.4300000000000304,-3.870000000000019,-2.5800000000000476,-2.3100000000000205,-1.9950000000000176,-1.8699999999999966,-1.389999999999933
2025-08-04,-0.869999999999968,-2.1999999999999797,-2.400000000000006,-3.3000000000000043,-2.6299999999999937,-3.8999999999999453,-4.522999999999958,-4.854999999999963,-4.730000000000047,-5.350000000000008
2025-08-05,0.0,-0.29100000000000653,-0.6000000000000449,-0.6749999999999812,-0.6250000000000006,-0.6000000000000449,-0.3970000000000362,-0.16999999999999654,-0.5699999999999803,-0.15000000000001124
2025-08-06,1.3999999999999777,1.7159999999999744,2.1000000000000183,2.1749999999999896,2.1099999999999937,2.114999999999999,2.249999999999995,1.893999999999993,2.459999999999962,2.360000000000001
2025-08-07,0.18000000000000654,0.15000000000001124,-0.024999999999990308,-0.7249999999999965,-1.1850000000000054,-1.8349999999999618,-2.279999999999956,-2.1439999999999655,-2.6399999999999686,-2.910000000000031
2025-08-08,1.1500000000000052,2.4250000000000314,3.224999999999964,4.025,4.600000000000021,4.9700000000000095,5.184999999999981,4.974999999999979,5.2299999999999915,5.399999999999988
2025-08-11,0.455000000000004,0.19299999999996403,-0.24499999999993277,-0.4899999999999696,-0.7800000000000168,-0.7450000000000165,-0.6849999999999912,-0.3250000000000128,-0.3699999999999884,-0.19999999999995716
2025-08-12,0.879999999999978,0.9469999999999965,1.3449999999999573,1.8399999999999666,2.4550000000000267,2.8899999999999757,3.1649999999999734,3.349999999999985,3.6950000000000176,3.8149999999999644
2025-08-13,-1.0949999999999849,-2.489999999999992,-3.7349999999999883,-4.27300000000002,-4.725000000000007,-4.969999999999974,-5.115000000000015,-5.170000000000001,-5.155000000000021,-5.264999999999957
2025-08-14,0.9649999999999936,1.1500000000000052,1.8349999999999618,2.3580000000000476,2.6249999999999885,2.7500000000000093,2.9650000000000163,3.070000000000017,3.0150000000000317,3.1600000000000033
2025-08-15,1.0649999999999895,2.3499999999999908,3.485000000000016,4.1150000000000215,4.794999999999973,5.275000000000002,5.534999999999984,5.719999999999996,6.009999999999974,6.2149999999999705
2025-08-18,-0.449999999999999,-1.229999999999981,-1.6699999999999702,-2.3300000000000405,-2.469999999999972,-2.597000000000016,-2.909999999999961,-2.9900000000000064,-2.9550000000000063,-2.9850000000000017
2025-08-19,-0.17500000000000154,-0.3950000000000134,-0.7850000000000218,-0.7949999999999624,-1.1999999999999857,-1.3400000000000216,-1.1900000000000452,-0.884999999999983,-0.9800000000000086,-1.0399999999999645
2025-08-20,-1.9749999999999628,-2.340000000000016,-2.330000000000006,-2.4500000000000215,-2.5500000000000176,-2.603000000000015,-2.570000000000003,-2.845,-2.869999999999991,-2.8399999999999954
2025-08-21,1.419999999999963,3.3100000000000143,3.595000000000022,3.799999999999984,3.7950000000000137,4.0980000000000185,4.229999999999998,4.279999999999978,4.110000000000016,4.2899999999999885
2025-08-22,-2.020000000000008,-2.5799999999999783,-3.0780000000000043,-3.220000000000028,-3.1849999999999934,-3.587999999999994,-3.659999999999983,-3.680000000000003,-3.5349999999999966,-3.7700000000000236
2025-08-25,1.500000000000043,1.9499999999999726,2.9279999999999933,3.1900000000000333,3.284999999999955,3.4750000000000405,3.550000000000046,3.8650000000000144,3.715000000000003,4.084999999999991
2025-08-26,-1.3500000000000316,-2.2400000000000198,-3.270000000000009,-3.6449999999999676,-3.7399999999999585,-3.6700000000000275,-3.4500000000000157,-3.5400000000000014,-3.1450000000000227,-3.2649999999999695
2025-08-27,-0.979999999999974,-2.3949999999999667,-2.7499999999999747,-2.4500000000000215,-2.5350000000000024,-2.044999999999998,-2.0100000000000326,-1.815000000000011,-1.7149999999999803,-1.600000000000004
2025-08-28,1.1299999999999852,1.5099999999999836,1.2699999999999865,0.7249999999999965,0.6799999999999862,-0.054999999999985616,-0.3899999999999737,-0.7099999999999815,-0.784999999999987,-1.1500000000000052
2025-08-29,0.07500000000000562,-0.3499999999999684,-0.25500000000001216,-0.11999999999998123,0.3900000000000084,0.5949999999999706,0.5749999999999853,0.7249999999999965,0.7449999999999818,1.0500000000000091
2025-09-01,1.324999999999972,1.6849999999999852,1.8299999999999914,1.8450000000000064,1.779999999999976,1.8600000000000214,2.055000000000008,2.055000000000008,2.114999999999999,2.0799999999999983
2025-09-02,0.9349999999999983,2.009999999999998,2.6100000000000083,2.899999999999986,3.009999999999992,3.2199999999999935,3.444999999999976,3.6349999999999576,3.7500000000000036,4.014999999999991
2025-09-03,-0.26999999999999247,-1.2850000000000015,-2.0799999999999983,-2.600000000000033,-3.030000000000012,-3.300000000000039,-3.3999999999999657,-3.715000000000003,-3.835000000000019,-4.0950000000000015
2025-09-04,0.830000000000032,0.8549999999999878,0.4000000000000184,0.025000000000025002,-0.19999999999995716,-0.6299999999999708,-1.0050000000000336,-1.0999999999999552,-1.2499999999999665,-1.600000000000004
2025-09-05,-1.2750000000000261,-2.3350000000000106,-2.9500000000000357,-3.3250000000000295,-3.6249999999999822,-3.6950000000000176,-3.370000000000005,-3.374999999999975,-3.3750000000000098,-3.049999999999997
2025-09-08,0.4799999999999943,-0.11999999999998123,-0.3549999999999734,-0.5699999999999803,-0.5000000000000491,-0.8149999999999824,-1.2999999999999816,-1.5400000000000136,-1.8699999999999966,-2.1000000000000183
2025-09-09,0.800000000000002,1.3319999999999999,1.004999999999999,0.9699999999999986,0.7500000000000215,1.015000000000009,0.8249999999999924,0.9149999999999783,0.994999999999989,0.9750000000000383
2025-09-10,1.0000000000000286,1.0680000000000065,0.8500000000000174,0.07500000000000562,-0.4250000000000087,-0.7000000000000062,-0.4749999999999546,-0.6250000000000006,-1.1999999999999857,-0.815000000000017
2025-09-11,1.999999999999988,3.025000000000007,3.025000000000007,2.950000000000001,2.6249999999999885,1.899999999999992,0.7449999999999818,0.07000000000000062,-0.08000000000001062,-1.010000000000004
2025-09-12,0.14000000000000123,2.3899999999999615,3.4249999999999905,4.175000000000012,4.670000000000021,4.574999999999996,5.7049999999999805,5.854999999999992,6.129999999999989,6.259999999999981
2025-09-15,-0.14500000000000624,-0.20499999999999685,-0.27500000000003216,-0.5250000000000393,-0.5399999999999849,-0.24999999999997247,-1.0499999999999745,-1.0000000000000286,-1.2049999999999907,-1.4999999999999736
2025-09-16,-1.1949999999999807,-1.3699999999999477,-1.5000000000000082,-1.4049999999999478,-1.3300000000000116,-1.0000000000000286,-0.9750000000000036,-0.8599999999999928,-0.5700000000000149,-0.15000000000001124
2025-09-17,-0.10000000000003062,0.3599999999999437,0.5550000000000346,0.4999999999999796,0.07500000000000562,-0.4000000000000184,-0.6350000000000453,-0.979999999999974,-1.3799999999999923,-1.7400000000000055
2025-09-18,1.020000000000014,0.6230000000000471,1.0199999999999791,1.6549999999999898,2.2000000000000144,2.725000000000019,3.1850000000000627,3.5149999999999766,3.7799999999999985,4.105000000000011
2025-09-19,0.7549999999999918,1.1519999999999933,1.5249999999999986,1.5249999999999986,1.5749999999999793,1.7750000000000403,1.774999999999971,1.9700000000000273,1.9749999999999976,2.4400000000000115
2025-09-22,-0.3749999999999934,-0.7350000000000065,-0.7779999999999593,-0.5499999999999949,-0.4049999999999887,-0.30000000000002247,0.0,0.05500000000002031,0.19999999999999185,-0.21500000000000685
2025-09-23,-0.27500000000003216,0.5349999999999799,1.0279999999999665,1.2749999999999915,1.4549999999999632,1.4599999999999682,1.3950000000000073,1.3799999999999923,1.4000000000000123,0.6999999999999715
2025-09-24,0.30500000000002747,0.40100000000001246,0.3250000000000128,0.22500000000001685,0.22500000000001685,0.24800000000001904,0.23499999999999216,0.25499999999997747,0.3320000000000059,1.0299999999999891
2025-09-25,1.020000000000014,1.9489999999999785,2.6249999999999885,3.200000000000008,3.2249999999999988,3.1170000000000155,2.869999999999991,2.570000000000003,2.2180000000000115,1.8700000000000314
2025-09-26,0.6949999999999665,-0.22499999999994746,-0.815000000000017,-1.3000000000000511,-1.4749999999999832,-1.5510000000000177,-1.9749999999999976,-1.8759999999999957,-1.7860000000000098,-1.3330000000000286
2025-09-29,-0.7449999999999818,-1.040000000000034,-1.239999999999991,-1.9749999999999628,-2.675000000000004,-3.142999999999965,-3.1250000000000027,-3.603999999999968,-3.765999999999978,-4.296999999999981
2025-09-30,-0.800000000000002,-0.5599999999999703,-0.7449999999999818,-0.6250000000000006,-0.5250000000000046,-0.33100000000004653,-0.09999999999999593,0.024999999999955613,0.09699999999994435,0.18000000000004124
2025-10-01,-1.1099999999999999,-1.025000000000019,-1.1500000000000052,-0.899999999999998,-0.20000000000002655,0.0,0.024999999999990308,0.4500000000000337,0.25500000000004686,0.4999999999999796
2025-10-02,-0.20499999999999685,-0.7300000000000015,-0.905999999999997,-1.0000000000000286,-1.7000000000000002,-1.8999999999999573,-1.7249999999999903,-1.8000000000000307,-1.8000000000000307,-1.7500000000000155
2025-10-03,1.1150000000000049,1.332999999999994,1.355999999999996,1.3749999999999873,1.7250000000000252,1.7000000000000002,1.600000000000004,1.4070000000000402,1.549999999999989,1.3999999999999777
2025-10-06,-0.09999999999999593,-0.455000000000004,0.039999999999970615,0.5250000000000393,0.8290000000000033,1.112999999999982,1.5450000000000186,2.081999999999952,2.3900000000000308,2.7100000000000386
2025-10-07,0.19999999999999185,0.08100000000000468,-0.33799999999997027,-0.5969999999999933,-0.5590000000000108,-0.5130000000000066,-0.5900000000000003,-0.9299999999999586,-0.9599999999999886,-1.0690000000000353
2025-10-08,-1.004999999999999,-1.812000000000029,-2.591999999999976,-2.735000000000029,-3.020000000000002,-3.065000000000012,-3.2850000000000588,-3.30900000000002,-3.4400000000000404,-3.540999999999961
2025-10-09,0.455000000000004,0.808000000000024,1.7149999999999803,2.057000000000031,2.410000000000016,2.3880000000000083,2.5300000000000322,2.717999999999991,2.81,2.591999999999976
2025-10-10,-1.2750000000000261,-2.704999999999999,-3.499999999999996,-4.135000000000007,-4.680000000000032,-5.087999999999967,-4.564999999999985,-4.708000000000004,-4.6550000000000065,-4.9669999999999925
2025-10-13,-0.7349999999999718,-1.5450000000000186,-2.050000000000038,-1.940000000000032,-1.4049999999999478,-0.915000000000013,-1.4099999999999877,-1.1850000000000054,-1.0799999999999699,-0.3550000000000081
2025-10-14,-0.23999999999999716,-0.9289999999999993,-1.3399999999999523,-1.889999999999982,-2.1400000000000583,-2.400000000000006,-2.430000000000036,-2.5299999999999976,-2.86500000000002,-3.1149999999999927
2025-10-15,0.059999999999990616,-0.545999999999984,-1.4100000000000223,-1.6500000000000195,-2.024999999999978,-1.8450000000000064,-2.0099999999999634,-2.0399999999999934,-1.8349999999999964,-1.7250000000000252
2025-10-16,-1.3300000000000116,-3.380000000000015,-3.2249999999999988,-3.9499999999999953,-3.7599999999999785,-5.67500000000002,-3.585000000000012,-2.85500000000001,-3.1399999999999832,-2.679999999999974
2025-10-17,0.9699999999999986,2.470000000000007,2.3749999999999813,3.5299999999999914,3.4749999999999712,5.6600000000000055,3.5999999999999575,3.025000000000007,3.5050000000000012,2.9629999999999934
2025-10-20,-0.6999999999999715,-0.06499999999996092,0.48200000000001714,0.21000000000000185,-0.05000000000001531,-0.3600000000000131,-0.19999999999995716,-0.4350000000000187,-0.5999999999999756,-0.4430000000000059
2025-10-21,0.4999999999999796,0.0,-0.692000000000019,-1.016999999999997,-1.1999999999999857,-1.682000000000003,-2.1749999999999896,-1.874999999999967,-2.0950000000000135,-2.369999999999976
2025-10-22,-0.28000000000000247,0.17799999999994903,0.4530000000000506,0.03200000000005282,-0.08499999999998092,0.945000000000043,1.6249999999999598,1.234999999999986,1.2629999999999586,1.6499999999999848
2025-10-23,0.7800000000000168,1.257000000000029,1.6569999999999778,2.5849999999999485,2.9850000000000017,1.9459999999999964,1.8800000000000414,1.9450000000000023,1.832000000000014,1.9749999999999976
2025-10-24,1.899999999999992,3.3510000000000137,3.8629999999999916,3.95000000000003,3.5500000000000114,3.9909999999999943,3.4700000000000006,3.130000000000008,3.2849999999999895,2.8600000000000154
2025-10-27,1.1049999999999949,0.6139999999999965,0.3420000000000159,-0.14500000000000624,-0.20500000000003155,-0.6950000000000012,-0.945000000000043,-0.8099999999999774,-1.0999999999999552,-1.4300000000000077
2025-10-28,0.09500000000002562,0.3649999999999834,0.42399999999997995,0.4950000000000093,0.5549999999999999,0.4950000000000093,0.7450000000000165,0.4599999999999743,0.4849999999999646,0.8700000000000028
2025-10-29,-0.6000000000000449,-0.4200000000000037,-0.14699999999999436,0.3499999999999684,0.9419999999999915,0.6999999999999715,0.6000000000000103,0.774999999999977,0.6950000000000358,0.5199999999999996
2025-10-30,1.2000000000000206,1.7549999999999857,1.9929999999999948,1.8150000000000457,1.504000000000054,1.5000000000000082,1.7750000000000057,1.825000000000021,1.879999999999972,1.910000000000002
2025-10-31,0.0,-0.9249999999999536,-1.2749999999999915,-1.5650000000000386,-1.8460000000000352,-1.0699999999999945,-1.0349999999999944,-0.7949999999999624,-0.455000000000004,-0.24500000000003685
2025-11-03,1.2999999999999816,2.22499999999997,2.79999999999999,3.200000000000008,3.6649999999999876,3.270000000000009,3.039999999999987,2.8699999999999557,2.76499999999999,2.695000000000024
2025-11-04,-0.9899999999999493,-1.0649999999999895,-1.1489999999999765,-1.0819999999999927,-1.3099999999999916,-1.0000000000000286,-0.8900000000000228,-0.9750000000000036,-0.9099999999999733,-0.889999999999988
2025-11-05,0.14999999999994185,0.7650000000000018,1.0490000000000153,1.441999999999971,2.045000000000033,2.1100000000000287,2.0850000000000035,2.2950000000000053,2.2849999999999953,2.23499999999998
2025-11-06,-0.059999999999990616,-0.4450000000000287,-1.0480000000000558,-1.1599999999999806,-0.8400000000000074,-0.8599999999999928,-0.8500000000000174,-0.884999999999983,-0.8399999999999728,-0.7949999999999624
2025-11-07,-0.7499999999999868,-0.6099999999999856,0.1430000000000181,0.5000000000000143,0.439999999999989,0.7199999999999915,1.055000000000049,1.2649999999999815,1.4349999999999778,1.6099999999999794
2025-11-10,0.5500000000000296,1.0550000000000144,0.7050000000000112,0.4000000000000184,0.5999999999999756,-0.07000000000000062,-0.25500000000004686,-0.4000000000000184,-0.5650000000000099,-0.7650000000000018
2025-11-11,0.19999999999995716,-0.24500000000000216,-0.2999999999999878,-0.6000000000000449,-1.2999999999999816,-0.800000000000002,-0.6999999999999368,-0.7449999999999818,-0.6950000000000012,-0.7000000000000062
2025-11-12,0.8950000000000278,0.7449999999999818,0.25999999999998247,0.30000000000002247,0.30000000000002247,0.3500000000000031,0.10499999999996623,0.07500000000000562,-0.019999999999985307,0.010000000000010001
2025-11-13,1.4950000000000032,2.594999999999993,3.339999999999975,3.6700000000000275,3.699999999999988,3.95000000000003,4.1450000000000164,4.280000000000013,4.389999999999985,4.49500000000002
2025-11-14,-0.04500000000001031,1.0020000000000167,1.9950000000000176,2.3499999999999908,2.9249999999999763,3.0249999999999373,3.2849999999999895,3.488999999999992,3.6649999999999876,3.8149999999999644
2025-11-17,0.2849999999999728,0.703000000000023,0.21000000000000185,0.3149999999999681,0.4749999999999893,0.27500000000003216,0.24999999999997247,0.2610000000000112,0.29500000000001747,0.18000000000000654
2025-11-18,0.17000000000003124,-0.8550000000000224,-0.8249999999999924,-0.7349999999999718,-0.3649999999999834,0.25499999999997747,0.444999999999994,-0.15000000000001124,0.4749999999999893,0.2899999999999778
2025-11-19,-0.5950000000000053,-0.7350000000000065,-0.3020000000000106,-0.09999999999999593,-0.30000000000002247,-0.4699999999999843,-0.23999999999996247,0.7149999999999865,0.19999999999999185,0.7100000000000508
2025-11-20,-0.8049999999999724,-0.8550000000000224,-1.0280000000000011,-0.8500000000000174,-0.8299999999999628,-0.800000000000002,-0.7700000000000415,-0.7300000000000015,-0.5749999999999853,-0.5549999999999999
2025-11-21,-1.0000000000000286,-1.213999999999972,-1.2599999999999765,-1.2799999999999965,-1.4050000000000173,-1.344999999999992,-1.324999999999972,-1.3749999999999873,-1.3950000000000073,-1.4050000000000173
2025-11-24,-0.24500000000000216,-0.2059999999999909,-0.26500000000002216,-0.465000000000014,-0.5649999999999753,-0.6360000000000046,-0.8249999999999924,-0.8599999999999928,-0.905000000000003,-0.9349999999999983
2025-11-25,-0.05500000000002031,-0.13499999999999623,-0.6799999999999862,-1.0049999999999644,-1.4250000000000027,-1.459000000000009,-1.4400000000000177,-1.5100000000000182,-1.504000000000019,-1.5050000000000132
2025-11-26,-0.024999999999990308,0.09999999999999593,0.0,-0.24000000000003185,-0.08400000000002156,-0.09499999999999093,-0.024999999999990308,0.08500000000001562,0.08900000000002656,0.09999999999999593
2025-11-27,0.3250000000000128,0.7000000000000062,0.904000000000009,1.0500000000000091,1.1740000000000015,0.894999999999993,0.7650000000000018,0.7050000000000112,0.6300000000000056,0.6600000000000356
2025-11-28,0.10500000000000093,0.4000000000000184,0.5860000000000241,0.7160000000000153,0.5999999999999756,1.010000000000004,1.2799999999999965,1.4050000000000173,1.6250000000000293,1.7199999999999855
2025-12-01,1.470000000000013,2.4999999999999676,3.1649999999999734,3.8739999999999606,4.431000000000053,4.380000000000009,4.480000000000005,4.644999999999961,4.684999999999932,4.734999999999948
2025-12-02,-0.6250000000000006,-1.020000000000014,-0.7000000000000062,-0.800000000000002,-0.6110000000000143,-0.7300000000000362,-0.6100000000000203,-0.6630000000000178,-0.7249999999999965,-0.7949999999999624
2025-12-03,-0.5549999999999999,-0.25299999999995465,-0.6000000000000103,-0.7000000000000062,-1.025000000000019,-0.6589999999999374,-0.8449999999999778,-0.9129999999999555,-0.9249999999999536,-1.020000000000014
2025-12-04,1.004999999999999,1.2909999999999657,1.8570000000000393,2.0000000000000226,2.1100000000000287,1.980999999999962,1.7599999999999907,1.777999999999988,1.7230000000000023,1.7000000000000002
2025-12-05,2.1950000000000096,3.601000000000021,4.142999999999959,4.6349999999999865,4.799999999999978,4.968000000000021,4.399999999999994,4.2079999999999895,4.001999999999964,4.000000000000011
2025-12-08,2.470000000000007,5.880999999999976,7.805,8.365000000000004,8.395,7.7550000000000185,7.869999999999995,7.519999999999992,7.085000000000008,6.6000000000000085
2025-12-09,1.0349999999999944,0.449999999999999,0.04000000000000531,-0.3599999999999784,-0.7879999999999693,-0.7300000000000362,-0.21999999999997716,-0.19999999999999185,-0.07999999999997592,0.11500000000001093
2025-12-10,0.7599999999999968,1.7850000000000157,1.569999999999974,1.309999999999957,0.8379999999999845,0.6750000000000158,0.13499999999999623,-0.044999999999975615,-0.14500000000004093,-0.30000000000002247
2025-12-11,-0.3600000000000131,-1.4699999999999782,-1.5649999999999693,-1.749999999999946,-1.7500000000000155,-1.2650000000000161,-1.2650000000000161,-1.2150000000000007,-1.0649999999999895,-1.0149999999999744
2025-12-12,-0.27500000000003216,-0.4650000000000487,-0.11999999999998123,0.19999999999999185,1.239999999999991,1.2650000000000161,1.6599999999999948,2.004999999999993,2.3550000000000306,2.7599999999999847
2025-12-15,-0.3249999999999781,-0.15000000000001124,0.22499999999998216,0.4999999999999796,0.26000000000001716,0.414999999999964,0.5600000000000396,0.6899999999999615,0.6299999999999708,0.5000000000000143
2025-12-16,-0.6999999999999715,-1.3849999999999627,-1.6549999999999898,-1.4149999999999927,-1.1099999999999999,-0.979999999999974,-1.0800000000000392,-0.864999999999963,-0.784999999999987,-0.6300000000000056
2025-12-17,-1.004999999999999,-0.10600000000002968,0.3249999999999781,0.6699999999999762,0.9249999999999883,1.0299999999999891,1.4500000000000277,1.4099999999999877,1.5849999999999893,1.6649999999999652
2025-12-18,0.15499999999998154,-0.05899999999996186,-0.6699999999999762,-0.9549999999999836,-0.979999999999974,-1.1600000000000152,-1.3100000000000265,-1.0750000000000344,-1.0299999999999891,-1.0899999999999799
2025-12-19,0.015000000000015001,1.5249999999999986,2.469999999999972,2.7000000000000286,2.8379999999999725,3.170000000000048,3.5400000000000014,3.6050000000000666,3.7349999999999883,4.015000000000025
2025-12-22,0.03500000000000031,-0.4250000000000087,-0.3749999999999587,-0.26999999999999247,-0.17299999999997873,-0.07000000000003531,-0.04000000000000531,-0.030000000000030003,0.07099999999999468,-0.12000000000005062
2025-12-23,-0.22000000000001185,-0.3950000000000134,-0.7500000000000562,-0.5300000000000096,-0.794999999999997,-1.0999999999999899,-1.4599999999999682,-1.779999999999976,-2.1209999999999978,-2.1999999999999797
2025-12-24,-0.30500000000002747,-0.25499999999997747,-0.4999999999999796,0.0,-0.0050000000000050004,0.0,0.0,0.2799999999999678,-0.15999999999998654,0.0
2025-12-25,0.3250000000000128,0.25000000000000716,0.4999999999999796,0.2999999999999531,0.0,-0.09999999999999593,,,,0.0
2025-12-26,0.0,0.0,0.0,,0.0,,,,0.15000000000001124,-0.2999999999999878
2025-12-29,-1.1000000000000245,-2.1000000000000534,-3.049999999999997,-3.4999999999999614,-3.029999999999977,-2.79999999999999,,,-2.570000000000003,-2.0700000000000234
2025-12-30,-0.4049999999999887,0.025000000000025002,0.8500000000000174,0.7499999999999868,0.9249999999999536,1.0499999999999745,1.3449999999999573,1.5149999999999886,1.7199999999999855,1.6700000000000048
2025-12-31,-0.24500000000000216,0.07500000000000562,0.25000000000000716,-0.25000000000000716,-0.09499999999999093,-0.449999999999999,-0.049999999999980616,-0.3699999999999884,-0.6999999999999715,-0.899999999999998
2026-01-01,0.0,-0.20000000000002655,0.0,,0.09999999999999593,,,,,
2026-01-02,-0.24999999999997247,0.5700000000000149,0.8500000000000174,2.0000000000000226,2.1030000000000006,2.79999999999999,2.5999999999999983,3.144999999999988,3.699999999999988,4.000000000000011
2026-01-05,-0.09999999999999593,-0.4200000000000037,-1.040000000000034,-1.6700000000000395,-2.2829999999999724,-2.3849999999999913,-2.5449999999999777,-2.699999999999994,-2.8850000000000056,-2.899999999999986
2026-01-06,-1.3300000000000116,-2.6499999999999786,-2.859999999999981,-2.8199999999999754,-2.720000000000014,-2.7149999999999745,-2.655000000000053,-2.7450000000000045,-2.81499999999997,-2.79999999999999
2026-01-07,-0.7000000000000062,-1.6249999999999944,-2.365000000000006,-3.044999999999992,-2.5449999999999777,-3.604999999999997,-4.049999999999956,-4.154999999999992,-4.1650000000000365,-4.2899999999999885
2026-01-08,0.9699999999999986,1.1250000000000149,1.360000000000007,1.6349999999999698,0.7949999999999624,1.7049999999999703,1.789999999999986,1.9000000000000266,1.7700000000000007,1.7219999999999736
2026-01-09,1.0500000000000091,2.1249999999999742,1.7050000000000052,2.135000000000019,2.3849999999999913,1.6500000000000195,1.3250000000000068,0.9349999999999983,0.7300000000000015,-0.13200000000001405
2026-01-12,0.11000000000000593,-1.5450000000000186,-1.8550000000000164,-2.935000000000021,-3.1699999999999786,-3.475000000000006,-3.5699999999999967,-3.680000000000003,-3.8050000000000237,-3.3000000000000043
2026-01-13,0.5499999999999949,0.23500000000002685,0.16000000000002124,0.20500000000003155,-0.023999999999996247,0.3749999999999934,0.5399999999999849,0.7449999999999818,1.0600000000000191,1.2000000000000206
2026-01-14,-0.07000000000000062,-0.6799999999999862,-1.0600000000000191,-1.370000000000017,-1.5859999999999832,-1.554999999999994,-1.7300000000000302,-1.899999999999992,-2.0799999999999983,-2.1050000000000235
2026-01-15,0.6049999999999806,1.7149999999999803,1.810000000000006,1.7650000000000303,1.439999999999983,0.8800000000000128,0.7050000000000112,0.419999999999969,-0.11999999999998123,-0.3199999999999731
2026-01-16,0.4150000000000334,1.2049999999999907,2.045000000000033,2.3000000000000105,2.4049999999999767,2.5249999999999924,2.290000000000035,2.2350000000000496,2.4099999999999815,2.309999999999986
2026-01-19,-0.4500000000000337,-1.7549999999999857,-1.600000000000004,-1.400000000000047,-0.999999999999994,-0.4999999999999796,0.09999999999999593,0.3999999999999837,0.7000000000000062,0.905000000000003
2026-01-20,-1.449999999999993,-1.1150000000000395,-1.0900000000000492,-0.4599999999999743,0.04500000000001031,0.4049999999999887,0.7050000000000112,0.9449999999999736,1.1549999999999754,1.3549999999999673
2026-01-21,1.2950000000000115,1.5300000000000382,1.8900000000000514,2.0599999999999783,2.549999999999983,2.3899999999999615,2.4999999999999676,2.6600000000000232,2.792999999999997,2.6800000000000432
2026-01-22,0.4950000000000093,1.534999999999974,1.7000000000000002,1.3500000000000316,1.0050000000000336,0.5499999999999949,0.3350000000000228,0.21999999999997716,-0.4879999999999815,-0.6700000000000108
2026-01-23,1.004999999999999,1.8500000000000114,2.3949999999999667,2.5049999999999724,2.1999999999999797,2.705000000000034,2.2819999999999787,2.055000000000008,2.440000000000046,2.6399999999999686
2026-01-26,-0.894999999999993,-2.009999999999998,-2.999999999999982,-3.2549999999999595,-3.275000000000014,-3.4000000000000004,-3.2979999999999814,-3.2779999999999614,-3.175000000000018,-3.394999999999995
2026-01-27,-0.8650000000000324,-0.7900000000000268,-0.9750000000000036,-0.5600000000000396,-0.16999999999996185,-0.10500000000003562,0.32100000000000184,0.35299999999998527,0.4599999999999743,0.7450000000000165
2026-01-28,-0.8400000000000074,-2.3499999999999908,-2.510000000000012,-2.5899999999999883,-2.2000000000000144,-2.319999999999961,-2.1900000000000044,-2.0050000000000274,-2.0749999999999935,-1.989999999999978
2026-01-29,-0.894999999999993,-1.7499999999999807,-2.255,-2.299999999999976,-2.7550000000000145,-2.1699999999999844,-2.1999999999999797,-2.299999999999976,-1.9549999999999776,-1.8600000000000214
2026-01-30,1.2450000000000307,1.2700000000000211,1.1450000000000002,0.6699999999999762,0.3999999999999837,0.19499999999998685,0.3200000000000078,0.5399999999999849,0.3499999999999684,0.3649999999999834
2026-02-02,0.9549999999999836,2.129999999999979,2.449999999999987,2.4199999999999915,2.290000000000035,1.8600000000000214,1.7049999999999703,1.4349999999999778,1.3500000000000316,1.1300000000000199
2026-02-03,0.5000000000000143,0.6549999999999958,1.050000000000044,1.360000000000007,1.4100000000000223,1.8349999999999618,1.8649999999999918,2.075000000000028,2.23499999999998,2.420000000000026
2026-02-04,-0.5500000000000296,-1.6400000000000095,-2.2550000000000345,-2.6699999999999986,-2.6150000000000477,-2.5450000000000124,-2.6149999999999785,-2.500000000000002,-2.360000000000001,-2.3849999999999913
2026-02-05,0.20000000000002655,0.08000000000001062,-0.24500000000000216,-0.3799999999999984,-0.759999999999962,-0.9999999999999593,-1.1300000000000199,-1.025000000000019,-1.580000000000019,-1.5600000000000336
2026-02-06,-1.1999999999999857,-1.1949999999999807,-1.0999999999999552,-1.0450000000000044,-0.7340000000000124,-0.7400000000000115,-0.3599999999999784,-0.5549999999999999,-0.15000000000001124,-0.014999999999980307
2026-02-09,-1.4899999999999982,-2.0749999999999935,-2.0890000000000146,-1.989999999999978,-1.8810000000000353,-1.559999999999999,-1.5400000000000136,-1.319999999999967,-1.2789999999999677,-1.2000000000000206
2026-02-10,-0.8350000000000024,-0.6950000000000358,-1.3010000000000104,-1.6150000000000193,-1.6849999999999503,-1.8400000000000014,-2.2350000000000145,-2.4050000000000114,-2.425999999999991,-2.4500000000000215
2026-02-11,-0.07500000000000562,0.020000000000020002,0.29000000000001247,0.05000000000001531,-0.09000000000002062,-0.4200000000000037,-0.9099999999999733,-1.0450000000000044,-1.0650000000000244,-1.2999999999999816
2026-02-12,0.5799999999999903,-0.28500000000000747,-0.9700000000000333,-1.349999999999997,-1.8349999999999964,-1.4400000000000177,-1.255000000000006,-1.5500000000000236,-1.9299999999999873,-1.8450000000000064
2026-02-13,0.26499999999998747,-1.1790000000000065,-1.5199999999999936,-1.4300000000000077,-1.9000000000000266,-2.289999999999966,-2.249999999999995,-2.1449999999999596,-1.794999999999991,-1.8450000000000064
2026-02-16,0.3799999999999984,-0.1859999999999709,-0.6119999999999737,-0.8380000000000193,-0.7049999999999765,-0.7100000000000508,-0.7400000000000115,-0.7050000000000112,-0.9349999999999983,-0.9899999999999493
2026-02-17,0.424999999999974,0.3049999999999928,-0.03300000000004688,-0.23700000000001498,-0.37900000000000433,-0.6919999999999495,-0.815000000000017,-1.1150000000000049,-1.004999999999999,-1.1650000000000549
2026-02-18,-0.849999999999948,-0.07000000000000062,0.3350000000000228,0.26000000000001716,0.3290000000000237,0.3069999999999809,0.3700000000000231,0.465000000000014,0.23499999999999216,0.24500000000000216
2026-02-19,0.049999999999980616,0.409999999999959,0.6400000000000156,0.6450000000000206,0.5549999999999999,0.4599999999999743,0.3449999999999981,0.4149999999999987,0.4200000000000037,0.3900000000000431
2026-02-20,0.460000000000009,0.8050000000000418,0.460000000000009,0.2999999999999878,-0.06500000000003031,0.12500000000002093,-0.3700000000000231,-0.4980000000000262,-0.465000000000014,-0.485000000000034
2026-02-23,0.3900000000000084,-1.1900000000000106,-2.475000000000012,-2.83000000000002,-2.6299999999999937,-3.0190000000000077,-2.454999999999992,-2.3420000000000036,-2.485000000000022,-2.5049999999999724
2026-02-24,0.6499999999999908,0.6050000000000153,0.5799999999999903,0.3550000000000428,0.15499999999998154,0.09399999999999686,-0.08000000000001062,-0.25499999999997747,-0.2949999999999828,-0.25500000000004686
2026-02-25,-0.7200000000000262,-0.4799999999999943,-0.2799999999999678,-0.3750000000000281,-0.3949999999999787,-0.429999999999979,-0.3549999999999734,-0.49400000000001526,-0.465000000000014,-0.394999999999944
2026-02-26,-0.2999999999999531,0.014999999999980307,-0.5250000000000393,-0.4500000000000337,-0.5650000000000099,-0.5259999999999987,-1.0249999999999844,-0.9359999999999924,-1.0199999999999791,-1.1500000000000399
2026-02-27,-1.575000000000014,-3.384999999999985,-4.070000000000011,-4.749999999999963,-5.00500000000001,-5.009000000000021,-4.700000000000017,-4.490000000000014,-4.2899999999999885,-4.0950000000000015
2026-03-02,3.8949999999999747,7.980000000000001,9.325000000000028,8.710000000000003,8.40500000000001,7.745000000000009,7.5849999999999875,7.2900000000000045,6.604999999999979,6.335000000000021
2026-03-03,4.150000000000022,6.909999999999972,6.245000000000001,6.735000000000005,6.700000000000005,5.995000000000028,5.065,4.524999999999981,4.470000000000029,4.019999999999996
2026-03-04,-0.9649999999999936,-2.679999999999974,-2.0749999999999935,-2.149999999999999,-1.8369999999999844,-0.8550000000000224,-0.4900000000000043,-0.3699999999999537,-0.3500000000000031,-0.16000000000002124
2026-03-05,4.414999999999974,11.669999999999979,11.355000000000011,12.654999999999992,12.036999999999985,11.104999999999968,10.270000000000001,9.699999999999987,9.300000000000002,8.704999999999998
2026-03-06,6.344999999999996,7.845000000000005,8.614999999999977,6.059999999999989,3.004999999999987,3.365000000000035,3.464999999999996,2.82499999999998,1.4819999999999764,2.2350000000000496
2026-03-09,6.3050000000000255,2.849999999999971,1.3900000000000023,1.1400000000000299,3.520000000000016,1.2449999999999615,0.28500000000000747,0.31000000000003247,1.7580000000000027,1.429999999999973
2026-03-10,-2.1500000000000337,-7.559999999999962,-8.48500000000002,-6.940000000000001,-2.2400000000000198,-4.684999999999932,-3.489999999999986,-3.1550000000000327,-2.6499999999999786,-3.8699999999999846
2026-03-11,3.650000000000042,12.49499999999997,13.500000000000039,11.959999999999956,6.820000000000021,10.57499999999996,9.849999999999998,10.040000000000013,8.584999999999981,9.099999999999977
2026-03-12,7.045000000000003,6.545000000000023,5.59999999999998,4.5900000000000105,3.6649999999999876,3.405000000000005,3.2949999999999995,3.060000000000042,3.4100000000000104,2.5290000000000035
2026-03-13,3.8549999999999693,2.593999999999999,2.7500000000000093,2.8749999999999956,2.774000000000006,2.6499999999999786,2.7600000000000193,2.574999999999973,2.689999999999984,3.570999999999991
2026-03-16,-3.1999999999999735,-5.228999999999997,-5.985000000000018,-5.819999999999957,-6.62900000000001,-5.329999999999953,-5.230000000000026,-4.700000000000017,-4.944999999999984,-4.854999999999999
2026-03-17,1.2999999999999816,-0.8350000000000024,-1.2900000000000065,-1.8150000000000457,-0.7899999999999574,-2.0250000000000474,-2.6349999999999985,-3.0749999999999873,-2.735000000000029,-2.845
2026-03-18,2.400000000000006,5.255000000000017,5.369999999999993,5.055000000000025,4.874999999999983,3.745000000000033,4.345000000000009,4.021999999999984,3.5800000000000067,3.500000000000031
2026-03-19,7.699999999999998,15.08499999999996,12.330000000000014,10.069999999999975,7.92499999999998,6.529999999999974,4.49999999999999,3.3330000000000166,2.6750000000000385,1.7499999999999807
2026-03-20,13.949999999999969,8.402000000000028,8.457000000000013,8.467000000000024,8.275000000000018,9.524999999999984,9.045000000000025,8.969999999999985,9.114999999999991,8.869999999999989
2026-03-23,-3.699999999999988,-8.862000000000002,-8.587000000000039,-7.6420000000000305,-6.561999999999991,-6.729999999999965,-5.450000000000004,-4.452999999999991,-4.52000000000001,-3.499999999999996
2026-03-24,13.695000000000027,14.219999999999997,11.850000000000021,10.165000000000035,8.261999999999992,8.839999999999995,7.129999999999984,6.45299999999998,6.679999999999985,5.705000000000016
2026-03-25,-7.144999999999999,-8.009999999999996,-7.6550000000000225,-7.120000000000008,-6.1349999999999945,-8.124999999999973,-7.050000000000008,-7.324999999999971,-7.945,-7.600000000000002
2026-03-26,4.749999999999963,9.399999999999999,10.600000000000055,10.884000000000032,12.53500000000001,11.719999999999994,11.474999999999993,11.344999999999967,11.29500000000002,11.22500000000002
2026-03-27,-2.349999999999956,-1.3900000000000023,-0.7700000000000415,0.40599999999998276,-0.17700000000002436,1.794999999999991,2.500000000000002,2.7800000000000047,2.869999999999991,3.1499999999999586
2026-03-30,-2.050000000000038,-6.374999999999992,-6.953999999999988,-7.135000000000023,-7.022999999999994,-6.672000000000032,-6.5939999999999745,-6.68499999999999,-6.22000000000001,-5.8999999999999675
2026-03-31,-3.049999999999997,-2.044999999999998,-2.222999999999982,-2.899999999999986,-7.7999999999999945,-3.6179999999999892,-3.5960000000000507,-3.3549999999999898,-3.4199999999999857,-3.7900000000000085
2026-04-01,-1.899999999999992,-3.0750000000000224,-2.9830000000000134,-2.706000000000028,1.7019999999999536,-2.8449999999999656,-2.659999999999954,-2.420000000000026,-2.4249999999999967,-2.375000000000016
2026-04-02,0.800000000000002,1.363000000000024,0.879999999999978,0.39100000000003715,1.1980000000000324,0.3849999999999687,0.30000000000002247,0.3700000000000231,0.444999999999994,0.7050000000000112
2026-04-03,0.05000000000001531,,,,0.0,,,,,
2026-04-06,-0.09999999999999593,-0.16800000000000842,,0.8149999999999824,0.19999999999999185,,0.5999999999999756,,0.6499999999999908,
2026-04-07,7.899999999999956,9.750000000000002,,9.549999999999976,9.000000000000014,,9.025000000000006,,8.46999999999997,
2026-04-08,-13.799999999999994,-21.149999999999988,-20.989999999999966,-19.490999999999953,-17.33000000000002,-17.979999999999976,-16.955000000000027,-16.320000000000014,-15.549999999999974,-14.499999999999964
2026-04-09,-3.2499999999999543,0.27099999999998653,1.4949999999999686,1.5959999999999586,0.7300000000000015,2.539999999999973,2.755000000000049,3.1050000000000173,3.3549999999999898,2.664999999999994
2026-04-10,5.7499999999999565,7.7289999999999655,7.33000000000001,7.144999999999999,7.100000000000023,7.134999999999988,7.174999999999959,7.051000000000002,6.880000000000046,7.335000000000015
2026-04-13,0.5050000000000193,1.9750000000000323,0.930000000000028,2.600000000000033,1.1999999999999857,1.5000000000000082,1.2999999999999816,0.8690000000000087,0.969999999999964,2.076999999999947
2026-04-14,-3.820000000000004,-8.645000000000007,-7.1300000000000185,-7.904999999999996,-6.029999999999959,-6.0849999999999795,-5.699999999999976,-5.094999999999995,-4.9299999999999695,-5.777000000000005
2026-04-15,0.014999999999980307,1.1700000000000252,1.339999999999987,1.1049999999999949,1.541999999999967,1.784999999999981,1.899999999999992,2.270000000000015,2.1900000000000044,2.264000000000016
2026-04-16,-1.899999999999992,-1.400000000000047,-0.800000000000002,0.24999999999997247,0.8980000000000099,0.010000000000010001,-0.17499999999996685,-0.3750000000000281,-0.18000000000004124,-0.18900000000002248
2026-04-17,-9.349999999999984,-13.059999999999981,-12.35499999999997,-11.889999999999992,-11.40600000000002,-10.04999999999999,-9.02500000000004,-8.720000000000013,-8.454999999999991,-8.274999999999984
2026-04-20,3.5500000000000114,6.309999999999996,5.444999999999964,4.079999999999987,2.9960000000000058,2.7399999999999647,2.3000000000000105,2.0950000000000135,2.1400000000000237,2.030000000000018
2026-04-21,3.374999999999975,5.343000000000014,5.210000000000041,5.06000000000003,4.607999999999973,4.52500000000005,4.100000000000007,3.849999999999999,3.099999999999978,2.6699999999999986
2026-04-22,1.925000000000017,3.710000000000033,3.6749999999999976,3.0749999999999873,2.2920000000000234,1.9749999999999976,1.4899999999999982,1.1550000000000102,1.250000000000001,1.0999999999999899
2026-04-23,2.0749999999999935,0.49699999999996275,0.08399999999998686,0.22500000000001685,-0.08999999999998592,-0.7050000000000112,-0.7650000000000018,-1.0050000000000336,-1.1399999999999952,-1.2000000000000206
2026-04-24,0.7750000000000118,-0.899999999999998,-1.2989999999999877,-1.7550000000000203,-1.2100000000000306,-1.1950000000000154,-1.1350000000000249,-0.9999999999999593,-0.9599999999999886,-0.6399999999999808
2026-04-27,2.6499999999999786,2.999999999999982,3.405000000000005,3.615000000000042,3.200000000000008,3.5500000000000114,3.435000000000035,3.5599999999999867,3.5599999999999867,3.3400000000000096
2026-04-28,3.94000000000002,6.490000000000003,5.534999999999984,5.189999999999986,5.160000000000026,4.539999999999996,4.279999999999978,4.000000000000011,3.750000000000038,3.599999999999992
2026-04-29,7.034999999999993,9.11000000000002,8.30000000000001,7.30999999999999,6.64999999999999,6.010000000000009,5.265000000000026,4.749999999999997,4.149999999999952,3.8100000000000285
2026-04-30,-1.8750000000000364,-7.34499999999999,-8.148000000000009,-8.260000000000003,-8.209999999999988,-7.790000000000019,-7.400000000000011,-7.1099999999999985,-6.724999999999995,-6.610000000000019
2026-05-01,0.0,,,0.2999999999999878,,,,,,
2026-05-04,7.025000000000017,8.904999999999989,7.8479999999999865,6.780000000000015,6.599999999999974,6.190000000000015,5.830000000000002,5.604999999999985,5.374999999999998,5.299999999999957
2026-05-05,-5.749999999999991,-6.307999999999973,-5.678999999999962,-4.790000000000037,-4.200000000000002,-3.885,-3.6350000000000273,-3.4099999999999757,-3.099999999999978,-3.1999999999999735
2026-05-06,-6.054999999999984,-9.05200000000002,-8.371000000000004,-9.289999999999958,-8.194999999999974,-7.530000000000002,-7.189999999999975,-7.010000000000037,-6.960000000000022,-6.454999999999968
2026-05-07,0.3799999999999984,1.1999999999999857,1.1499999999999706,2.170000000000019,1.6949999999999952,1.229999999999981,0.989999999999984,1.1200000000000099,1.0100000000000386,1.0199999999999791
2026-05-08,-2.900000000000021,-1.559999999999999,-1.2900000000000065,-1.1100000000000345,-1.5000000000000082,-1.5149999999999886,-1.2749999999999915,-1.3549999999999673,-1.1600000000000152,-1.244999999999996
2026-05-11,4.070000000000011,5.52999999999998,5.2500000000000115,4.739999999999987,4.349999999999979,4.229999999999998,4.1399999999999775,4.060000000000001,3.9599999999999707,3.8799999999999946
2026-05-12,3.390000000000025,6.105000000000034,6.940000000000001,6.999999999999992,6.915000000000012,6.72500000000003,6.4900000000000375,6.309999999999961,6.19500000000002,5.999999999999964
2026-05-13,1.549999999999954,-1.1500000000000399,-1.025000000000019,-1.239999999999991,-1.349999999999997,-1.4400000000000177,-1.480000000000023,-1.5350000000000086,-1.6500000000000195,-1.4499999999999582
2026-05-14,-2.7199999999999793,-3.6349999999999576,-4.0749999999999815,-3.9549999999999654,-4.1049999999999764,-4.084999999999991,-4.040000000000016,-3.9299999999999753,-3.809999999999994,-3.8599999999999746
2026-05-15,5.409999999999998,9.184999999999992,10.550000000000004,11.379999999999967,12.32999999999998,12.489999999999966,12.670000000000007,12.714999999999984,12.705000000000007,12.670000000000007
2026-05-18,0.20000000000002655,-1.6050000000000093,-1.2700000000000211,-1.3749999999999873,-1.244999999999996,-0.7299999999999668,-0.754999999999957,-1.784999999999981,-1.784999999999981,-1.835000000000031
2026-05-19,2.0799999999999637,3.2749999999999795,3.150000000000028,3.489999999999986,2.9449999999999963,2.5149999999999824,2.4899999999999576,4.129999999999967,3.5450000000000066,3.97500000000002
2026-05-20,-5.679999999999991,-8.97999999999996,-9.140000000000017,-10.444999999999968,-9.014999999999995,-8.700000000000028,-8.599999999999996,-10.299999999999962,-9.465000000000028,-9.425000000000058
2026-05-21,1.3799999999999923,2.0999999999999837,1.1600000000000152,1.764999999999961,0.22000000000001185,-0.16499999999995685,-0.26999999999999247,0.769999999999972,0.6299999999999708,0.20500000000006624
2026-05-22,-4.210000000000012,-4.345000000000009,-4.300000000000033,-4.40999999999997,-4.470000000000029,-4.55500000000001,-4.585000000000006,-4.694999999999977,-4.644999999999961,-4.840000000000018
2026-05-25,-8.269999999999978,-10.919999999999993,-10.849999999999957,-10.76000000000004,-10.574999999999994,-9.984999999999994,-9.689999999999976,-9.545000000000005,-9.489999999999984,-8.96000000000001
2026-05-26,0.12999999999999123,2.3250000000000006,2.2149999999999945,2.475000000000012,2.500000000000002,2.2149999999999945,2.1649999999999796,2.309999999999986,2.369999999999976,2.26500000000001
2026-05-27,1.794999999999991,0.07000000000000062,-0.05500000000002031,0.25000000000000716,0.6000000000000103,0.800000000000002,0.794999999999997,1.0000000000000286,0.9500000000000133,1.0500000000000091
2026-05-28,-1.2749999999999568,-2.845,-3.405000000000005,-3.5749999999999673,-3.564999999999992,-3.6150000000000073,-3.5499999999999767,-3.5700000000000314,-3.520000000000016,-3.500000000000031
2026-05-29,1.0449999999999695,-1.4500000000000277,-2.139999999999989,-2.0600000000000134,-1.889999999999982,-1.8199999999999814,-1.6700000000000048,-1.9199999999999773,-1.4300000000000077,-1.5350000000000086
2026-06-01,5.13000000000003,9.500000000000028,9.410000000000009,8.634999999999996,7.81999999999998,7.519999999999957,7.185000000000004,7.335000000000015,6.9650000000000265,6.900000000000031
2026-06-02,0.9049999999999683,-0.6499999999999908,-1.4650000000000079,-1.7150000000000152,-1.565000000000004,-1.7149999999999803,-1.7850000000000157,-1.9399999999999973,-2.1650000000000142,-2.1099999999999937
2026-06-03,2.6400000000000383,4.99999999999997,5.739999999999982,5.940000000000042,5.954999999999988,5.739999999999982,5.524999999999975,5.354999999999978,5.199999999999997,4.9499999999999895
2026-06-04,0.17999999999997185,-1.0800000000000045,-1.3999999999999777,-1.5500000000000582,-1.9800000000000026,-1.5099999999999836,-1.449999999999993,-1.380000000000027,-1.2950000000000115,-1.2749999999999915
2026-06-05,2.3299999999999708,3.5700000000000314,4.369999999999999,3.9849999999999954,3.8650000000000144,3.2150000000000234,2.9500000000000357,2.7450000000000045,2.4450000000000167,2.3049999999999806
2026-06-08,0.4650000000000487,1.2200000000000057,1.570000000000009,2.2900000000000005,2.4949999999999974,2.574999999999973,2.6249999999999885,2.6100000000000083,2.7399999999999993,2.6650000000000285
2026-06-09,-1.3950000000000073,-3.5900000000000167,-3.760000000000013,-3.89999999999998,-3.3350000000000044,-3.0050000000000217,-2.6499999999999786,-2.2900000000000005,-2.2050000000000196,-1.9300000000000566
2026-06-10,2.6500000000000137,4.697999999999994,4.5699999999999905,4.599999999999986,4.200000000000037,4.105000000000046,3.794999999999979,3.5700000000000314,3.4299999999999957,3.3550000000000244
2026-06-11,-0.8700000000000374,-3.0679999999999943,-3.569999999999962,-4.035000000000011,-4.240000000000042,-4.390000000000019,-4.539999999999996,-4.609999999999996,-4.594999999999981,-4.509999999999965
2026-06-12,-3.669999999999993,-6.424999999999972,-6.18000000000004,-5.744999999999951,-5.269999999999962,-4.969999999999974,-4.545000000000001,-4.2450000000000125,-3.9199999999999653,-4.010000000000055
2026-06-15,-2.7599999999999847,-3.3850000000000198,-3.4949999999999912,-3.2450000000000188,-3.1450000000000573,-2.9750000000000263,-2.78500000000001,-2.5400000000000076,-3.0150000000000317,-2.2949999999999706
2026-06-16,-0.999999999999994,-1.0040000000000049,-1.7850000000000157,-2.500000000000002,-3.0399999999999525,-3.2400000000000135,-3.275000000000014,-3.575000000000002,-3.0950000000000073,-3.6749999999999976
2026-06-17,1.344999999999992,1.3990000000000182,1.5050000000000132,1.3050000000000215,1.1599999999999806,0.8199999999999874,0.4100000000000284,0.23499999999999216,-0.05000000000001531,-0.22999999999998716
2026-06-18,0.6350000000000106,0.9149999999999783,1.0769999999999877,1.1499999999999706,0.9400000000000033,0.6600000000000356,0.429999999999979,0.19500000000002154,0.059999999999990616,-0.059999999999990616
2026-06-19,3.419999999999951,4.800000000000012,5.098000000000012,5.045000000000015,5.194999999999991,5.290000000000017,5.420000000000043,5.469999999999989,5.600000000000015,5.659999999999971
2026-06-22,-2.4899999999999576,-3.730000000000018,-3.739999999999993,-3.394999999999995,-3.175000000000018,-3.0000000000000164,-2.8600000000000154,-2.7500000000000093,-2.7549999999999795,-2.664999999999994
2026-06-23,-0.21000000000000185,-1.6700000000000048,-2.4550000000000267,-3.0050000000000217,-3.229999999999969,-3.4000000000000004,-3.275000000000014,-3.275000000000014,-3.3200000000000243,-3.2100000000000186
2026-06-24,-2.6499999999999786,-2.78999999999998,-3.0649999999999773,-3.4100000000000104,-3.690000000000013,-3.880000000000029,-4.2699999999999685,-4.474999999999965,-4.4849999999999755,-4.725000000000007
2026-06-25,-1.8600000000000214,-2.3149999999999906,-1.8349999999999964,-1.2899999999999716,-1.1049999999999949,-1.0199999999999445,-0.930000000000028,-0.8650000000000324,-0.9349999999999983,-0.899999999999998
2026-06-26,-1.4899999999999982,-1.4449999999999878,-1.3950000000000073,-1.2300000000000157,-1.1099999999999999,-0.9800000000000433,-0.9349999999999983,-0.864999999999963,-0.7150000000000212,-0.6250000000000006
2026-06-29,1.349999999999997,1.8499999999999766,1.6900000000000248,1.5000000000000082,1.0699999999999945,0.930000000000028,0.800000000000002,0.7299999999999668,0.6099999999999856,0.4300000000000137
2026-06-30,-2.6249999999999885,-2.2050000000000196,-1.600000000000004,-1.2949999999999768,-0.7150000000000212,-0.5549999999999999,-0.4050000000000234,-0.15499999999998154,-0.10499999999996623,0.01699999999996843
2026-07-01,-1.955000000000047,-1.1299999999999852,-0.28500000000000747,0.5249999999999699,0.6800000000000208,1.0499999999999745,1.3150000000000315,1.3300000000000116,1.5000000000000082,1.6980000000000466
2026-07-02,-0.869999999999968,-0.22000000000001185,0.984999999999979,1.3050000000000215,2.0749999999999935,2.280000000000025,2.6500000000000137,2.919999999999971,3.2049999999999788,3.2799999999999843
2026-07-03,1.2000000000000206,2.6550000000000185,3.0150000000000317,2.994999999999977,2.7000000000000286,2.774999999999965,2.5999999999999632,2.4050000000000114,2.3000000000000105,2.3000000000000105
2026-07-06,0.009999999999975306,0.16499999999999154,0.14999999999997654,0.455000000000004,0.7199999999999568,0.800000000000002,0.994999999999989,1.1950000000000154,1.2950000000000115,1.3599999999999723
2026-07-07,2.580000000000013,4.220000000000022,4.735000000000017,4.950000000000024,5.280000000000042,5.225000000000056,5.155000000000021,5.0599999999999605,5.009999999999979,4.945000000000019
2026-07-08,8.819999999999974,11.529999999999978,11.750000000000025,11.19499999999999,10.624999999999975,10.274999999999972,9.954999999999998,9.665000000000056,9.335000000000003,8.99999999999998
2026-07-09,-1.4100000000000223,-4.51499999999997,-5.15000000000005,-4.630000000000016,-4.259999999999958,-3.90999999999999,-3.825000000000009,-3.620000000000012,-3.5149999999999766,-3.2949999999999644
2026-07-10,1.3000000000000511,1.1999999999999857,1.1500000000000399,0.4300000000000137,0.034999999999965614,-0.3200000000000078,-0.5199999999999996,-0.7900000000000268,-1.025000000000019,-1.244999999999996
2026-07-13,5.954999999999988,7.834999999999995,7.1999999999999496,7.990000000000011,6.790000000000025,6.020000000000018,5.6150000000000295,5.6150000000000295,5.350000000000008,5.119999999999986
2026-07-14,0.784999999999987,0.4849999999999646,0.4000000000000184,-1.015000000000009,-0.3850000000000034,-0.13499999999999623,-0.28500000000000747,-0.6200000000000303,-0.7200000000000262,-0.7599999999999968
2026-07-15,3.1600000000000033,1.2700000000000211,0.825000000000027,0.6849999999999912,0.6849999999999912,0.6949999999999665,0.879999999999978,1.0850000000000095,1.2700000000000211,1.4049999999999478
2026-07-16,0.07000000000000062,1.9000000000000266,2.0499999999999687,1.6700000000000048,1.8750000000000018,1.8299999999999914,1.9150000000000418,1.5649999999999693,1.4999999999999736,1.3600000000000416
2026-07-17,2.4300000000000015,3.144999999999988,2.8500000000000054,2.920000000000006,2.094999999999979,1.6700000000000048,1.0649999999999549,1.025000000000019,0.7500000000000562,0.5000000000000143
2026-07-20,-0.8499999999999828,-0.5349999999999799,0.18500000000001154,0.6999999999999715,1.0599999999999845,1.339999999999987,1.6050000000000093,1.7400000000000402,1.9399999999999973,2.0850000000000035
2026-07-21,0.30000000000002247,1.219999999999971,1.4449999999999878,1.349999999999997,1.480000000000023,1.2700000000000211,1.2699999999999865,1.0399999999999991,1.0849999999999749,1.0149999999999744
2026-07-22,2.849999999999971,3.804999999999989,3.6199999999999775,3.195000000000038,2.500000000000002,2.1550000000000042,1.565000000000004,1.2849999999999668,0.7800000000000168,0.5050000000000193
2026-07-23,2.400000000000006,4.500000000000025,4.130000000000036,3.8050000000000237,3.4299999999999957,3.239999999999979,2.980000000000031,2.7950000000000195,2.6349999999999985,2.3999999999999715
2026-07-24,-1.9000000000000266,-4.9700000000000095,-4.7849999999999975,-4.300000000000033,-3.7649999999999837,-3.405000000000005,-2.935000000000021,-2.730000000000024,-2.4700000000000415,-2.1949999999999745
2026-07-27,-3.3199999999999896,-4.959999999999964,-5.520000000000039,-4.985000000000024,-5.04000000000001,-5.049999999999985,-4.850000000000028,-4.654999999999972,-4.6149999999999665,-4.49999999999999
2026-07-28,-3.1800000000000233,-3.6400000000000667,-3.699999999999988,-3.424999999999956,-3.735000000000023,-3.4000000000000004,-3.284999999999955,-3.144999999999988,-2.9749999999999917,-2.7749999999999995
2026-07-29,3.6000000000000267,7.210000000000029,7.89500000000002,7.1999999999999496,7.685000000000053,7.099999999999988,6.964999999999957,6.479999999999958,6.20500000000003,5.939999999999973
2026-07-30,-3.2400000000000135,-5.870000000000007,-5.475000000000028,-4.789999999999968,-4.5000000000000595,-3.5499999999999767,-3.1649999999999734,-2.489999999999992,-2.065000000000053,-1.754999999999951
2026-07-31,4.640000000000026,6.565000000000008,7.1300000000000185,6.855000000000021,6.945000000000041,6.749999999999985,6.739999999999975,6.6000000000000085,6.530000000000008,6.419999999999967
2026-08-03,-2.500000000000037,-4.860000000000003,-5.5749999999999895,-5.73000000000004,-5.820000000000027,-5.889999999999993,-5.904999999999973,-5.800000000000007,-5.790000000000031,-5.775000000000016
2026-08-04,-2.6699999999999986,-5.275000000000002,-5.719999999999996,-5.754999999999996,-5.464999999999984,-5.11000000000001,-4.794999999999973,-4.574999999999996,-4.294999999999958,-4.049999999999956
2026-08-05,0.22000000000001185,1.1999999999999857,1.4449999999999878,1.1950000000000154,0.8649999999999978,0.925000000000023,0.4950000000000093,0.5249999999999699,0.3649999999999834,0.23499999999995747
2026-08-06,0.7499999999999868,3.3750000000000444,3.850000000000034,4.254999999999988,4.179999999999982,3.814999999999999,3.84499999999996,3.550000000000046,3.3899999999999904,3.270000000000009
2026-08-07,-1.339999999999987,-1.630000000000034,-1.4500000000000624,-1.6099999999999794,-1.519999999999959,-1.3950000000000073,-1.4300000000000077,-1.2999999999999816,-1.2800000000000311,-1.224999999999976
2026-08-10,1.5450000000000186,4.0950000000000015,4.615000000000036,5.339999999999997,5.164999999999996,4.854999999999999,4.845000000000023,4.599999999999952,3.9200000000000346,3.814999999999999
2026-08-11,-2.0649999999999835,-2.454999999999992,-2.5349999999999677,-3.339999999999975,-3.200000000000008,-3.044999999999992,-3.055000000000037,-3.025000000000007,-2.3749999999999467,-2.3550000000000653
2026-08-12,1.5099999999999836,0.4900000000000043,0.23499999999995747,0.6149999999999906,0.22999999999998716,0.5350000000000146,0.4500000000000337,0.4150000000000334,0.0049999999999356115,-0.014999999999945612
2026-08-13,-1.5000000000000082,-2.4450000000000167,-2.7499999999999747,-2.960000000000046,-2.6200000000000183,-2.8600000000000154,-2.7900000000000147,-2.8850000000000056,-2.334999999999976,-2.2900000000000005
2026-08-14,2.8500000000000054,4.340000000000003,5.415000000000003,5.775000000000051,6.194999999999985,6.490000000000003,6.835000000000001,7.234999999999984,7.374999999999951,7.590000000000027
2026-08-17,0.9449999999999736,0.07999999999997592,0.054999999999985616,0.4449999999999593,1.0900000000000492,1.1749999999999954,0.910000000000008,1.0600000000000191,1.1000000000000592,1.194999999999946
2026-08-18,2.82000000000001,4.510000000000034,4.475,4.1150000000000215,3.4499999999999806,3.2999999999999696,3.485000000000016,3.3099999999999796,3.1849999999999934,3.0950000000000424
2026-08-19,2.0599999999999783,2.0399999999999934,2.040000000000028,2.024999999999978,1.9650000000000223,1.7700000000000355,1.429999999999973,1.3250000000000068,1.1150000000000049,0.915000000000013
2026-08-20,-0.12499999999995154,-1.1699999999999906,-1.3350000000000168,-1.0850000000000095,-0.910000000000008,-0.960000000000058,-0.7599999999999968,-0.8299999999999974,-0.7399999999999768,-0.7450000000000512
2026-08-21,1.3099999999999916,0.5950000000000053,0.5299999999999749,0.3550000000000428,0.17499999999996685,0.12500000000005562,0.050000000000050004,0.034999999999965614,0.019999999999950613,-0.019999999999950613
2026-08-24,2.114999999999999,1.999999999999988,1.1249999999999802,0.6699999999999762,0.27500000000003216,0.09999999999996123,-0.09000000000002062,-0.49999999999994493,-0.6099999999999856,-0.6800000000000556
2026-08-25,-3.9350000000000147,-5.874999999999978,-5.809999999999982,-5.56499999999998,-5.275000000000002,-5.129999999999961,-4.770000000000052,-4.4399999999999995,-4.209999999999978,-4.0549999999999615
2026-08-26,2.7950000000000195,4.380000000000009,4.865000000000008,4.994999999999965,4.864999999999974,4.840000000000018,4.735000000000017,4.694999999999977,4.720000000000002,4.5699999999999905
2026-08-27,-0.5149999999999946,0.22999999999998716,0.6499999999999908,0.6300000000000056,1.1350000000000249,1.1599999999999806,0.879999999999978,0.8050000000000418,0.7149999999999518,0.7950000000000318
2026-08-28,2.6999999999999593,5.04499999999998,4.984999999999955,4.689999999999972,3.974999999999951,3.5949999999999873,3.500000000000031,3.4099999999999406,3.1150000000000624,2.9299999999999464
2026-08-31,1.7300000000000302,2.4150000000000214,2.590000000000023,2.6850000000000485,2.92500000000008,3.105000000000052,3.1849999999999934,3.090000000000037,3.0849999999999627,3.200000000000008
